batch_elbo_loss,batch_recon_nll,batch_kl,batch_action_bc,grad_norm,total_valid_steps
16.698108673095703,16.42417335510254,0.2739299535751343,0.0,5.430673910041649,23040.0
16.413835525512695,16.21229362487793,0.20153562724590302,0.0,5.215400551855886,23040.0
16.003135681152344,15.82878303527832,0.17435529828071594,0.0,5.650651362227081,23040.0
15.41484546661377,15.191357612609863,0.2234889566898346,0.0,7.775551468168584,23040.0
14.648802757263184,14.356904983520508,0.2918998599052429,0.0,13.059270305010541,23040.0
13.583922386169434,13.164168357849121,0.4197530448436737,0.0,24.00827786858971,23040.0
11.691569328308105,11.15251350402832,0.5390514135360718,0.0,35.69238941597914,23040.0
10.58387279510498,9.804742813110352,0.7791293859481812,0.0,111.27907201499619,23040.0
9.462626457214355,8.877737998962402,0.5848875045776367,0.0,166.5662974164418,23040.0
8.682378768920898,8.008520126342773,0.6738610863685608,0.0,163.88230906365717,23040.0
9.43541431427002,8.758927345275879,0.6764844059944153,0.0,276.9282220138383,23040.0
7.464449882507324,6.842491149902344,0.6219567060470581,0.0,91.03559635340066,23040.0
7.9678425788879395,7.336543083190918,0.6312998533248901,0.0,167.9665481064752,23040.0
6.695385932922363,6.201838493347168,0.4935481548309326,0.0,90.71151659825944,23040.0
6.451968193054199,5.900310039520264,0.5516583323478699,0.0,153.2603476995567,23040.0
5.439666271209717,4.900197982788086,0.5394687652587891,0.0,111.13478468135409,23040.0
5.443750381469727,4.947922706604004,0.49582645297050476,0.0,290.43159478224214,23040.0
3.985326051712036,3.394392251968384,0.5909321308135986,0.0,219.04012622426606,23040.0
3.783855438232422,3.2556278705596924,0.5282266736030579,0.0,274.2069731224173,23040.0
4.006978511810303,3.569382667541504,0.4375946521759033,0.0,455.23123310640864,23040.0
4.711892604827881,4.270256042480469,0.4416353404521942,0.0,521.1104196123835,23040.0
2.6523427963256836,2.2521424293518066,0.4002000093460083,0.0,248.09370565685495,23040.0
3.092221975326538,2.7515978813171387,0.3406248986721039,0.0,312.9542507325562,23040.0
2.495100975036621,2.1570043563842773,0.3380967974662781,0.0,195.63892559227077,23040.0
2.377943754196167,2.091426134109497,0.28651729226112366,0.0,227.5782132060756,23040.0
1.6200006008148193,1.3049734830856323,0.31502673029899597,0.0,147.0395007684866,23040.0
2.0593204498291016,1.6552377939224243,0.4040825664997101,0.0,272.4100085679528,23040.0
0.9731634259223938,0.6776938438415527,0.2954694926738739,0.0,168.5129987953481,23040.0
0.9673194885253906,0.7032604813575745,0.26405900716781616,0.0,295.9119577401447,23040.0
0.5877376198768616,0.2994440793991089,0.2882935702800751,0.0,319.95332397386153,23040.0
0.04668669030070305,-0.20296213030815125,0.24964869022369385,0.0,298.10096727237027,23040.0
0.9176995754241943,0.6427342891693115,0.2749653458595276,0.0,574.0262900479764,23040.0
2.891655445098877,2.538057565689087,0.35359805822372437,0.0,1004.5124892488366,23040.0
6.820506572723389,6.270077705383301,0.5504300594329834,0.0,1359.281126650825,23040.0
0.5188680291175842,0.26030442118644714,0.2585635185241699,0.0,442.00675673640666,23040.0
3.016096353530884,2.703235149383545,0.31286096572875977,0.0,716.2557763359815,23040.0
0.5092381834983826,0.2765505313873291,0.23268768191337585,0.0,229.90753482338727,23040.0
1.4242208003997803,1.2267522811889648,0.19746841490268707,0.0,256.1462145391695,23040.0
2.292962074279785,2.1260578632354736,0.16690389811992645,0.0,288.30267468903764,23040.0
1.729406714439392,1.5797098875045776,0.149696946144104,0.0,190.67485736948973,23040.0
1.3522471189498901,1.1645066738128662,0.18774083256721497,0.0,95.27752745679075,23040.0
1.3126996755599976,1.0637315511703491,0.24896802008152008,0.0,132.8374707865163,23040.0
1.3434535264968872,1.0782760381698608,0.2651773691177368,0.0,224.3754465877535,23040.0
0.6554901599884033,0.4434804618358612,0.21200968325138092,0.0,221.4187787228216,23040.0
-0.20205055177211761,-0.41565707325935364,0.21360629796981812,0.0,122.30809803664536,23040.0
-0.1035735160112381,-0.40959692001342773,0.30602335929870605,0.0,281.3587362926358,23040.0
-0.36522412300109863,-0.6235114336013794,0.2582874000072479,0.0,314.0052961572024,23040.0
-0.9071128964424133,-1.1256325244903564,0.21851982176303864,0.0,245.52677673212705,23040.0
-0.48465049266815186,-0.7970543503761292,0.31240418553352356,0.0,424.2869011766993,23040.0
-1.254751205444336,-1.466590404510498,0.2118394821882248,0.0,273.38502232030663,23040.0
-0.7113482356071472,-1.0203824043273926,0.30903443694114685,0.0,470.08437311504554,23040.0
-1.197511911392212,-1.4526342153549194,0.25512245297431946,0.0,357.33519438520034,23040.0
-0.8965632319450378,-1.1715153455734253,0.27495235204696655,0.0,480.64280100050894,23040.0
-1.0674877166748047,-1.3177735805511475,0.250285804271698,0.0,453.2544785098938,23040.0
-1.1169267892837524,-1.4655609130859375,0.3486337959766388,0.0,463.44103904196015,23040.0
-0.9713534116744995,-1.3488835096359253,0.3775302469730377,0.0,510.0472668401782,23040.0
-0.8797231912612915,-1.3427181243896484,0.4629954397678375,0.0,535.2623192718565,23040.0
-1.0418816804885864,-1.2693721055984497,0.22749051451683044,0.0,532.0902377656371,23040.0
-1.3882054090499878,-1.6976001262664795,0.3093947768211365,0.0,378.4568109581745,23040.0
-1.561720609664917,-1.7595484256744385,0.19782860577106476,0.0,312.85334150593076,23040.0
-1.6502792835235596,-1.8576042652130127,0.20732498168945312,0.0,282.305442390449,23040.0
-1.56891667842865,-1.7931442260742188,0.22422736883163452,0.0,350.35765577133037,23040.0
-1.9205349683761597,-2.0625510215759277,0.14201529324054718,0.0,200.87113717748434,23040.0
-1.740049123764038,-1.930499792098999,0.19045031070709229,0.0,261.33726670206863,23040.0
-1.8847427368164062,-2.042006731033325,0.15726444125175476,0.0,200.63843394562446,23040.0
-1.7636291980743408,-1.9018381834030151,0.1382085233926773,0.0,244.38642002761065,23040.0
-1.9846196174621582,-2.1494674682617188,0.1648475080728531,0.0,125.36758826919666,23040.0
-1.8046927452087402,-1.9269731044769287,0.1222802996635437,0.0,233.8111390443592,23040.0
-1.9393233060836792,-2.0773370265960693,0.1380133181810379,0.0,144.57609348260723,23040.0
-1.9553635120391846,-2.082690477371216,0.12732690572738647,0.0,174.8812943171065,23040.0
-1.927488088607788,-2.052478790283203,0.12499114871025085,0.0,166.0117218826508,23040.0
-2.0542778968811035,-2.1934776306152344,0.13919903337955475,0.0,170.27095153405304,23040.0
-2.175753593444824,-2.2902464866638184,0.11449279636144638,0.0,113.97508298123086,23040.0
-2.157207727432251,-2.3023533821105957,0.1451464593410492,0.0,167.96681211296027,23040.0
-2.101149082183838,-2.214569568634033,0.11342115700244904,0.0,163.8676861586225,23040.0
-2.082533121109009,-2.2311251163482666,0.14859256148338318,0.0,172.41386862637282,23040.0
-2.239696979522705,-2.387962818145752,0.1482650488615036,0.0,102.64808743331946,23040.0
-2.2060348987579346,-2.3363914489746094,0.13035662472248077,0.0,132.87599497960363,23040.0
-2.3046212196350098,-2.419644832611084,0.11502326279878616,0.0,95.43783124497001,23040.0
-2.240312099456787,-2.3740389347076416,0.133726105093956,0.0,141.3892439675099,23040.0
-2.208747625350952,-2.36958646774292,0.16083844006061554,0.0,173.1966702440565,23040.0
-2.055574893951416,-2.2830467224121094,0.22747139632701874,0.0,250.95394530962133,23040.0
-1.7233891487121582,-2.0397987365722656,0.3164098858833313,0.0,414.6065514544432,23040.0
-0.7930753827095032,-1.2223551273345947,0.42927974462509155,0.0,682.690164085724,23040.0
0.31298068165779114,-0.10196060687303543,0.41494137048721313,0.0,930.9965077349104,23040.0
-0.4113352596759796,-0.6056808233261108,0.19434531033039093,0.0,791.2630214724402,23040.0
-1.7280386686325073,-1.928401231765747,0.20036199688911438,0.0,395.174251098244,23040.0
-1.2327383756637573,-1.3744736909866333,0.14173553884029388,0.0,510.8081071355263,23040.0
-1.9173636436462402,-2.0620806217193604,0.14471758902072906,0.0,271.43354690261685,23040.0
-1.4324212074279785,-1.5280234813690186,0.09560226649045944,0.0,406.2610225189887,23040.0
-1.940220832824707,-2.048264980316162,0.10804399847984314,0.0,154.28732809253012,23040.0
-1.524680733680725,-1.6423689126968384,0.11768779903650284,0.0,326.60533506377107,23040.0
-1.9644774198532104,-2.043574094772339,0.07909642904996872,0.0,167.72333218128676,23040.0
-1.7341288328170776,-1.844638705253601,0.11050927639007568,0.0,217.0516688679416,23040.0
-1.751124382019043,-1.84881591796875,0.09769115597009659,0.0,208.679855043555,23040.0
-1.9413660764694214,-2.0187511444091797,0.07738497108221054,0.0,139.0640097765853,23040.0
-1.8085579872131348,-1.9075113534927368,0.09895395487546921,0.0,203.29623479505787,23040.0
-2.008350372314453,-2.0958712100982666,0.08752008527517319,0.0,148.67608030023715,23040.0
-2.0481793880462646,-2.127800226211548,0.07962042838335037,0.0,146.00649479885496,23040.0
-1.95814847946167,-2.0523715019226074,0.09422264993190765,0.0,177.7566521835887,23040.0
-2.153825521469116,-2.2432966232299805,0.08947128802537918,0.0,104.36090222235977,23040.0
-2.0657379627227783,-2.15450382232666,0.08876542001962662,0.0,191.76674063575973,23040.0
-2.195758819580078,-2.293013095855713,0.0972546860575676,0.0,92.72665721128861,23040.0
-1.9760762453079224,-2.0680277347564697,0.09195081144571304,0.0,181.84330414575592,23040.0
-2.1320440769195557,-2.2321763038635254,0.10013239830732346,0.0,112.70913990629624,23040.0
-2.2521109580993652,-2.346728563308716,0.09461699426174164,0.0,165.95193721507306,23040.0
-2.421006202697754,-2.5203113555908203,0.09930481016635895,0.0,141.2004334543109,23040.0
-2.3760781288146973,-2.466545343399048,0.09046770632266998,0.0,166.15071535870229,23040.0
-2.3823907375335693,-2.484861373901367,0.10246986895799637,0.0,99.8878936656801,23040.0
-2.368819236755371,-2.4601118564605713,0.09129295498132706,0.0,171.21689517225448,23040.0
-2.384565830230713,-2.486128807067871,0.10156302154064178,0.0,161.4644453801084,23040.0
-2.405562400817871,-2.5050203800201416,0.09945802390575409,0.0,133.5995955899652,23040.0
-2.454451560974121,-2.546168565750122,0.09171668440103531,0.0,142.73058229202147,23040.0
-2.5038766860961914,-2.6077749729156494,0.10389813035726547,0.0,110.54743503914155,23040.0
-2.4165408611297607,-2.530190944671631,0.11365020275115967,0.0,146.06534262497388,23040.0
-2.3619611263275146,-2.4660491943359375,0.10408835113048553,0.0,184.33807672861096,23040.0
-2.4142801761627197,-2.5120980739593506,0.09781713783740997,0.0,246.39892515549832,23040.0
-2.154378652572632,-2.2784810066223145,0.12410274147987366,0.0,366.83808598570454,23040.0
-1.6284891366958618,-1.8201744556427002,0.19168566167354584,0.0,567.0294381376704,23040.0
-0.35836470127105713,-0.6492049098014832,0.2908403277397156,0.0,904.0190611138848,23040.0
1.5978537797927856,1.3160481452941895,0.2818053662776947,0.0,1249.870287648258,23040.0
0.6672874689102173,0.43617933988571167,0.23110805451869965,0.0,1073.5482505075083,23040.0
-2.158276081085205,-2.33599591255188,0.17771977186203003,0.0,269.29352620313205,23040.0
-0.9212236404418945,-1.055920958518982,0.13469719886779785,0.0,619.9370078099329,23040.0
-2.0794260501861572,-2.2109806537628174,0.13155491650104523,0.0,274.10701298342457,23040.0
-1.3752492666244507,-1.4814581871032715,0.1062091588973999,0.0,413.4074391441267,23040.0
-1.8445852994918823,-1.9300658702850342,0.0854809582233429,0.0,176.13711105050302,23040.0
-1.5183132886886597,-1.6121695041656494,0.09385672956705093,0.0,280.7935203634941,23040.0
-1.7033442258834839,-1.7876341342926025,0.0842897891998291,0.0,196.95354467293572,23040.0
-1.7609301805496216,-1.8330771923065186,0.072147436439991,0.0,171.11012642634108,23040.0
-1.699155569076538,-1.7727618217468262,0.07360568642616272,0.0,191.5607009838184,23040.0
-1.7466473579406738,-1.8250627517700195,0.07841501384973526,0.0,147.25672528668673,23040.0
-1.910720944404602,-1.9789878129959106,0.06826724112033844,0.0,151.81787406841707,23040.0
-1.8742839097976685,-1.9444913864135742,0.07020804286003113,0.0,154.2996451493219,23040.0
-1.9268831014633179,-2.008639097213745,0.08175550401210785,0.0,157.40791978054565,23040.0
-2.0905871391296387,-2.1600301265716553,0.06944330036640167,0.0,148.04995507393542,23040.0
-2.080152988433838,-2.1558072566986084,0.07565382122993469,0.0,147.90051672478458,23040.0
-2.1869637966156006,-2.2641234397888184,0.07716027647256851,0.0,157.71609232626065,23040.0
-2.322690010070801,-2.3951613903045654,0.07247068732976913,0.0,131.4369475698187,23040.0
-2.2004287242889404,-2.2861499786376953,0.08572136610746384,0.0,174.74829953215635,23040.0
-2.3275790214538574,-2.4028117656707764,0.07523312419652939,0.0,119.04254375694094,23040.0
-2.2756574153900146,-2.36651349067688,0.09085595607757568,0.0,177.00186443788823,23040.0
-2.380561351776123,-2.459902286529541,0.07934118062257767,0.0,111.50021703712137,23040.0
-2.3037009239196777,-2.395639657974243,0.0919390544295311,0.0,171.1867908506249,23040.0
-2.4711315631866455,-2.5574138164520264,0.08628164231777191,0.0,110.2091158143231,23040.0
-2.4167628288269043,-2.5081746578216553,0.09141167253255844,0.0,166.72323269432943,23040.0
-2.497434616088867,-2.5927038192749023,0.0952688455581665,0.0,107.37179016924783,23040.0
-2.4469900131225586,-2.538552761077881,0.09156350046396255,0.0,168.85110288857973,23040.0
-2.538916826248169,-2.638361692428589,0.09944473952054977,0.0,122.94039441614663,23040.0
-2.5796985626220703,-2.6711833477020264,0.0914856344461441,0.0,119.34499519889934,23040.0
-2.5336644649505615,-2.6337642669677734,0.10009928047657013,0.0,182.23102695246692,23040.0
-2.5872838497161865,-2.693131923675537,0.10584854334592819,0.0,75.0494728679155,23040.0
-2.6246047019958496,-2.7152023315429688,0.09059695899486542,0.0,129.89321600068155,23040.0
-2.636547088623047,-2.7353227138519287,0.09877591580152512,0.0,162.13298227767126,23040.0
-2.6647369861602783,-2.7810330390930176,0.11629559099674225,0.0,86.68155006683375,23040.0
-2.4972517490386963,-2.6087021827697754,0.1114501953125,0.0,110.93767960364926,23040.0
-2.5958542823791504,-2.7122418880462646,0.11638882756233215,0.0,126.72097425499165,23040.0
-2.5356576442718506,-2.6879210472106934,0.15226508677005768,0.0,105.6685480869966,23040.0
-2.288517713546753,-2.6411142349243164,0.35259610414505005,0.0,152.3188616584149,23040.0
-1.6219562292099,-2.801457643508911,1.1795018911361694,0.0,292.6951013255525,23040.0
-0.19494003057479858,-2.7113122940063477,2.5163724422454834,0.0,417.87337863266094,23040.0
-1.5902328491210938,-2.4312679767608643,0.8410349488258362,0.0,347.9444704563477,23040.0
-1.5423665046691895,-2.4814975261688232,0.9391308426856995,0.0,272.3632226427626,23040.0
-2.2552878856658936,-2.5976784229278564,0.342390775680542,0.0,134.43299043583704,23040.0
-1.9460208415985107,-2.474281072616577,0.528259813785553,0.0,211.38411678583608,23040.0
-2.021253824234009,-2.5286169052124023,0.5073642134666443,0.0,133.83535030592364,23040.0
-2.1735873222351074,-2.4610822200775146,0.28749528527259827,0.0,140.2439749293166,23040.0
-2.179295063018799,-2.382662773132324,0.20336784422397614,0.0,97.92482955219596,23040.0
-2.0868685245513916,-2.3311264514923096,0.24425767362117767,0.0,106.30627230435734,23040.0
-2.1700806617736816,-2.4088680744171143,0.23878811299800873,0.0,74.38854433775849,23040.0
-2.2501060962677,-2.4194388389587402,0.16933320462703705,0.0,76.0889222119491,23040.0
-2.1641790866851807,-2.284945487976074,0.12076658755540848,0.0,71.57511829883917,23040.0
-2.200852870941162,-2.327118158340454,0.12626565992832184,0.0,59.05040370339611,23040.0
-2.1165482997894287,-2.2636871337890625,0.14713791012763977,0.0,72.89477372965361,23040.0
-2.2350192070007324,-2.3767120838165283,0.14169283211231232,0.0,53.63806124775781,23040.0
-2.172475576400757,-2.29746150970459,0.12498647719621658,0.0,65.27432382655287,23040.0
-2.2048869132995605,-2.3300983905792236,0.12521187961101532,0.0,60.455508506066856,23040.0
-2.346466302871704,-2.476062297821045,0.12959569692611694,0.0,59.309053773226466,23040.0
-2.421725034713745,-2.540834665298462,0.11910928785800934,0.0,68.1097174847974,23040.0
-2.4124908447265625,-2.5265188217163086,0.1140277087688446,0.0,57.64773885085712,23040.0
-2.382111072540283,-2.5043444633483887,0.12223365902900696,0.0,62.30492888905131,23040.0
-2.5166780948638916,-2.634521007537842,0.11784360557794571,0.0,72.24148944092269,23040.0
-2.471708059310913,-2.5763118267059326,0.10460332036018372,0.0,58.031162991982136,23040.0
-2.536843776702881,-2.6488428115844727,0.1119995042681694,0.0,62.56318649394891,23040.0
-2.5485429763793945,-2.677713632583618,0.12917010486125946,0.0,57.380663054958674,23040.0
-2.4423460960388184,-2.572728157043457,0.1303827166557312,0.0,75.68272975946876,23040.0
-2.6371209621429443,-2.751920223236084,0.11479884386062622,0.0,44.290746460559696,23040.0
-2.6184709072113037,-2.7399120330810547,0.12144119292497635,0.0,67.21719025228646,23040.0
-2.587439775466919,-2.7124462127685547,0.1250055730342865,0.0,80.70917035542195,23040.0
-2.7293131351470947,-2.836961269378662,0.10764771699905396,0.0,47.33159502265202,23040.0
-2.7016820907592773,-2.810673952102661,0.10899116843938828,0.0,70.97964027248922,23040.0
-2.7725353240966797,-2.8846099376678467,0.11207471787929535,0.0,77.83943965827011,23040.0
-2.617938995361328,-2.727154016494751,0.10921566188335419,0.0,71.60693988248877,23040.0
-2.663534641265869,-2.7851767539978027,0.12164253741502762,0.0,57.35508651945111,23040.0
-2.6837124824523926,-2.795245409011841,0.11153265833854675,0.0,54.44237538787655,23040.0
-2.6846706867218018,-2.800593137741089,0.11592250317335129,0.0,90.13211687270962,23040.0
-2.599997043609619,-2.7222537994384766,0.12225595116615295,0.0,149.89790773829907,23040.0
-2.3699185848236084,-2.495323657989502,0.1254054754972458,0.0,318.96723657555174,23040.0
-1.3247249126434326,-1.5170037746429443,0.1922789216041565,0.0,724.0636108797348,23040.0
2.904641628265381,2.436849355697632,0.4677925407886505,0.0,1450.281742842116,23040.0
6.747756004333496,6.025768280029297,0.7219866514205933,0.0,1747.3068366910197,23040.0
-0.928758978843689,-1.2051299810409546,0.27637097239494324,0.0,634.4020952198424,23040.0
0.7593968510627747,0.4439707398414612,0.3154260218143463,0.0,791.3410284493748,23040.0
-1.995255708694458,-2.1715247631073,0.17627020180225372,0.0,217.6810694199219,23040.0
-0.5127367377281189,-0.658835768699646,0.14609895646572113,0.0,433.6350745789032,23040.0
-0.7350211143493652,-0.8770760297775269,0.14205501973628998,0.0,306.21449519063697,23040.0
-1.1010329723358154,-1.2359600067138672,0.13492727279663086,0.0,125.55250615474483,23040.0
-0.9053468704223633,-1.0285372734069824,0.1231900081038475,0.0,113.52461796786335,23040.0
-0.4079071879386902,-0.5149368047714233,0.10703006386756897,0.0,151.96093879230597,23040.0
-0.29760944843292236,-0.3985642194747925,0.10095465928316116,0.0,156.9183458034341,23040.0
-0.6847305297851562,-0.7983187437057495,0.11358845978975296,0.0,134.20547884280052,23040.0
-1.228184461593628,-1.3681460618972778,0.13996118307113647,0.0,92.99509506843154,23040.0
-1.4991739988327026,-1.6670069694519043,0.16783295571804047,0.0,107.42865294628156,23040.0
-1.5253709554672241,-1.6936372518539429,0.16826610267162323,0.0,193.63325041518,23040.0
-1.8382872343063354,-1.9846330881118774,0.14634640514850616,0.0,184.03658035613066,23040.0
-2.1929965019226074,-2.3356051445007324,0.14261029660701752,0.0,108.28614448570015,23040.0
-1.8977057933807373,-2.0540921688079834,0.15638580918312073,0.0,243.8627088726224,23040.0
-2.1049368381500244,-2.2534639835357666,0.14852680265903473,0.0,179.23753387545852,23040.0
-2.2863576412200928,-2.4371845722198486,0.15082627534866333,0.0,162.75249759138285,23040.0
-2.240476608276367,-2.395730972290039,0.15525490045547485,0.0,207.58853034028755,23040.0
-2.297597646713257,-2.469311475753784,0.17171373963356018,0.0,152.31579514753835,23040.0
-2.325282573699951,-2.500178098678589,0.17489562928676605,0.0,153.56386639047957,23040.0
-2.2643518447875977,-2.422574758529663,0.1582227349281311,0.0,198.32438591016037,23040.0
-2.5492706298828125,-2.690427780151367,0.1411571353673935,0.0,90.11648782401605,23040.0
-2.433781385421753,-2.577815294265747,0.1440344601869583,0.0,174.91422674080147,23040.0
-2.565840244293213,-2.7062792778015137,0.1404382437467575,0.0,137.15700750908772,23040.0
-2.5943541526794434,-2.7276415824890137,0.13328766822814941,0.0,108.21620116412426,23040.0
-2.530457019805908,-2.663376808166504,0.13292014598846436,0.0,164.23093030857922,23040.0
-2.610466957092285,-2.749328374862671,0.13886204361915588,0.0,87.04100594472261,23040.0
-2.6367709636688232,-2.768552780151367,0.13178232312202454,0.0,132.09985151983508,23040.0
-2.570528268814087,-2.694409132003784,0.12388148903846741,0.0,133.85744564064038,23040.0
-2.5905444622039795,-2.7200663089752197,0.12952230870723724,0.0,63.338185032817464,23040.0
-2.615741729736328,-2.7432937622070312,0.12755177915096283,0.0,140.50221935747308,23040.0
-2.763500213623047,-2.8865466117858887,0.12304677069187164,0.0,65.64417127606531,23040.0
-2.6940736770629883,-2.8251137733459473,0.13103975355625153,0.0,116.44618580276693,23040.0
-2.677834987640381,-2.8077611923217773,0.1299252063035965,0.0,100.59580622057233,23040.0
-2.6967079639434814,-2.8276407718658447,0.1309322714805603,0.0,77.50583229309441,23040.0
-2.6492669582366943,-2.7871899604797363,0.137923002243042,0.0,123.04859772897906,23040.0
-2.904996156692505,-3.0372402667999268,0.13224445283412933,0.0,50.45286441207603,23040.0
-2.757796049118042,-2.8944525718688965,0.13665726780891418,0.0,120.86621653934023,23040.0
-2.8419065475463867,-2.9773857593536377,0.13547885417938232,0.0,61.84897313293339,23040.0
-2.76324725151062,-2.9033467769622803,0.14009927213191986,0.0,105.62789293272304,23040.0
-2.8362135887145996,-2.973912239074707,0.1376994103193283,0.0,81.07173658265626,23040.0
-2.865588426589966,-3.0019354820251465,0.13634656369686127,0.0,100.60148549069159,23040.0
-2.7368054389953613,-2.8740148544311523,0.13720975816249847,0.0,65.7959287700937,23040.0
-2.822434425354004,-2.9595255851745605,0.13709184527397156,0.0,102.49471863122172,23040.0
-2.837320566177368,-2.9731268882751465,0.135807067155838,0.0,54.75977294906975,23040.0
-2.8557000160217285,-2.989654302597046,0.13395380973815918,0.0,88.15942869046542,23040.0
-2.88116192817688,-3.0134036540985107,0.1322423666715622,0.0,65.83268713926067,23040.0
-2.822453260421753,-2.9568915367126465,0.13443852961063385,0.0,84.17886235054812,23040.0
-2.8505334854125977,-2.9828686714172363,0.13233551383018494,0.0,68.5103749226357,23040.0
-2.8367419242858887,-2.969327688217163,0.13258738815784454,0.0,78.74634628333538,23040.0
-2.785539150238037,-2.9184072017669678,0.132867693901062,0.0,62.727158211764085,23040.0
-2.9458367824554443,-3.0784029960632324,0.13256651163101196,0.0,73.76721798228347,23040.0
-2.855994939804077,-2.9884843826293945,0.13248848915100098,0.0,65.9245336802309,23040.0
-3.0224084854125977,-3.1568634510040283,0.13445402681827545,0.0,54.96990549511771,23040.0
-2.9481191635131836,-3.083223819732666,0.13510489463806152,0.0,59.58675966922336,23040.0
-2.8967676162719727,-3.033677577972412,0.1369095891714096,0.0,50.02833106938078,23040.0
-2.947010040283203,-3.0816071033477783,0.13459618389606476,0.0,79.46991772691926,23040.0
-2.911844253540039,-3.04929780960083,0.1374540776014328,0.0,65.97984320385592,23040.0
-2.822291135787964,-2.9599857330322266,0.13769380748271942,0.0,82.8699434645129,23040.0
-2.9094722270965576,-3.0473577976226807,0.1378859281539917,0.0,87.21528162815312,23040.0
-2.9122228622436523,-3.0499484539031982,0.13772417604923248,0.0,112.96698102926258,23040.0
-2.7524523735046387,-2.8958628177642822,0.14340998232364655,0.0,186.70286233882192,23040.0
-2.7105069160461426,-2.8604092597961426,0.14990174770355225,0.0,300.357471504654,23040.0
-2.200418710708618,-2.3742129802703857,0.1737942397594452,0.0,513.2414559882701,23040.0
-1.0417605638504028,-1.2571048736572266,0.21534419059753418,0.0,812.3306160873499,23040.0
0.2040088176727295,-0.06925088167190552,0.27325981855392456,0.0,1022.7028625743936,23040.0
-1.3843501806259155,-1.5717740058898926,0.1874236911535263,0.0,672.7728774302511,23040.0
-2.8679704666137695,-3.0249722003936768,0.1570020467042923,0.0,168.16318155646496,23040.0
-1.722782015800476,-1.883267879486084,0.16048572957515717,0.0,535.8087932094297,23040.0
-2.8454091548919678,-2.9862279891967773,0.14081887900829315,0.0,62.13794417407351,23040.0
-2.093757152557373,-2.2317893505096436,0.13803163170814514,0.0,408.5080155168251,23040.0
-2.7210943698883057,-2.8557441234588623,0.1346493363380432,0.0,81.59886604424706,23040.0
-2.329282283782959,-2.4626736640930176,0.13339151442050934,0.0,296.9298870953669,23040.0
-2.6468212604522705,-2.7771871089935303,0.13036546111106873,0.0,162.86861333357575,23040.0
-2.648110866546631,-2.7753567695617676,0.12724605202674866,0.0,171.92393060602504,23040.0
-2.454469680786133,-2.5814499855041504,0.12698039412498474,0.0,218.37080626953707,23040.0
-2.7925667762756348,-2.9180314540863037,0.12546437978744507,0.0,42.20228768490293,23040.0
-2.5815327167510986,-2.7062525749206543,0.12471899390220642,0.0,194.26653982145785,23040.0
-2.724731683731079,-2.8501482009887695,0.12541760504245758,0.0,121.93931731268194,23040.0
-2.7711663246154785,-2.901179313659668,0.13001325726509094,0.0,96.13213981608803,23040.0
-2.6434521675109863,-2.7758827209472656,0.13243073225021362,0.0,172.94517658094824,23040.0
-2.904283046722412,-3.0371248722076416,0.13284102082252502,0.0,42.00256838543135,23040.0
-2.820876121520996,-2.958827495574951,0.13795159757137299,0.0,142.88681902400646,23040.0
-2.888709545135498,-3.03251576423645,0.14380653202533722,0.0,120.58990660492199,23040.0
-2.94377064704895,-3.089061737060547,0.1452910453081131,0.0,75.66023891850298,23040.0
-2.8334031105041504,-2.9825754165649414,0.14917276799678802,0.0,153.69648606666837,23040.0
-2.998107671737671,-3.150017261505127,0.15191061794757843,0.0,27.478293613527615,23040.0
-2.884608745574951,-3.0420992374420166,0.15749086439609528,0.0,149.80041414786578,23040.0
-3.039973258972168,-3.20307993888855,0.1631067395210266,0.0,45.63712190358109,23040.0
-2.8575265407562256,-3.0251362323760986,0.16760821640491486,0.0,133.9885119447743,23040.0
-3.0197927951812744,-3.193371534347534,0.17357860505580902,0.0,55.697770556442784,23040.0
-2.8919677734375,-3.0681025981903076,0.1761346459388733,0.0,123.3082737955187,23040.0
-3.042447328567505,-3.219991445541382,0.17754292488098145,0.0,57.237694107755075,23040.0
-2.9574577808380127,-3.1364901065826416,0.17903175950050354,0.0,125.3001235080384,23040.0
-3.0501272678375244,-3.226635694503784,0.17650967836380005,0.0,41.84019841922761,23040.0
-3.0293450355529785,-3.20866060256958,0.17931728065013885,0.0,120.8111143100624,23040.0
-3.0643832683563232,-3.243858814239502,0.17947612702846527,0.0,36.75293994580886,23040.0
-2.9153079986572266,-3.0931107997894287,0.17780360579490662,0.0,124.33677665968068,23040.0
-3.150928020477295,-3.325244426727295,0.17431676387786865,0.0,61.47026631870763,23040.0
-3.0109097957611084,-3.1896305084228516,0.17872141301631927,0.0,88.99831181823113,23040.0
-3.071643829345703,-3.249821186065674,0.1781768798828125,0.0,98.09243358954102,23040.0
-3.0464813709259033,-3.2285501956939697,0.18206918239593506,0.0,31.55744429978125,23040.0
-3.029804229736328,-3.2102506160736084,0.18044768273830414,0.0,101.83689736765406,23040.0
-3.1319854259490967,-3.3132150173187256,0.18122902512550354,0.0,77.56276662501746,23040.0
-3.1438028812408447,-3.3272440433502197,0.18344084918498993,0.0,47.745756309436246,23040.0
-3.063530921936035,-3.246473550796509,0.18294262886047363,0.0,97.18623553295996,23040.0
-2.9327006340026855,-3.1219754219055176,0.18927495181560516,0.0,91.96976709315068,23040.0
-3.0462117195129395,-3.240474224090576,0.194264218211174,0.0,62.24296792167837,23040.0
-3.0694000720977783,-3.262542724609375,0.19314350187778473,0.0,84.36104560138341,23040.0
-3.057725429534912,-3.249229907989502,0.1915053278207779,0.0,127.3460559443202,23040.0
-2.9161226749420166,-3.12294864654541,0.2068261206150055,0.0,219.58664780615516,23040.0
-2.655338764190674,-2.8871145248413086,0.23177602887153625,0.0,369.7384372415139,23040.0
-1.9189071655273438,-2.24658465385437,0.3276771306991577,0.0,595.3745276572699,23040.0
-1.1026571989059448,-1.5553195476531982,0.4526626169681549,0.0,779.8501544603251,23040.0
-0.6468954682350159,-1.0740234851837158,0.42712831497192383,0.0,830.8569206755815,23040.0
-1.9066210985183716,-2.1282103061676025,0.2215893566608429,0.0,565.1818547708301,23040.0
-2.4084525108337402,-2.697065591812134,0.2886123061180115,0.0,394.6966206383456,23040.0
-2.3982341289520264,-2.595613718032837,0.1973804235458374,0.0,388.6135535258656,23040.0
-2.6957952976226807,-2.92080020904541,0.22500474750995636,0.0,301.22943963066643,23040.0
-2.795961856842041,-2.9902071952819824,0.1942453384399414,0.0,271.58585420505517,23040.0
-2.8561224937438965,-3.047558546066284,0.19143785536289215,0.0,262.2571100246247,23040.0
-3.017108917236328,-3.213135004043579,0.19602544605731964,0.0,208.11670619025617,23040.0
-2.989912509918213,-3.1789841651916504,0.18907053768634796,0.0,196.54647341616788,23040.0
-2.975322723388672,-3.16789174079895,0.19256962835788727,0.0,197.3459492178582,23040.0
-3.1450371742248535,-3.333271026611328,0.18823273479938507,0.0,133.11074539408128,23040.0
-2.9801485538482666,-3.167311668395996,0.18716365098953247,0.0,181.24116634498543,23040.0
-3.1592979431152344,-3.3437390327453613,0.18444103002548218,0.0,117.40349560338463,23040.0
-3.107311248779297,-3.292954444885254,0.1856430619955063,0.0,133.41583829771346,23040.0
-3.1410696506500244,-3.325223445892334,0.18415457010269165,0.0,132.60333603455933,23040.0
-3.2093098163604736,-3.391849994659424,0.18253983557224274,0.0,98.67403050600338,23040.0
-3.170016050338745,-3.35380482673645,0.18378764390945435,0.0,122.184051952025,23040.0
-3.326550245285034,-3.512802839279175,0.186253160238266,0.0,99.81453122270867,23040.0
-3.3613247871398926,-3.55132794380188,0.1900026798248291,0.0,95.51205038231278,23040.0
-3.233917236328125,-3.425363779067993,0.19144660234451294,0.0,98.78877305277757,23040.0
-3.240614414215088,-3.4370954036712646,0.19648176431655884,0.0,86.48026900415101,23040.0
-3.2135508060455322,-3.414062261581421,0.2005123496055603,0.0,87.56741475088039,23040.0
-3.317579507827759,-3.5181260108947754,0.20054562389850616,0.0,87.7789139044498,23040.0
-3.2354495525360107,-3.440624952316284,0.20517529547214508,0.0,76.46993491068827,23040.0
-3.1565067768096924,-3.3690829277038574,0.21257618069648743,0.0,85.20442528313293,23040.0
-3.42142915725708,-3.633943796157837,0.21251563727855682,0.0,77.42256072126493,23040.0
-3.4338724613189697,-3.6517364978790283,0.21786358952522278,0.0,81.38437629427433,23040.0
-3.44016695022583,-3.659106731414795,0.2189391702413559,0.0,76.98511455438903,23040.0
-3.433945655822754,-3.6502878665924072,0.2163415551185608,0.0,69.58948940783185,23040.0
-3.406883478164673,-3.625253200531006,0.21836990118026733,0.0,76.34928941936835,23040.0
-3.4078900814056396,-3.623354434967041,0.21546490490436554,0.0,64.14802849552403,23040.0
-3.4006547927856445,-3.617966651916504,0.21731092035770416,0.0,70.09002616021792,23040.0
-3.4341397285461426,-3.650710344314575,0.21657191216945648,0.0,43.062006447551674,23040.0
-3.5056419372558594,-3.7218778133392334,0.216236412525177,0.0,76.05192343641428,23040.0
-3.5173981189727783,-3.7309672832489014,0.21356937289237976,0.0,46.49697349960315,23040.0
-3.5352535247802734,-3.7470710277557373,0.21181775629520416,0.0,67.38980393314827,23040.0
-3.4004740715026855,-3.6238715648651123,0.22339631617069244,0.0,55.932878565350656,23040.0
-3.303934335708618,-3.523592472076416,0.21965885162353516,0.0,94.79887130559551,23040.0
-3.3102810382843018,-3.5274221897125244,0.21714100241661072,0.0,92.96915139232333,23040.0
-3.402620792388916,-3.6186299324035645,0.21600820124149323,0.0,55.61575376248405,23040.0
-3.406771183013916,-3.6266062259674072,0.21983569860458374,0.0,105.36497477368115,23040.0
-3.4332098960876465,-3.6494340896606445,0.2162245661020279,0.0,99.93946491351795,23040.0
-3.381634473800659,-3.6007778644561768,0.2191431075334549,0.0,66.84371697461202,23040.0
-3.5161631107330322,-3.745877504348755,0.22971433401107788,0.0,129.71924740743583,23040.0
-3.422544240951538,-3.643078565597534,0.2205340713262558,0.0,136.44763314815984,23040.0
-3.4189157485961914,-3.635895013809204,0.216979518532753,0.0,104.71549107057652,23040.0
-3.4930732250213623,-3.7281291484832764,0.23505426943302155,0.0,158.67574474589156,23040.0
-3.4051103591918945,-3.645210027694702,0.24009966850280762,0.0,188.76954818000735,23040.0
-3.2887187004089355,-3.5511634349823,0.26244455575942993,0.0,193.08875665375038,23040.0
-3.480712890625,-3.714823007583618,0.23411069810390472,0.0,224.01970137803667,23040.0
-3.1031494140625,-3.3560214042663574,0.2528740167617798,0.0,325.9250961500906,23040.0
-2.9399020671844482,-3.216073513031006,0.27617061138153076,0.0,414.65861187094714,23040.0
-3.361356019973755,-3.6097655296325684,0.24840916693210602,0.0,292.2978432446516,23040.0
-3.523571014404297,-3.7684414386749268,0.24487043917179108,0.0,171.5214660328988,23040.0
-3.2044758796691895,-3.4782729148864746,0.2737963795661926,0.0,268.73404324776504,23040.0
-3.682908773422241,-3.9358463287353516,0.25293776392936707,0.0,114.91289780104731,23040.0
-3.5445148944854736,-3.795146942138672,0.25063183903694153,0.0,192.58491507680725,23040.0
-3.5369954109191895,-3.8074471950531006,0.2704506516456604,0.0,176.43575940774969,23040.0
-3.513662815093994,-3.7555952072143555,0.24193398654460907,0.0,152.07576543551406,23040.0
-3.6442759037017822,-3.897386074066162,0.25311005115509033,0.0,150.72974783256126,23040.0
-3.5801546573638916,-3.8174431324005127,0.23728705942630768,0.0,135.80719526077843,23040.0
-3.6371748447418213,-3.8722903728485107,0.235116109251976,0.0,149.2194618684143,23040.0
-3.6577975749969482,-3.8863227367401123,0.22852450609207153,0.0,89.84785332647692,23040.0
-3.542074203491211,-3.7626898288726807,0.22061513364315033,0.0,165.70399711747402,23040.0
-3.6881184577941895,-3.9217569828033447,0.23363757133483887,0.0,65.91364043672428,23040.0
-3.65446400642395,-3.8757903575897217,0.22132547199726105,0.0,136.42104330756393,23040.0
-3.7347049713134766,-3.9576478004455566,0.2229430377483368,0.0,93.35919639788719,23040.0
-3.8287978172302246,-4.046849727630615,0.21805116534233093,0.0,100.42438811006046,23040.0
-3.7940173149108887,-4.0088934898376465,0.2148769199848175,0.0,103.50819748721585,23040.0
-3.7686963081359863,-3.98437762260437,0.21568283438682556,0.0,72.97899624719372,23040.0
-3.831070899963379,-4.038502216339111,0.207432359457016,0.0,100.36538647177814,23040.0
-3.8710594177246094,-4.07988977432251,0.20883092284202576,0.0,62.01169346707249,23040.0
-3.7568576335906982,-3.966507911682129,0.20964929461479187,0.0,84.88967455247078,23040.0
-3.8346612453460693,-4.043727874755859,0.2090655267238617,0.0,65.18490245389951,23040.0
-3.8071556091308594,-4.013750076293945,0.20659387111663818,0.0,72.64244382932871,23040.0
-3.83821177482605,-4.042423725128174,0.2042120397090912,0.0,55.013919605323004,23040.0
-3.854806423187256,-4.058990955352783,0.20418404042720795,0.0,63.23576540944332,23040.0
-3.829421281814575,-4.028785705566406,0.19936446845531464,0.0,54.6313959681393,23040.0
-3.8348567485809326,-4.034824848175049,0.1999690979719162,0.0,53.74561296368457,23040.0
-3.9540517330169678,-4.154629230499268,0.20057813823223114,0.0,59.51095832982809,23040.0
-3.9850640296936035,-4.186419486999512,0.20135562121868134,0.0,46.65595810560409,23040.0
-3.9337198734283447,-4.133730888366699,0.20001211762428284,0.0,59.81981654237399,23040.0
-3.9583613872528076,-4.156750202178955,0.19838693737983704,0.0,42.78030339938002,23040.0
-4.011288166046143,-4.20977258682251,0.19848579168319702,0.0,56.89908103347447,23040.0
-3.966653347015381,-4.166790962219238,0.2001391500234604,0.0,39.37653987609791,23040.0
-3.9722819328308105,-4.174514293670654,0.20223285257816315,0.0,51.647163659107605,23040.0
-4.038979530334473,-4.239468097686768,0.20048929750919342,0.0,52.158362720129226,23040.0
-4.063253879547119,-4.263947010040283,0.20069368183612823,0.0,36.96470944467035,23040.0
-4.079824447631836,-4.280895233154297,0.20107190310955048,0.0,63.02506169492217,23040.0
-4.013604164123535,-4.216889381408691,0.2032855600118637,0.0,43.34425305547497,23040.0
-3.929185628890991,-4.125853061676025,0.19666787981987,0.0,81.06243683914819,23040.0
-4.029631614685059,-4.234402179718018,0.20477087795734406,0.0,101.55957132052252,23040.0
-4.029776096343994,-4.230456352233887,0.20067936182022095,0.0,61.46099484626768,23040.0
-4.0554118156433105,-4.256269931793213,0.20085757970809937,0.0,52.15227339453218,23040.0
-4.17265510559082,-4.374212741851807,0.2015586793422699,0.0,82.28094370885536,23040.0
-4.0803375244140625,-4.279221057891846,0.1988823562860489,0.0,58.17002245929623,23040.0
-3.9504995346069336,-4.155896186828613,0.20539531111717224,0.0,43.12983681443664,23040.0
-4.076409339904785,-4.273626327514648,0.19721637666225433,0.0,58.88827481277252,23040.0
-3.9855237007141113,-4.1934428215026855,0.20791815221309662,0.0,89.43628217333125,23040.0
-3.9539480209350586,-4.156413555145264,0.20246393978595734,0.0,148.07873729530067,23040.0
-3.8445305824279785,-4.0573577880859375,0.21282681822776794,0.0,181.7051237325521,23040.0
-3.9945359230041504,-4.193913459777832,0.1993785798549652,0.0,127.95276613491521,23040.0
-4.228515148162842,-4.426023006439209,0.19750715792179108,0.0,49.05613094355698,23040.0
-3.8299458026885986,-4.030993461608887,0.2010474056005478,0.0,166.34385363467862,23040.0
-3.892990827560425,-4.0853095054626465,0.19231794774532318,0.0,200.89771145235935,23040.0
-4.092103958129883,-4.2836103439331055,0.19150607287883759,0.0,101.38938755433806,23040.0
-4.092906951904297,-4.284763813018799,0.19185733795166016,0.0,84.92110659246207,23040.0
-3.9008660316467285,-4.093262672424316,0.19239722192287445,0.0,184.2401043641506,23040.0
-3.9932940006256104,-4.189403057098389,0.19610828161239624,0.0,143.24062580658043,23040.0
-4.23777961730957,-4.424671649932861,0.18689265847206116,0.0,41.58924884806435,23040.0
-4.085225582122803,-4.274718761444092,0.18949387967586517,0.0,142.88483729183625,23040.0
-3.793673276901245,-3.9940826892852783,0.20040948688983917,0.0,189.55001530882697,23040.0
-4.110035419464111,-4.298553943634033,0.18851937353610992,0.0,118.09134376491464,23040.0
-4.3420257568359375,-4.525436878204346,0.18341095745563507,0.0,48.593701430982435,23040.0
-4.046462059020996,-4.2368364334106445,0.1903747171163559,0.0,144.6417780016388,23040.0
-4.05111026763916,-4.234014987945557,0.18290530145168304,0.0,160.31487310378193,23040.0
-4.09621524810791,-4.282480716705322,0.18626569211483002,0.0,99.29583105322112,23040.0
-4.291011810302734,-4.470525741577148,0.17951394617557526,0.0,33.38758074107647,23040.0
-4.03667688369751,-4.215588569641113,0.17891067266464233,0.0,123.83703880295627,23040.0
-3.595489501953125,-3.793215274810791,0.19772611558437347,0.0,176.25425929674427,23040.0
-4.1455607414245605,-4.331448078155518,0.18588794767856598,0.0,110.34827850147846,23040.0
-3.188830614089966,-3.3825650215148926,0.19373495876789093,0.0,261.15082814117596,23040.0
-2.55948543548584,-2.783846855163574,0.22436216473579407,0.0,324.23536105737395,23040.0
-2.4889392852783203,-2.729557752609253,0.2406185418367386,0.0,193.39404312419003,23040.0
-3.039285659790039,-3.2615811824798584,0.22229506075382233,0.0,239.93562142173758,23040.0
-3.7288432121276855,-3.959059953689575,0.23021727800369263,0.0,189.29177332125437,23040.0
-2.6656253337860107,-2.9266183376312256,0.2609928846359253,0.0,254.98367454937235,23040.0
-3.6981635093688965,-3.942664623260498,0.24450166523456573,0.0,179.32131923074917,23040.0
-3.2964887619018555,-3.5674846172332764,0.2709960639476776,0.0,146.00428381458494,23040.0
-3.0168042182922363,-3.260277032852173,0.24347291886806488,0.0,161.40080642278906,23040.0
-3.197359323501587,-3.456118106842041,0.25875794887542725,0.0,103.66384325143324,23040.0
-3.534489154815674,-3.7853987216949463,0.25091058015823364,0.0,84.22471820836708,23040.0
-3.707732915878296,-3.9322495460510254,0.22451633214950562,0.0,102.13013286178331,23040.0
-3.3872599601745605,-3.621648073196411,0.23438718914985657,0.0,104.21565013157671,23040.0
-3.6452717781066895,-3.901677370071411,0.25640732049942017,0.0,84.36498823638972,23040.0
-3.769279718399048,-4.0010786056518555,0.23179973661899567,0.0,90.03841999731922,23040.0
-3.666931390762329,-3.8959672451019287,0.22903552651405334,0.0,81.00077026129055,23040.0
-3.7330684661865234,-3.969874858856201,0.23680531978607178,0.0,96.10507592739809,23040.0
-3.859978199005127,-4.118546485900879,0.2585694491863251,0.0,69.01194697843852,23040.0
-3.704322576522827,-3.950484275817871,0.24616122245788574,0.0,85.60919348613263,23040.0
-3.7311251163482666,-3.9651577472686768,0.2340325266122818,0.0,105.36518661701257,23040.0
-3.859527826309204,-4.126845359802246,0.2673189640045166,0.0,80.51386154484618,23040.0
-4.029571533203125,-4.302398681640625,0.2728278338909149,0.0,77.61170499318135,23040.0
-3.9220523834228516,-4.166309833526611,0.2442593276500702,0.0,92.75058438788774,23040.0
-3.9447672367095947,-4.2063212394714355,0.2615547180175781,0.0,76.37944741797686,23040.0
-3.8116374015808105,-4.083320617675781,0.2716831862926483,0.0,77.34625788219643,23040.0
-4.063896656036377,-4.297407627105713,0.23351186513900757,0.0,106.23453735637723,23040.0
-4.088022232055664,-4.320018291473389,0.23199617862701416,0.0,61.615822347711486,23040.0
-4.027775764465332,-4.278708457946777,0.25093334913253784,0.0,88.0140796252266,23040.0
-4.109145164489746,-4.328545570373535,0.2194017767906189,0.0,81.35352285507618,23040.0
-4.11488151550293,-4.331750869750977,0.2168688178062439,0.0,53.78799624617521,23040.0
-4.165761470794678,-4.392906188964844,0.22714559733867645,0.0,77.02406276385626,23040.0
-4.112002849578857,-4.32280969619751,0.2108071893453598,0.0,59.44770617597143,23040.0
-4.195003509521484,-4.402190208435059,0.20718780159950256,0.0,57.6095768538366,23040.0
-4.2115888595581055,-4.424722194671631,0.21313360333442688,0.0,72.98951868553229,23040.0
-4.180499076843262,-4.38569450378418,0.20519624650478363,0.0,43.40381791277336,23040.0
-4.33340311050415,-4.54055118560791,0.20714841783046722,0.0,68.16982574559125,23040.0
-4.273168087005615,-4.481429576873779,0.20826058089733124,0.0,56.194764122688454,23040.0
-4.286254405975342,-4.483917713165283,0.197663351893425,0.0,55.28091639329343,23040.0
-4.44590425491333,-4.64961576461792,0.20371070504188538,0.0,63.1891449253121,23040.0
-4.304835319519043,-4.508013725280762,0.20317824184894562,0.0,55.36818429405559,23040.0
-4.367728233337402,-4.566985607147217,0.19925715029239655,0.0,55.86176307994455,23040.0
-4.221951007843018,-4.421119213104248,0.19916874170303345,0.0,55.01722918318169,23040.0
-4.204282760620117,-4.406972885131836,0.20269028842449188,0.0,84.45200410620245,23040.0
-4.327652931213379,-4.5224432945251465,0.194789320230484,0.0,77.78430509380162,23040.0
-4.200555801391602,-4.39556360244751,0.19500631093978882,0.0,77.35357776994978,23040.0
-4.010645389556885,-4.197061061859131,0.1864144653081894,0.0,148.22877528357924,23040.0
-4.285038471221924,-4.470989227294922,0.18595048785209656,0.0,71.0164818217887,23040.0
-4.112512111663818,-4.29847526550293,0.1859649270772934,0.0,128.22603816525435,23040.0
-3.7857463359832764,-3.971142292022705,0.18539568781852722,0.0,162.25019947739207,23040.0
-4.222936153411865,-4.398446083068848,0.1755104660987854,0.0,83.00544138024104,23040.0
-3.5163357257843018,-3.714662790298462,0.1983264982700348,0.0,239.81377943133626,23040.0
-3.3515913486480713,-3.5379292964935303,0.18633726239204407,0.0,225.7709228218585,23040.0
-3.2082245349884033,-3.394451141357422,0.1862272471189499,0.0,105.96125540809776,23040.0
-3.7168006896972656,-3.8978383541107178,0.18103671073913574,0.0,203.8836049963214,23040.0
-3.8538973331451416,-4.04992151260376,0.19602148234844208,0.0,177.35790998798132,23040.0
-3.6949961185455322,-3.89335560798645,0.19835922122001648,0.0,221.42683505338852,23040.0
-3.897002935409546,-4.091960906982422,0.19495800137519836,0.0,171.54094157977596,23040.0
-3.7879140377044678,-3.9845564365386963,0.19664141535758972,0.0,164.47807417824842,23040.0
-3.5722875595092773,-3.7626969814300537,0.19040879607200623,0.0,171.96313984100422,23040.0
-4.044186115264893,-4.2326459884643555,0.18845899403095245,0.0,133.43819464263473,23040.0
-3.8758745193481445,-4.081784248352051,0.20590902864933014,0.0,161.01977513966384,23040.0
-3.6917941570281982,-3.882873773574829,0.19108113646507263,0.0,148.68530566266102,23040.0
-4.0126519203186035,-4.219189643859863,0.20653869211673737,0.0,160.33218290400632,23040.0
-3.79998779296875,-4.026446342468262,0.2264590561389923,0.0,97.13955203171902,23040.0
-3.7473490238189697,-3.950974941253662,0.20362423360347748,0.0,155.44073075696807,23040.0
-4.150631427764893,-4.355313777923584,0.2046820968389511,0.0,87.70961354266012,23040.0
-3.930596351623535,-4.163397789001465,0.2328026294708252,0.0,140.47708289364536,23040.0
-3.882403612136841,-4.091545104980469,0.20914241671562195,0.0,135.19918061383189,23040.0
-4.176830768585205,-4.382442474365234,0.20561052858829498,0.0,120.26614826878733,23040.0
-3.8893377780914307,-4.115597248077393,0.2262602299451828,0.0,106.6030669659407,23040.0
-3.985795021057129,-4.1978912353515625,0.2120954692363739,0.0,128.29799324534736,23040.0
-4.153539657592773,-4.35560417175293,0.20206370949745178,0.0,108.05944311286517,23040.0
-3.9686341285705566,-4.19841194152832,0.2297772765159607,0.0,122.21349850042411,23040.0
-4.044781684875488,-4.268035411834717,0.22325295209884644,0.0,152.38671346569953,23040.0
-4.153029918670654,-4.349820137023926,0.19678948819637299,0.0,95.93129393183968,23040.0
-4.104855537414551,-4.325933456420898,0.22107866406440735,0.0,144.69597266757327,23040.0
-4.2252726554870605,-4.441014766693115,0.2157433032989502,0.0,141.79667804597835,23040.0
-4.300432205200195,-4.48829984664917,0.1878664642572403,0.0,109.4164730665603,23040.0
-4.173940181732178,-4.389132022857666,0.2151922881603241,0.0,171.18143674452048,23040.0
-4.181663513183594,-4.373114109039307,0.19145117700099945,0.0,104.12507656262454,23040.0
-4.20813512802124,-4.394150257110596,0.18601594865322113,0.0,144.33946859767718,23040.0
-4.271543502807617,-4.468620300292969,0.19707748293876648,0.0,153.03818892441387,23040.0
-4.247372627258301,-4.429542541503906,0.1821725219488144,0.0,96.1794659680409,23040.0
-4.181007385253906,-4.362639427185059,0.18163414299488068,0.0,160.16906026197915,23040.0
-4.395762920379639,-4.57969331741333,0.1839294582605362,0.0,114.12988884082564,23040.0
-4.364591598510742,-4.538593292236328,0.17400160431861877,0.0,111.17461057504424,23040.0
-4.33702278137207,-4.510260105133057,0.17323581874370575,0.0,145.3486118968449,23040.0
-4.246401309967041,-4.42558479309082,0.1791861206293106,0.0,75.42480700404319,23040.0
-4.386540412902832,-4.554798603057861,0.16825741529464722,0.0,129.57792516860468,23040.0
-4.409356594085693,-4.576735973358154,0.16737796366214752,0.0,106.38430271313737,23040.0
-4.51244592666626,-4.686078071594238,0.17363204061985016,0.0,76.12621467461332,23040.0
-4.370222091674805,-4.538391590118408,0.1681685596704483,0.0,114.46435155134746,23040.0
-4.395401954650879,-4.563968658447266,0.16856649518013,0.0,75.16130223213482,23040.0
-4.4685163497924805,-4.6417765617370605,0.17326027154922485,0.0,89.86973527037762,23040.0
-4.403650283813477,-4.5709228515625,0.1672714352607727,0.0,122.76438835084534,23040.0
-4.527522563934326,-4.697953224182129,0.17043031752109528,0.0,45.999121618723905,23040.0
-4.37738037109375,-4.548260688781738,0.17088037729263306,0.0,141.93280265885417,23040.0
-4.545291423797607,-4.716393947601318,0.1711018830537796,0.0,63.607596576721015,23040.0
-4.565353870391846,-4.731175422668457,0.1658208817243576,0.0,81.49883365701781,23040.0
-4.360961437225342,-4.539093494415283,0.1781320422887802,0.0,100.76332277416799,23040.0
-4.467697620391846,-4.634697437286377,0.16699756681919098,0.0,53.13604444005922,23040.0
-4.335165500640869,-4.502337455749512,0.16717109084129333,0.0,82.34531548997701,23040.0
-4.505053520202637,-4.6724934577941895,0.16744016110897064,0.0,98.76995680755887,23040.0
-4.554121017456055,-4.721044063568115,0.16692373156547546,0.0,59.76892835902576,23040.0
-4.348845958709717,-4.520385265350342,0.17154087126255035,0.0,132.01928622416673,23040.0
-4.386070728302002,-4.549508571624756,0.16343705356121063,0.0,53.26694740063357,23040.0
-4.269106388092041,-4.449119567871094,0.18001426756381989,0.0,157.86707594873758,23040.0
-4.408409118652344,-4.571683883666992,0.16327418386936188,0.0,103.01643462062405,23040.0
-4.476943016052246,-4.648464679718018,0.17152139544487,0.0,96.99319163472622,23040.0
-4.512561321258545,-4.679652690887451,0.16709154844284058,0.0,120.27213739189519,23040.0
-4.464012145996094,-4.631733417510986,0.16772189736366272,0.0,74.31178618520408,23040.0
-4.459875583648682,-4.630592346191406,0.17071688175201416,0.0,135.69895565107208,23040.0
-4.642419815063477,-4.807146072387695,0.16472625732421875,0.0,65.31314756519643,23040.0
-4.042643070220947,-4.231390953063965,0.1887492686510086,0.0,177.14729694487787,23040.0
-3.517598867416382,-3.6987545490264893,0.18115505576133728,0.0,199.33260972441857,23040.0
-3.751418352127075,-3.9319889545440674,0.1805717498064041,0.0,117.4894173438925,23040.0
-4.065360069274902,-4.24860143661499,0.18324168026447296,0.0,222.4334310844977,23040.0
-4.269468307495117,-4.443874835968018,0.17440582811832428,0.0,140.2873624745331,23040.0
-3.8871774673461914,-4.084629535675049,0.1974511295557022,0.0,227.25355434486016,23040.0
-4.179649353027344,-4.355087757110596,0.1754383146762848,0.0,134.3984188982269,23040.0
-4.1742939949035645,-4.360146522521973,0.18585361540317535,0.0,188.47437055802968,23040.0
-4.14740514755249,-4.341151714324951,0.1937476098537445,0.0,173.15388930998364,23040.0
-4.232332229614258,-4.4107136726379395,0.17838168144226074,0.0,157.4573032622087,23040.0
-4.127193927764893,-4.321136951446533,0.19394156336784363,0.0,184.77514154902764,23040.0
-4.279364585876465,-4.467004299163818,0.18764017522335052,0.0,141.92524396929346,23040.0
-4.324352741241455,-4.514841556549072,0.19048850238323212,0.0,153.6491706917232,23040.0
-4.301769733428955,-4.483201503753662,0.18143202364444733,0.0,162.36341506433408,23040.0
-4.2811760902404785,-4.46165132522583,0.18047523498535156,0.0,113.2284358477835,23040.0
-4.195061683654785,-4.37925386428833,0.18419356644153595,0.0,163.03372947049576,23040.0
-4.457353591918945,-4.632685661315918,0.1753317266702652,0.0,115.45322678942266,23040.0
-4.375129699707031,-4.547375679016113,0.17224523425102234,0.0,119.63763920134976,23040.0
-4.419932842254639,-4.601616859436035,0.1816822737455368,0.0,153.51715303018327,23040.0
-4.543919086456299,-4.707827568054199,0.16390864551067352,0.0,78.80414757633513,23040.0
-4.331038951873779,-4.50410270690918,0.173063725233078,0.0,156.4970189272852,23040.0
-4.53680419921875,-4.707061290740967,0.17025840282440186,0.0,78.34802491680024,23040.0
-4.359857082366943,-4.524718761444092,0.1648624837398529,0.0,128.94631640984053,23040.0
-4.478508949279785,-4.655995845794678,0.1774865835905075,0.0,116.92036153961689,23040.0
-4.458041191101074,-4.617583751678467,0.15953996777534485,0.0,112.11700060660242,23040.0
-4.434793949127197,-4.60933780670166,0.17454388737678528,0.0,121.14940296149123,23040.0
-4.441573619842529,-4.612187385559082,0.17061330378055573,0.0,119.00827008918732,23040.0
-4.446619033813477,-4.612724304199219,0.1661049872636795,0.0,118.8015979477224,23040.0
-4.404489994049072,-4.57666540145874,0.17217428982257843,0.0,90.08087118018518,23040.0
-4.445306777954102,-4.602161884307861,0.15685372054576874,0.0,117.11944661996836,23040.0
-4.546557426452637,-4.719371795654297,0.17281390726566315,0.0,93.90445064740013,23040.0
-4.435159683227539,-4.5889692306518555,0.15380917489528656,0.0,141.0852366700261,23040.0
-4.571743965148926,-4.733137130737305,0.16139301657676697,0.0,65.64395945272152,23040.0
-4.468772888183594,-4.630154132843018,0.16138213872909546,0.0,126.36546730491321,23040.0
-4.499499797821045,-4.652570724487305,0.15307104587554932,0.0,57.28067674254827,23040.0
-4.57267951965332,-4.7350897789001465,0.16240954399108887,0.0,117.93793571064859,23040.0
-4.545399188995361,-4.702508449554443,0.15710975229740143,0.0,53.735978076151554,23040.0
-4.68895959854126,-4.847516059875488,0.15855619311332703,0.0,83.87813322780106,23040.0
-4.505622386932373,-4.664002895355225,0.1583801805973053,0.0,50.06442634249176,23040.0
-4.640529632568359,-4.794091701507568,0.15356245636940002,0.0,80.99968548874837,23040.0
-4.638548374176025,-4.796079158782959,0.1575312465429306,0.0,44.864222801686935,23040.0
-4.609142303466797,-4.762640953063965,0.15349899232387543,0.0,70.20537653285311,23040.0
-4.59488582611084,-4.753397464752197,0.15851029753684998,0.0,43.471614996672116,23040.0
-4.514050006866455,-4.670309066772461,0.15625891089439392,0.0,69.72666168954738,23040.0
-4.683815956115723,-4.840231418609619,0.15641522407531738,0.0,42.510711887374654,23040.0
-4.540748596191406,-4.697536945343018,0.15678969025611877,0.0,63.48837278663192,23040.0
-4.54871940612793,-4.709368705749512,0.16064977645874023,0.0,55.239572537979015,23040.0
-4.503907203674316,-4.663233280181885,0.1593264788389206,0.0,72.34598278095957,23040.0
-4.640397548675537,-4.801671028137207,0.16127263009548187,0.0,85.69752061840992,23040.0
-4.633685111999512,-4.790557384490967,0.15687339007854462,0.0,50.1050327112788,23040.0
-4.54110050201416,-4.701888561248779,0.160787433385849,0.0,113.22267896694538,23040.0
-4.554434776306152,-4.710880756378174,0.1564464271068573,0.0,58.89763972290763,23040.0
-4.7029900550842285,-4.862443923950195,0.1594523787498474,0.0,93.28555003554852,23040.0
-4.541132926940918,-4.694770812988281,0.15363658964633942,0.0,128.243505338748,23040.0
-4.755736827850342,-4.9102020263671875,0.15446686744689941,0.0,36.814547369687546,23040.0
-4.480556488037109,-4.640979290008545,0.16042090952396393,0.0,133.79279104613644,23040.0
-4.013179302215576,-4.1769328117370605,0.1637532263994217,0.0,171.56550874694517,23040.0
-4.539111137390137,-4.695169925689697,0.1560581773519516,0.0,60.00249898752876,23040.0
-4.037195205688477,-4.200967788696289,0.163772851228714,0.0,234.07435786987855,23040.0
-3.9738354682922363,-4.142638683319092,0.1688031703233719,0.0,208.41881508234047,23040.0
-4.032864570617676,-4.196295261383057,0.16342976689338684,0.0,100.7524528758459,23040.0
-4.352371692657471,-4.514506816864014,0.1621350646018982,0.0,203.20610024084,23040.0
-4.277431011199951,-4.438416957855225,0.1609870344400406,0.0,146.1035417686916,23040.0
-4.043376445770264,-4.207523822784424,0.16414812207221985,0.0,237.46320383608887,23040.0
-4.171389579772949,-4.341145038604736,0.1697547733783722,0.0,140.70106577208938,23040.0
-4.065899848937988,-4.2339372634887695,0.1680341213941574,0.0,204.96876837914238,23040.0
-4.253055095672607,-4.4269256591796875,0.1738709807395935,0.0,163.52406776575512,23040.0
-3.9658234119415283,-4.145174980163574,0.17935176193714142,0.0,223.68091296494754,23040.0
-4.285473823547363,-4.454054355621338,0.16858069598674774,0.0,160.47691645194615,23040.0
-4.003300666809082,-4.1862382888793945,0.18293622136116028,0.0,183.97117984373747,23040.0
-4.078840732574463,-4.254159927368164,0.1753189116716385,0.0,120.03489478767246,23040.0
-4.19575834274292,-4.368760585784912,0.1730017215013504,0.0,181.82574453423842,23040.0
-4.313979625701904,-4.499171257019043,0.18519285321235657,0.0,102.64601271216962,23040.0
-4.28059720993042,-4.461392402648926,0.18079480528831482,0.0,166.3224870967421,23040.0
-4.30443000793457,-4.488224506378174,0.18379496037960052,0.0,150.44410579622814,23040.0
-4.425457954406738,-4.605923175811768,0.1804649829864502,0.0,67.12344613327456,23040.0
-4.095664978027344,-4.286249160766602,0.1905849725008011,0.0,175.3624077728598,23040.0
-4.406345367431641,-4.597085475921631,0.1907394677400589,0.0,108.26850750654903,23040.0
-4.362127780914307,-4.551600456237793,0.18947240710258484,0.0,99.05454721089833,23040.0
-4.259089946746826,-4.452460289001465,0.1933707594871521,0.0,174.31107635466384,23040.0
-4.619363784790039,-4.806194305419922,0.18683111667633057,0.0,73.13541236605154,23040.0
-4.374612331390381,-4.555014610290527,0.18040457367897034,0.0,121.89344923773695,23040.0
-4.329490661621094,-4.517626762390137,0.1881350576877594,0.0,152.07040876950379,23040.0
-4.54299259185791,-4.727129936218262,0.1841374784708023,0.0,37.89230293208802,23040.0
-4.420029640197754,-4.598433971405029,0.17840521037578583,0.0,129.1708727128717,23040.0
-4.496490001678467,-4.685487747192383,0.18899892270565033,0.0,117.96986411514712,23040.0
-4.5311198234558105,-4.710542678833008,0.17942404747009277,0.0,45.998949445373555,23040.0
-4.469005107879639,-4.64636754989624,0.17736341059207916,0.0,140.0316815028293,23040.0
-4.534089088439941,-4.720246315002441,0.18615593016147614,0.0,77.63112309049062,23040.0
-4.689682960510254,-4.856513977050781,0.16682957112789154,0.0,77.37358920454515,23040.0
-4.557188987731934,-4.730120658874512,0.17293162643909454,0.0,109.67536880136637,23040.0
-4.660836219787598,-4.84525203704834,0.18441396951675415,0.0,47.42459063893771,23040.0
-4.5391011238098145,-4.705341815948486,0.16624048352241516,0.0,75.44777042504572,23040.0
-4.509932994842529,-4.6833343505859375,0.17340217530727386,0.0,86.21901530972195,23040.0
-4.605194568634033,-4.778559684753418,0.17336447536945343,0.0,28.862932475124556,23040.0
-4.633604526519775,-4.792459964752197,0.15885338187217712,0.0,80.54290235723008,23040.0
-4.598298072814941,-4.761775493621826,0.1634773164987564,0.0,65.7276012045677,23040.0
-4.686753273010254,-4.849948406219482,0.1631951481103897,0.0,43.12488257993745,23040.0
-4.47128963470459,-4.630729675292969,0.15944050252437592,0.0,94.54931013975288,23040.0
-4.709320068359375,-4.867729187011719,0.15841010212898254,0.0,44.636794643673504,23040.0
-4.603261947631836,-4.765519142150879,0.16225703060626984,0.0,68.17518103699608,23040.0
-4.754388809204102,-4.907459735870361,0.15307092666625977,0.0,62.12235229826812,23040.0
-4.7388997077941895,-4.899404525756836,0.16050487756729126,0.0,31.036402243293733,23040.0
-4.641664981842041,-4.801803112030029,0.16013866662979126,0.0,62.62211699658202,23040.0
-4.756748199462891,-4.912514686584473,0.15576434135437012,0.0,38.01006027332263,23040.0
-4.669365882873535,-4.834715366363525,0.16535025835037231,0.0,56.2814323644857,23040.0
-4.696013927459717,-4.857414245605469,0.16140088438987732,0.0,59.708302582546466,23040.0
-4.579753875732422,-4.743338108062744,0.16358359158039093,0.0,51.70119095860663,23040.0
-4.458425998687744,-4.624410152435303,0.1659834384918213,0.0,94.51268551718117,23040.0
-4.236090660095215,-4.398605823516846,0.16251657903194427,0.0,104.80630139752516,23040.0
-4.684944152832031,-4.848685264587402,0.16374118626117706,0.0,67.87112971228711,23040.0
-4.290765285491943,-4.454744338989258,0.16397781670093536,0.0,161.29145767765405,23040.0
-4.087890148162842,-4.259069919586182,0.17117898166179657,0.0,176.99410712265677,23040.0
-4.10453987121582,-4.273684501647949,0.16914419829845428,0.0,93.76910052695372,23040.0
-4.397809028625488,-4.554301738739014,0.15649110078811646,0.0,176.41583917609515,23040.0
-4.373862266540527,-4.546304225921631,0.1724408119916916,0.0,139.76311242897148,23040.0
-4.186173439025879,-4.350216388702393,0.16404183208942413,0.0,205.23668088529956,23040.0
-4.228532791137695,-4.407629013061523,0.17909641563892365,0.0,117.97953282005543,23040.0
-4.130503177642822,-4.309128284454346,0.17862597107887268,0.0,180.97488772971386,23040.0
-4.395310878753662,-4.575337886810303,0.1800263524055481,0.0,155.35974237127436,23040.0
-4.148550510406494,-4.340795040130615,0.19224542379379272,0.0,180.0088246580721,23040.0
-4.334175109863281,-4.508811950683594,0.17463669180870056,0.0,161.97716076290422,23040.0
-4.335392475128174,-4.515761375427246,0.18036843836307526,0.0,155.15183590472444,23040.0
-4.258791446685791,-4.447084903717041,0.18829314410686493,0.0,159.30658914389778,23040.0
-4.4392571449279785,-4.609353065490723,0.17009517550468445,0.0,139.8501319159737,23040.0
-4.394308090209961,-4.572590351104736,0.17828179895877838,0.0,163.25521845891876,23040.0
-4.495457172393799,-4.673193454742432,0.17773671448230743,0.0,120.86971312673303,23040.0
-4.437716960906982,-4.597747325897217,0.16003213822841644,0.0,161.45577825468771,23040.0
-4.481104373931885,-4.658670902252197,0.17756636440753937,0.0,91.9903122913397,23040.0
-4.402458190917969,-4.5756425857543945,0.1731846183538437,0.0,140.96737732680688,23040.0
-4.462570667266846,-4.622416973114014,0.15984614193439484,0.0,120.16866783656805,23040.0
-4.481420516967773,-4.66200590133667,0.18058571219444275,0.0,95.66989446059344,23040.0
-4.410701274871826,-4.568872928619385,0.15817096829414368,0.0,151.72570728300886,23040.0
-4.53680944442749,-4.710831165313721,0.17402179539203644,0.0,80.76939688529902,23040.0
-4.530871868133545,-4.708913326263428,0.17803899943828583,0.0,139.67763078020477,23040.0
-4.478357315063477,-4.6426100730896,0.16425348818302155,0.0,135.52489885993464,23040.0
-4.481424808502197,-4.661229610443115,0.179806649684906,0.0,103.67372625111967,23040.0
-4.385524749755859,-4.546018600463867,0.1604941189289093,0.0,148.54127430113826,23040.0
-4.540050506591797,-4.712037086486816,0.17198607325553894,0.0,118.71449921767284,23040.0
-4.558437347412109,-4.732236862182617,0.17379994690418243,0.0,116.7116673980391,23040.0
-4.569472312927246,-4.72376823425293,0.15429729223251343,0.0,149.50761885051182,23040.0
-4.629660129547119,-4.806037902832031,0.17637790739536285,0.0,61.85451010668892,23040.0
-4.410349369049072,-4.575249195098877,0.16489775478839874,0.0,148.08823484256263,23040.0
-4.685853481292725,-4.853132247924805,0.167278453707695,0.0,84.86161476738522,23040.0
-4.623533248901367,-4.80393648147583,0.1804017871618271,0.0,80.3190446903344,23040.0
-4.517834663391113,-4.675603866577148,0.1577683389186859,0.0,126.33224243522965,23040.0
-4.742084503173828,-4.925319194793701,0.18323351442813873,0.0,49.1594158083472,23040.0
-4.477790355682373,-4.636919975280762,0.15913026034832,0.0,112.87376555279958,23040.0
-4.720724105834961,-4.883322238922119,0.1625976413488388,0.0,81.17614131291731,23040.0
-4.426534175872803,-4.602260112762451,0.175725519657135,0.0,115.88555714861106,23040.0
-4.533595561981201,-4.683758735656738,0.15016406774520874,0.0,117.87451066767468,23040.0
-4.544721603393555,-4.716946601867676,0.17222511768341064,0.0,72.45391559526733,23040.0
-4.575904846191406,-4.740779399871826,0.16487504541873932,0.0,133.5473546705133,23040.0
-4.675618648529053,-4.84072732925415,0.16510862112045288,0.0,52.536547802505176,23040.0
-4.643031597137451,-4.820473670959473,0.17744213342666626,0.0,94.05368908344455,23040.0
-4.721065521240234,-4.881948471069336,0.16088281571865082,0.0,80.1729749217677,23040.0
-4.6733479499816895,-4.848836421966553,0.17548826336860657,0.0,62.07532097244122,23040.0
-4.726232528686523,-4.888028144836426,0.16179567575454712,0.0,78.06637334106651,23040.0
-4.670228481292725,-4.842407703399658,0.17218035459518433,0.0,64.83942692136084,23040.0
-4.415904998779297,-4.590537071228027,0.17463187873363495,0.0,134.88621314876033,23040.0
-4.566880226135254,-4.7298970222473145,0.1630161851644516,0.0,56.66253849321931,23040.0
-4.321495056152344,-4.50527811050415,0.1837831735610962,0.0,195.32881972780416,23040.0
-4.312122821807861,-4.472164630889893,0.1600421965122223,0.0,154.22909291435442,23040.0
-4.326679706573486,-4.5002031326293945,0.17352482676506042,0.0,128.88914676269542,23040.0
-4.59247350692749,-4.754857063293457,0.16238166391849518,0.0,141.95390135111558,23040.0
-4.461806774139404,-4.6247358322143555,0.1629277914762497,0.0,143.5707785186038,23040.0
-4.500736713409424,-4.666353225708008,0.16561418771743774,0.0,150.71571376919232,23040.0
-4.48015832901001,-4.641786575317383,0.16162675619125366,0.0,120.66075496995258,23040.0
-4.585683822631836,-4.7509260177612305,0.1652429699897766,0.0,135.197226946678,23040.0
-4.511324882507324,-4.6807708740234375,0.16944620013237,0.0,139.83909858866824,23040.0
-4.526074409484863,-4.686341285705566,0.1602659523487091,0.0,131.71908270790703,23040.0
-4.547056674957275,-4.714640140533447,0.16758407652378082,0.0,135.13330558494047,23040.0
-4.611067295074463,-4.774359226226807,0.16329246759414673,0.0,112.97650034374497,23040.0
-4.553589344024658,-4.717757701873779,0.16416679322719574,0.0,138.42760425519631,23040.0
-4.670280456542969,-4.833340644836426,0.16306065022945404,0.0,103.06350952592891,23040.0
-4.6471781730651855,-4.801821231842041,0.15464258193969727,0.0,127.74626472409382,23040.0
-4.729889869689941,-4.89269495010376,0.16280525922775269,0.0,87.84727910551334,23040.0
-4.680415630340576,-4.8369598388671875,0.15654356777668,0.0,110.64082851472581,23040.0
-4.702065467834473,-4.860583305358887,0.15851840376853943,0.0,86.1761055209464,23040.0
-4.664362907409668,-4.830320358276367,0.1659570336341858,0.0,96.09241625687207,23040.0
-4.824239253997803,-4.981044769287109,0.15680672228336334,0.0,53.86349907437613,23040.0
-4.707865238189697,-4.87535285949707,0.16749009490013123,0.0,90.22562577234243,23040.0
-4.818626403808594,-4.978100776672363,0.15947455167770386,0.0,49.352888380490526,23040.0
-4.59392786026001,-4.7697978019714355,0.1758708953857422,0.0,106.11123539431034,23040.0
-3.8871991634368896,-4.062732219696045,0.17553400993347168,0.0,145.72179582552056,23040.0
-4.282209396362305,-4.455145359039307,0.1729355752468109,0.0,86.36382353296167,23040.0
-4.173618793487549,-4.3513898849487305,0.17777203023433685,0.0,183.9209097810472,23040.0
-4.498867988586426,-4.664613723754883,0.1657456010580063,0.0,88.09642335096324,23040.0
-4.221379280090332,-4.404709815979004,0.1833314299583435,0.0,122.14633270377112,23040.0
-4.482186794281006,-4.649276256561279,0.1670902669429779,0.0,73.3591432967466,23040.0
-4.586831092834473,-4.757559776306152,0.17072683572769165,0.0,125.56096223831983,23040.0
-4.525060176849365,-4.702118396759033,0.17706041038036346,0.0,80.59827360831483,23040.0
-4.588874816894531,-4.7655510902404785,0.17667827010154724,0.0,109.2156217268508,23040.0
-4.655210018157959,-4.838841915130615,0.18363162875175476,0.0,78.97964475468402,23040.0
-4.5185441970825195,-4.717134475708008,0.19859114289283752,0.0,97.54294863902781,23040.0
-4.69655704498291,-4.892962455749512,0.19640661776065826,0.0,76.16945872743074,23040.0
-4.611447334289551,-4.800747871398926,0.1893007755279541,0.0,91.75944604676,23040.0
-4.645889759063721,-4.832467079162598,0.18657630681991577,0.0,65.09285119658891,23040.0
-4.5780134201049805,-4.760346412658691,0.182332381606102,0.0,87.61435805975051,23040.0
-4.6195573806762695,-4.801344871520996,0.18178659677505493,0.0,71.45256711612049,23040.0
-4.62164831161499,-4.792910575866699,0.17126256227493286,0.0,80.50235333540749,23040.0
-4.651857852935791,-4.81468391418457,0.16282540559768677,0.0,68.51137762198535,23040.0
-4.732561111450195,-4.895731449127197,0.1631678342819214,0.0,67.09672365558889,23040.0
-4.591849327087402,-4.758272171020508,0.16642554104328156,0.0,95.596055370266,23040.0
-4.708854675292969,-4.864299297332764,0.1554461419582367,0.0,101.12064725494969,23040.0
-4.552918910980225,-4.717587947845459,0.1646677851676941,0.0,91.6567850765318,23040.0
-4.516714096069336,-4.693173885345459,0.1764591634273529,0.0,153.20173820023012,23040.0
-3.968543529510498,-4.181890964508057,0.21334898471832275,0.0,167.46441995406903,23040.0
-4.303316593170166,-4.483256816864014,0.17994071543216705,0.0,95.50805477219001,23040.0
-4.3723273277282715,-4.570981979370117,0.19865448772907257,0.0,179.62634477741213,23040.0
-4.521581172943115,-4.6976118087768555,0.1760302633047104,0.0,89.81755532137477,23040.0
-4.410533428192139,-4.590406894683838,0.17987380921840668,0.0,132.94530733647537,23040.0
-4.712886333465576,-4.893852233886719,0.18096603453159332,0.0,92.49366573324733,23040.0
-4.503035545349121,-4.694077968597412,0.19104155898094177,0.0,138.73914253417533,23040.0
-4.6599440574646,-4.852041721343994,0.1920984536409378,0.0,110.75072968806522,23040.0
-4.490716934204102,-4.680558204650879,0.18984051048755646,0.0,121.2572689260142,23040.0
-4.827737331390381,-5.021059036254883,0.19332417845726013,0.0,108.11343048483634,23040.0
-4.400418281555176,-4.6031084060668945,0.20268802344799042,0.0,136.26177894480819,23040.0
-4.727543830871582,-4.921863079071045,0.19431926310062408,0.0,118.11198755462732,23040.0
-4.497784614562988,-4.68350076675415,0.1857161819934845,0.0,123.53101371847767,23040.0
-4.585354804992676,-4.771889686584473,0.1865343153476715,0.0,96.93890650854998,23040.0
-4.404725074768066,-4.590296268463135,0.18557056784629822,0.0,159.60698448816478,23040.0
-4.620419979095459,-4.792836666107178,0.17241673171520233,0.0,96.83782598787607,23040.0
-4.627191066741943,-4.801175117492676,0.17398446798324585,0.0,151.55829106513804,23040.0
-4.716559410095215,-4.884241580963135,0.16768190264701843,0.0,91.39832635215892,23040.0
-4.587936878204346,-4.766907215118408,0.17897067964076996,0.0,135.33336795197542,23040.0
-4.908365249633789,-5.079123497009277,0.17075826227664948,0.0,63.71451022476276,23040.0
-4.678475856781006,-4.864154815673828,0.18567875027656555,0.0,119.14673948028256,23040.0
-4.633718490600586,-4.822336673736572,0.1886177510023117,0.0,78.57164896473195,23040.0
-4.671343803405762,-4.861869812011719,0.1905258595943451,0.0,105.84522356436369,23040.0
-4.61650276184082,-4.807426929473877,0.19092383980751038,0.0,101.69537051291125,23040.0
-4.617137908935547,-4.8108391761779785,0.19370239973068237,0.0,89.72830199083586,23040.0
-4.712714195251465,-4.898010730743408,0.18529635667800903,0.0,117.81472364416086,23040.0
-4.509075164794922,-4.688823223114014,0.1797490268945694,0.0,87.92904076509669,23040.0
-4.650404930114746,-4.826128959655762,0.1757248342037201,0.0,116.66186961261319,23040.0
-4.62741756439209,-4.820065021514893,0.1926472783088684,0.0,103.40106750857144,23040.0
-4.5812764167785645,-4.760352611541748,0.17907659709453583,0.0,117.38555714797091,23040.0
-4.637113094329834,-4.811910152435303,0.1747986376285553,0.0,111.62181103706902,23040.0
-4.830063343048096,-5.008191108703613,0.17812925577163696,0.0,98.14786360449942,23040.0
-4.654102325439453,-4.832950115203857,0.17884737253189087,0.0,127.31767530765148,23040.0
-4.681037902832031,-4.86488151550293,0.18384386599063873,0.0,98.0989288684765,23040.0
-4.630252838134766,-4.802367210388184,0.17211578786373138,0.0,128.1093925457437,23040.0
-4.727224826812744,-4.906409740447998,0.17918545007705688,0.0,88.41216358665385,23040.0
-4.59744930267334,-4.77521276473999,0.17776544392108917,0.0,133.11757884809273,23040.0
-4.687163352966309,-4.85267448425293,0.16550999879837036,0.0,97.80193503995335,23040.0
-4.593037128448486,-4.769208908081055,0.17617064714431763,0.0,115.96661273348808,23040.0
-4.542534828186035,-4.718782424926758,0.17624609172344208,0.0,105.70494221725191,23040.0
-4.645127296447754,-4.826500415802002,0.18137386441230774,0.0,100.50633157157547,23040.0
-4.607682704925537,-4.779205799102783,0.17152202129364014,0.0,113.17932442231131,23040.0
-4.5771355628967285,-4.7512054443359375,0.17407147586345673,0.0,103.03193872371038,23040.0
-4.572457313537598,-4.747227191925049,0.17477212846279144,0.0,126.81111705942143,23040.0
-4.777599334716797,-4.949311256408691,0.17171278595924377,0.0,94.30301211968926,23040.0
-4.580839157104492,-4.75838041305542,0.1775384247303009,0.0,101.15442708631382,23040.0
-4.742640018463135,-4.916130065917969,0.173490509390831,0.0,92.08302146117254,23040.0
-4.688850402832031,-4.8668532371521,0.17800171673297882,0.0,121.73998378747515,23040.0
-4.829915523529053,-5.006882667541504,0.17696647346019745,0.0,86.52653070137825,23040.0
-4.730641841888428,-4.904033184051514,0.17339123785495758,0.0,111.88605460073208,23040.0
-4.692641735076904,-4.865541458129883,0.17289943993091583,0.0,91.37075329073197,23040.0
-4.604074954986572,-4.790528297424316,0.186454638838768,0.0,123.06588736226264,23040.0
-4.80174446105957,-4.982942581176758,0.18119746446609497,0.0,83.31306333994094,23040.0
-4.725833892822266,-4.900928974151611,0.1750948429107666,0.0,119.00440064858371,23040.0
-4.639638900756836,-4.819366455078125,0.17972791194915771,0.0,82.62746546180912,23040.0
-4.687370777130127,-4.868320465087891,0.18095211684703827,0.0,122.94715282651181,23040.0
-4.801947116851807,-4.977428436279297,0.17548243701457977,0.0,87.23944117545129,23040.0
-4.620495796203613,-4.792728900909424,0.17223255336284637,0.0,124.06948778182907,23040.0
-4.782327651977539,-4.950462818145752,0.16813547909259796,0.0,78.19951132040299,23040.0
-4.464449405670166,-4.647412300109863,0.18296076357364655,0.0,145.40252287898304,23040.0
-4.534229755401611,-4.705460548400879,0.17123177647590637,0.0,130.110884946181,23040.0
-4.571035385131836,-4.743829250335693,0.17279072105884552,0.0,106.51924404617017,23040.0
-4.589913368225098,-4.763381004333496,0.17346777021884918,0.0,129.71170168919883,23040.0
-4.672045707702637,-4.845900058746338,0.17385494709014893,0.0,106.85004873813723,23040.0
-4.546790599822998,-4.722039222717285,0.17524906992912292,0.0,94.42246515328122,23040.0
-4.781799793243408,-4.957194805145264,0.17539379000663757,0.0,98.9137270149357,23040.0
-4.671749591827393,-4.854915142059326,0.1831638067960739,0.0,111.9260971126235,23040.0
-4.697789669036865,-4.884868144989014,0.18707872927188873,0.0,95.69544116458079,23040.0
-4.636847019195557,-4.816707134246826,0.17985810339450836,0.0,118.68490308801508,23040.0
-4.717174053192139,-4.897867679595947,0.18069235980510712,0.0,91.99540016863877,23040.0
-4.507049560546875,-4.699410915374756,0.19236034154891968,0.0,140.601536064007,23040.0
-4.718794822692871,-4.908510684967041,0.18971599638462067,0.0,98.81420642384856,23040.0
-4.36091423034668,-4.548186302185059,0.18727190792560577,0.0,133.75748851593704,23040.0
-4.492043972015381,-4.682415008544922,0.19036996364593506,0.0,96.2536345191751,23040.0
-4.625716686248779,-4.819835186004639,0.1941184401512146,0.0,147.26786657096574,23040.0
-4.702734470367432,-4.883763313293457,0.18102791905403137,0.0,113.25971558167548,23040.0
-4.500321388244629,-4.692809581756592,0.19248740375041962,0.0,160.30643827435605,23040.0
-4.55493688583374,-4.7386579513549805,0.18372181057929993,0.0,110.25538776314397,23040.0
-4.614380359649658,-4.813868999481201,0.1994875967502594,0.0,140.6952363201499,23040.0
-4.539461135864258,-4.745730400085449,0.2062697559595108,0.0,131.89028272255902,23040.0
-4.724205017089844,-4.91050386428833,0.18630057573318481,0.0,138.55581671889902,23040.0
-4.641603469848633,-4.837367534637451,0.19576488435268402,0.0,127.97066401178357,23040.0
-4.6508469581604,-4.8425445556640625,0.19169721007347107,0.0,102.31174841465977,23040.0
-4.7266645431518555,-4.913262844085693,0.1865980327129364,0.0,137.50682240547437,23040.0
-4.791781425476074,-4.97765588760376,0.18587633967399597,0.0,91.23795384822337,23040.0
-4.65793514251709,-4.843732833862305,0.18579936027526855,0.0,127.00106341768036,23040.0
-4.740072727203369,-4.920717239379883,0.18064509332180023,0.0,83.66490206431703,23040.0
-4.788628101348877,-4.972217082977295,0.18358933925628662,0.0,117.92149678884624,23040.0
-4.8315110206604,-5.014851093292236,0.1833396852016449,0.0,90.12398200656213,23040.0
-4.682220935821533,-4.8609819412231445,0.178760826587677,0.0,94.55103280950576,23040.0
-4.784969329833984,-4.956595420837402,0.17162588238716125,0.0,111.52816974366795,23040.0
-4.84228515625,-5.025531768798828,0.18324898183345795,0.0,64.59138640741396,23040.0
-4.710227966308594,-4.891053676605225,0.180825874209404,0.0,116.07631287495298,23040.0
-4.8256731033325195,-5.006590843200684,0.18091453611850739,0.0,71.56044726133779,23040.0
-4.890628337860107,-5.067188262939453,0.17656131088733673,0.0,101.35747110773467,23040.0
-4.784261703491211,-4.959812641143799,0.1755504161119461,0.0,70.0499378236826,23040.0
-4.814782619476318,-4.998372554779053,0.18359027802944183,0.0,95.56444084697674,23040.0
-4.797790050506592,-4.977410316467285,0.1796199381351471,0.0,70.91990818207466,23040.0
-4.937875270843506,-5.12623929977417,0.18836301565170288,0.0,70.97033497838525,23040.0
-4.806446552276611,-4.992691993713379,0.18624570965766907,0.0,74.82009840510969,23040.0
-4.83712100982666,-5.02388858795166,0.18676918745040894,0.0,63.316066945613585,23040.0
-4.784380912780762,-4.966361045837402,0.181979238986969,0.0,61.11692322428601,23040.0
-4.9270339012146,-5.109153747558594,0.18212096393108368,0.0,63.55420980352019,23040.0
-4.896072864532471,-5.072457790374756,0.17638635635375977,0.0,66.3524953992629,23040.0
-4.8695149421691895,-5.055714130401611,0.18619678914546967,0.0,54.514235742366125,23040.0
-4.9200520515441895,-5.094873428344727,0.1748218983411789,0.0,69.03806653356489,23040.0
-4.868531227111816,-5.059061050415039,0.19053079187870026,0.0,64.51006889803193,23040.0
-4.964914321899414,-5.148240089416504,0.18332688510417938,0.0,82.4200985295483,23040.0
-4.826884746551514,-5.019566535949707,0.19268283247947693,0.0,56.156066982047925,23040.0
-4.8885579109191895,-5.078854560852051,0.1902969926595688,0.0,71.74927159668069,23040.0
-4.841628551483154,-5.033831596374512,0.19220250844955444,0.0,75.57141866514013,23040.0
-4.762386322021484,-4.95685338973999,0.19446729123592377,0.0,76.69856779028798,23040.0
-4.798666954040527,-4.991989612579346,0.19332318007946014,0.0,121.19685400713013,23040.0
-4.825966835021973,-5.017013072967529,0.19104555249214172,0.0,107.16789850389034,23040.0
-4.878034591674805,-5.063022136688232,0.18498757481575012,0.0,89.83793594419,23040.0
-4.801892280578613,-4.98991060256958,0.1880173534154892,0.0,128.5255963374532,23040.0
-4.680058479309082,-4.871805667877197,0.19174730777740479,0.0,115.70559055781413,23040.0
-4.69135856628418,-4.874594688415527,0.18323421478271484,0.0,149.23054898675906,23040.0
-4.835517883300781,-5.017521381378174,0.1820031702518463,0.0,100.01243781611622,23040.0
-4.692699432373047,-4.887374401092529,0.19467554986476898,0.0,132.038384981179,23040.0
-4.6408162117004395,-4.826964855194092,0.186148002743721,0.0,167.24386571935895,23040.0
-4.782867908477783,-4.967037677764893,0.18417254090309143,0.0,72.34237612196924,23040.0
-4.741528511047363,-4.926430702209473,0.18490128219127655,0.0,145.25976675429752,23040.0
-4.7419962882995605,-4.938011169433594,0.1960156112909317,0.0,130.11012047672824,23040.0
-4.731601238250732,-4.917446136474609,0.18584322929382324,0.0,120.34084558630676,23040.0
-4.743214130401611,-4.93161153793335,0.18839684128761292,0.0,152.95907347761815,23040.0
-4.758598804473877,-4.949677467346191,0.19107842445373535,0.0,126.70394784409986,23040.0
-4.6819305419921875,-4.88399076461792,0.2020605355501175,0.0,169.65573845600508,23040.0
-4.468503952026367,-4.652424335479736,0.18391963839530945,0.0,178.19985090917706,23040.0
-4.412051677703857,-4.610733509063721,0.1986817717552185,0.0,161.16885986000506,23040.0
-4.576277732849121,-4.765816688537598,0.18954135477542877,0.0,169.56103497437198,23040.0
-4.640289306640625,-4.827321529388428,0.1870315819978714,0.0,159.10638642684052,23040.0
-4.595385551452637,-4.78240966796875,0.1870236098766327,0.0,161.36764868484002,23040.0
-4.522747993469238,-4.711184501647949,0.18843720853328705,0.0,147.6481099552885,23040.0
-4.809117794036865,-5.005823612213135,0.1967042237520218,0.0,133.00572476787906,23040.0
-4.535211086273193,-4.750728130340576,0.21551860868930817,0.0,162.5935349214219,23040.0
-4.804595470428467,-5.009120464324951,0.20452342927455902,0.0,101.20614133755174,23040.0
-4.808125019073486,-5.012287616729736,0.20416225492954254,0.0,144.82626778330373,23040.0
-4.953489780426025,-5.158657073974609,0.20516717433929443,0.0,74.2322151827313,23040.0
-4.7866644859313965,-4.995835781097412,0.20917421579360962,0.0,124.832535822853,23040.0
-4.758237838745117,-4.956158638000488,0.19791939854621887,0.0,73.3374659763918,23040.0
-4.829470157623291,-5.032795429229736,0.20332658290863037,0.0,100.47016213958747,23040.0
-4.789716720581055,-4.9895429611206055,0.19982539117336273,0.0,85.47016244028315,23040.0
-4.860481262207031,-5.04906702041626,0.18858471512794495,0.0,94.4092280321356,23040.0
-4.964757442474365,-5.155545711517334,0.19078655540943146,0.0,75.2964784878319,23040.0
-4.977269172668457,-5.17158317565918,0.1943117082118988,0.0,88.50439328362414,23040.0
-4.95455265045166,-5.15977668762207,0.20522478222846985,0.0,68.61466097974372,23040.0
-4.85170841217041,-5.042905330657959,0.19119715690612793,0.0,94.73302365843932,23040.0
-4.968839168548584,-5.172141075134277,0.20330092310905457,0.0,75.09271068257885,23040.0
-4.979072093963623,-5.178250312805176,0.1991783082485199,0.0,63.60473844020007,23040.0
-4.91389799118042,-5.115046501159668,0.2011483907699585,0.0,55.199527453957664,23040.0
-4.918067932128906,-5.12546968460083,0.2074003666639328,0.0,68.13756565083148,23040.0
-4.950150966644287,-5.151690483093262,0.20153912901878357,0.0,48.72662145700027,23040.0
-5.110062122344971,-5.3103837966918945,0.2003229558467865,0.0,61.800025632832444,23040.0
-4.980723857879639,-5.184239387512207,0.20351654291152954,0.0,45.42228472174249,23040.0
-4.9247965812683105,-5.134456634521484,0.20966146886348724,0.0,56.044990145301185,23040.0
-4.898684501647949,-5.100277900695801,0.20159271359443665,0.0,59.952622786434965,23040.0
-4.982653617858887,-5.17788028717041,0.19522720575332642,0.0,51.9830713051067,23040.0
-4.831769943237305,-5.036017894744873,0.20424802601337433,0.0,94.40561053887083,23040.0
-4.413753032684326,-4.627957344055176,0.21420428156852722,0.0,105.22043201354772,23040.0
-4.773810863494873,-4.976940155029297,0.20312930643558502,0.0,88.43150800415704,23040.0
-4.485031604766846,-4.711448669433594,0.22641679644584656,0.0,178.17449977419173,23040.0
-3.7868547439575195,-3.996650457382202,0.20979616045951843,0.0,197.40950664756377,23040.0
-4.028598785400391,-4.246567726135254,0.21797020733356476,0.0,138.2053510902012,23040.0
-4.581423759460449,-4.7911906242370605,0.20976674556732178,0.0,138.41465197907593,23040.0
-4.105684757232666,-4.331108093261719,0.22542472183704376,0.0,208.00772393035632,23040.0
-4.44870662689209,-4.649965286254883,0.20125900208950043,0.0,134.91051232882668,23040.0
-4.083654403686523,-4.301516532897949,0.2178625762462616,0.0,160.10717800544936,23040.0
-4.197024345397949,-4.413247585296631,0.21622347831726074,0.0,113.03230605080311,23040.0
-4.494532585144043,-4.702229022979736,0.2076968103647232,0.0,137.83214696724562,23040.0
-4.438858985900879,-4.670353412628174,0.23149560391902924,0.0,145.1683732148396,23040.0
-4.366976261138916,-4.614591121673584,0.2476133406162262,0.0,117.74397160536392,23040.0
-4.4042816162109375,-4.635815620422363,0.23153500258922577,0.0,152.71409270027712,23040.0
-4.467496871948242,-4.695316314697266,0.22781890630722046,0.0,109.98676974567161,23040.0
-4.256622791290283,-4.491361618041992,0.2347407191991806,0.0,106.31388128720613,23040.0
-4.342030048370361,-4.562558650970459,0.22052864730358124,0.0,127.07733862339693,23040.0
-4.6052141189575195,-4.832181930541992,0.2269672006368637,0.0,122.22437663748433,23040.0
-4.296074867248535,-4.562019348144531,0.2659439146518707,0.0,108.3278180687206,23040.0
-4.254297733306885,-4.483143329620361,0.22884443402290344,0.0,148.26951226699595,23040.0
-4.54072380065918,-4.761316299438477,0.22059330344200134,0.0,132.0013105498295,23040.0
-4.408066272735596,-4.6449103355407715,0.2368430197238922,0.0,101.37365690865994,23040.0
-4.285065174102783,-4.50712776184082,0.22206267714500427,0.0,102.3526110290897,23040.0
-4.395881652832031,-4.606787204742432,0.21090492606163025,0.0,133.66728132534854,23040.0
-4.63822078704834,-4.863211154937744,0.2249903827905655,0.0,111.55927205040807,23040.0
-4.603609085083008,-4.829642295837402,0.22603149712085724,0.0,96.04974241874982,23040.0
-4.501338005065918,-4.710908889770508,0.2095704823732376,0.0,148.32563731513295,23040.0
-4.6081767082214355,-4.834073543548584,0.2258976399898529,0.0,117.09426320825207,23040.0
-4.820850372314453,-5.063688278198242,0.24283841252326965,0.0,79.07764192154569,23040.0
-4.533748149871826,-4.768219470977783,0.23447281122207642,0.0,157.3078581027221,23040.0
-4.576263904571533,-4.822656154632568,0.2463921159505844,0.0,132.66393267050066,23040.0
-4.734861373901367,-4.972867488861084,0.23800382018089294,0.0,119.23651522121352,23040.0
-4.474604606628418,-4.6951494216918945,0.22054627537727356,0.0,152.28784357158295,23040.0
-4.553864002227783,-4.776202201843262,0.22233858704566956,0.0,116.00350597325563,23040.0
-4.826662540435791,-5.047877788543701,0.22121775150299072,0.0,108.17332512179432,23040.0
-4.680825233459473,-4.886105537414551,0.20527948439121246,0.0,120.39404454075134,23040.0
-4.7417402267456055,-4.963705062866211,0.22196544706821442,0.0,99.71802209056112,23040.0
-4.77523136138916,-4.993917465209961,0.2186865508556366,0.0,69.16429675888286,23040.0
-4.847959995269775,-5.053678035736084,0.20571798086166382,0.0,105.7973998118304,23040.0
-4.812761306762695,-5.038297653198242,0.22553592920303345,0.0,97.84028211755468,23040.0
-4.890449047088623,-5.142987251281738,0.2525392174720764,0.0,48.023614657992574,23040.0
-4.775272369384766,-4.995944023132324,0.22067315876483917,0.0,92.67111947460084,23040.0
-4.879292011260986,-5.111841678619385,0.23254936933517456,0.0,76.56681617676318,23040.0
-4.980998516082764,-5.2165350914001465,0.23553608357906342,0.0,49.46975158962678,23040.0
-4.816032886505127,-5.032327651977539,0.2162953019142151,0.0,82.73874195204358,23040.0
-4.807541370391846,-5.033967971801758,0.22642739117145538,0.0,65.24986361297633,23040.0
-4.9854607582092285,-5.222263336181641,0.23680256307125092,0.0,59.159317617343504,23040.0
-4.948061466217041,-5.16684103012085,0.21877992153167725,0.0,69.54683644521178,23040.0
-4.954737186431885,-5.182010650634766,0.22727282345294952,0.0,62.79062100965415,23040.0
-4.903948783874512,-5.141326904296875,0.2373778223991394,0.0,53.68401903797222,23040.0
-4.956281661987305,-5.170869827270508,0.2145867496728897,0.0,76.59209747858223,23040.0
-5.0286946296691895,-5.262217044830322,0.23351970314979553,0.0,52.24769590827782,23040.0
-4.882149696350098,-5.09498929977417,0.21283972263336182,0.0,67.31353714385688,23040.0
-4.9184722900390625,-5.126625061035156,0.208152636885643,0.0,61.50069374471625,23040.0
-4.996710777282715,-5.213274955749512,0.2165629267692566,0.0,52.93079311510749,23040.0
-4.985650062561035,-5.20691442489624,0.22126375138759613,0.0,60.776223465814326,23040.0
-4.959715366363525,-5.173096179962158,0.21338005363941193,0.0,51.82188772569703,23040.0
-4.795415878295898,-5.025129795074463,0.22971269488334656,0.0,60.485941718389206,23040.0
-4.988758563995361,-5.209591865539551,0.2208351343870163,0.0,67.73215676344832,23040.0
-5.034388542175293,-5.267390727996826,0.23300352692604065,0.0,64.90656291034148,23040.0
-4.965865612030029,-5.198253631591797,0.2323867380619049,0.0,72.90568577995556,23040.0
-4.783906936645508,-4.99566650390625,0.21175988018512726,0.0,73.73048076406226,23040.0
-4.849601745605469,-5.06392240524292,0.2143205851316452,0.0,80.02032328981699,23040.0
-4.981107234954834,-5.197869777679443,0.2167612910270691,0.0,90.20288738914829,23040.0
-5.017215728759766,-5.226675987243652,0.20946136116981506,0.0,83.05136263692687,23040.0
-4.933499336242676,-5.142280101776123,0.20877963304519653,0.0,79.75715373297052,23040.0
-4.934049606323242,-5.157993793487549,0.223944753408432,0.0,81.50815691812086,23040.0
-5.205717086791992,-5.422482490539551,0.21676360070705414,0.0,65.1304420334841,23040.0
-5.0878376960754395,-5.298111438751221,0.21027280390262604,0.0,66.9888892331581,23040.0
-4.93226432800293,-5.160609245300293,0.22834493219852448,0.0,91.27753495423939,23040.0
-4.147611618041992,-4.38284969329834,0.23523952066898346,0.0,126.07733089526369,23040.0
-4.544924736022949,-4.759048938751221,0.21412383019924164,0.0,73.1280417780012,23040.0
-4.734848499298096,-4.94549036026001,0.2106417566537857,0.0,116.40792875448804,23040.0
-4.751566410064697,-4.962903022766113,0.2113378793001175,0.0,93.84408441474373,23040.0
-4.741267681121826,-4.947348594665527,0.20607924461364746,0.0,100.87122092761112,23040.0
-4.909904479980469,-5.112345218658447,0.20243866741657257,0.0,82.20744962490643,23040.0
-4.835958003997803,-5.063052654266357,0.22709469497203827,0.0,89.94113833502715,23040.0
-4.369759559631348,-4.645782947540283,0.2760244607925415,0.0,101.8299423492909,23040.0
-4.800920009613037,-5.041505813598633,0.24058476090431213,0.0,113.25268274907377,23040.0
-4.716471195220947,-4.94464111328125,0.2281709462404251,0.0,101.44359111027259,23040.0
-4.597587585449219,-4.823292255401611,0.22570593655109406,0.0,96.46410748014326,23040.0
-4.664348125457764,-4.889625072479248,0.22527658939361572,0.0,96.32043389135788,23040.0
-4.847476482391357,-5.081445217132568,0.2339690774679184,0.0,102.72908246055671,23040.0
-4.834130764007568,-5.064587116241455,0.2304551899433136,0.0,71.91001418087444,23040.0
-4.8436198234558105,-5.0646185874938965,0.2209991067647934,0.0,99.63922527870203,23040.0
-5.034182548522949,-5.257556915283203,0.22337421774864197,0.0,61.22531134035471,23040.0
-4.869426250457764,-5.110105514526367,0.24067935347557068,0.0,107.16465077434343,23040.0
-4.824727535247803,-5.070797443389893,0.24607022106647491,0.0,59.569743797407405,23040.0
-4.738785266876221,-4.99095344543457,0.25216859579086304,0.0,105.82406670075356,23040.0
-4.905134201049805,-5.13935661315918,0.23422235250473022,0.0,81.26613363188072,23040.0
-4.946021556854248,-5.165942668914795,0.21991991996765137,0.0,76.77018824602797,23040.0
-4.749496936798096,-4.974945545196533,0.2254474014043808,0.0,112.24802090350015,23040.0
-4.716547966003418,-4.929473400115967,0.21292439103126526,0.0,62.326458229551385,23040.0
-4.641353607177734,-4.856817245483398,0.2154647260904312,0.0,84.21599797205688,23040.0
-4.9363226890563965,-5.153340816497803,0.2170182317495346,0.0,43.19583309683523,23040.0
-4.850235462188721,-5.077219009399414,0.2269832342863083,0.0,110.06133601010865,23040.0
-5.000802516937256,-5.210711479187012,0.20990869402885437,0.0,52.949577892372886,23040.0
-4.949722766876221,-5.168309688568115,0.21858827769756317,0.0,88.270103001882,23040.0
-4.622976303100586,-4.8913774490356445,0.26840320229530334,0.0,89.06428825969117,23040.0
-5.030256748199463,-5.256911754608154,0.22665496170520782,0.0,66.45555174288424,23040.0
-5.011444091796875,-5.236044883728027,0.22460198402404785,0.0,62.11378508969054,23040.0
-4.9501423835754395,-5.170346736907959,0.22020260989665985,0.0,56.45423759867343,23040.0
-4.453938961029053,-4.700541019439697,0.24660325050354004,0.0,89.64407241984797,23040.0
-4.725543975830078,-4.953786373138428,0.2282421588897705,0.0,51.500999910154526,23040.0
-4.865891933441162,-5.09940242767334,0.23351040482521057,0.0,83.56244080467434,23040.0
-4.92311954498291,-5.161625385284424,0.23850791156291962,0.0,78.42589746128007,23040.0
-5.08632755279541,-5.309329509735107,0.22300302982330322,0.0,70.53241445126842,23040.0
-5.087764739990234,-5.328261852264404,0.24049519002437592,0.0,83.08111102068946,23040.0
-5.046008110046387,-5.314793586730957,0.26878607273101807,0.0,59.86337652335638,23040.0
-4.5363311767578125,-4.838931083679199,0.3025980293750763,0.0,102.20531627082839,23040.0
-4.9326558113098145,-5.214854717254639,0.28219926357269287,0.0,95.38324949821059,23040.0
-4.597445964813232,-4.832613945007324,0.23516763746738434,0.0,104.44427290785016,23040.0
-4.614892482757568,-4.848289489746094,0.233396515250206,0.0,72.88763836532358,23040.0
-4.636631011962891,-4.85963773727417,0.2230067104101181,0.0,108.17650512456702,23040.0
-4.7673468589782715,-5.007533550262451,0.24018630385398865,0.0,102.97659349341437,23040.0
-4.818470001220703,-5.053632736206055,0.23516209423542023,0.0,78.87164508544824,23040.0
-4.723718166351318,-4.937946796417236,0.21422912180423737,0.0,98.86896150842169,23040.0
-4.8742547035217285,-5.07834529876709,0.20409147441387177,0.0,65.97262454523346,23040.0
-4.840897560119629,-5.079002857208252,0.23810648918151855,0.0,112.33337491576438,23040.0
-4.602111339569092,-4.882143020629883,0.28003206849098206,0.0,96.18734025104438,23040.0
-4.67222785949707,-4.945014953613281,0.27278754115104675,0.0,133.0322642027018,23040.0
-4.746071815490723,-4.993784427642822,0.247710719704628,0.0,125.4186487733435,23040.0
-4.824398994445801,-5.066033363342285,0.24163366854190826,0.0,84.76952604166367,23040.0
-4.561319828033447,-4.80609130859375,0.24477165937423706,0.0,124.79149445481367,23040.0
-4.752937316894531,-4.976907253265381,0.22396960854530334,0.0,82.21974478019065,23040.0
-4.628166198730469,-4.861556529998779,0.23339053988456726,0.0,81.82234928027921,23040.0
-4.637616157531738,-4.876174449920654,0.2385559231042862,0.0,76.49620698913735,23040.0
-4.864436626434326,-5.090560436248779,0.22612342238426208,0.0,68.30151159191693,23040.0
-5.005863666534424,-5.233613014221191,0.22774983942508698,0.0,79.55915210084473,23040.0
-4.95875358581543,-5.2007856369018555,0.2420315146446228,0.0,71.58382578521746,23040.0
-4.865163803100586,-5.121798515319824,0.25663578510284424,0.0,76.94353527543365,23040.0
-4.898797035217285,-5.159971237182617,0.26117339730262756,0.0,78.13327202763463,23040.0
-4.849418640136719,-5.128045082092285,0.278627872467041,0.0,74.90521940002803,23040.0
-4.699362754821777,-4.976943492889404,0.2775813043117523,0.0,96.38347068587062,23040.0
-4.843486309051514,-5.092802047729492,0.2493152618408203,0.0,69.47152100090793,23040.0
-4.944919109344482,-5.18311071395874,0.23819154500961304,0.0,91.33859340601065,23040.0
-4.641384124755859,-4.869984149932861,0.22859850525856018,0.0,66.85297142775183,23040.0
-4.7493486404418945,-4.994052886962891,0.24470464885234833,0.0,75.93255380337729,23040.0
-5.013840675354004,-5.235361576080322,0.22151780128479004,0.0,55.908001513540675,23040.0
-5.148858070373535,-5.365329265594482,0.21647191047668457,0.0,51.14424574676574,23040.0
-4.940221786499023,-5.164205074310303,0.22398382425308228,0.0,71.70499233422397,23040.0
-5.011203765869141,-5.230103015899658,0.2188991755247116,0.0,64.09293933156741,23040.0
-5.06359338760376,-5.3117356300354,0.2481416016817093,0.0,70.01029929611516,23040.0
-4.904483795166016,-5.179610729217529,0.27512791752815247,0.0,79.38530974366788,23040.0
-4.719207763671875,-4.944987773895264,0.2257789969444275,0.0,125.49693217700401,23040.0
-5.035580158233643,-5.249405384063721,0.21382564306259155,0.0,54.53662512433328,23040.0
-4.770434856414795,-4.981346607208252,0.21091188490390778,0.0,132.47026154001372,23040.0
-5.011697769165039,-5.212000370025635,0.20030324161052704,0.0,56.40092686746582,23040.0
-4.802670478820801,-5.011144161224365,0.20847411453723907,0.0,72.61391710997044,23040.0
-5.027994155883789,-5.2380242347717285,0.21002891659736633,0.0,63.06133526025901,23040.0
-5.095518112182617,-5.32002067565918,0.22450432181358337,0.0,60.970319376496896,23040.0
-4.989242076873779,-5.227940082550049,0.23869940638542175,0.0,83.68494361154931,23040.0
-5.020028114318848,-5.258717060089111,0.2386896163225174,0.0,53.62950121869525,23040.0
-5.067219257354736,-5.320064067840576,0.25284579396247864,0.0,87.02198723470704,23040.0
-5.018047332763672,-5.272929668426514,0.25488007068634033,0.0,45.87087783523937,23040.0
-4.943699836730957,-5.199606418609619,0.2559053599834442,0.0,90.30891637795432,23040.0
-4.861611843109131,-5.08798885345459,0.22637507319450378,0.0,81.23650855168395,23040.0
-4.517884254455566,-4.7710065841674805,0.2531219720840454,0.0,75.423237332433,23040.0
-4.670051574707031,-4.893848419189453,0.2237962782382965,0.0,63.422810259832026,23040.0
-4.726684093475342,-4.969803810119629,0.24311919510364532,0.0,99.87916024049434,23040.0
-4.731380939483643,-4.964813232421875,0.2334316074848175,0.0,70.84686026893112,23040.0
-4.693013668060303,-4.914454936981201,0.2214413285255432,0.0,63.137002057528,23040.0
-4.800845146179199,-5.023329734802246,0.22248227894306183,0.0,77.84624146863926,23040.0
-5.01527214050293,-5.261535167694092,0.2462613433599472,0.0,66.13491651031902,23040.0
-4.834965229034424,-5.1061272621154785,0.2711615264415741,0.0,95.06401264602256,23040.0
-5.003855228424072,-5.267517566680908,0.26366284489631653,0.0,81.02267307466454,23040.0
-4.89083194732666,-5.160451412200928,0.2696194052696228,0.0,82.81136205279954,23040.0
-4.981983661651611,-5.256595611572266,0.2746107876300812,0.0,72.44652536292993,23040.0
-4.935035228729248,-5.205529689788818,0.27049392461776733,0.0,80.54090142250985,23040.0
-5.09841775894165,-5.333478927612305,0.23506169021129608,0.0,71.90782363604231,23040.0
-5.050623416900635,-5.2875847816467285,0.2369614541530609,0.0,82.63192755696028,23040.0
-4.645813941955566,-4.89381742477417,0.24800406396389008,0.0,84.11470037694187,23040.0
-4.64992094039917,-4.888670444488525,0.23874936997890472,0.0,71.49772164427928,23040.0
-4.892997741699219,-5.1059441566467285,0.2129478007555008,0.0,81.87966927467335,23040.0
-4.796565055847168,-5.034850120544434,0.2382851094007492,0.0,91.37312151716395,23040.0
-5.176392555236816,-5.409332752227783,0.2329394817352295,0.0,76.19187886787061,23040.0
-5.064064979553223,-5.292725086212158,0.22865888476371765,0.0,86.25724551988355,23040.0
-5.029735565185547,-5.26982307434082,0.24008801579475403,0.0,79.01545094614407,23040.0
-4.879629611968994,-5.145101070404053,0.2654680907726288,0.0,91.74742259862869,23040.0
-4.793118953704834,-5.071008682250977,0.27789005637168884,0.0,89.32693169719408,23040.0
-5.065170764923096,-5.308243751525879,0.2430744171142578,0.0,114.60668861038297,23040.0
-5.088346481323242,-5.316246509552002,0.22789910435676575,0.0,89.82252366105814,23040.0
-5.061748027801514,-5.287187576293945,0.22543996572494507,0.0,88.5430442569707,23040.0
-5.0277910232543945,-5.2612128257751465,0.23342405259609222,0.0,104.31375482584795,23040.0
-4.917244911193848,-5.140441417694092,0.22319617867469788,0.0,77.97291365242283,23040.0
-5.042080879211426,-5.270610809326172,0.22853007912635803,0.0,92.3278778141658,23040.0
-5.153698921203613,-5.390074729919434,0.23637655377388,0.0,71.42791091283999,23040.0
-5.041609764099121,-5.291369438171387,0.24976149201393127,0.0,98.32688097790364,23040.0
-5.182301044464111,-5.44187068939209,0.2595691382884979,0.0,80.43169875252583,23040.0
-5.043225288391113,-5.298707962036133,0.2554830312728882,0.0,86.78803695658274,23040.0
-5.089027404785156,-5.33738899230957,0.24836145341396332,0.0,94.48767713289024,23040.0
-5.10721492767334,-5.36848258972168,0.2612684965133667,0.0,72.89896503536282,23040.0
-5.214756488800049,-5.450649738311768,0.23589299619197845,0.0,87.75040326289881,23040.0
-5.1525702476501465,-5.376523971557617,0.22395198047161102,0.0,67.66078651102775,23040.0
-5.146727085113525,-5.367544651031494,0.22081802785396576,0.0,80.5187507743257,23040.0
-5.169583320617676,-5.387214660644531,0.21763117611408234,0.0,66.78119470294476,23040.0
-5.161233425140381,-5.390621662139893,0.22938844561576843,0.0,79.24054202235872,23040.0
-5.207643508911133,-5.438779830932617,0.23113636672496796,0.0,52.30483204186212,23040.0
-5.15932035446167,-5.4037394523620605,0.2444196492433548,0.0,61.182857276502375,23040.0
-5.202645778656006,-5.460757255554199,0.25811272859573364,0.0,51.46929575742146,23040.0
-5.096242427825928,-5.365731239318848,0.269488662481308,0.0,71.70927386100261,23040.0
-5.2025861740112305,-5.439265727996826,0.23667901754379272,0.0,75.5943741908617,23040.0
-5.279777526855469,-5.513198375701904,0.23341920971870422,0.0,53.24127189326168,23040.0
-5.104655742645264,-5.325849533081055,0.22119542956352234,0.0,69.04311797721624,23040.0
-5.093295097351074,-5.305770397186279,0.21247737109661102,0.0,56.18361534011484,23040.0
-5.117867469787598,-5.3306884765625,0.21282069385051727,0.0,49.059312840307264,23040.0
-5.1865081787109375,-5.4171624183654785,0.23065365850925446,0.0,42.68797787246005,23040.0
-5.369751453399658,-5.614973068237305,0.24522127211093903,0.0,46.24007903482706,23040.0
-5.208064556121826,-5.466423034667969,0.2583584785461426,0.0,40.51455498034974,23040.0
-5.2263312339782715,-5.493356227874756,0.26702553033828735,0.0,47.29727366463122,23040.0
-5.132274627685547,-5.385159492492676,0.25288549065589905,0.0,53.85038666951075,23040.0
-5.119441032409668,-5.364847660064697,0.24540404975414276,0.0,56.46986528783163,23040.0
-5.104887962341309,-5.333752632141113,0.22886420786380768,0.0,51.330045584994245,23040.0
-5.081364154815674,-5.308085918426514,0.22672340273857117,0.0,60.086806700396515,23040.0
-5.194875717163086,-5.420964241027832,0.22608675062656403,0.0,53.155990256643356,23040.0
-5.102551460266113,-5.33053731918335,0.22798722982406616,0.0,55.007248984984884,23040.0
-5.148463726043701,-5.385600566864014,0.23713503777980804,0.0,47.29396228357382,23040.0
-5.183241844177246,-5.453612804412842,0.27036985754966736,0.0,63.53134771964653,23040.0
-5.111342906951904,-5.385659694671631,0.27431827783584595,0.0,56.136832596484155,23040.0
-5.154623985290527,-5.4191975593566895,0.2645746171474457,0.0,71.06101938836343,23040.0
-5.067290306091309,-5.340187072753906,0.2728991210460663,0.0,95.82384439336623,23040.0
-4.549980163574219,-4.790445804595947,0.24046367406845093,0.0,125.39925967244375,23040.0
-4.840809345245361,-5.072370529174805,0.2315613031387329,0.0,68.81469125047711,23040.0
-4.861405849456787,-5.086194038391113,0.22478744387626648,0.0,113.22015581139256,23040.0
-4.9481425285339355,-5.162943363189697,0.21479906141757965,0.0,92.16504052491455,23040.0
-4.886221408843994,-5.0999884605407715,0.21376758813858032,0.0,73.5022738608127,23040.0
-5.113127708435059,-5.34337043762207,0.23024258017539978,0.0,93.00920580124858,23040.0
-4.982977867126465,-5.248519420623779,0.2655421495437622,0.0,82.1421123390292,23040.0
-4.988053798675537,-5.280942916870117,0.2928900122642517,0.0,106.4958714926413,23040.0
-5.064263343811035,-5.3162150382995605,0.2519504427909851,0.0,98.50525709042547,23040.0
-5.177717685699463,-5.415318965911865,0.2376006692647934,0.0,112.93786187420316,23040.0
-5.09956169128418,-5.345122337341309,0.24555829167366028,0.0,98.15314784668392,23040.0
-5.115331649780273,-5.3455047607421875,0.23017486929893494,0.0,117.513909665244,23040.0
-5.019622325897217,-5.242578983306885,0.2229563444852829,0.0,100.88770243952663,23040.0
-4.872265815734863,-5.098674297332764,0.22640776634216309,0.0,107.92888521324532,23040.0
-5.082744121551514,-5.299783229827881,0.2170420140028,0.0,88.89581228235076,23040.0
-5.069223403930664,-5.2910003662109375,0.22177712619304657,0.0,111.68236143311677,23040.0
-5.241741180419922,-5.4705119132995605,0.2287718951702118,0.0,90.20458611145763,23040.0
-5.145041465759277,-5.388850688934326,0.24381063878536224,0.0,101.76871688110394,23040.0
-5.13192892074585,-5.371572017669678,0.23964311182498932,0.0,93.05686274086686,23040.0
-5.119862079620361,-5.38507604598999,0.2652115225791931,0.0,103.80273303295418,23040.0
-4.805720329284668,-5.093416213989258,0.28769561648368835,0.0,108.81663961961829,23040.0
-4.97219705581665,-5.222548484802246,0.2503512501716614,0.0,127.49707422230976,23040.0
-4.855359077453613,-5.078878402709961,0.2235202193260193,0.0,117.02456833526126,23040.0
-4.837992191314697,-5.075559616088867,0.23756815493106842,0.0,93.80864343886257,23040.0
-4.79543399810791,-5.024129390716553,0.2286931574344635,0.0,129.44576895814106,23040.0
-4.9151434898376465,-5.129824638366699,0.21468067169189453,0.0,103.90454464033607,23040.0
-4.992807865142822,-5.210113048553467,0.21730397641658783,0.0,106.02740836139569,23040.0
-4.969077110290527,-5.192586898803711,0.22350995242595673,0.0,101.86924085546516,23040.0
-5.116210460662842,-5.3422346115112305,0.22602322697639465,0.0,88.65495541592071,23040.0
-4.757600784301758,-5.022849082946777,0.26524817943573,0.0,130.5402424558896,23040.0
-4.781254291534424,-5.065552711486816,0.28429874777793884,0.0,95.64437399712497,23040.0
-4.97940731048584,-5.217107772827148,0.23770131170749664,0.0,142.61736697632588,23040.0
-5.050475597381592,-5.284185886383057,0.23370933532714844,0.0,104.88788719885365,23040.0
-4.88586950302124,-5.142977714538574,0.2571088373661041,0.0,155.21570874023212,23040.0
-5.045135021209717,-5.318688869476318,0.2735545337200165,0.0,128.83297088774054,23040.0
-4.9982380867004395,-5.275552272796631,0.2773147225379944,0.0,90.18033759474477,23040.0
-4.9687299728393555,-5.211188793182373,0.24245865643024445,0.0,124.3125360012707,23040.0
-5.1052422523498535,-5.34700870513916,0.2417660653591156,0.0,78.64715892075944,23040.0
-5.11770486831665,-5.361889362335205,0.24418476223945618,0.0,113.22345323609414,23040.0
-5.199738025665283,-5.438783645629883,0.23904640972614288,0.0,79.37838417096334,23040.0
-5.172574043273926,-5.429575443267822,0.25700125098228455,0.0,87.53099333122648,23040.0
-5.036420822143555,-5.316774368286133,0.2803543210029602,0.0,93.34357475996923,23040.0
-4.885537147521973,-5.17133903503418,0.28580164909362793,0.0,79.52219300359441,23040.0
-5.093299388885498,-5.36175537109375,0.2684580087661743,0.0,85.63473035326639,23040.0
-5.221893787384033,-5.478780269622803,0.25688815116882324,0.0,75.12683265786941,23040.0
-4.996149063110352,-5.265703201293945,0.269553005695343,0.0,90.20454171658008,23040.0
-5.061889171600342,-5.306554794311523,0.2446659356355667,0.0,65.32143343922154,23040.0
-4.509854316711426,-4.787063121795654,0.27720749378204346,0.0,90.51042530592967,23040.0
-4.812632083892822,-5.065194606781006,0.2525624930858612,0.0,53.03806352627254,23040.0
-4.680989742279053,-4.928885459899902,0.24789564311504364,0.0,103.78357006932103,23040.0
-4.915186405181885,-5.145157337188721,0.22997243702411652,0.0,73.63300676116319,23040.0
-4.900439739227295,-5.1292266845703125,0.22878623008728027,0.0,75.5486638026856,23040.0
-4.896395206451416,-5.1335954666137695,0.23719991743564606,0.0,76.22392719623059,23040.0
-5.165524482727051,-5.419944763183594,0.25441908836364746,0.0,78.43731081910572,23040.0
-4.445541858673096,-4.764022350311279,0.3184821307659149,0.0,111.87085161410235,23040.0
-5.097676753997803,-5.359733581542969,0.26205912232398987,0.0,108.57874633806158,23040.0
-5.003697872161865,-5.2582621574401855,0.2545647621154785,0.0,106.88842317853526,23040.0
-5.160235404968262,-5.403162002563477,0.24292714893817902,0.0,77.00041903701734,23040.0
-4.677815914154053,-4.940404415130615,0.2625884711742401,0.0,142.55579434221355,23040.0
-5.087067127227783,-5.320705890655518,0.23363704979419708,0.0,85.77682537972348,23040.0
-4.823355674743652,-5.060306549072266,0.2369522750377655,0.0,117.70672128039311,23040.0
-4.860408306121826,-5.106861591339111,0.246454656124115,0.0,85.24330506994875,23040.0
-4.955180644989014,-5.196285247802734,0.24110481142997742,0.0,71.24702144000595,23040.0
-4.860103607177734,-5.121651649475098,0.2615472674369812,0.0,127.62020007317182,23040.0
-5.129691123962402,-5.378018856048584,0.24832846224308014,0.0,69.89010301656812,23040.0
-5.027818202972412,-5.266602516174316,0.23878413438796997,0.0,97.9064547587055,23040.0
-4.998183727264404,-5.237131118774414,0.23894843459129333,0.0,94.63349972542792,23040.0
-5.241991996765137,-5.483933448791504,0.24194155633449554,0.0,67.7245491254295,23040.0
-4.673345565795898,-4.964323043823242,0.290979266166687,0.0,130.51982812353492,23040.0
-5.039493083953857,-5.302898406982422,0.26340508460998535,0.0,80.12184285021213,23040.0
-5.146894931793213,-5.375613212585449,0.22871829569339752,0.0,117.73135887574274,23040.0
-4.9332475662231445,-5.155369281768799,0.22212174534797668,0.0,97.56242921702267,23040.0
-5.135182857513428,-5.360991477966309,0.2258087545633316,0.0,87.5211120513886,23040.0
-5.015694618225098,-5.243992328643799,0.22829842567443848,0.0,117.87569657724653,23040.0
-5.070288181304932,-5.301928520202637,0.23164039850234985,0.0,96.75714164198882,23040.0
-5.08372163772583,-5.314396381378174,0.23067563772201538,0.0,107.87957087908912,23040.0
-5.067842960357666,-5.293999671936035,0.22615689039230347,0.0,99.11386525459774,23040.0
-5.087826728820801,-5.312155246734619,0.22432687878608704,0.0,91.44079778919851,23040.0
-5.13455867767334,-5.383116245269775,0.24855677783489227,0.0,118.5497072995341,23040.0
-4.818500995635986,-5.091433525085449,0.2729337811470032,0.0,112.25490696351169,23040.0
-5.073246955871582,-5.310208797454834,0.23696281015872955,0.0,122.11661696698418,23040.0
-4.913537979125977,-5.133552551269531,0.22001376748085022,0.0,121.63834573741018,23040.0
-4.861796855926514,-5.076494216918945,0.21469536423683167,0.0,104.44012364417377,23040.0
-5.136960029602051,-5.353183269500732,0.2162218540906906,0.0,121.35859661372413,23040.0
-5.068595886230469,-5.296159267425537,0.2275633066892624,0.0,118.60901235043303,23040.0
-5.211358070373535,-5.435801029205322,0.22444294393062592,0.0,106.28840274408584,23040.0
-5.072382926940918,-5.29715633392334,0.22477400302886963,0.0,116.81719583760251,23040.0
-5.003712177276611,-5.231801509857178,0.22808918356895447,0.0,101.81313456597978,23040.0
-5.19489049911499,-5.428366661071777,0.2334754317998886,0.0,108.18308107104984,23040.0
-5.088661193847656,-5.3412275314331055,0.25256776809692383,0.0,107.61895084530448,23040.0
-5.0665459632873535,-5.33897590637207,0.272430419921875,0.0,98.56763657351652,23040.0
-5.074912071228027,-5.336747646331787,0.2618345618247986,0.0,118.61036769930189,23040.0
-5.122276782989502,-5.358819007873535,0.23654235899448395,0.0,106.95232510687259,23040.0
-5.066033363342285,-5.293905735015869,0.22787243127822876,0.0,103.2278762824355,23040.0
-4.964232444763184,-5.200397968292236,0.23616759479045868,0.0,111.32338880104696,23040.0
-5.117648124694824,-5.35528564453125,0.23763830959796906,0.0,102.42229642614207,23040.0
-5.180164813995361,-5.423612594604492,0.2434467077255249,0.0,102.97537581926018,23040.0
-4.962744235992432,-5.213267803192139,0.25052404403686523,0.0,97.56753377056297,23040.0
-5.151374816894531,-5.391528129577637,0.24015212059020996,0.0,92.46159974017824,23040.0
-5.139098644256592,-5.375516414642334,0.23641665279865265,0.0,98.52947530209099,23040.0
-5.117105960845947,-5.374756813049316,0.25765088200569153,0.0,93.44309835916033,23040.0
-5.183197021484375,-5.446079730987549,0.26288291811943054,0.0,97.40092866270521,23040.0
-5.139550685882568,-5.400921821594238,0.26137271523475647,0.0,107.90018394953292,23040.0
-5.25358772277832,-5.49685525894165,0.2432696521282196,0.0,87.01140332000237,23040.0
-5.305998802185059,-5.541414260864258,0.2354162186384201,0.0,100.50475807814325,23040.0
-5.271127223968506,-5.511651515960693,0.24052534997463226,0.0,89.91126217360001,23040.0
-5.343078136444092,-5.575368881225586,0.23228976130485535,0.0,77.45267576686997,23040.0
-5.250879287719727,-5.483671188354492,0.23279164731502533,0.0,97.98410121977889,23040.0
-5.264776706695557,-5.504194736480713,0.23941877484321594,0.0,64.17618221559599,23040.0
-5.262908458709717,-5.497908592224121,0.23500005900859833,0.0,90.92673297544599,23040.0
-5.395012855529785,-5.63643217086792,0.24142035841941833,0.0,80.43671837082617,23040.0
-5.392268657684326,-5.643504619598389,0.25123482942581177,0.0,70.5955224515883,23040.0
-5.248978137969971,-5.488132953643799,0.23915424942970276,0.0,103.63452991070842,23040.0
-5.395089149475098,-5.637338161468506,0.2422482967376709,0.0,73.5744635007817,23040.0
-5.277634143829346,-5.5254387855529785,0.24780458211898804,0.0,100.13697899730566,23040.0
-5.3364644050598145,-5.5763044357299805,0.23984266817569733,0.0,78.09151145985139,23040.0
-5.4299092292785645,-5.662867546081543,0.23295745253562927,0.0,77.59545787592933,23040.0
-5.37699031829834,-5.609715461730957,0.23272474110126495,0.0,77.34975317262936,23040.0
-5.444569110870361,-5.691386699676514,0.24681703746318817,0.0,70.24983107017442,23040.0
-5.290534973144531,-5.545157432556152,0.25462284684181213,0.0,72.65868882129115,23040.0
-5.378346920013428,-5.628591537475586,0.2502455711364746,0.0,75.86504556802726,23040.0
-5.393839359283447,-5.648052215576172,0.254213809967041,0.0,62.51996620296445,23040.0
-5.373032093048096,-5.609344482421875,0.23631331324577332,0.0,76.85656384175584,23040.0
-5.2697367668151855,-5.524662494659424,0.25492626428604126,0.0,65.05902477799783,23040.0
-5.321944713592529,-5.558454513549805,0.23650948703289032,0.0,69.2631458466809,23040.0
-5.386787414550781,-5.6233320236206055,0.23654305934906006,0.0,51.47148435555616,23040.0
-5.32443904876709,-5.571052074432373,0.24661199748516083,0.0,68.11553637910221,23040.0
-5.464498043060303,-5.701080322265625,0.23658280074596405,0.0,45.29326795850044,23040.0
-5.490419387817383,-5.732486248016357,0.24206797778606415,0.0,68.01217119668647,23040.0
-5.39948844909668,-5.651153087615967,0.2516638934612274,0.0,57.1082750338786,23040.0
-5.368204593658447,-5.609909534454346,0.24170474708080292,0.0,74.74604547935061,23040.0
-5.410121440887451,-5.648866176605225,0.23874512314796448,0.0,42.66121400401076,23040.0
-5.445333480834961,-5.685283184051514,0.23994942009449005,0.0,58.22888707141259,23040.0
-5.478953838348389,-5.712767124176025,0.23381273448467255,0.0,43.994732403198775,23040.0
-5.351593017578125,-5.590036869049072,0.23844295740127563,0.0,50.75993204513609,23040.0
-5.328279495239258,-5.575615882873535,0.24733659625053406,0.0,42.34891147487589,23040.0
-5.406729221343994,-5.655884742736816,0.24915558099746704,0.0,51.617293320203785,23040.0
-5.445151329040527,-5.69270133972168,0.24754971265792847,0.0,39.64042982347849,23040.0
-5.423511981964111,-5.668746471405029,0.24523352086544037,0.0,53.96010981718971,23040.0
-5.365792274475098,-5.60552978515625,0.23973573744297028,0.0,51.59415071672844,23040.0
-5.27553653717041,-5.5304789543151855,0.2549437880516052,0.0,85.37285738198453,23040.0
-5.069098472595215,-5.306758403778076,0.23766157031059265,0.0,89.06594328389554,23040.0
-5.098289489746094,-5.340867519378662,0.24257954955101013,0.0,49.069627647102664,23040.0
-5.0804314613342285,-5.333572864532471,0.25314193964004517,0.0,107.3105061907518,23040.0
-5.343282699584961,-5.584744453430176,0.24146099388599396,0.0,76.59511416669672,23040.0
-5.367549896240234,-5.611414432525635,0.2438652217388153,0.0,76.50296684408883,23040.0
-5.46558952331543,-5.723555564880371,0.25796476006507874,0.0,79.19107832105524,23040.0
-5.304975509643555,-5.580060958862305,0.2750859260559082,0.0,72.91100772058343,23040.0
-5.361291885375977,-5.6142377853393555,0.2529444694519043,0.0,76.1376253213017,23040.0
-5.275113105773926,-5.515434741973877,0.240321546792984,0.0,77.84621671447971,23040.0
-5.340250015258789,-5.58086633682251,0.24061685800552368,0.0,72.49619065350615,23040.0
-5.388330936431885,-5.628751277923584,0.24042049050331116,0.0,81.44391438084861,23040.0
-5.448309898376465,-5.69618034362793,0.24787144362926483,0.0,73.68932954616854,23040.0
-5.388084411621094,-5.639445781707764,0.25136175751686096,0.0,69.9197148120929,23040.0
-5.342197895050049,-5.600170135498047,0.257970929145813,0.0,69.48807314435798,23040.0
-5.411973476409912,-5.681344032287598,0.2693704664707184,0.0,74.23992097235016,23040.0
-5.366872787475586,-5.634720325469971,0.2678489685058594,0.0,59.26855301795375,23040.0
-5.442254066467285,-5.699427604675293,0.2571723461151123,0.0,83.20985810385395,23040.0
-5.411074638366699,-5.657530307769775,0.24645477533340454,0.0,53.946735918127295,23040.0
-5.316051483154297,-5.555640697479248,0.23958899080753326,0.0,73.74412107222336,23040.0
-5.432459831237793,-5.674036502838135,0.24157603085041046,0.0,63.7463410634843,23040.0
-5.550943374633789,-5.798490524291992,0.24754835665225983,0.0,57.031111867008924,23040.0
-5.340553283691406,-5.592138290405273,0.2515867352485657,0.0,71.0170080728379,23040.0
-5.573442459106445,-5.825134754180908,0.25169140100479126,0.0,53.58450208605277,23040.0
-5.379179000854492,-5.634820461273193,0.2556406259536743,0.0,66.48833376767072,23040.0
-5.504981517791748,-5.760996341705322,0.2560155391693115,0.0,34.861601419899074,23040.0
-5.346404552459717,-5.590308666229248,0.2439056634902954,0.0,77.65552301177378,23040.0
-5.5826873779296875,-5.820781707763672,0.23809237778186798,0.0,33.35583961067555,23040.0
-5.4302659034729,-5.671909809112549,0.24164392054080963,0.0,61.638656199624954,23040.0
-5.512809753417969,-5.748472690582275,0.23566287755966187,0.0,27.32594098640268,23040.0
-5.420773506164551,-5.677227020263672,0.25645455718040466,0.0,48.726027211160535,23040.0
-5.492037773132324,-5.749266147613525,0.2572278678417206,0.0,39.94499238215195,23040.0
-5.548937797546387,-5.800975799560547,0.2520383298397064,0.0,47.412122991797034,23040.0
-5.581605434417725,-5.830060958862305,0.24845749139785767,0.0,39.8964127226363,23040.0
-5.456335067749023,-5.70852518081665,0.25218766927719116,0.0,47.10205972181628,23040.0
-5.507838249206543,-5.755161762237549,0.24732352793216705,0.0,32.599080891131756,23040.0
-5.4032697677612305,-5.647730350494385,0.24446144700050354,0.0,36.813867177048486,23040.0
-5.559410095214844,-5.805325508117676,0.24591369926929474,0.0,44.58486097451633,23040.0
-5.633973121643066,-5.8853535652160645,0.2513815462589264,0.0,26.173881173640506,23040.0
-5.396911144256592,-5.662274360656738,0.26536238193511963,0.0,52.89171494070593,23040.0
-5.60439395904541,-5.856743812561035,0.25235068798065186,0.0,37.0537059164293,23040.0
-5.449910640716553,-5.712135314941406,0.2622238099575043,0.0,60.104268318436446,23040.0
-5.454809188842773,-5.707487106323242,0.25267720222473145,0.0,36.567351790415216,23040.0
-5.482908725738525,-5.733665466308594,0.25075656175613403,0.0,44.1209873910656,23040.0
-5.42063045501709,-5.676485061645508,0.2558554410934448,0.0,59.41034249231987,23040.0
-5.279617786407471,-5.526440620422363,0.24682225286960602,0.0,82.56617039731927,23040.0
-5.45762300491333,-5.705908298492432,0.2482845038175583,0.0,69.98392780459687,23040.0
-5.610044479370117,-5.868875980377197,0.2588314116001129,0.0,47.360926567745764,23040.0
-5.52475643157959,-5.773819446563721,0.24906307458877563,0.0,76.6827329704135,23040.0
-5.406224727630615,-5.6637067794799805,0.2574809491634369,0.0,79.20683566203297,23040.0
-5.153543949127197,-5.422480583190918,0.26893675327301025,0.0,84.08635277766552,23040.0
-5.498532772064209,-5.745423793792725,0.2468913346529007,0.0,101.50286239919437,23040.0
-5.407870292663574,-5.658524036407471,0.25065338611602783,0.0,101.8323351333339,23040.0
-5.496959209442139,-5.752701759338379,0.2557416558265686,0.0,79.99499619117569,23040.0
-5.521065711975098,-5.775768280029297,0.2547037601470947,0.0,80.40416500404993,23040.0
-5.401651859283447,-5.662141799926758,0.2604895830154419,0.0,99.01004202156858,23040.0
-5.457947254180908,-5.718715190887451,0.26076897978782654,0.0,61.20100380706814,23040.0
-5.48432731628418,-5.756454944610596,0.272128164768219,0.0,81.86928964135568,23040.0
-5.508431434631348,-5.761630058288574,0.2531989514827728,0.0,82.73169364914642,23040.0
-5.605363845825195,-5.85732889175415,0.2519646883010864,0.0,53.9717479572664,23040.0
-5.472014904022217,-5.722930908203125,0.25091421604156494,0.0,79.52767536254896,23040.0
-5.459226608276367,-5.701706886291504,0.24248164892196655,0.0,74.94650073971727,23040.0
-5.554440021514893,-5.799344062805176,0.24490176141262054,0.0,54.94253725417477,23040.0
-5.474573612213135,-5.740223407745361,0.26565054059028625,0.0,98.13997835525741,23040.0
-5.376079082489014,-5.631728172302246,0.25564780831336975,0.0,107.48233878011392,23040.0
-5.393956661224365,-5.652644157409668,0.25868773460388184,0.0,100.05048546857512,23040.0
-5.221653461456299,-5.494688987731934,0.27303391695022583,0.0,126.66525746929457,23040.0
-5.474361419677734,-5.726215362548828,0.25185519456863403,0.0,109.82697095228919,23040.0
-5.227564334869385,-5.4858717918396,0.2583055794239044,0.0,141.35611235921562,23040.0
-5.377207279205322,-5.638373374938965,0.26116442680358887,0.0,96.80072779806638,23040.0
-5.323453903198242,-5.581254959106445,0.2578015923500061,0.0,123.16014755978775,23040.0
-5.345726013183594,-5.5961174964904785,0.25039368867874146,0.0,138.9374781688301,23040.0
-5.591935157775879,-5.851803302764893,0.25986793637275696,0.0,83.2758878232532,23040.0
-5.3793535232543945,-5.640830993652344,0.2614787817001343,0.0,159.00833640646562,23040.0
-5.43048620223999,-5.677068710327148,0.2465808391571045,0.0,70.30687967924622,23040.0
-5.314046382904053,-5.56570291519165,0.25165510177612305,0.0,128.94528494329654,23040.0
-5.38817024230957,-5.648890972137451,0.2607221007347107,0.0,113.77036209403013,23040.0
-5.5508341789245605,-5.798736095428467,0.24790127575397491,0.0,87.41194062339753,23040.0
-5.348920822143555,-5.606593132019043,0.2576729953289032,0.0,137.4364336048065,23040.0
-5.500223159790039,-5.763762950897217,0.26353946328163147,0.0,43.79352777614895,23040.0
-5.333767414093018,-5.612126350402832,0.27835753560066223,0.0,142.5898804595037,23040.0
-5.41464900970459,-5.669039249420166,0.2543898820877075,0.0,85.1795170603744,23040.0
-5.4157538414001465,-5.671010494232178,0.2552576959133148,0.0,114.06884204862598,23040.0
-5.330867767333984,-5.5996904373168945,0.2688208818435669,0.0,113.77537598347753,23040.0
-5.379600524902344,-5.636850357055664,0.25724950432777405,0.0,107.68503926061814,23040.0
-5.284192085266113,-5.539725303649902,0.2555306851863861,0.0,133.57335260026088,23040.0
-5.387811660766602,-5.646020889282227,0.25820693373680115,0.0,74.78065076956078,23040.0
-5.139693260192871,-5.414839267730713,0.2751466631889343,0.0,154.29209291455965,23040.0
-5.30618143081665,-5.562191009521484,0.25601130723953247,0.0,89.49348325595545,23040.0
-5.213701248168945,-5.469711780548096,0.256012886762619,0.0,154.4562167236268,23040.0
-5.367157459259033,-5.636375427246094,0.2692168653011322,0.0,97.29544938489651,23040.0
-5.314310550689697,-5.578850269317627,0.2645394802093506,0.0,146.3960172828884,23040.0
-5.399422645568848,-5.649950981140137,0.250527560710907,0.0,115.92176848267263,23040.0
-5.257228374481201,-5.513814926147461,0.2565862834453583,0.0,131.4111084689924,23040.0
-5.295334339141846,-5.562468528747559,0.26713481545448303,0.0,123.88500482252627,23040.0
-5.307076454162598,-5.583054065704346,0.27597716450691223,0.0,133.36322133861094,23040.0
-5.339582443237305,-5.5964226722717285,0.25683993101119995,0.0,125.91610009580461,23040.0
-5.282889366149902,-5.541780471801758,0.2588919401168823,0.0,129.39704700555282,23040.0
-5.476386547088623,-5.736005783081055,0.2596188485622406,0.0,108.65502811134861,23040.0
-5.247641086578369,-5.52200174331665,0.2743626832962036,0.0,133.5854112701013,23040.0
-5.401314735412598,-5.660732269287109,0.2594171464443207,0.0,92.08421844667679,23040.0
-5.231617450714111,-5.494691848754883,0.2630763053894043,0.0,127.65217274797921,23040.0
-5.526886463165283,-5.789004325866699,0.2621171176433563,0.0,76.35294747655401,23040.0
-5.396324634552002,-5.67199182510376,0.2756684720516205,0.0,119.04919817246883,23040.0
-5.531397342681885,-5.800954341888428,0.2695542275905609,0.0,66.83578170943375,23040.0
-5.399469375610352,-5.665944576263428,0.26647552847862244,0.0,104.48768157729796,23040.0
-5.574686050415039,-5.842235565185547,0.2675507962703705,0.0,67.76302274591033,23040.0
-5.553104877471924,-5.826972961425781,0.27386999130249023,0.0,86.34253485049848,23040.0
-5.559875965118408,-5.825722694396973,0.26584717631340027,0.0,66.18967536232296,23040.0
-5.482150077819824,-5.749914646148682,0.26776620745658875,0.0,71.70815016207264,23040.0
-5.57386589050293,-5.842796325683594,0.2689304053783417,0.0,67.45997505896763,23040.0
-5.582911968231201,-5.849397659301758,0.2664853036403656,0.0,54.883269681454564,23040.0
-5.3424224853515625,-5.6161723136901855,0.27375030517578125,0.0,67.40125115172776,23040.0
-5.615289211273193,-5.876362323760986,0.26107051968574524,0.0,45.06061920445908,23040.0
-5.368289470672607,-5.649966716766357,0.2816760241985321,0.0,71.40028545016861,23040.0
-5.367840766906738,-5.632828712463379,0.26498550176620483,0.0,88.49959432491474,23040.0
-5.463039875030518,-5.731781005859375,0.2687428593635559,0.0,61.52801893581388,23040.0
-5.0918989181518555,-5.382416248321533,0.29051828384399414,0.0,141.30726668954827,23040.0
-5.0398688316345215,-5.327901363372803,0.28803133964538574,0.0,159.6490887578545,23040.0
-5.228301525115967,-5.508640766143799,0.2803369462490082,0.0,89.33750409771524,23040.0
-5.368844985961914,-5.642589092254639,0.2737438976764679,0.0,129.96981166993686,23040.0
-4.802563667297363,-5.112732410430908,0.31016889214515686,0.0,152.7678517302578,23040.0
-5.23482084274292,-5.514654636383057,0.27983421087265015,0.0,155.46716040383248,23040.0
-4.977057456970215,-5.267101287841797,0.29004162549972534,0.0,139.06689154631468,23040.0
-5.023615837097168,-5.305340766906738,0.28172314167022705,0.0,136.08246614465543,23040.0
-5.186837673187256,-5.463267803192139,0.27643147110939026,0.0,119.21689028979262,23040.0
-4.847291946411133,-5.155473709106445,0.30818045139312744,0.0,154.21294294734375,23040.0
-5.20172643661499,-5.486286640167236,0.2845593988895416,0.0,85.519277497747,23040.0
-5.068333148956299,-5.354719161987305,0.2863856256008148,0.0,156.49493472258294,23040.0
-5.1123223304748535,-5.400445938110352,0.28812214732170105,0.0,82.43481093839236,23040.0
-5.150937557220459,-5.429139137268066,0.2782011926174164,0.0,112.02199079308701,23040.0
-5.277223110198975,-5.561593055725098,0.28436756134033203,0.0,126.09102006655708,23040.0
-5.039360523223877,-5.357216835021973,0.3178563117980957,0.0,81.65049012353536,23040.0
-5.01376485824585,-5.321763515472412,0.3079976737499237,0.0,118.0347633857014,23040.0
-5.330280780792236,-5.619311332702637,0.289031058549881,0.0,109.02819459335508,23040.0
-5.130869388580322,-5.427369117736816,0.29649871587753296,0.0,79.68500745969811,23040.0
-5.193680286407471,-5.479583263397217,0.2859027683734894,0.0,102.82605444054428,23040.0
-5.290193557739258,-5.567589282989502,0.27739667892456055,0.0,110.26034663268697,23040.0
-4.902803421020508,-5.219020843505859,0.3162180483341217,0.0,106.80027041018205,23040.0
-5.137201309204102,-5.425666809082031,0.28846538066864014,0.0,128.28166533216688,23040.0
-5.087960720062256,-5.382753372192383,0.29479095339775085,0.0,135.93216881434466,23040.0
-4.8350324630737305,-5.153194427490234,0.31816112995147705,0.0,101.96434539042266,23040.0
-4.846370220184326,-5.161501884460449,0.3151315450668335,0.0,119.65512504656196,23040.0
-5.116837024688721,-5.402860641479492,0.28602278232574463,0.0,120.60555517091915,23040.0
-4.832213401794434,-5.14540958404541,0.3131955564022064,0.0,119.11753003342207,23040.0
-5.068005084991455,-5.359240531921387,0.29123538732528687,0.0,124.44098224095158,23040.0
-5.094359874725342,-5.370491027832031,0.2761325240135193,0.0,136.37169056596858,23040.0
-5.017111301422119,-5.323157787322998,0.3060479164123535,0.0,119.60776753018774,23040.0
-4.988636016845703,-5.292688846588135,0.3040521442890167,0.0,103.05303273404606,23040.0
-5.161947727203369,-5.447147846221924,0.2851967215538025,0.0,121.85562800684379,23040.0
-5.051837921142578,-5.372265338897705,0.3204288184642792,0.0,112.6373306119551,23040.0
-4.843198299407959,-5.208980083465576,0.3657798767089844,0.0,94.24358815552789,23040.0
-5.067445755004883,-5.395859241485596,0.32841429114341736,0.0,118.72686706010414,23040.0
-5.0533342361450195,-5.358084678649902,0.30474913120269775,0.0,112.95772006704104,23040.0
-5.157113075256348,-5.4807233810424805,0.3236105740070343,0.0,76.40525167697686,23040.0
-5.1886305809021,-5.502364635467529,0.3137352764606476,0.0,94.43945281408229,23040.0
-5.179454803466797,-5.470826625823975,0.2913702726364136,0.0,115.4177504691643,23040.0
-5.24472713470459,-5.543795585632324,0.2990681231021881,0.0,82.14232529471673,23040.0
-5.149785995483398,-5.477667808532715,0.32788097858428955,0.0,77.65062697754574,23040.0
-5.0481672286987305,-5.361679553985596,0.31351253390312195,0.0,108.1039225062244,23040.0
-5.407441139221191,-5.7058234214782715,0.29838138818740845,0.0,89.63537269179825,23040.0
-5.5306549072265625,-5.837961196899414,0.30730780959129333,0.0,64.92903375157726,23040.0
-5.36906623840332,-5.670032024383545,0.30096566677093506,0.0,90.1659942339064,23040.0
-5.140729904174805,-5.448270320892334,0.30754023790359497,0.0,96.7109922685753,23040.0
-5.40849494934082,-5.703104496002197,0.2946101129055023,0.0,72.98097302320197,23040.0
-5.4059600830078125,-5.696040630340576,0.290080726146698,0.0,89.17775297738135,23040.0
-5.508744716644287,-5.808070659637451,0.2993278205394745,0.0,85.90123425175292,23040.0
-5.421262741088867,-5.733196258544922,0.3119336664676666,0.0,77.45369569451842,23040.0
-5.479947090148926,-5.772782325744629,0.2928352952003479,0.0,70.35872206575944,23040.0
-5.477938175201416,-5.776850700378418,0.2989133596420288,0.0,77.42927444839844,23040.0
-5.426752090454102,-5.725461959838867,0.2987101972103119,0.0,75.45164823414096,23040.0
-5.579978942871094,-5.859172344207764,0.27919402718544006,0.0,56.46272717709382,23040.0
-5.54199743270874,-5.843928813934326,0.3019324243068695,0.0,74.66020711358908,23040.0
-5.540600776672363,-5.84668493270874,0.30608445405960083,0.0,54.44506083143104,23040.0
-5.4671549797058105,-5.760787010192871,0.29363179206848145,0.0,53.49285821573994,23040.0
-5.346925735473633,-5.662675380706787,0.3157484829425812,0.0,76.28872784763546,23040.0
-5.437580108642578,-5.7440619468688965,0.3064809739589691,0.0,69.19613545744365,23040.0
-5.661906719207764,-5.953908920288086,0.292002409696579,0.0,63.0614395647981,23040.0
-5.25952672958374,-5.595782279968262,0.336256206035614,0.0,115.4763742985677,23040.0
-5.277955055236816,-5.580585479736328,0.30262964963912964,0.0,72.3467236380038,23040.0
-5.32050895690918,-5.633037090301514,0.312526673078537,0.0,64.76668188721271,23040.0
-5.360320568084717,-5.667324542999268,0.3070034384727478,0.0,67.7442569944444,23040.0
-5.424975872039795,-5.729832172393799,0.3048558831214905,0.0,58.96063493716669,23040.0
-5.433174133300781,-5.747627258300781,0.31445348262786865,0.0,66.14200086226731,23040.0
-5.554476737976074,-5.860208511352539,0.30573195219039917,0.0,58.207764350745165,23040.0
-5.588365077972412,-5.898312568664551,0.3099463880062103,0.0,60.29132634144208,23040.0
-5.156485557556152,-5.50551700592041,0.34903353452682495,0.0,80.68442138294508,23040.0
-5.574738025665283,-5.880436897277832,0.30569812655448914,0.0,79.41966016986676,23040.0
-5.335420608520508,-5.654325485229492,0.3189060389995575,0.0,63.51654098730135,23040.0
-5.314566135406494,-5.636862754821777,0.32229700684547424,0.0,83.94964974367937,23040.0
-5.621150493621826,-5.92466926574707,0.3035193383693695,0.0,69.39169569394305,23040.0
-5.394057273864746,-5.725749492645264,0.33169257640838623,0.0,95.76056923882221,23040.0
-5.468208312988281,-5.779094219207764,0.31088560819625854,0.0,86.0999532939525,23040.0
-5.439378261566162,-5.740685939788818,0.30130892992019653,0.0,106.9658214209264,23040.0
-5.545127868652344,-5.852673530578613,0.3075454831123352,0.0,75.2045593892298,23040.0
-5.376931190490723,-5.686809062957764,0.3098765015602112,0.0,120.86209803612174,23040.0
-5.5915656089782715,-5.889899253845215,0.2983338534832001,0.0,75.63884856845432,23040.0
-5.249274253845215,-5.549264430999756,0.299988329410553,0.0,122.48902092457132,23040.0
-5.535493850708008,-5.83157205581665,0.29607826471328735,0.0,86.14586069054504,23040.0
-5.416740417480469,-5.720510005950928,0.30377116799354553,0.0,107.14913585566784,23040.0
-5.341183662414551,-5.664051532745361,0.3228684663772583,0.0,112.57862364693537,23040.0
-5.519932270050049,-5.814223766326904,0.2942921817302704,0.0,89.63600592651946,23040.0
-5.384472370147705,-5.681839466094971,0.29736751317977905,0.0,128.602195646512,23040.0
-5.628636837005615,-5.922599792480469,0.2939634621143341,0.0,55.70881275274225,23040.0
-5.371403217315674,-5.673662185668945,0.3022584617137909,0.0,129.29071261060548,23040.0
-5.5223822593688965,-5.823963642120361,0.3015831410884857,0.0,63.568479154634794,23040.0
-5.426554203033447,-5.723416328430176,0.296861469745636,0.0,102.80360143512996,23040.0
-5.687536716461182,-5.979551792144775,0.292015016078949,0.0,91.48111769263231,23040.0
-5.599738121032715,-5.903209209442139,0.303469717502594,0.0,66.1557394698813,23040.0
-5.480228424072266,-5.797375679016113,0.31714490056037903,0.0,103.38695069081805,23040.0
-5.559916973114014,-5.864063262939453,0.3041459321975708,0.0,48.35131262988694,23040.0
-5.526853561401367,-5.832566261291504,0.3057117462158203,0.0,98.61517258450353,23040.0
-5.707918167114258,-6.008135795593262,0.30021563172340393,0.0,43.032247065499355,23040.0
-5.581064224243164,-5.89130163192749,0.31023749709129333,0.0,89.57404975908226,23040.0
-5.642986297607422,-5.946969985961914,0.30398207902908325,0.0,65.21024461622848,23040.0
-5.522237300872803,-5.835033416748047,0.31279850006103516,0.0,74.86162324590855,23040.0
-5.587001323699951,-5.9025044441223145,0.3155006468296051,0.0,77.31461221892071,23040.0
-5.610745906829834,-5.930068492889404,0.31932204961776733,0.0,76.78745441625529,23040.0
-5.48164176940918,-5.794918537139893,0.3132781684398651,0.0,92.47966177648172,23040.0
-5.521716594696045,-5.831925392150879,0.3102114498615265,0.0,78.673561416595,23040.0
-5.660486698150635,-5.970844745635986,0.3103584349155426,0.0,95.43579266747267,23040.0
-5.473320007324219,-5.791401386260986,0.3180827498435974,0.0,92.03524879672793,23040.0
-5.539217948913574,-5.854891777038574,0.31567299365997314,0.0,115.48917685360294,23040.0
-5.387096881866455,-5.697408199310303,0.31031256914138794,0.0,95.64603725541558,23040.0
-5.4561638832092285,-5.767860412597656,0.3116967976093292,0.0,117.95516979521153,23040.0
-5.627383232116699,-5.930935382843018,0.30355221033096313,0.0,97.39472063734334,23040.0
-5.47397518157959,-5.789433002471924,0.315456748008728,0.0,125.24730078736076,23040.0
-5.559930801391602,-5.880267143249512,0.3203386664390564,0.0,83.890693917955,23040.0
-5.455928325653076,-5.769999027252197,0.31406986713409424,0.0,120.52082934032934,23040.0
-5.596954345703125,-5.9071125984191895,0.310158908367157,0.0,77.20165503378153,23040.0
-5.615867614746094,-5.930032730102539,0.3141671121120453,0.0,112.9571896861428,23040.0
-5.54956579208374,-5.8631815910339355,0.3136168420314789,0.0,69.60269365589329,23040.0
-5.449395179748535,-5.76323938369751,0.31384384632110596,0.0,106.82150995309006,23040.0
-5.634052753448486,-5.949667930603027,0.31561481952667236,0.0,65.2042053273813,23040.0
-5.549053192138672,-5.876193523406982,0.3271399140357971,0.0,95.16444637496468,23040.0
-5.624260902404785,-5.943836212158203,0.31957656145095825,0.0,68.53322104258804,23040.0
-5.522731304168701,-5.845986366271973,0.32325518131256104,0.0,88.90748639489937,23040.0
-5.567367076873779,-5.888273239135742,0.3209054172039032,0.0,75.38517343855324,23040.0
-5.533823490142822,-5.862338066101074,0.32851511240005493,0.0,87.76621272106296,23040.0
-5.550088405609131,-5.8704705238342285,0.3203828036785126,0.0,92.83598307342227,23040.0
-5.64577579498291,-5.957805633544922,0.31203076243400574,0.0,101.08920726506014,23040.0
-5.307587146759033,-5.632767677307129,0.3251795768737793,0.0,96.48555338134827,23040.0
-5.479421138763428,-5.79688835144043,0.31746774911880493,0.0,117.62730772989747,23040.0
-5.463151931762695,-5.782750606536865,0.3195972740650177,0.0,80.97701536023123,23040.0
-5.5972394943237305,-5.906699180603027,0.3094610869884491,0.0,117.24791696477917,23040.0
-5.539710998535156,-5.859034061431885,0.31932300329208374,0.0,81.9068475678176,23040.0
-5.5175580978393555,-5.828927993774414,0.311369925737381,0.0,129.72334029022494,23040.0
-5.589890003204346,-5.905719757080078,0.31582894921302795,0.0,74.39271823325133,23040.0
-5.5521240234375,-5.868035793304443,0.31591057777404785,0.0,117.35400614014054,23040.0
-5.572591304779053,-5.896839618682861,0.3242485821247101,0.0,87.9593364778478,23040.0
-5.570052146911621,-5.898630619049072,0.3285784125328064,0.0,128.2536406349133,23040.0
-5.483870029449463,-5.813546180725098,0.3296767771244049,0.0,83.69385263056915,23040.0
-5.53115177154541,-5.85171365737915,0.32056164741516113,0.0,125.08898628493257,23040.0
-5.573967933654785,-5.901507377624512,0.32753920555114746,0.0,87.85778850099429,23040.0
-5.514224529266357,-5.836224555969238,0.3219998776912689,0.0,134.49039341468847,23040.0
-5.6187849044799805,-5.9394307136535645,0.3206435441970825,0.0,85.44686174745688,23040.0
-5.490383625030518,-5.8148722648620605,0.32448846101760864,0.0,130.4957993780634,23040.0
-5.492502689361572,-5.818722724914551,0.32622095942497253,0.0,88.41940184173339,23040.0
-5.457193851470947,-5.7834601402282715,0.3262661099433899,0.0,133.3138725070847,23040.0
-5.437126159667969,-5.765920639038086,0.32879453897476196,0.0,91.07120414501254,23040.0
-5.661386966705322,-5.9755024909973145,0.3141174912452698,0.0,126.06641819397547,23040.0
-5.649772644042969,-5.96754264831543,0.31777048110961914,0.0,99.41814399175824,23040.0
-5.3619818687438965,-5.699995994567871,0.3380146324634552,0.0,118.62042828789122,23040.0
-5.482456684112549,-5.815110206604004,0.33265188336372375,0.0,128.49952899443716,23040.0
-5.403770446777344,-5.734651565551758,0.3308812975883484,0.0,105.27654466525303,23040.0
-5.377580642700195,-5.706521034240723,0.3289405107498169,0.0,134.35790141425238,23040.0
-5.57169246673584,-5.895340919494629,0.3236481547355652,0.0,94.00333685649571,23040.0
-5.4479475021362305,-5.766041278839111,0.3180953860282898,0.0,144.75122686473082,23040.0
-5.59428071975708,-5.918203353881836,0.32392188906669617,0.0,83.57016225757994,23040.0
-5.467771053314209,-5.79180908203125,0.32403817772865295,0.0,139.24357668057556,23040.0
-5.585161209106445,-5.912946701049805,0.32778462767601013,0.0,90.32681162296711,23040.0
-5.392799377441406,-5.735091686248779,0.3422936499118805,0.0,125.59336800794782,23040.0
-5.475563049316406,-5.806889057159424,0.3313245177268982,0.0,127.31835211390089,23040.0
-5.489577770233154,-5.816970348358154,0.3273923993110657,0.0,96.56091707755202,23040.0
-5.364144325256348,-5.697102069854736,0.33295637369155884,0.0,145.13050000482832,23040.0
-5.575779438018799,-5.901290416717529,0.32550933957099915,0.0,76.83415360697346,23040.0
-5.348608016967773,-5.685561180114746,0.33695217967033386,0.0,143.66458777855496,23040.0
-5.582722187042236,-5.912771224975586,0.3300483226776123,0.0,89.57837054302097,23040.0
-5.404621124267578,-5.7409443855285645,0.3363229036331177,0.0,126.24087343651385,23040.0
-5.641990661621094,-5.96967887878418,0.32768693566322327,0.0,113.15492843015227,23040.0
-5.501380443572998,-5.832972049713135,0.3315902054309845,0.0,97.38723108477738,23040.0
-5.505818843841553,-5.837850570678711,0.33203214406967163,0.0,142.53884629333342,23040.0
-5.674692630767822,-5.992082595825195,0.3173884153366089,0.0,76.09171573451623,23040.0
-5.37044620513916,-5.704655170440674,0.334211140871048,0.0,143.5796510148085,23040.0
-5.566735744476318,-5.898135185241699,0.33139896392822266,0.0,85.06299612748833,23040.0
-5.569728374481201,-5.9040398597717285,0.33431291580200195,0.0,125.8955714991828,23040.0
-5.509600639343262,-5.847513198852539,0.33791184425354004,0.0,114.51633485875716,23040.0
-5.465494632720947,-5.808150768280029,0.3426557183265686,0.0,96.1702236792289,23040.0
-5.48215913772583,-5.823397636413574,0.3412378430366516,0.0,128.6172846063364,23040.0
-5.638238906860352,-5.968926906585693,0.33068662881851196,0.0,69.76569888766247,23040.0
-5.452859401702881,-5.796147346496582,0.34328895807266235,0.0,131.79688193781297,23040.0
-5.586226463317871,-5.931789875030518,0.34556400775909424,0.0,73.99124613916777,23040.0
-5.562251091003418,-5.898230075836182,0.3359777629375458,0.0,109.30298225242464,23040.0
-5.56507682800293,-5.907073497772217,0.34199729561805725,0.0,104.4757365324902,23040.0
-5.661623477935791,-6.003767013549805,0.34214383363723755,0.0,77.56686424165943,23040.0
-5.566163063049316,-5.9094319343566895,0.34326818585395813,0.0,123.39388251942354,23040.0
-5.487822532653809,-5.835169315338135,0.34734609723091125,0.0,67.15507232795426,23040.0
-5.53090238571167,-5.876045227050781,0.3451417088508606,0.0,120.84346917132727,23040.0
-5.568631172180176,-5.9095139503479,0.3408813178539276,0.0,95.54637705335587,23040.0
-5.506674766540527,-5.864108085632324,0.35743242502212524,0.0,101.89598041786206,23040.0
-5.467607021331787,-5.814207077026367,0.34659895300865173,0.0,127.0680391921275,23040.0
-5.640088081359863,-5.985747814178467,0.3456604480743408,0.0,79.89413760432063,23040.0
-5.57072114944458,-5.909695148468018,0.3389745354652405,0.0,135.44555912716297,23040.0
-5.631101608276367,-5.968393802642822,0.3372901380062103,0.0,66.13051005072641,23040.0
-5.427297115325928,-5.772616386413574,0.3453208804130554,0.0,130.61282791838786,23040.0
-5.657135963439941,-5.992732524871826,0.3355962038040161,0.0,83.59425776559753,23040.0
-5.445788860321045,-5.796144008636475,0.3503546714782715,0.0,104.37153794901892,23040.0
-5.568231105804443,-5.912695407867432,0.344462126493454,0.0,106.98112125623491,23040.0
-5.609969615936279,-5.964585304260254,0.3546161949634552,0.0,76.5374616783115,23040.0
-5.55348014831543,-5.908952713012695,0.35546937584877014,0.0,120.32402745971777,23040.0
-5.5838165283203125,-5.937006950378418,0.35319018363952637,0.0,69.8758369904774,23040.0
-5.48890495300293,-5.848548889160156,0.35964536666870117,0.0,117.5892557468953,23040.0
-5.582454681396484,-5.941780090332031,0.35932543873786926,0.0,80.58733347168659,23040.0
-5.5965704917907715,-5.9459919929504395,0.3494220972061157,0.0,99.68132137113555,23040.0
-5.718698978424072,-6.069580078125,0.3508796691894531,0.0,97.20520217291697,23040.0
-5.677321910858154,-6.020777702331543,0.34345415234565735,0.0,71.30395614554872,23040.0
-5.470272541046143,-5.822826385498047,0.35255491733551025,0.0,116.60345112900922,23040.0
-5.769634246826172,-6.105343818664551,0.33571046590805054,0.0,61.97150496173766,23040.0
-5.563009738922119,-5.912694454193115,0.34968459606170654,0.0,105.70671973180424,23040.0
-5.727550029754639,-6.066062927246094,0.3385143578052521,0.0,65.81900295407085,23040.0
-5.590958118438721,-5.93657922744751,0.3456205725669861,0.0,89.96126222436365,23040.0
-5.746058940887451,-6.093632221221924,0.3475744128227234,0.0,77.92103639154585,23040.0
-5.630087375640869,-5.985287189483643,0.35519978404045105,0.0,75.06972947430906,23040.0
-5.673677444458008,-6.021312236785889,0.3476346433162689,0.0,82.00743277300491,23040.0
-5.628997325897217,-5.998064041137695,0.36906713247299194,0.0,65.77707055949804,23040.0
-5.564496994018555,-5.936305522918701,0.3718114495277405,0.0,74.23673722424888,23040.0
-5.650155544281006,-6.015440464019775,0.3652874529361725,0.0,63.67832326521697,23040.0
-5.686905860900879,-6.050525665283203,0.363618940114975,0.0,65.77545097463221,23040.0
-5.64040470123291,-6.004703998565674,0.3642984628677368,0.0,70.53285735604568,23040.0
-5.742517948150635,-6.105072498321533,0.3625534772872925,0.0,63.948480248230325,23040.0
-5.76911735534668,-6.1224894523620605,0.35337209701538086,0.0,73.45849021178287,23040.0
-5.91284704208374,-6.263095378875732,0.3502468466758728,0.0,68.34699015627562,23040.0
-5.587425231933594,-5.962298393249512,0.37487268447875977,0.0,87.46263492506652,23040.0
-5.747624397277832,-6.10991096496582,0.3622868061065674,0.0,79.17559350766099,23040.0
-5.744555473327637,-6.101938724517822,0.35738250613212585,0.0,72.80666808325627,23040.0
-5.62217378616333,-5.98293399810791,0.36076080799102783,0.0,81.86478361989512,23040.0
-5.704543113708496,-6.077946662902832,0.3734019100666046,0.0,76.37011885654366,23040.0
-5.66447639465332,-6.03716516494751,0.3726881742477417,0.0,89.93377372769179,23040.0
-5.75966739654541,-6.124422073364258,0.3647528886795044,0.0,62.16883613250279,23040.0
-5.681571006774902,-6.051449775695801,0.3698793053627014,0.0,86.01454395256195,23040.0
-5.634888648986816,-6.005525588989258,0.37063631415367126,0.0,65.41803749645236,23040.0
-5.666640758514404,-6.037039756774902,0.3703990578651428,0.0,84.22049138687082,23040.0
-5.710579872131348,-6.085179328918457,0.3745977282524109,0.0,55.27522157687605,23040.0
-5.684587478637695,-6.058896064758301,0.3743087351322174,0.0,68.08326525919176,23040.0
-5.768726348876953,-6.142857074737549,0.3741316795349121,0.0,59.54205066827708,23040.0
-5.794744968414307,-6.165909767150879,0.37116485834121704,0.0,65.99562381167901,23040.0
-5.770608901977539,-6.15395975112915,0.38335108757019043,0.0,56.540204557561474,23040.0
-5.734130382537842,-6.125936508178711,0.3918074667453766,0.0,61.883883151506424,23040.0
-5.822147846221924,-6.2032694816589355,0.3811228573322296,0.0,55.84484521245657,23040.0
-5.658786296844482,-6.04395055770874,0.38516443967819214,0.0,49.77656053978484,23040.0
-5.678679943084717,-6.059169292449951,0.3804888427257538,0.0,57.515651286053654,23040.0
-5.88712215423584,-6.251662254333496,0.36454159021377563,0.0,46.35948692602473,23040.0
-5.821670055389404,-6.193592548370361,0.3719239830970764,0.0,47.634965996659396,23040.0
-5.743621349334717,-6.120764255523682,0.377145379781723,0.0,54.599846927755735,23040.0
-5.613633155822754,-6.003458023071289,0.3898245394229889,0.0,46.90429967060671,23040.0
-5.729340076446533,-6.112131595611572,0.38279151916503906,0.0,45.68132841641789,23040.0
-5.763470649719238,-6.145971775054932,0.3825024366378784,0.0,36.18785557856984,23040.0
-5.9538750648498535,-6.332238674163818,0.378362774848938,0.0,55.23208129721353,23040.0
-5.781702518463135,-6.18370246887207,0.4019985496997833,0.0,32.34973463160776,23040.0
-5.789485454559326,-6.187864780426025,0.39837977290153503,0.0,45.315689967344014,23040.0
-5.723129749298096,-6.126984119415283,0.4038538932800293,0.0,42.559367953603434,23040.0
-5.731776237487793,-6.126582145690918,0.3948048949241638,0.0,51.031831843196606,23040.0
-5.825765132904053,-6.22632360458374,0.4005592465400696,0.0,45.72831299901465,23040.0
-5.829638481140137,-6.220200538635254,0.3905620872974396,0.0,51.27427744800052,23040.0
-5.832218647003174,-6.228578090667725,0.3963582217693329,0.0,57.229796218963635,23040.0
-5.827204704284668,-6.215661525726318,0.38845762610435486,0.0,34.251307462051344,23040.0
-5.762672424316406,-6.141276836395264,0.37860214710235596,0.0,66.53191889925881,23040.0
-5.7022833824157715,-6.100547790527344,0.39826270937919617,0.0,60.05641630956266,23040.0
-5.753978252410889,-6.149487495422363,0.39550989866256714,0.0,42.32827651738372,23040.0
-5.630173206329346,-6.02594518661499,0.39577266573905945,0.0,83.1192747204848,23040.0
-5.845484256744385,-6.2480597496032715,0.4025738537311554,0.0,64.18878023832949,23040.0
-5.8263468742370605,-6.228071212768555,0.4017253518104553,0.0,62.761082108377835,23040.0
-5.665112495422363,-6.085995197296143,0.420881450176239,0.0,79.4538418364104,23040.0
-5.794137954711914,-6.214797019958496,0.4206604063510895,0.0,47.72550624678252,23040.0
-5.641178607940674,-6.061350345611572,0.4201711118221283,0.0,82.92353407286784,23040.0
-5.699946880340576,-6.108388900756836,0.4084441661834717,0.0,53.63833915454175,23040.0
-5.74584436416626,-6.149643898010254,0.40379953384399414,0.0,87.95564056111756,23040.0
-5.823352813720703,-6.223263740539551,0.3999110460281372,0.0,61.55639484009401,23040.0
-5.7155022621154785,-6.118215560913086,0.4027128517627716,0.0,74.34891123598872,23040.0
-5.79782772064209,-6.185097694396973,0.3872697651386261,0.0,60.673465638725276,23040.0
-5.656469345092773,-6.0470662117004395,0.3905967175960541,0.0,73.50643067785748,23040.0
-5.840478420257568,-6.238911151885986,0.39843088388442993,0.0,56.20980499563976,23040.0
-5.610891342163086,-6.02829647064209,0.41740554571151733,0.0,62.776084512440676,23040.0
-5.912878513336182,-6.302199840545654,0.3893212080001831,0.0,49.39370802360768,23040.0
-5.9160990715026855,-6.3142781257629395,0.398180216550827,0.0,66.5255545304383,23040.0
-5.805729389190674,-6.227313995361328,0.4215843975543976,0.0,48.41300667057708,23040.0
-5.788913249969482,-6.21615743637085,0.42724451422691345,0.0,59.105921096856136,23040.0
-5.836349964141846,-6.263003826141357,0.4266529977321625,0.0,59.34585381431252,23040.0
-5.774841785430908,-6.195680141448975,0.420837938785553,0.0,56.56560879830675,23040.0
-5.8868536949157715,-6.297251224517822,0.410401314496994,0.0,46.6354092469971,23040.0
-5.985289096832275,-6.383604049682617,0.39831656217575073,0.0,44.71024648114086,23040.0
-5.912749767303467,-6.3108229637146,0.39807388186454773,0.0,35.53185389459267,23040.0
-5.742300987243652,-6.161987781524658,0.41968536376953125,0.0,35.427832653731734,23040.0
-5.666584491729736,-6.091963768005371,0.42537927627563477,0.0,48.64397784619719,23040.0
-5.796886444091797,-6.2226786613464355,0.42579060792922974,0.0,40.689801279713315,23040.0
-5.84998893737793,-6.274795055389404,0.42480626702308655,0.0,38.37285383351654,23040.0
-5.91733455657959,-6.359967231750488,0.44263309240341187,0.0,59.68836071740761,23040.0
-5.867961883544922,-6.300491809844971,0.4325285255908966,0.0,46.130424161598505,23040.0
-5.918084144592285,-6.345394611358643,0.42730966210365295,0.0,42.52273658331181,23040.0
-5.932223796844482,-6.369466304779053,0.4372420907020569,0.0,47.76133424722353,23040.0
-5.906935691833496,-6.3477702140808105,0.44083333015441895,0.0,40.48278794289656,23040.0
-5.847611427307129,-6.269079685211182,0.42146825790405273,0.0,36.35817492462351,23040.0
-5.904162406921387,-6.3308491706848145,0.42668646574020386,0.0,34.916155206947884,23040.0
-5.821304798126221,-6.254813194274902,0.4335070252418518,0.0,39.433155354588706,23040.0
-5.895564556121826,-6.3217692375183105,0.4262058138847351,0.0,31.225399803124553,23040.0
-5.903069972991943,-6.326807975769043,0.42373788356781006,0.0,29.586537554439225,23040.0
-5.882899761199951,-6.31601619720459,0.4331180155277252,0.0,30.328839057326533,23040.0
-5.867015361785889,-6.296147346496582,0.42913368344306946,0.0,24.895236105847047,23040.0
-5.8577880859375,-6.294241905212402,0.4364505708217621,0.0,38.33250432949179,23040.0
-5.8424072265625,-6.30077600479126,0.458368182182312,0.0,23.520025592260527,23040.0
-5.8447957038879395,-6.291788101196289,0.4469916820526123,0.0,59.47210731245306,23040.0
-5.769751071929932,-6.229334831237793,0.45958471298217773,0.0,36.88891069152283,23040.0
-5.9551873207092285,-6.394735336303711,0.4395483136177063,0.0,40.036139930021356,23040.0
-5.962608337402344,-6.408130645751953,0.4455213248729706,0.0,47.1317300725972,23040.0
-5.965266704559326,-6.410898208618164,0.44563162326812744,0.0,19.263714497271348,23040.0
-5.811085224151611,-6.268431186676025,0.4573460817337036,0.0,50.940998835368944,23040.0
-5.9313225746154785,-6.380318641662598,0.4489966630935669,0.0,42.5569625845866,23040.0
-5.998506546020508,-6.435175895690918,0.43667078018188477,0.0,22.320598015391177,23040.0
-5.694234848022461,-6.138704299926758,0.4444689154624939,0.0,59.715755371855614,23040.0
-5.719967842102051,-6.170291423797607,0.4503217935562134,0.0,64.66443900265669,23040.0
-5.861218452453613,-6.303826808929443,0.44260767102241516,0.0,43.34935633447721,23040.0
-5.832216262817383,-6.271336078643799,0.4391195476055145,0.0,56.47135433511248,23040.0
-5.67745304107666,-6.142083168029785,0.4646298289299011,0.0,84.63332652818902,23040.0
-5.783096790313721,-6.24247932434082,0.4593833386898041,0.0,57.70806221981018,23040.0
-5.817581653594971,-6.277838230133057,0.4602574110031128,0.0,62.06977460625964,23040.0
-5.825396537780762,-6.2881083488464355,0.4627102315425873,0.0,73.96076949482459,23040.0
-5.918295860290527,-6.402307987213135,0.4840118885040283,0.0,59.46158920785593,23040.0
-5.793919086456299,-6.2690253257751465,0.4751046597957611,0.0,58.8261208387827,23040.0
-5.931796550750732,-6.398592948913574,0.46679767966270447,0.0,62.24089255162054,23040.0
-5.77874755859375,-6.252184867858887,0.47343477606773376,0.0,64.14540250016903,23040.0
-5.8332743644714355,-6.311501502990723,0.47822871804237366,0.0,62.33031262111491,23040.0
-5.852756977081299,-6.313262939453125,0.4605037569999695,0.0,70.72900843358651,23040.0
-5.784587383270264,-6.252692222595215,0.4681057333946228,0.0,60.65532706169015,23040.0
-5.89700174331665,-6.333584785461426,0.43658336997032166,0.0,72.95232846797485,23040.0
-5.773132801055908,-6.233226299285889,0.4600922763347626,0.0,52.86557836213026,23040.0
-5.948012351989746,-6.392030239105225,0.44401881098747253,0.0,62.23841570891808,23040.0
-5.842047691345215,-6.298285484313965,0.4562397003173828,0.0,66.917160116892,23040.0
-5.902682304382324,-6.367660045623779,0.46497705578804016,0.0,56.139733038435764,23040.0
-5.954806804656982,-6.448710918426514,0.4939042925834656,0.0,52.58608506404388,23040.0
-5.874137878417969,-6.374634265899658,0.5004947781562805,0.0,54.47430313312844,23040.0
-5.902229309082031,-6.406790733337402,0.5045628547668457,0.0,51.91239480146891,23040.0
-5.769219398498535,-6.277972221374512,0.508752167224884,0.0,69.81851994718947,23040.0
-5.852987289428711,-6.3547186851501465,0.501729428768158,0.0,44.35375068470076,23040.0
-5.789244174957275,-6.295742511749268,0.506498396396637,0.0,41.50486221674122,23040.0
-5.670934200286865,-6.180760860443115,0.5098280310630798,0.0,55.126630752966996,23040.0
-5.809194087982178,-6.309152603149414,0.499956339597702,0.0,39.80121483213334,23040.0
-5.851929187774658,-6.337595462799072,0.48566675186157227,0.0,51.3546480232376,23040.0
-5.746176719665527,-6.250270366668701,0.5040937066078186,0.0,39.2027487573005,23040.0
-5.998558044433594,-6.478377819061279,0.4798189401626587,0.0,38.79191948101093,23040.0
-5.9375081062316895,-6.427016258239746,0.4895083010196686,0.0,30.4548394370109,23040.0
-5.903976917266846,-6.407998085021973,0.5040210485458374,0.0,27.166620135067852,23040.0
-5.922386169433594,-6.4276556968688965,0.5052691698074341,0.0,24.22999704141969,23040.0
-5.833988666534424,-6.360797882080078,0.5268084406852722,0.0,28.685530393095654,23040.0
-5.904860496520996,-6.412078857421875,0.5072191953659058,0.0,25.991610323537174,23040.0
-5.869138717651367,-6.375130653381348,0.5059904456138611,0.0,37.28941493532468,23040.0
-5.937809467315674,-6.446669578552246,0.5088611841201782,0.0,27.8200869772001,23040.0
-5.842681407928467,-6.343536376953125,0.5008558034896851,0.0,47.2152523126565,23040.0
-5.517243385314941,-6.030896186828613,0.5136541128158569,0.0,84.445888836486,23040.0
-5.803918361663818,-6.301537990570068,0.4976213574409485,0.0,101.89246908623136,23040.0
-5.8798508644104,-6.37993860244751,0.5000885725021362,0.0,47.15113145013836,23040.0
-5.914025783538818,-6.423145771026611,0.5091213583946228,0.0,55.27754062053025,23040.0
-5.791057109832764,-6.300604343414307,0.5095482468605042,0.0,66.9656526560455,23040.0
-5.821835041046143,-6.354201793670654,0.5323653221130371,0.0,33.73454614009176,23040.0
-5.833059310913086,-6.363580226898193,0.5305224657058716,0.0,74.26536637597428,23040.0
-5.835607051849365,-6.372218608856201,0.5366107821464539,0.0,46.89333919545008,23040.0
-5.744185447692871,-6.285940170288086,0.5417562127113342,0.0,60.18221410464941,23040.0
-5.801486492156982,-6.3310322761535645,0.529546320438385,0.0,59.27829095792366,23040.0
-5.873286724090576,-6.394068717956543,0.5207839012145996,0.0,47.048843627274266,23040.0
-5.883951663970947,-6.402816295623779,0.5188637971878052,0.0,69.62618580638878,23040.0
-5.837567329406738,-6.36353063583374,0.5259628295898438,0.0,52.80584339087655,23040.0
-5.8352532386779785,-6.351673603057861,0.5164192318916321,0.0,45.27063224613676,23040.0
-5.889765739440918,-6.402090072631836,0.5123242735862732,0.0,42.12414753041677,23040.0
-5.898327827453613,-6.397324562072754,0.49899643659591675,0.0,26.60399170747411,23040.0
-5.789863586425781,-6.296812534332275,0.5069491267204285,0.0,42.442843052554785,23040.0
-5.8505539894104,-6.363796710968018,0.5132421851158142,0.0,54.946261190549016,23040.0
-6.020939350128174,-6.550978660583496,0.53003990650177,0.0,41.85728800825653,23040.0
-5.877665042877197,-6.42495059967041,0.5472838878631592,0.0,41.878711187949605,23040.0
-5.795948028564453,-6.353902816772461,0.5579542517662048,0.0,59.28445217470229,23040.0
-5.963391304016113,-6.5154595375061035,0.5520705580711365,0.0,60.1625777991326,23040.0
-5.868154048919678,-6.443500995635986,0.5753476023674011,0.0,59.674138412147954,23040.0
-4.965051174163818,-5.581666946411133,0.6166147589683533,0.0,137.62655699496122,23040.0
-5.640835762023926,-6.233897686004639,0.5930621027946472,0.0,113.90504904544889,23040.0
-5.7944111824035645,-6.363776206970215,0.5693668723106384,0.0,74.41962563226232,23040.0
-5.28838586807251,-5.903568744659424,0.6151810884475708,0.0,122.55303897159402,23040.0
-5.546439170837402,-6.120234966278076,0.5737963914871216,0.0,75.62176186685461,23040.0
-5.272907257080078,-5.851781368255615,0.578874945640564,0.0,112.45530697790252,23040.0
-5.500709056854248,-6.08889627456665,0.5881884694099426,0.0,92.38074011987615,23040.0
-5.554060459136963,-6.150845050811768,0.5967845320701599,0.0,82.92925877225993,23040.0
-5.689358234405518,-6.278865337371826,0.5895071029663086,0.0,92.28792431902849,23040.0
-5.50080680847168,-6.115616798400879,0.6148092150688171,0.0,83.63466316478377,23040.0
-5.456798076629639,-6.083148956298828,0.6263509392738342,0.0,90.78217524784831,23040.0
-5.559396266937256,-6.1556220054626465,0.5962254405021667,0.0,80.69934268392461,23040.0
-5.545801639556885,-6.110768795013428,0.5649650692939758,0.0,85.82853451397773,23040.0
-5.356402397155762,-5.915074348449707,0.5586718916893005,0.0,81.81727602120755,23040.0
-5.660129547119141,-6.204875469207764,0.5447439551353455,0.0,82.2336005093807,23040.0
-5.693869590759277,-6.231452941894531,0.5375815629959106,0.0,79.52750035554853,23040.0
-5.389322280883789,-5.962321758270264,0.5729990005493164,0.0,94.77021719366245,23040.0
-5.678484916687012,-6.222506523132324,0.5440207123756409,0.0,76.01607638910387,23040.0
-5.763545036315918,-6.30457067489624,0.5410252809524536,0.0,90.87377124173169,23040.0
-5.61687707901001,-6.178037643432617,0.5611590147018433,0.0,75.77214074150358,23040.0
-5.626331806182861,-6.179333686828613,0.5530017614364624,0.0,81.38924821285497,23040.0
-5.681303024291992,-6.2268385887146,0.5455343723297119,0.0,71.34326033665678,23040.0
-5.7219462394714355,-6.274815082550049,0.552869439125061,0.0,76.46003685905619,23040.0
-5.737916946411133,-6.307070732116699,0.5691540241241455,0.0,57.162552701837086,23040.0
-5.8049492835998535,-6.391159534454346,0.5862107872962952,0.0,66.24396153529698,23040.0
-5.659215450286865,-6.2808661460876465,0.6216520667076111,0.0,63.34549108270851,23040.0
-5.823458671569824,-6.400913715362549,0.5774557590484619,0.0,65.26372081547892,23040.0
-5.77018928527832,-6.3851094245910645,0.6149235367774963,0.0,50.74865496268037,23040.0
-5.73813533782959,-6.33571720123291,0.5975804328918457,0.0,53.43729960721586,23040.0
-5.815407752990723,-6.406888008117676,0.5914793014526367,0.0,40.194559179276176,23040.0
-5.93414831161499,-6.509165287017822,0.5750186443328857,0.0,52.554385908270135,23040.0
-5.954600811004639,-6.529173374176025,0.5745707750320435,0.0,36.54719728019266,23040.0
-5.731455326080322,-6.335151672363281,0.6036974191665649,0.0,48.319275763709015,23040.0
-5.7492241859436035,-6.340531349182129,0.5913066267967224,0.0,46.233732423303415,23040.0
-5.569807529449463,-6.186059474945068,0.6162533760070801,0.0,65.86506602853396,23040.0
-4.8922343254089355,-5.525145053863525,0.6329097151756287,0.0,186.2419673096157,23040.0
-1.857537031173706,-2.769303798675537,0.9117670655250549,0.0,214.58643237267884,23040.0
-2.614017963409424,-3.4845669269561768,0.8705484867095947,0.0,92.0489099329834,23040.0
-3.2028470039367676,-4.045961856842041,0.8431151509284973,0.0,137.96972358178775,23040.0
-3.6677327156066895,-4.501953601837158,0.8342202305793762,0.0,74.45160955724593,23040.0
-3.84944486618042,-4.691051483154297,0.8416061401367188,0.0,75.08481060044024,23040.0
-3.7294485569000244,-4.546261787414551,0.816813588142395,0.0,76.02590114977743,23040.0
-3.6989383697509766,-4.488148212432861,0.789210855960846,0.0,65.18111929083112,23040.0
-3.7971763610839844,-4.551753520965576,0.7545751929283142,0.0,52.27122191336526,23040.0
-3.8790242671966553,-4.564453125,0.685428261756897,0.0,45.01008964898901,23040.0
-3.8055202960968018,-4.499927520751953,0.6944065690040588,0.0,71.18521285807361,23040.0
-4.000217914581299,-4.636275291442871,0.6360578536987305,0.0,55.73423971895476,23040.0
-4.098162651062012,-4.719094753265381,0.6209322810173035,0.0,49.83431000600636,23040.0
-3.9884426593780518,-4.596680641174316,0.6082369089126587,0.0,43.20792175557818,23040.0
-4.17816686630249,-4.767928123474121,0.5897617340087891,0.0,43.47657929898381,23040.0
-4.343372344970703,-4.927138805389404,0.583765983581543,0.0,44.90646841103273,23040.0
-4.5601911544799805,-5.13784646987915,0.577656090259552,0.0,40.343653659784266,23040.0
-4.4872355461120605,-5.082808017730713,0.5955733060836792,0.0,39.03302294144776,23040.0
-4.597146034240723,-5.190337181091309,0.5931916832923889,0.0,42.56469567694031,23040.0
-4.783805847167969,-5.368616580963135,0.5848104357719421,0.0,28.006374609578486,23040.0
-4.815032005310059,-5.4240498542785645,0.609018087387085,0.0,36.92122026983416,23040.0
-4.788992881774902,-5.426990985870361,0.6379998922348022,0.0,28.875023634663194,23040.0
-4.768962383270264,-5.43293571472168,0.6639720797538757,0.0,28.091457467582753,23040.0
-4.817608833312988,-5.453824996948242,0.6362158060073853,0.0,40.56250752582245,23040.0
-4.811931610107422,-5.423786640167236,0.6118561029434204,0.0,35.32359360545388,23040.0
-4.910890579223633,-5.50804328918457,0.5971527695655823,0.0,31.553612355347962,23040.0
-4.974611759185791,-5.576289653778076,0.6016765832901001,0.0,53.831027653869526,23040.0
-5.214779376983643,-5.787936687469482,0.5731580853462219,0.0,28.97628788807286,23040.0
-5.333479881286621,-5.882340431213379,0.5488595962524414,0.0,55.985791488084274,23040.0
-5.266200065612793,-5.799340724945068,0.5331400036811829,0.0,54.44672808433049,23040.0
-5.347324371337891,-5.8653388023376465,0.51801598072052,0.0,46.24561907474539,23040.0
-5.377463340759277,-5.896847248077393,0.5193853378295898,0.0,50.68331357287634,23040.0
-5.459401607513428,-5.982179641723633,0.5227773189544678,0.0,42.48827745651584,23040.0
-5.4264302253723145,-5.964454650878906,0.538026750087738,0.0,38.26750612904143,23040.0
-5.518733024597168,-6.07811975479126,0.5593903660774231,0.0,35.447205152195934,23040.0
-5.456719398498535,-6.039227485656738,0.5825089812278748,0.0,36.01517318453578,23040.0
-5.511285781860352,-6.097784996032715,0.5864983201026917,0.0,31.03836288398031,23040.0
-5.502194404602051,-6.1212334632873535,0.6190372705459595,0.0,44.630743895891634,23040.0
-5.587308883666992,-6.21462869644165,0.627321183681488,0.0,29.59352269928898,23040.0
-5.4997758865356445,-6.153809070587158,0.6540336012840271,0.0,33.72781541574354,23040.0
-5.478671073913574,-6.13859748840332,0.6599258184432983,0.0,34.83527298507935,23040.0
-5.454005241394043,-6.139829635620117,0.6858242154121399,0.0,32.86881510370496,23040.0
-5.507566452026367,-6.201438903808594,0.6938722133636475,0.0,34.45954531267184,23040.0
-5.503945350646973,-6.1950907707214355,0.6911462545394897,0.0,32.05040673488407,23040.0
-5.527682304382324,-6.195529460906982,0.6678482294082642,0.0,54.27344499697867,23040.0
-5.498643398284912,-6.15699577331543,0.6583512425422668,0.0,40.48921313639153,23040.0
-5.332977294921875,-5.980590343475342,0.6476141810417175,0.0,73.27859821949784,23040.0
-5.432943820953369,-6.058219909667969,0.6252779960632324,0.0,46.16107895544573,23040.0
-5.580554008483887,-6.185242176055908,0.6046874523162842,0.0,43.393594950933036,23040.0
-5.706315040588379,-6.297379493713379,0.5910630822181702,0.0,50.39572627088865,23040.0
-5.625073432922363,-6.235997200012207,0.6109222769737244,0.0,30.227009608185735,23040.0
-5.73757791519165,-6.355936050415039,0.618357241153717,0.0,55.01082143124902,23040.0
-5.514084339141846,-6.170493125915527,0.6564055681228638,0.0,83.27730052109877,23040.0
-5.239127159118652,-5.896325588226318,0.6572003364562988,0.0,125.77294761638427,23040.0
-5.413825511932373,-6.0762763023376465,0.6624497175216675,0.0,76.23138319143544,23040.0
-5.373363018035889,-6.020455360412598,0.6470950841903687,0.0,95.67864571852914,23040.0
-5.593921184539795,-6.248459339141846,0.6545378565788269,0.0,68.48937212033648,23040.0
-5.5356855392456055,-6.206631183624268,0.6709474921226501,0.0,67.16988514881194,23040.0
-5.433112621307373,-6.132929801940918,0.6998189091682434,0.0,65.5119388850249,23040.0
-5.111634254455566,-5.8295063972473145,0.717871367931366,0.0,175.68931844419203,23040.0
-5.38214635848999,-6.091062545776367,0.7089148163795471,0.0,94.10863387269386,23040.0
-5.1261749267578125,-5.804903030395508,0.6787290573120117,0.0,115.82111502053617,23040.0
-5.315855026245117,-5.96174430847168,0.6458880305290222,0.0,75.68635985512913,23040.0
-5.273401737213135,-5.927386283874512,0.6539826989173889,0.0,87.19405556440213,23040.0
-5.601290702819824,-6.263477802276611,0.6621876955032349,0.0,54.59559103136051,23040.0
-5.28886079788208,-5.972629070281982,0.6837661266326904,0.0,95.3749603607686,23040.0
-4.824004650115967,-5.489964962005615,0.6659620404243469,0.0,107.74508902045639,23040.0
-5.340587615966797,-5.981120586395264,0.6405326724052429,0.0,70.74570279032923,23040.0
-3.913986921310425,-4.69138240814209,0.7773945331573486,0.0,166.95986406510318,23040.0
-5.117518424987793,-5.799978256225586,0.6824605464935303,0.0,93.34374916289651,23040.0
-4.615306854248047,-5.322935581207275,0.7076297402381897,0.0,120.28441691464153,23040.0
-5.071059226989746,-5.754296779632568,0.6832395195960999,0.0,67.1830905288305,23040.0
-4.976540565490723,-5.641242504119873,0.6647021770477295,0.0,119.35308046198695,23040.0
-5.1565046310424805,-5.793624401092529,0.6371184587478638,0.0,101.09625645531747,23040.0
-5.085013389587402,-5.739617824554443,0.6546036005020142,0.0,87.7240552451201,23040.0
-4.957591533660889,-5.573263168334961,0.6156730055809021,0.0,113.25888621541205,23040.0
-5.173920631408691,-5.793902397155762,0.6199817657470703,0.0,109.47117539514832,23040.0
-5.359570503234863,-6.010814189910889,0.6512426733970642,0.0,66.25126361297346,23040.0
-5.210852146148682,-5.855461120605469,0.6446101069450378,0.0,117.28412631506879,23040.0
-5.368303298950195,-6.001100540161133,0.6327968835830688,0.0,73.44421893926364,23040.0
-5.460026264190674,-6.0957560539245605,0.6357281804084778,0.0,69.3297068753951,23040.0
-5.185074329376221,-5.861002445220947,0.6759264469146729,0.0,96.14610048184277,23040.0
-5.512255668640137,-6.176532745361328,0.664277195930481,0.0,58.269636716899484,23040.0
-5.517324924468994,-6.146052837371826,0.6287310123443604,0.0,87.20122538733976,23040.0
-5.581737518310547,-6.2182087898254395,0.6364721059799194,0.0,61.54354312915066,23040.0
-5.517139911651611,-6.166375637054443,0.6492361426353455,0.0,79.86802765999974,23040.0
-5.691591262817383,-6.322368621826172,0.6307773590087891,0.0,84.96431992569482,23040.0
-5.73451042175293,-6.400843620300293,0.6663309335708618,0.0,74.82470132441439,23040.0
-4.941896915435791,-5.745697498321533,0.803800642490387,0.0,197.48352350575377,23040.0
-5.444371700286865,-6.141175746917725,0.696804940700531,0.0,115.65928616297886,23040.0
-5.1031622886657715,-5.813225746154785,0.7100629210472107,0.0,66.90369776007675,23040.0
-4.994029521942139,-5.691868782043457,0.6978369355201721,0.0,104.64053465285102,23040.0
-5.05951452255249,-5.7774128913879395,0.7178979516029358,0.0,71.25125106166469,23040.0
-5.221089839935303,-5.948267459869385,0.7271780371665955,0.0,117.7471578254813,23040.0
-5.140999794006348,-5.9027791023254395,0.7617766261100769,0.0,117.33593049529563,23040.0
-4.887808322906494,-5.629332065582275,0.7415235042572021,0.0,115.38831625220645,23040.0
-4.679872989654541,-5.475356578826904,0.7954820990562439,0.0,88.27758903575302,23040.0
-5.024493217468262,-5.7672858238220215,0.7427938580513,0.0,59.81034721347887,23040.0
-4.760213375091553,-5.453990459442139,0.6937761306762695,0.0,119.12059641415271,23040.0
-5.005603313446045,-5.715662479400635,0.710058867931366,0.0,83.79302725124813,23040.0
-5.242400169372559,-5.982809066772461,0.740409255027771,0.0,55.86000932393802,23040.0
-5.154406547546387,-5.870348930358887,0.7159449458122253,0.0,73.34765076885034,23040.0
-5.4009552001953125,-6.082381725311279,0.681427538394928,0.0,73.51291211588689,23040.0
-4.875741481781006,-5.636744976043701,0.7610029578208923,0.0,81.38337350265391,23040.0
-4.284626483917236,-5.093874931335449,0.8092491030693054,0.0,92.96260204589647,23040.0
-4.421998500823975,-5.265051364898682,0.8430535793304443,0.0,94.2837626927231,23040.0
-3.7584404945373535,-4.72749137878418,0.9690507054328918,0.0,118.42554884795837,23040.0
-1.6907336711883545,-2.771754264831543,1.0810214281082153,0.0,269.1289666164741,23040.0
-0.37554219365119934,-1.6897209882736206,1.3141783475875854,0.0,200.84733445154268,23040.0
-1.8250832557678223,-3.0883429050445557,1.2632592916488647,0.0,152.66529829832,23040.0
-2.4120635986328125,-3.500772476196289,1.0887091159820557,0.0,123.1810227765029,23040.0
-2.520538568496704,-3.561171770095825,1.0406333208084106,0.0,113.99535003356837,23040.0
-2.660836696624756,-3.707746744155884,1.0469087362289429,0.0,128.33240723741233,23040.0
-3.0102040767669678,-4.029399871826172,1.019195556640625,0.0,78.35591587959367,23040.0
-3.2025411128997803,-4.1808085441589355,0.9782677292823792,0.0,87.78378921249637,23040.0
-3.450493812561035,-4.348597526550293,0.8981038331985474,0.0,72.73483881480507,23040.0
-3.6686410903930664,-4.507046222686768,0.8384040594100952,0.0,55.489119311730555,23040.0
-3.611313819885254,-4.423413276672363,0.8120993971824646,0.0,61.064165988846696,23040.0
-3.7103028297424316,-4.482797145843506,0.7724936604499817,0.0,54.60267140820778,23040.0
-3.743619441986084,-4.487932205200195,0.7443119287490845,0.0,52.774910642011456,23040.0
-3.9312822818756104,-4.656021595001221,0.7247399091720581,0.0,50.54274155200515,23040.0
-4.025647163391113,-4.739401817321777,0.7137539386749268,0.0,50.63640793444764,23040.0
-4.098689556121826,-4.816542625427246,0.7178542017936707,0.0,46.86178605234255,23040.0
-4.203551769256592,-4.935878276824951,0.7323259115219116,0.0,39.98667150933675,23040.0
-4.202309608459473,-4.951594829559326,0.7492859959602356,0.0,41.11657255376441,23040.0
-4.363622188568115,-5.104391098022461,0.7407694458961487,0.0,42.83305927757374,23040.0
-4.402732849121094,-5.1323370933532715,0.7296059727668762,0.0,34.246741594849965,23040.0
-4.49014949798584,-5.200031280517578,0.7098838686943054,0.0,27.969025319185228,23040.0
-4.502621650695801,-5.207273483276367,0.7046512365341187,0.0,38.49920364731578,23040.0
-4.540872573852539,-5.24422550201416,0.7033507227897644,0.0,29.739836269480005,23040.0
-4.845984935760498,-5.513771057128906,0.667786180973053,0.0,26.076813007154538,23040.0
-4.752185344696045,-5.403646945953369,0.6514610052108765,0.0,41.012164090880795,23040.0
-4.757964611053467,-5.416186332702637,0.6582197546958923,0.0,28.114543726229286,23040.0
-4.831359386444092,-5.501119136810303,0.669760525226593,0.0,28.120682521261944,23040.0
-4.869757652282715,-5.561094760894775,0.691338300704956,0.0,39.2609974945359,23040.0
-5.002256870269775,-5.686956882476807,0.6847006678581238,0.0,22.925233611059735,23040.0
-5.022611618041992,-5.702190399169922,0.6795772314071655,0.0,28.633601759892233,23040.0
-4.964082717895508,-5.649169445037842,0.6850898265838623,0.0,29.334727214650226,23040.0
-5.071461200714111,-5.751731872558594,0.6802712678909302,0.0,30.21925334708852,23040.0
-5.224886894226074,-5.8980712890625,0.6731848120689392,0.0,27.99013896957973,23040.0
-5.196743488311768,-5.860949516296387,0.664206862449646,0.0,28.74250752439044,23040.0
-5.343352317810059,-6.00299596786499,0.6596453189849854,0.0,29.883244164900724,23040.0
-5.278192043304443,-5.94827938079834,0.6700881719589233,0.0,31.54496709578689,23040.0
-5.434432029724121,-6.103133201599121,0.6687018275260925,0.0,19.305252199007974,23040.0
-5.5936808586120605,-6.267848491668701,0.6741658449172974,0.0,32.337334982602776,23040.0
-5.453047275543213,-6.137046813964844,0.684000551700592,0.0,33.609983838785276,23040.0
-5.545300483703613,-6.216673374176025,0.6713712811470032,0.0,26.42352079895952,23040.0
-5.598431587219238,-6.273226737976074,0.6747959852218628,0.0,29.96032354144026,23040.0
-5.567202568054199,-6.250946521759033,0.6837438941001892,0.0,26.649639998613136,23040.0
-5.624953746795654,-6.313525199890137,0.6885704398155212,0.0,28.418965454390392,23040.0
-5.5745954513549805,-6.2888970375061035,0.7143022418022156,0.0,22.004931454184714,23040.0
-5.631071090698242,-6.356029033660889,0.724958062171936,0.0,30.61745985434129,23040.0
-5.702470779418945,-6.445130825042725,0.7426590919494629,0.0,27.83285535561929,23040.0
-5.521125793457031,-6.303018569946289,0.7818924784660339,0.0,20.953030318406352,23040.0
-5.706490516662598,-6.479013442993164,0.7725205421447754,0.0,22.45513723699734,23040.0
-5.516529083251953,-6.328007221221924,0.8114790320396423,0.0,23.220765771951253,23040.0
-5.659210681915283,-6.4478325843811035,0.7886214256286621,0.0,27.47222674945857,23040.0
-5.7339186668396,-6.51288366317749,0.7789636254310608,0.0,23.515652399133128,23040.0
-5.698057174682617,-6.4866042137146,0.7885459065437317,0.0,29.587019064878987,23040.0
-5.7242655754089355,-6.495656967163086,0.7713908553123474,0.0,29.615076801549005,23040.0
-5.658024311065674,-6.436485290527344,0.7784631252288818,0.0,28.92554397903552,23040.0
-5.752496242523193,-6.507681846618652,0.7551839351654053,0.0,29.7338457681554,23040.0
-5.708317279815674,-6.45626974105835,0.7479533553123474,0.0,25.797087413995644,23040.0
-5.663999080657959,-6.420055389404297,0.7560552954673767,0.0,36.82302078097954,23040.0
-5.8015313148498535,-6.537198066711426,0.7356678247451782,0.0,26.342808483757043,23040.0
-5.7992472648620605,-6.537701606750488,0.7384556531906128,0.0,32.13173182392471,23040.0
-5.882059574127197,-6.633308410644531,0.7512503862380981,0.0,27.682766035400782,23040.0
-5.791260242462158,-6.544102668762207,0.7528409361839294,0.0,35.5041736206742,23040.0
-5.8917155265808105,-6.646877765655518,0.7551626563072205,0.0,22.979369586870632,23040.0
-5.836732387542725,-6.600203514099121,0.7634686231613159,0.0,29.321212586369143,23040.0
-5.757532596588135,-6.534539699554443,0.7770056128501892,0.0,21.429922623706275,23040.0
-5.784066200256348,-6.558829307556152,0.774761974811554,0.0,34.04068748893469,23040.0
-5.798960208892822,-6.577133655548096,0.7781733870506287,0.0,25.387851608824153,23040.0
-5.826150894165039,-6.596246242523193,0.7700968980789185,0.0,33.223964259129126,23040.0
-5.896103382110596,-6.656468391418457,0.7603679299354553,0.0,42.35791297309065,23040.0
-5.887017250061035,-6.646569728851318,0.7595542073249817,0.0,39.24010566310512,23040.0
-5.861968994140625,-6.6297783851623535,0.7678080797195435,0.0,37.93064431397654,23040.0
-5.843236446380615,-6.606529235839844,0.7632924318313599,0.0,52.229913754797515,23040.0
-5.880369663238525,-6.637791156768799,0.7574234008789062,0.0,26.36532273822928,23040.0
-5.803797721862793,-6.575976371765137,0.7721781134605408,0.0,63.52162346595513,23040.0
-6.004881381988525,-6.766292095184326,0.7614080905914307,0.0,18.490713864272067,23040.0
-5.752281188964844,-6.541697025299072,0.7894167304039001,0.0,37.66348471925414,23040.0
-5.973311901092529,-6.765720844268799,0.7924084067344666,0.0,22.048768117228114,23040.0
-5.803267955780029,-6.6197381019592285,0.8164684772491455,0.0,40.44436439463018,23040.0
-5.861241340637207,-6.668747901916504,0.8075069189071655,0.0,22.650760387790164,23040.0
-5.955465316772461,-6.759296894073486,0.8038313388824463,0.0,39.41418522614557,23040.0
-5.949509620666504,-6.737736701965332,0.7882280945777893,0.0,30.249357432562945,23040.0
-5.9348673820495605,-6.735846519470215,0.8009766340255737,0.0,44.09121234370831,23040.0
-5.839849948883057,-6.667944431304932,0.8280950784683228,0.0,24.449372830334127,23040.0
-5.900864601135254,-6.707265377044678,0.8063995242118835,0.0,27.84807597174061,23040.0
-5.992637634277344,-6.782471179962158,0.7898339033126831,0.0,32.49619211733126,23040.0
-5.882331848144531,-6.696524620056152,0.8141921162605286,0.0,26.65031514935256,23040.0
-5.916582107543945,-6.719703674316406,0.8031196594238281,0.0,37.23279032453848,23040.0
-5.979086875915527,-6.778797149658203,0.7997093796730042,0.0,39.22871002525351,23040.0
-6.082207679748535,-6.864153861999512,0.7819463014602661,0.0,46.47251391104323,23040.0
-6.003554344177246,-6.800700664520264,0.7971466779708862,0.0,42.754239356150535,23040.0
-5.9778733253479,-6.791292190551758,0.8134199380874634,0.0,50.231202501465596,23040.0
-5.885868549346924,-6.715519905090332,0.8296530842781067,0.0,32.474494280092145,23040.0
-5.904236316680908,-6.749569416046143,0.8453314900398254,0.0,42.710151400276175,23040.0
-5.977554798126221,-6.799035549163818,0.8214802145957947,0.0,44.70208832963961,23040.0
-6.031978130340576,-6.840121746063232,0.8081437945365906,0.0,28.482729577387843,23040.0
-6.06142520904541,-6.891521453857422,0.8300979733467102,0.0,30.50665096514317,23040.0
-6.022979736328125,-6.841567039489746,0.818587601184845,0.0,24.43421352340392,23040.0
-6.070398807525635,-6.889859199523926,0.8194620013237,0.0,26.368169067952067,23040.0
-5.911893844604492,-6.762308597564697,0.8504132032394409,0.0,27.89983609642709,23040.0
-6.083683967590332,-6.9137959480285645,0.830112099647522,0.0,26.94623941886923,23040.0
-6.00280237197876,-6.849118232727051,0.846316933631897,0.0,38.39162949528019,23040.0
-6.002530097961426,-6.841984272003174,0.8394510746002197,0.0,25.981818071287314,23040.0
-5.993220806121826,-6.855948448181152,0.8627278804779053,0.0,21.0058267755007,23040.0
-5.934492111206055,-6.8035569190979,0.869062066078186,0.0,50.949291704003834,23040.0
-5.981114864349365,-6.854971885681152,0.8738561272621155,0.0,62.4804030864483,23040.0
-5.844045639038086,-6.714192867279053,0.870146632194519,0.0,57.24960743389989,23040.0
-6.005086421966553,-6.857234001159668,0.8521473407745361,0.0,70.74897950875783,23040.0
-6.034770488739014,-6.889761924743652,0.8549911379814148,0.0,47.61650146689096,23040.0
-5.8897576332092285,-6.784448146820068,0.8946924805641174,0.0,57.40573264839644,23040.0
-5.920835494995117,-6.806346416473389,0.8855123519897461,0.0,77.72571632574228,23040.0
-6.0540452003479,-6.918885707855225,0.8648398518562317,0.0,46.41621727247523,23040.0
-5.968421936035156,-6.857115268707275,0.8886957764625549,0.0,45.94167417194215,23040.0
-5.944252014160156,-6.816642761230469,0.8723909854888916,0.0,51.25463714537849,23040.0
-6.049365043640137,-6.904776573181152,0.8554123044013977,0.0,44.72929139724718,23040.0
-5.950037479400635,-6.824885368347168,0.8748468160629272,0.0,52.175639914198,23040.0
-5.9459357261657715,-6.801325798034668,0.855389416217804,0.0,54.44647001828401,23040.0
-6.052615165710449,-6.895827770233154,0.8432102799415588,0.0,34.91418698640267,23040.0
-5.9207634925842285,-6.779327392578125,0.8585660457611084,0.0,70.45670777531228,23040.0
-5.823618412017822,-6.674334526062012,0.8507148027420044,0.0,94.51652470130219,23040.0
-6.034052848815918,-6.87103796005249,0.8369851112365723,0.0,50.37472155779753,23040.0
-5.863059997558594,-6.729222774505615,0.8661623597145081,0.0,86.00061929431578,23040.0
-5.778019428253174,-6.663719177246094,0.8857010006904602,0.0,97.16250597701735,23040.0
-5.983596324920654,-6.848134517669678,0.8645389080047607,0.0,56.083410915144746,23040.0
-5.891535758972168,-6.770297050476074,0.8787634968757629,0.0,95.46913605594804,23040.0
-5.7947096824646,-6.7046122550964355,0.9099017381668091,0.0,77.13463811685907,23040.0
-5.927079200744629,-6.837855339050293,0.9107762575149536,0.0,79.65530802928438,23040.0
-5.835460186004639,-6.7225728034973145,0.8871108293533325,0.0,106.33897544151648,23040.0
-5.925769805908203,-6.821737289428711,0.8959691524505615,0.0,80.02302149626166,23040.0
-5.611743927001953,-6.5611042976379395,0.9493595361709595,0.0,83.4366365250954,23040.0
-5.75616979598999,-6.648924350738525,0.8927546739578247,0.0,89.54347655649934,23040.0
-5.870396137237549,-6.7363104820251465,0.8659143447875977,0.0,68.31263769046753,23040.0
-5.574481010437012,-6.446924686431885,0.8724436163902283,0.0,90.49236876149008,23040.0
-5.856637001037598,-6.709346294403076,0.8527103662490845,0.0,70.10095684755623,23040.0
-5.982487678527832,-6.8429179191589355,0.8604300022125244,0.0,59.9268643216975,23040.0
-5.737010955810547,-6.601675987243652,0.864665150642395,0.0,85.57381166954997,23040.0
-5.851078510284424,-6.725123405456543,0.8740463852882385,0.0,51.59493529455252,23040.0
-5.773312091827393,-6.665395736694336,0.8920848369598389,0.0,74.87565229901715,23040.0
-5.931854248046875,-6.805797576904297,0.8739443421363831,0.0,48.00017608321498,23040.0
-5.93939208984375,-6.822060585021973,0.8826709985733032,0.0,61.555064915018534,23040.0
-6.025140285491943,-6.910078048706055,0.8849378824234009,0.0,59.84573152930757,23040.0
-6.019649028778076,-6.926835060119629,0.907185971736908,0.0,41.4213536763513,23040.0
-5.84093713760376,-6.766621112823486,0.9256868958473206,0.0,59.114173572832485,23040.0
-5.994116306304932,-6.893548011779785,0.8994318842887878,0.0,45.97136739834219,23040.0
-6.012876987457275,-6.917111396789551,0.9042351841926575,0.0,49.420002016564275,23040.0
-5.9444098472595215,-6.876192092895508,0.9317835569381714,0.0,51.550797488594675,23040.0
-5.894955635070801,-6.788938999176025,0.8939851522445679,0.0,45.81938163128176,23040.0
-5.9783406257629395,-6.858734130859375,0.8803898096084595,0.0,52.21320507592774,23040.0
-6.105820178985596,-6.998899936676025,0.8930807113647461,0.0,49.29686467290881,23040.0
-6.047539710998535,-6.936025619506836,0.888486921787262,0.0,53.107876760474674,23040.0
-5.787561893463135,-6.72629451751709,0.9387351274490356,0.0,54.58722809463579,23040.0
-5.990695476531982,-6.902835369110107,0.9121394753456116,0.0,62.112479327748304,23040.0
-6.039206504821777,-6.9492621421813965,0.9100589156150818,0.0,61.93674371361315,23040.0
-5.921041488647461,-6.846172332763672,0.9251288771629333,0.0,76.63156413153523,23040.0
-5.957968711853027,-6.909039497375488,0.9510722756385803,0.0,56.66442656506177,23040.0
-5.978778839111328,-6.941936016082764,0.9631590247154236,0.0,76.80522273036324,23040.0
-6.0055670738220215,-6.952945232391357,0.9473786354064941,0.0,57.80733941217689,23040.0
-6.184732913970947,-7.137385845184326,0.9526533484458923,0.0,65.24694587492633,23040.0
-6.049031734466553,-7.001782417297363,0.9527500867843628,0.0,62.78964956859701,23040.0
-6.004192352294922,-6.9721598625183105,0.9679690599441528,0.0,68.17013828687192,23040.0
-6.179481506347656,-7.123486518859863,0.944004237651825,0.0,64.89307030359954,23040.0
-6.018856525421143,-6.974803447723389,0.9559495449066162,0.0,60.636920401683916,23040.0
-6.0917534828186035,-7.03142786026001,0.9396766424179077,0.0,63.071225118952206,23040.0
-6.108363151550293,-7.02807092666626,0.9197072386741638,0.0,57.987760632481205,23040.0
-6.310962677001953,-7.219482898712158,0.9085225462913513,0.0,63.471541978186416,23040.0
-6.0757060050964355,-6.997256278991699,0.9215519428253174,0.0,59.82223992172739,23040.0
-6.117460250854492,-7.057379245758057,0.9399187564849854,0.0,71.01729551124109,23040.0
-6.15355110168457,-7.095931053161621,0.9423795938491821,0.0,52.822353835879404,23040.0
-6.143040657043457,-7.090485095977783,0.9474449753761292,0.0,82.72227267580158,23040.0
-6.129875183105469,-7.1010422706604,0.971166729927063,0.0,43.517280007572595,23040.0
-6.037714958190918,-7.02548360824585,0.9877688884735107,0.0,95.69919854821381,23040.0
-5.957035541534424,-6.972916603088379,1.015881896018982,0.0,61.28486830754663,23040.0
-6.268754959106445,-7.249926567077637,0.9811739325523376,0.0,51.02605449555358,23040.0
-6.092557907104492,-7.106645584106445,1.0140902996063232,0.0,58.75316635266114,23040.0
-5.933901786804199,-6.944616794586182,1.010715365409851,0.0,60.720502165105515,23040.0
-6.282349109649658,-7.263591766357422,0.9812431335449219,0.0,31.915391321348135,23040.0
-5.646835803985596,-6.674233436584473,1.0273973941802979,0.0,101.0162521885132,23040.0
-5.832590579986572,-6.791958808898926,0.9593678116798401,0.0,87.78832304296971,23040.0
-5.786203384399414,-6.741297245025635,0.9550947546958923,0.0,66.9606064414866,23040.0
-6.035615921020508,-6.975019454956055,0.9394029974937439,0.0,83.9000686805466,23040.0
-5.6830878257751465,-6.651933670043945,0.9688470363616943,0.0,92.0802957139881,23040.0
-6.030512809753418,-6.968234062194824,0.9377192258834839,0.0,89.15551272946396,23040.0
-5.997202396392822,-6.927069664001465,0.9298673272132874,0.0,67.64345502650993,23040.0
-5.90141487121582,-6.832377910614014,0.9309618473052979,0.0,90.9931220713608,23040.0
-5.974483966827393,-6.921409606933594,0.9469241499900818,0.0,59.09270152956288,23040.0
-5.743155479431152,-6.702613830566406,0.9594614505767822,0.0,88.48372264108443,23040.0
-5.884468078613281,-6.850054740905762,0.9655885696411133,0.0,72.94922154340699,23040.0
-5.900898456573486,-6.834612846374512,0.9337130784988403,0.0,67.41542980778655,23040.0
-5.966727256774902,-6.874754428863525,0.9080260992050171,0.0,77.00550723133863,23040.0
-6.127044200897217,-7.027401924133301,0.9003599286079407,0.0,61.24171949041811,23040.0
-5.805255889892578,-6.780741214752197,0.9754838943481445,0.0,66.23623350897059,23040.0
-5.944224834442139,-6.875133037567139,0.9309087991714478,0.0,69.91323829526766,23040.0
-6.05078649520874,-6.969325065612793,0.9185393452644348,0.0,56.87088589544008,23040.0
-5.654587268829346,-6.59266471862793,0.9380768537521362,0.0,77.30013940315342,23040.0
-5.98275089263916,-6.9109110832214355,0.9281594753265381,0.0,58.014767823372104,23040.0
-5.893928527832031,-6.859379768371582,0.965452253818512,0.0,83.52819097439763,23040.0
-6.2006659507751465,-7.14909553527832,0.948429524898529,0.0,73.20881936483349,23040.0
-5.83799934387207,-6.8270792961120605,0.9890777468681335,0.0,68.98493533268001,23040.0
-5.924840450286865,-6.924830436706543,0.9999858140945435,0.0,73.86719230748486,23040.0
-6.085574150085449,-7.060170650482178,0.9745969176292419,0.0,70.0819352040164,23040.0
-6.00066614151001,-6.990734100341797,0.9900683760643005,0.0,70.77626738328857,23040.0
-5.901102542877197,-6.908352851867676,1.0072484016418457,0.0,83.29440702838167,23040.0
-6.0804524421691895,-7.039412498474121,0.958959698677063,0.0,61.88162855430815,23040.0
-5.962928771972656,-6.933823108673096,0.9708954691886902,0.0,88.99133221555974,23040.0
-5.98026180267334,-6.970269680023193,0.9900087118148804,0.0,64.64552982852533,23040.0
-6.059647083282471,-7.064000606536865,1.0043532848358154,0.0,78.60206569253825,23040.0
-6.115960597991943,-7.075444221496582,0.9594840407371521,0.0,69.08299770697869,23040.0
-6.064188480377197,-7.032318115234375,0.9681304097175598,0.0,62.09665499299177,23040.0
-6.071221351623535,-7.040966033935547,0.9697467088699341,0.0,70.02201547237071,23040.0
-6.190885543823242,-7.134692192077637,0.9438064694404602,0.0,67.07396501074074,23040.0
-5.934376239776611,-6.873673439025879,0.9392983317375183,0.0,80.37921524258931,23040.0
-5.811025142669678,-6.787364482879639,0.9763389825820923,0.0,73.42794523096728,23040.0
-6.077707767486572,-7.050084590911865,0.9723781943321228,0.0,77.78117030385236,23040.0
-6.07209587097168,-7.058409214019775,0.9863144159317017,0.0,65.30871758509585,23040.0
-6.147799491882324,-7.142619609832764,0.9948190450668335,0.0,72.99259066049929,23040.0
-5.971681594848633,-7.020468711853027,1.0487874746322632,0.0,60.18555712425043,23040.0
-6.036992073059082,-7.089248180389404,1.0522557497024536,0.0,62.980283306806776,23040.0
-6.152711391448975,-7.189334392547607,1.0366241931915283,0.0,48.806142179348186,23040.0
-6.204792499542236,-7.2396016120910645,1.034806728363037,0.0,53.170735071478646,23040.0
-6.081023693084717,-7.152724742889404,1.071700930595398,0.0,38.11075115450985,23040.0
-6.202754497528076,-7.247237205505371,1.0444828271865845,0.0,48.30292732096377,23040.0
-6.16420841217041,-7.173567771911621,1.0093573331832886,0.0,35.23878349818444,23040.0
-6.270255088806152,-7.274546146392822,1.0042914152145386,0.0,44.12236492691623,23040.0
-6.09302282333374,-7.107927322387695,1.014905333518982,0.0,40.83137336627238,23040.0
-5.964405536651611,-6.950888633728027,0.9864823818206787,0.0,47.02591458523708,23040.0
-6.217945575714111,-7.180010795593262,0.9620634317398071,0.0,40.01341957593051,23040.0
-6.145252227783203,-7.137213706970215,0.9919599890708923,0.0,54.273346361503386,23040.0
-6.158884048461914,-7.147475719451904,0.9885910749435425,0.0,57.50378085020833,23040.0
-6.134158611297607,-7.16848087310791,1.0343225002288818,0.0,32.889686901670046,23040.0
-6.024625778198242,-7.07278299331665,1.0481595993041992,0.0,72.11544652125156,23040.0
-6.082977771759033,-7.152926445007324,1.0699485540390015,0.0,56.553905625888135,23040.0
-6.102218151092529,-7.1955647468566895,1.0933454036712646,0.0,32.68484950467916,23040.0
-5.9062933921813965,-7.007248878479004,1.1009546518325806,0.0,64.9439816154326,23040.0
-6.204562187194824,-7.276660919189453,1.0721004009246826,0.0,27.438465058777755,23040.0
-6.209636688232422,-7.269725322723389,1.0600895881652832,0.0,62.23508040141405,23040.0
-6.191305160522461,-7.274611949920654,1.0833081007003784,0.0,29.027433526023344,23040.0
-5.931314468383789,-7.030114650726318,1.0988000631332397,0.0,65.76802381903425,23040.0
-6.164947986602783,-7.231314659118652,1.066366195678711,0.0,46.109279005099935,23040.0
-6.138916492462158,-7.175110340118408,1.0361948013305664,0.0,56.9770662049328,23040.0
-6.235240459442139,-7.209644794464111,0.9744046330451965,0.0,58.97124619877837,23040.0
-6.190255165100098,-7.184062957763672,0.993808388710022,0.0,61.500760313270845,23040.0
-5.767326354980469,-6.75535774230957,0.9880324602127075,0.0,86.95314371542358,23040.0
-6.073633670806885,-7.062674522399902,0.9890405535697937,0.0,44.401813287315576,23040.0
-6.000817775726318,-7.014657020568848,1.0138416290283203,0.0,93.13364102070793,23040.0
-5.828051567077637,-6.869821548461914,1.0417687892913818,0.0,91.14112706601256,23040.0
-6.080375671386719,-7.144658088684082,1.0642809867858887,0.0,45.776065467904836,23040.0
-5.832643508911133,-6.903985023498535,1.0713413953781128,0.0,112.30265564619108,23040.0
-6.073339939117432,-7.161312580108643,1.0879734754562378,0.0,36.00330328612548,23040.0
-5.771607875823975,-6.867891311645508,1.0962826013565063,0.0,72.45342399352178,23040.0
-6.142025947570801,-7.21423864364624,1.0722132921218872,0.0,33.75854245699406,23040.0
-5.617077350616455,-6.71909236907959,1.102014422416687,0.0,77.0008521123955,23040.0
-6.02406120300293,-7.097236633300781,1.073173999786377,0.0,45.05782188603964,23040.0
-5.989452362060547,-7.045197010040283,1.0557442903518677,0.0,68.25825945036688,23040.0
-5.97431755065918,-7.023540019989014,1.0492217540740967,0.0,49.89434713209028,23040.0
-5.873504161834717,-6.950580596923828,1.077077031135559,0.0,66.14667049256225,23040.0
-5.8413472175598145,-6.927792549133301,1.0864454507827759,0.0,49.79476862450643,23040.0
-5.901415824890137,-6.930376052856445,1.028959035873413,0.0,68.51823262477394,23040.0
-5.854903221130371,-6.816327095031738,0.9614225029945374,0.0,51.4060524713748,23040.0
-5.934579849243164,-6.869694232940674,0.9351138472557068,0.0,73.72904923415221,23040.0
-6.021502494812012,-6.99315071105957,0.9716475605964661,0.0,48.25640695437907,23040.0
-5.987943649291992,-6.9695868492126465,0.9816442131996155,0.0,74.7993200817525,23040.0
-5.9987711906433105,-6.997378826141357,0.9986073970794678,0.0,60.835874930358656,23040.0
-5.968564033508301,-7.012143135070801,1.0435783863067627,0.0,68.74897321380784,23040.0
-6.07432746887207,-7.124452114105225,1.0501258373260498,0.0,59.68212716477867,23040.0
-5.943442344665527,-7.024529933929443,1.0810879468917847,0.0,63.85210675285539,23040.0
-5.951889514923096,-7.025754928588867,1.0738641023635864,0.0,88.29436257594108,23040.0
-6.145816326141357,-7.241462707519531,1.095646619796753,0.0,59.03660734944375,23040.0
-5.947964668273926,-7.026627540588379,1.0786627531051636,0.0,88.84774184008101,23040.0
-6.11961555480957,-7.191079139709473,1.0714632272720337,0.0,65.57949371229138,23040.0
-6.06574010848999,-7.140551567077637,1.0748116970062256,0.0,69.79339130417414,23040.0
-6.087835788726807,-7.191741466522217,1.1039063930511475,0.0,66.60915674185709,23040.0
-6.080322742462158,-7.169155597686768,1.088834524154663,0.0,61.83106153982505,23040.0
-6.1516499519348145,-7.214571952819824,1.0629218816757202,0.0,56.32439118399616,23040.0
-6.147396564483643,-7.18389368057251,1.0364937782287598,0.0,56.50347336117787,23040.0
-6.258776664733887,-7.299123764038086,1.0403486490249634,0.0,49.47428463541502,23040.0
-6.263150215148926,-7.292266368865967,1.0291154384613037,0.0,52.06183034597561,23040.0
-6.371848106384277,-7.392486095428467,1.020638108253479,0.0,44.66307603331319,23040.0
-6.311160564422607,-7.320109844207764,1.0089499950408936,0.0,56.880707747322795,23040.0
-6.169271469116211,-7.204721450805664,1.0354466438293457,0.0,46.868692241288656,23040.0
-6.177876949310303,-7.236440658569336,1.0585625171661377,0.0,51.92445029157339,23040.0
-6.162286281585693,-7.245025157928467,1.0827431678771973,0.0,45.65562131504768,23040.0
-6.253978252410889,-7.354413986206055,1.1004383563995361,0.0,48.32261666941977,23040.0
-6.427769184112549,-7.514636993408203,1.0868667364120483,0.0,42.680823512045826,23040.0
-6.250823974609375,-7.376739978790283,1.1259158849716187,0.0,42.33870150087972,23040.0
-6.316934585571289,-7.43902063369751,1.1220877170562744,0.0,36.73811596284143,23040.0
-6.302949905395508,-7.423313617706299,1.1203670501708984,0.0,42.9028958026737,23040.0
-6.421457767486572,-7.53008508682251,1.1086286306381226,0.0,34.045027275524525,23040.0
-6.426234245300293,-7.5252461433410645,1.0990129709243774,0.0,39.566476712342784,23040.0
-6.214721202850342,-7.339630603790283,1.1249091625213623,0.0,40.9413780633511,23040.0
-6.077577590942383,-7.247208595275879,1.169630527496338,0.0,46.48695790912274,23040.0
-6.069228649139404,-7.159223556518555,1.0899944305419922,0.0,59.79111683664054,23040.0
-6.18768310546875,-7.294671058654785,1.1069903373718262,0.0,80.74120047892896,23040.0
-6.353021144866943,-7.432873725891113,1.079850673675537,0.0,39.36351675762294,23040.0
-6.194483280181885,-7.2923455238342285,1.0978641510009766,0.0,45.16984595596862,23040.0
-6.298930644989014,-7.3924336433410645,1.093504786491394,0.0,29.99257693443795,23040.0
-6.167698860168457,-7.277237892150879,1.109540581703186,0.0,49.51088584561815,23040.0
-6.335065841674805,-7.421680927276611,1.0866131782531738,0.0,33.48948271052782,23040.0
-6.2447428703308105,-7.368101119995117,1.1233564615249634,0.0,42.55468140151891,23040.0
-6.20781946182251,-7.329782485961914,1.121964931488037,0.0,57.60150099157541,23040.0
-6.06536340713501,-7.197296619415283,1.1319326162338257,0.0,78.48440993608314,23040.0
-6.3186116218566895,-7.428304195404053,1.109695315361023,0.0,41.94393531060256,23040.0
-6.307429313659668,-7.439127445220947,1.1316981315612793,0.0,39.65171433868718,23040.0
-6.222914695739746,-7.341522693634033,1.118607759475708,0.0,43.49370893676356,23040.0
-6.349161148071289,-7.430438041687012,1.0812760591506958,0.0,48.47508443630823,23040.0
-6.395895957946777,-7.504604816436768,1.1087080240249634,0.0,33.85036691552488,23040.0
-6.430059909820557,-7.524851322174072,1.0947920083999634,0.0,36.43672425885857,23040.0
-6.296402454376221,-7.400710582733154,1.1043065786361694,0.0,26.459514519576633,23040.0
-6.3825201988220215,-7.477711200714111,1.095190167427063,0.0,36.7529346611433,23040.0
-6.344614028930664,-7.434234142303467,1.0896188020706177,0.0,25.484733785722135,23040.0
-6.260685443878174,-7.366281509399414,1.105597972869873,0.0,34.23706092191442,23040.0
-6.311724662780762,-7.425590515136719,1.113865613937378,0.0,35.382795623916,23040.0
-6.299907684326172,-7.404109001159668,1.104200005531311,0.0,48.566728945831876,23040.0
-6.054779529571533,-7.196019172668457,1.1412378549575806,0.0,80.4223236633239,23040.0
-4.7085490226745605,-5.943385124206543,1.2348356246948242,0.0,131.31897300327174,23040.0
-5.54190731048584,-6.748932361602783,1.2070245742797852,0.0,84.22993874365136,23040.0
-4.529325485229492,-5.742023944854736,1.212698221206665,0.0,201.9958857804553,23040.0
-3.9241583347320557,-5.22497034072876,1.3008110523223877,0.0,158.43200420759393,23040.0
-3.1368086338043213,-4.541860103607178,1.405050277709961,0.0,106.44746817453668,23040.0
-2.956003189086914,-4.404260158538818,1.448257565498352,0.0,131.41045031654224,23040.0
-3.565643548965454,-4.921385288238525,1.3557406663894653,0.0,68.03831590604015,23040.0
-3.6402039527893066,-4.948816776275635,1.3086133003234863,0.0,92.04527540263146,23040.0
-4.003982067108154,-5.2319560050964355,1.2279727458953857,0.0,35.36657550814649,23040.0
-3.9432950019836426,-5.117869853973389,1.1745737791061401,0.0,69.10541256805978,23040.0
-3.996954917907715,-5.106947898864746,1.1099919080734253,0.0,54.93203188314005,23040.0
-4.1567840576171875,-5.206899642944336,1.050118327140808,0.0,32.09163627494034,23040.0
-4.331252574920654,-5.285279750823975,0.9540271162986755,0.0,46.971600433449034,23040.0
-4.363979816436768,-5.277802467346191,0.9138213396072388,0.0,42.60096844008169,23040.0
-4.487361431121826,-5.357515335083008,0.8701549768447876,0.0,28.42528914611884,23040.0
-4.6604719161987305,-5.477118492126465,0.8166471719741821,0.0,33.041057522176125,23040.0
-4.592247009277344,-5.4160919189453125,0.8238459229469299,0.0,34.50878040675004,23040.0
-4.746429920196533,-5.542564392089844,0.7961326837539673,0.0,25.432556412089784,23040.0
-4.958811283111572,-5.728596210479736,0.7697867751121521,0.0,28.64360529245647,23040.0
-4.972450256347656,-5.761703014373779,0.7892516851425171,0.0,30.2393977634031,23040.0
-4.910056114196777,-5.725881099700928,0.815825343132019,0.0,26.823366831683444,23040.0
-5.078373432159424,-5.902200698852539,0.8238276243209839,0.0,27.27921253886584,23040.0
-5.18448543548584,-6.0342698097229,0.8497866988182068,0.0,27.54314074660798,23040.0
-5.10022497177124,-5.976022720336914,0.8757997155189514,0.0,22.875810554343943,23040.0
-5.1083221435546875,-6.028041362762451,0.9197187423706055,0.0,29.146110076228645,23040.0
-5.097724914550781,-6.035562992095947,0.9378363490104675,0.0,34.72375142340621,23040.0
-5.198550224304199,-6.143636703491211,0.9450854659080505,0.0,25.190242220412195,23040.0
-5.438529014587402,-6.357577323913574,0.9190486669540405,0.0,44.38318199706345,23040.0
-5.544256687164307,-6.475579261779785,0.9313218593597412,0.0,27.30416551973588,23040.0
-5.588439464569092,-6.531869888305664,0.9434314370155334,0.0,37.63756684960304,23040.0
-5.488659858703613,-6.468535900115967,0.979876697063446,0.0,31.382611487943873,23040.0
-5.803752899169922,-6.746965408325195,0.9432128667831421,0.0,28.246519869493937,23040.0
-5.667828559875488,-6.6201558113098145,0.9523277878761292,0.0,37.54149065146363,23040.0
-5.791410446166992,-6.734130382537842,0.9427217245101929,0.0,27.240834608009713,23040.0
-5.922161102294922,-6.866805076599121,0.9446445107460022,0.0,24.082654352352787,23040.0
-5.824403762817383,-6.775959014892578,0.9515553116798401,0.0,32.71633614284516,23040.0
-5.923472881317139,-6.890112400054932,0.9666401147842407,0.0,22.629154154875103,23040.0
-5.941104412078857,-6.926607131958008,0.9855031371116638,0.0,26.55399723233764,23040.0
-5.881248474121094,-6.911357879638672,1.0301107168197632,0.0,32.52926823852145,23040.0
-5.992744445800781,-7.0352044105529785,1.04245924949646,0.0,27.568911777081137,23040.0
-6.0500311851501465,-7.107120990753174,1.05708909034729,0.0,31.051291284596257,23040.0
-5.917235851287842,-7.043166637420654,1.1259291172027588,0.0,29.921458998655403,23040.0
-6.024052143096924,-7.122142791748047,1.0980911254882812,0.0,29.32181170804914,23040.0
-5.99245548248291,-7.119336128234863,1.1268783807754517,0.0,31.75371430252322,23040.0
-6.069484233856201,-7.19921875,1.1297367811203003,0.0,20.218228464620967,23040.0
-6.146347522735596,-7.277889728546143,1.1315412521362305,0.0,27.17471911604254,23040.0
-6.123941421508789,-7.268548488616943,1.1446058750152588,0.0,17.071072561949727,23040.0
-6.044719219207764,-7.220478057861328,1.1757590770721436,0.0,23.001086539103788,23040.0
-6.023204326629639,-7.200170993804932,1.1769657135009766,0.0,27.374035406174823,23040.0
-6.17709493637085,-7.33038330078125,1.1532905101776123,0.0,25.922587307884445,23040.0
-6.2080817222595215,-7.357501983642578,1.149418592453003,0.0,23.076068003417443,23040.0
-6.244241714477539,-7.3977532386779785,1.1535120010375977,0.0,16.54591726260568,23040.0
-6.099886894226074,-7.279663562774658,1.1797770261764526,0.0,20.4620439570826,23040.0
-6.030704975128174,-7.227463245391846,1.1967566013336182,0.0,23.696702889014126,23040.0
-6.125119209289551,-7.319854736328125,1.1947325468063354,0.0,17.637514963919383,23040.0
-6.238779067993164,-7.407276630401611,1.1684964895248413,0.0,27.75345798433655,23040.0
-6.117518901824951,-7.304662227630615,1.1871446371078491,0.0,41.87654654872436,23040.0
-6.266845703125,-7.426791667938232,1.1599456071853638,0.0,29.936870439446196,23040.0
-6.23727560043335,-7.427206039428711,1.1899316310882568,0.0,20.95658009997193,23040.0
-6.135075092315674,-7.333089351654053,1.1980152130126953,0.0,12.07633491746813,23040.0
-6.190062046051025,-7.3843464851379395,1.1942845582962036,0.0,20.721398309879714,23040.0
-6.300126075744629,-7.488553047180176,1.1884280443191528,0.0,17.57570308317502,23040.0
-6.18760871887207,-7.371580123901367,1.1839708089828491,0.0,27.639129794914986,23040.0
-6.139663219451904,-7.3336567878723145,1.1939921379089355,0.0,26.164922248046846,23040.0
-6.251156330108643,-7.427511215209961,1.1763554811477661,0.0,16.039832958945333,23040.0
-6.087430953979492,-7.286707401275635,1.1992744207382202,0.0,51.65480723249889,23040.0
-6.183993339538574,-7.341046333312988,1.157052755355835,0.0,69.35907997390225,23040.0
-6.231345176696777,-7.382221698760986,1.1508795022964478,0.0,31.703504045543053,23040.0
-5.77822208404541,-6.958022594451904,1.1797995567321777,0.0,106.59960692558208,23040.0
-6.244716167449951,-7.388488292694092,1.1437726020812988,0.0,62.327837190914956,23040.0
-6.211512565612793,-7.334614276885986,1.1231030225753784,0.0,54.95511352165026,23040.0
-6.150474548339844,-7.30555534362793,1.1550805568695068,0.0,69.08906907157238,23040.0
-6.264138221740723,-7.445962905883789,1.181819200515747,0.0,41.030629241808846,23040.0
-6.2165656089782715,-7.3354058265686035,1.1188398599624634,0.0,68.6102263597102,23040.0
-6.2338995933532715,-7.369997978210449,1.1360974311828613,0.0,38.69039356611134,23040.0
-6.280327796936035,-7.430487632751465,1.1501593589782715,0.0,69.41565023818026,23040.0
-6.354999542236328,-7.475944519042969,1.1209450960159302,0.0,29.01917904510003,23040.0
-6.274566650390625,-7.415588855743408,1.1410223245620728,0.0,52.36949926111448,23040.0
-6.2987751960754395,-7.47116231918335,1.1723881959915161,0.0,40.529543749378966,23040.0
-6.220212936401367,-7.381695747375488,1.1614854335784912,0.0,50.75739455560033,23040.0
-6.328275680541992,-7.442662239074707,1.1143856048583984,0.0,47.665722384374625,23040.0
-6.279260158538818,-7.424835681915283,1.1455742120742798,0.0,48.003279950501756,23040.0
-6.281717300415039,-7.455667972564697,1.173950433731079,0.0,49.96928261184652,23040.0
-6.1443915367126465,-7.327820301055908,1.1834274530410767,0.0,71.46309392280911,23040.0
-6.361237049102783,-7.521596431732178,1.1603591442108154,0.0,52.1677590719492,23040.0
-6.058299541473389,-7.292448043823242,1.2341480255126953,0.0,80.43423108972465,23040.0
-6.344560623168945,-7.517857074737549,1.1732966899871826,0.0,69.85764948766659,23040.0
-6.214824676513672,-7.395468711853027,1.1806424856185913,0.0,68.13693283973906,23040.0
-6.236163139343262,-7.415021896362305,1.1788560152053833,0.0,69.76275739562595,23040.0
-6.276246547698975,-7.454980373382568,1.178732991218567,0.0,79.96847981985621,23040.0
-6.294869422912598,-7.477829456329346,1.1829595565795898,0.0,78.69662818408253,23040.0
-6.281449317932129,-7.457362651824951,1.1759109497070312,0.0,73.2359981706099,23040.0
-6.206177234649658,-7.404585838317871,1.1984113454818726,0.0,85.01466145292875,23040.0
-6.24040412902832,-7.433002948760986,1.1926006078720093,0.0,48.25205271766781,23040.0
-6.332891941070557,-7.508070945739746,1.1751797199249268,0.0,72.43278530353886,23040.0
-6.4572529792785645,-7.6402058601379395,1.18295419216156,0.0,43.50990260435042,23040.0
-6.385913848876953,-7.577828407287598,1.1919156312942505,0.0,64.38355350681455,23040.0
-6.430120944976807,-7.601710796356201,1.171587586402893,0.0,39.41428164802926,23040.0
-6.491122245788574,-7.668116569519043,1.1769957542419434,0.0,54.94728886879725,23040.0
-6.316389083862305,-7.527890205383301,1.211501121520996,0.0,40.24722785524514,23040.0
-6.462137699127197,-7.649167060852051,1.1870282888412476,0.0,49.72737354966572,23040.0
-6.2874531745910645,-7.508151531219482,1.220698356628418,0.0,42.568808083763464,23040.0
-6.265997409820557,-7.496123790740967,1.2301270961761475,0.0,57.17410997375647,23040.0
-6.476059913635254,-7.6670823097229,1.191022515296936,0.0,45.98940448637493,23040.0
-6.408222198486328,-7.628156661987305,1.219934105873108,0.0,41.76822885259384,23040.0
-6.259329795837402,-7.526713848114014,1.2673858404159546,0.0,59.412821773446446,23040.0
-6.352382183074951,-7.606490612030029,1.254110336303711,0.0,52.627379757746276,23040.0
-6.3875813484191895,-7.631166458129883,1.2435834407806396,0.0,43.0308237272542,23040.0
-6.403154373168945,-7.650623321533203,1.2474677562713623,0.0,46.899975662635576,23040.0
-6.375531196594238,-7.612969398498535,1.2374415397644043,0.0,43.98050979362267,23040.0
-6.4273457527160645,-7.668394565582275,1.2410484552383423,0.0,24.93180747438194,23040.0
-6.477008819580078,-7.6928534507751465,1.2158442735671997,0.0,39.322888751976514,23040.0
-6.450511932373047,-7.668574810028076,1.218063473701477,0.0,22.520631429723352,23040.0
-6.436145782470703,-7.670320510864258,1.2341738939285278,0.0,31.869077423050715,23040.0
-6.5793681144714355,-7.785300254821777,1.205931305885315,0.0,13.442931759258999,23040.0
-6.462161064147949,-7.697601318359375,1.2354421615600586,0.0,37.45872997337722,23040.0
-6.387757778167725,-7.642525672912598,1.2547672986984253,0.0,37.645760102584106,23040.0
-6.550088882446289,-7.762670993804932,1.2125822305679321,0.0,39.713990347367385,23040.0
-6.3964104652404785,-7.654770851135254,1.2583597898483276,0.0,28.0190470720411,23040.0
-6.407169818878174,-7.664462089538574,1.2572906017303467,0.0,54.253285819008006,23040.0
-6.513424396514893,-7.771272659301758,1.2578479051589966,0.0,11.780014162968394,23040.0
-6.459152698516846,-7.714322090148926,1.2551698684692383,0.0,49.076872677283745,23040.0
-6.454683303833008,-7.7272772789001465,1.2725943326950073,0.0,25.29150242898716,23040.0
-6.521515369415283,-7.791708946228027,1.2701939344406128,0.0,29.431116969959348,23040.0
-6.387298583984375,-7.667054653167725,1.2797597646713257,0.0,33.03651753209898,23040.0
-6.38887882232666,-7.6734747886657715,1.2845946550369263,0.0,42.644467655739,23040.0
-6.471872806549072,-7.732255935668945,1.2603862285614014,0.0,19.657811810788512,23040.0
-6.313784599304199,-7.603676795959473,1.2898932695388794,0.0,50.25403919301288,23040.0
-6.470473289489746,-7.743973255157471,1.2734994888305664,0.0,46.799596896343054,23040.0
-6.37019157409668,-7.673783302307129,1.3035905361175537,0.0,33.463033599444884,23040.0
-6.451276779174805,-7.722767353057861,1.2714897394180298,0.0,53.778902694132455,23040.0
-6.466501712799072,-7.719305992126465,1.2528072595596313,0.0,28.338929461047265,23040.0
-6.592211723327637,-7.844188213348389,1.2519779205322266,0.0,27.990776836030932,23040.0
-6.584357261657715,-7.833316326141357,1.2489598989486694,0.0,28.845016019207605,23040.0
-6.618048191070557,-7.835810661315918,1.2177622318267822,0.0,24.9936434285107,23040.0
-6.288523197174072,-7.592407703399658,1.3038840293884277,0.0,65.1289973764545,23040.0
-6.193798065185547,-7.47036075592041,1.276562213897705,0.0,89.26130709305806,23040.0
-6.301031589508057,-7.619241714477539,1.3182114362716675,0.0,61.39134358393243,23040.0
-6.476681709289551,-7.754360675811768,1.2776767015457153,0.0,37.318406050307885,23040.0
-6.406704902648926,-7.689499855041504,1.2827949523925781,0.0,65.01485111759914,23040.0
-6.359974384307861,-7.675776481628418,1.3158029317855835,0.0,38.17011706271495,23040.0
-6.423254489898682,-7.688261032104492,1.2650065422058105,0.0,48.066144760448076,23040.0
-6.561977863311768,-7.816617012023926,1.2546405792236328,0.0,32.703479393202315,23040.0
-6.458799839019775,-7.728771209716797,1.2699729204177856,0.0,38.640516263969914,23040.0
-6.479458332061768,-7.743100166320801,1.2636430263519287,0.0,33.02819829551004,23040.0
-6.440410137176514,-7.733387470245361,1.2929776906967163,0.0,42.33661563461712,23040.0
-6.356204032897949,-7.666966438293457,1.310761570930481,0.0,30.700455752799886,23040.0
-6.5027899742126465,-7.752810955047607,1.2500230073928833,0.0,37.79471713303577,23040.0
-6.390921592712402,-7.686709403991699,1.29578697681427,0.0,68.2029856805517,23040.0
-6.059258460998535,-7.367631912231445,1.3083720207214355,0.0,90.62094896218773,23040.0
-6.486361980438232,-7.764072895050049,1.2777099609375,0.0,60.67915753416556,23040.0
-6.653183460235596,-7.909214973449707,1.2560311555862427,0.0,30.75357966093557,23040.0
-6.464855194091797,-7.765427112579346,1.3005704879760742,0.0,54.69807210969989,23040.0
-6.386300086975098,-7.73080587387085,1.3445069789886475,0.0,48.63760827298904,23040.0
-6.616922855377197,-7.883795261383057,1.2668710947036743,0.0,20.878980003792623,23040.0
-6.6249613761901855,-7.903705596923828,1.278743028640747,0.0,30.225631459087488,23040.0
-6.407779216766357,-7.756461143493652,1.3486813306808472,0.0,40.14061756898293,23040.0
-6.466323375701904,-7.788129806518555,1.3218072652816772,0.0,43.01806801539046,23040.0
-6.456865310668945,-7.782216548919678,1.3253504037857056,0.0,32.739119756784696,23040.0
-6.290349006652832,-7.575953006744385,1.2856013774871826,0.0,56.7682541283035,23040.0
-6.323373794555664,-7.644455909729004,1.3210813999176025,0.0,87.12549806990295,23040.0
-5.85371208190918,-7.15703821182251,1.3033264875411987,0.0,119.01594909173248,23040.0
-6.258877754211426,-7.576777935028076,1.3178993463516235,0.0,97.48162639492534,23040.0
-6.338101387023926,-7.66168212890625,1.3235821723937988,0.0,45.00384110776932,23040.0
-6.53087043762207,-7.82928991317749,1.2984193563461304,0.0,25.375833838849996,23040.0
-6.037816047668457,-7.42890739440918,1.3910928964614868,0.0,62.21196381608431,23040.0
-6.43864631652832,-7.7535881996154785,1.3149412870407104,0.0,37.37869076466784,23040.0
-6.451483726501465,-7.746758460998535,1.295272707939148,0.0,32.25893843556453,23040.0
-6.3752312660217285,-7.710058689117432,1.3348300457000732,0.0,41.86668312895215,23040.0
-6.496058940887451,-7.802732467651367,1.3066728115081787,0.0,29.926682178745036,23040.0
-6.306621074676514,-7.568618297576904,1.261997938156128,0.0,62.40766503776315,23040.0
-6.616914749145508,-7.815113067626953,1.1981972455978394,0.0,33.95261480656905,23040.0
-6.482162952423096,-7.705600261688232,1.2234379053115845,0.0,59.20418752968869,23040.0
-6.446130275726318,-7.666811943054199,1.2206820249557495,0.0,49.50090573307861,23040.0
-6.222664833068848,-7.471255779266357,1.2485920190811157,0.0,64.91981979261857,23040.0
-6.222861289978027,-7.525847911834717,1.302984595298767,0.0,89.82682858421477,23040.0
-6.486114978790283,-7.781057357788086,1.2949434518814087,0.0,41.06122934060258,23040.0
-6.494574069976807,-7.806359767913818,1.3117867708206177,0.0,55.811195489669345,23040.0
-6.262365818023682,-7.653345584869385,1.3909835815429688,0.0,60.6562188891332,23040.0
-6.497900485992432,-7.862933158874512,1.3650341033935547,0.0,32.52414091538711,23040.0
-6.443673133850098,-7.836477279663086,1.392807126045227,0.0,46.56297990467476,23040.0
-6.481246471405029,-7.856183052062988,1.3749375343322754,0.0,48.35516621743326,23040.0
-6.448805809020996,-7.833797931671143,1.3849921226501465,0.0,35.77591676908785,23040.0
-6.5667548179626465,-7.918835639953613,1.3520793914794922,0.0,28.749737285023347,23040.0
-6.539487838745117,-7.876361846923828,1.3368734121322632,0.0,38.76254457376742,23040.0
-6.5412917137146,-7.868419647216797,1.3271268606185913,0.0,25.284298169282394,23040.0
-6.572023391723633,-7.892231464385986,1.320210576057434,0.0,29.233798228048546,23040.0
-6.590672492980957,-7.926594257354736,1.3359240293502808,0.0,29.214133748208763,23040.0
-6.523176193237305,-7.849104881286621,1.3259282112121582,0.0,36.20184219866698,23040.0
-6.552359580993652,-7.875124931335449,1.3227673768997192,0.0,24.518483306048,23040.0
-6.531615734100342,-7.901736736297607,1.3701204061508179,0.0,33.56616654288557,23040.0
-6.510462284088135,-7.898490905761719,1.3880293369293213,0.0,53.78020085786857,23040.0
-6.385066032409668,-7.830099105834961,1.4450350999832153,0.0,52.12397743631854,23040.0
-6.540427207946777,-7.952786445617676,1.4123616218566895,0.0,42.12256942808699,23040.0
-6.533272743225098,-7.964371681213379,1.4311000108718872,0.0,32.782227565471,23040.0
-6.684136867523193,-8.071863174438477,1.3877263069152832,0.0,21.034772928060818,23040.0
-6.596621513366699,-8.007018089294434,1.410396695137024,0.0,17.31307296327432,23040.0
-6.491090774536133,-7.932406902313232,1.4413163661956787,0.0,37.6000721859158,23040.0
-6.522964954376221,-7.912496566772461,1.3895314931869507,0.0,50.79665337366003,23040.0
-6.5573906898498535,-7.956142902374268,1.3987529277801514,0.0,38.42494007529052,23040.0
-6.372695446014404,-7.731643199920654,1.3589458465576172,0.0,46.056419969293316,23040.0
-6.524150848388672,-7.882492542266846,1.3583415746688843,0.0,54.67733226516008,23040.0
-6.569376468658447,-7.945627212524414,1.376251220703125,0.0,26.9251820894656,23040.0
-6.5483317375183105,-7.92437744140625,1.3760489225387573,0.0,41.126289137862905,23040.0
-6.5099616050720215,-7.907329559326172,1.3973660469055176,0.0,55.99076068267995,23040.0
-6.456012725830078,-7.90472412109375,1.4487107992172241,0.0,39.237582749247764,23040.0
-6.414454460144043,-7.861185073852539,1.4467276334762573,0.0,72.86260626111901,23040.0
-6.525380611419678,-7.93022346496582,1.4048417806625366,0.0,78.29882048640677,23040.0
-6.517232894897461,-7.921123027801514,1.4038914442062378,0.0,53.91265697015453,23040.0
-6.592616558074951,-8.003874778747559,1.4112539291381836,0.0,28.023945200897245,23040.0
-6.539683818817139,-7.96768856048584,1.4280061721801758,0.0,40.3284958320644,23040.0
-6.439183235168457,-7.853940010070801,1.4147595167160034,0.0,53.14724558473109,23040.0
-6.502876281738281,-7.930980682373047,1.4281038045883179,0.0,38.45376836932924,23040.0
-6.526717185974121,-7.944925308227539,1.4182089567184448,0.0,29.84081265013342,23040.0
-6.577463150024414,-7.977463722229004,1.400003433227539,0.0,22.037393546444267,23040.0
-6.492753028869629,-7.9212822914123535,1.428530216217041,0.0,51.32530068685394,23040.0
-6.489516735076904,-7.9059014320373535,1.4163844585418701,0.0,61.730274818248056,23040.0
-6.627709865570068,-8.02586841583252,1.3981597423553467,0.0,41.06423353063337,23040.0
-6.613659858703613,-8.037703514099121,1.4240397214889526,0.0,30.719946451599363,23040.0
-6.461950778961182,-7.901141166687012,1.4391885995864868,0.0,58.49789936005038,23040.0
-6.476283550262451,-7.938868045806885,1.4625849723815918,0.0,39.13904233551881,23040.0
-6.699260234832764,-8.122281074523926,1.423020601272583,0.0,24.64817018949843,23040.0
-6.6954216957092285,-8.097041130065918,1.4016218185424805,0.0,31.196190673184905,23040.0
-6.567028045654297,-8.023941040039062,1.4569123983383179,0.0,49.56745421784793,23040.0
-6.4778733253479,-7.965591907501221,1.4877190589904785,0.0,45.923498792482725,23040.0
-6.729106903076172,-8.15475082397461,1.4256432056427002,0.0,17.789574345419883,23040.0
-6.567452430725098,-8.048532485961914,1.4810798168182373,0.0,37.83426777873573,23040.0
-6.570755958557129,-8.029096603393555,1.4583407640457153,0.0,41.903680255191475,23040.0
-6.540369987487793,-8.03954029083252,1.4991687536239624,0.0,35.69891107332993,23040.0
-6.610527038574219,-8.050071716308594,1.4395463466644287,0.0,25.89040039515121,23040.0
-6.468596935272217,-7.9207682609558105,1.4521712064743042,0.0,45.3431634939417,23040.0
-6.250605583190918,-7.764354705810547,1.5137476921081543,0.0,101.22017518366074,23040.0
-5.286599636077881,-6.814956188201904,1.5283572673797607,0.0,164.45881053045414,23040.0
-5.962864398956299,-7.496712684631348,1.533850908279419,0.0,87.18031835096036,23040.0
-6.157479286193848,-7.588348865509033,1.4308704137802124,0.0,112.14818553788714,23040.0
-5.983308792114258,-7.511563301086426,1.5282524824142456,0.0,91.86006838621364,23040.0
-5.852129936218262,-7.358093738555908,1.5059654712677002,0.0,87.03811177617014,23040.0
-6.245223522186279,-7.644751071929932,1.3995270729064941,0.0,79.07285946679262,23040.0
-5.959245681762695,-7.396427631378174,1.437183141708374,0.0,77.68134107297757,23040.0
-5.922793388366699,-7.372524738311768,1.4497323036193848,0.0,87.27775241291077,23040.0
-6.053627967834473,-7.486741065979004,1.4331132173538208,0.0,58.75161800329064,23040.0
-6.035729885101318,-7.435572624206543,1.399844765663147,0.0,82.00082396876891,23040.0
-6.195112228393555,-7.546821594238281,1.3517097234725952,0.0,51.07911197368043,23040.0
-6.256802082061768,-7.576708793640137,1.319905400276184,0.0,65.52916257313282,23040.0
-6.298164367675781,-7.560956954956055,1.2627947330474854,0.0,57.095054164420134,23040.0
-6.293391704559326,-7.552494525909424,1.2591025829315186,0.0,48.970952422872365,23040.0
-5.993306636810303,-7.2569260597229,1.2636195421218872,0.0,56.55216593289871,23040.0
-6.051389694213867,-7.312045097351074,1.2606561183929443,0.0,55.095722858271095,23040.0
-6.352048873901367,-7.601368427276611,1.2493197917938232,0.0,51.842762420410224,23040.0
-6.241984844207764,-7.527926921844482,1.285942792892456,0.0,56.110284621113685,23040.0
-6.306293487548828,-7.613302230834961,1.3070098161697388,0.0,53.92300383198634,23040.0
-6.18391227722168,-7.5542426109313965,1.3703298568725586,0.0,58.278770679251245,23040.0
-6.4089226722717285,-7.766788005828857,1.3578649759292603,0.0,53.788958843404316,23040.0
-6.226578712463379,-7.606201648712158,1.3796226978302002,0.0,70.70654830222693,23040.0
-6.390641212463379,-7.789549350738525,1.3989088535308838,0.0,70.80286051668553,23040.0
-6.456385612487793,-7.832423686981201,1.37603759765625,0.0,82.65393894246664,23040.0
-6.314261436462402,-7.740666389465332,1.4264041185379028,0.0,74.39014615373759,23040.0
-6.405794143676758,-7.8380045890808105,1.4322082996368408,0.0,86.54891778260158,23040.0
-6.346406936645508,-7.8046793937683105,1.4582749605178833,0.0,73.91244374162721,23040.0
-6.495500564575195,-7.911929607391357,1.4164263010025024,0.0,85.40482699708022,23040.0
-6.485546112060547,-7.942004203796387,1.4564611911773682,0.0,68.8419741696087,23040.0
-6.582676887512207,-8.002710342407227,1.4200350046157837,0.0,83.97470458839909,23040.0
-6.540694236755371,-7.977313995361328,1.4366202354431152,0.0,65.86189718349596,23040.0
-6.484481334686279,-7.935333251953125,1.4508538246154785,0.0,78.78866778721643,23040.0
-6.603997230529785,-8.049802780151367,1.4458073377609253,0.0,63.1886648240184,23040.0
-6.585156440734863,-8.024255752563477,1.4391005039215088,0.0,70.15668724003699,23040.0
-6.529577732086182,-8.017078399658203,1.4875010251998901,0.0,56.013910482718686,23040.0
-6.5065836906433105,-8.007081031799316,1.5004945993423462,0.0,66.96298301736968,23040.0
-6.66925573348999,-8.151399612426758,1.4821416139602661,0.0,48.53630883203774,23040.0
-6.538430213928223,-8.090676307678223,1.5522449016571045,0.0,69.68812771757409,23040.0
-6.666338920593262,-8.181727409362793,1.5153872966766357,0.0,44.85076405226573,23040.0
-6.4823431968688965,-8.070632934570312,1.588289499282837,0.0,54.25933909116341,23040.0
-6.602643013000488,-8.162361145019531,1.5597198009490967,0.0,33.71122784207726,23040.0
-6.6064372062683105,-8.142739295959473,1.5363011360168457,0.0,53.118810981837164,23040.0
-6.668542385101318,-8.204031944274902,1.5354892015457153,0.0,42.54930544950591,23040.0
-6.618515968322754,-8.16555404663086,1.5470397472381592,0.0,48.237866401169484,23040.0
-6.705703258514404,-8.202367782592773,1.4966614246368408,0.0,37.74283057093374,23040.0
-6.6704840660095215,-8.177616119384766,1.5071314573287964,0.0,55.73753318454929,23040.0
-6.707511901855469,-8.207921981811523,1.5004103183746338,0.0,30.50454945999732,23040.0
-6.5384202003479,-8.076016426086426,1.5375957489013672,0.0,55.273958138398896,23040.0
-6.582752227783203,-8.147673606872559,1.5649230480194092,0.0,36.74293233342605,23040.0
-6.744094371795654,-8.268166542053223,1.5240739583969116,0.0,36.19201620914279,23040.0
-6.670017719268799,-8.223592758178711,1.5535739660263062,0.0,31.070274573596976,23040.0
-6.727865219116211,-8.260461807250977,1.5325976610183716,0.0,34.41539963461319,23040.0
-6.675241947174072,-8.232393264770508,1.5571538209915161,0.0,25.14923276945976,23040.0
-6.721975326538086,-8.283573150634766,1.5615966320037842,0.0,33.350769930337655,23040.0
-6.668924808502197,-8.253334045410156,1.5844088792800903,0.0,24.4074280459546,23040.0
-6.603306770324707,-8.181951522827148,1.5786473751068115,0.0,35.22172021722072,23040.0
-6.726703643798828,-8.253619194030762,1.526915192604065,0.0,41.069238885373764,23040.0
-6.742650032043457,-8.289824485778809,1.5471724271774292,0.0,28.773205251867083,23040.0
-6.761579513549805,-8.310134887695312,1.5485563278198242,0.0,25.27847489286921,23040.0
-6.676566123962402,-8.259605407714844,1.5830399990081787,0.0,20.523268589102038,23040.0
-6.629856586456299,-8.219423294067383,1.5895627737045288,0.0,24.75164553415862,23040.0
-6.638285160064697,-8.231803894042969,1.5935200452804565,0.0,27.69139520110423,23040.0
-6.693645477294922,-8.29841136932373,1.6047673225402832,0.0,21.69077899126596,23040.0
-6.576789855957031,-8.20219898223877,1.625409483909607,0.0,40.147203551546845,23040.0
-6.564101219177246,-8.203673362731934,1.6395689249038696,0.0,29.725493051146657,23040.0
-6.709285259246826,-8.290258407592773,1.5809751749038696,0.0,30.038869791345682,23040.0
-6.685688018798828,-8.273488998413086,1.5878018140792847,0.0,41.8846154795076,23040.0
-6.472785949707031,-8.036005973815918,1.5632184743881226,0.0,70.38059953618574,23040.0
-6.606220722198486,-8.202667236328125,1.5964456796646118,0.0,52.588644776000926,23040.0
-6.600064277648926,-8.206990242004395,1.6069244146347046,0.0,36.63422610002955,23040.0
-6.601986408233643,-8.176791191101074,1.5748034715652466,0.0,59.3847665050671,23040.0
-6.65286922454834,-8.238028526306152,1.5851593017578125,0.0,38.318212187438675,23040.0
-6.7348856925964355,-8.295866012573242,1.5609780550003052,0.0,35.68214054494576,23040.0
-6.6762824058532715,-8.221770286560059,1.545488953590393,0.0,60.77637583870679,23040.0
-6.645304203033447,-8.23281192779541,1.5875074863433838,0.0,47.77016097493956,23040.0
-6.692239761352539,-8.270038604736328,1.577799677848816,0.0,31.799083547441285,23040.0
-6.525791645050049,-8.04256820678711,1.5167778730392456,0.0,78.35716800343754,23040.0
-6.585927963256836,-8.17550277709961,1.5895719528198242,0.0,69.26811506104058,23040.0
-6.771052360534668,-8.319116592407227,1.548062801361084,0.0,38.70612192645666,23040.0
-6.5275139808654785,-8.072175025939941,1.5446604490280151,0.0,82.43017037055448,23040.0
-6.67790412902832,-8.25678825378418,1.5788838863372803,0.0,50.86378946592922,23040.0
-6.6110758781433105,-8.224520683288574,1.6134458780288696,0.0,54.58426958212439,23040.0
-6.71209716796875,-8.263466835021973,1.5513708591461182,0.0,69.28606260627333,23040.0
-6.591872692108154,-8.213045120239258,1.6211693286895752,0.0,38.04205284774348,23040.0
-6.605947494506836,-8.210330963134766,1.604384183883667,0.0,73.76318855183737,23040.0
-6.703486442565918,-8.259730339050293,1.5562406778335571,0.0,68.42886576388182,23040.0
-6.71259069442749,-8.286490440368652,1.5738990306854248,0.0,41.18763462980719,23040.0
-6.49496603012085,-8.092626571655273,1.597658395767212,0.0,95.52324162189606,23040.0
-6.242843151092529,-7.86972188949585,1.6268757581710815,0.0,96.50946077583207,23040.0
-6.628535747528076,-8.1893949508667,1.5608580112457275,0.0,38.449147808239324,23040.0
-6.291305065155029,-7.917703628540039,1.626401424407959,0.0,114.17915932910914,23040.0
-6.733732223510742,-8.263016700744629,1.529284119606018,0.0,70.00360051083048,23040.0
-6.507375717163086,-8.117170333862305,1.6097989082336426,0.0,58.225050259207215,23040.0
-6.424164295196533,-8.0530424118042,1.6288765668869019,0.0,83.9233555335357,23040.0
-6.484096050262451,-8.069433212280273,1.585334300994873,0.0,58.10267025508214,23040.0
-6.626076698303223,-8.204118728637695,1.5780397653579712,0.0,82.62569702118141,23040.0
-6.541203498840332,-8.099621772766113,1.5584193468093872,0.0,67.04381970864814,23040.0
-6.483981132507324,-8.101999282836914,1.61802077293396,0.0,88.78402666269639,23040.0
-6.490474224090576,-8.076950073242188,1.5864776372909546,0.0,73.67389835372359,23040.0
-6.541147708892822,-8.06619930267334,1.5250548124313354,0.0,99.64489576315307,23040.0
-6.263438701629639,-7.829001426696777,1.5655604600906372,0.0,71.44995431577001,23040.0
-6.420916557312012,-7.956054210662842,1.5351338386535645,0.0,103.19031767034079,23040.0
-6.496105194091797,-8.03503131866455,1.5389248132705688,0.0,78.13291676764135,23040.0
-6.585962772369385,-8.091553688049316,1.5055928230285645,0.0,103.92816327294983,23040.0
-6.541690349578857,-8.099462509155273,1.5577714443206787,0.0,71.94462730928598,23040.0
-6.486123085021973,-8.034836769104004,1.5487161874771118,0.0,99.10628381503338,23040.0
-6.694712162017822,-8.222220420837402,1.5275099277496338,0.0,70.19856749360994,23040.0
-6.213667869567871,-7.834184646606445,1.6205158233642578,0.0,103.29092456921013,23040.0
-6.565340995788574,-8.13778305053711,1.5724438428878784,0.0,96.05664042924124,23040.0
-6.371937274932861,-7.904317378997803,1.53237783908844,0.0,98.31015606703896,23040.0
-6.44931697845459,-7.989155292510986,1.5398354530334473,0.0,100.59918003716083,23040.0
-6.331806659698486,-7.906688213348389,1.574881672859192,0.0,98.12242526317641,23040.0
-6.415388107299805,-8.009902954101562,1.5945165157318115,0.0,112.37525665528695,23040.0
-6.504112243652344,-8.02653694152832,1.5224248170852661,0.0,81.35393089012169,23040.0
-6.32050085067749,-7.848031997680664,1.5275307893753052,0.0,116.48500798916783,23040.0
-6.553472995758057,-8.092976570129395,1.5395045280456543,0.0,75.37322738497237,23040.0
-6.343647480010986,-7.887580871582031,1.5439311265945435,0.0,102.13563421780208,23040.0
-6.4906392097473145,-8.05416488647461,1.5635267496109009,0.0,98.82588071039753,23040.0
-6.651427745819092,-8.134353637695312,1.4829249382019043,0.0,73.99972907001796,23040.0
-6.601038932800293,-8.099549293518066,1.4985078573226929,0.0,109.00937004428822,23040.0
-6.754661560058594,-8.254992485046387,1.5003308057785034,0.0,55.47673091375591,23040.0
-6.421964645385742,-7.97842264175415,1.5564578771591187,0.0,98.43565963139022,23040.0
-6.601568698883057,-8.147920608520508,1.5463513135910034,0.0,79.50936253463053,23040.0
-6.464325428009033,-7.995414733886719,1.5310893058776855,0.0,76.1427724047613,23040.0
-6.2822442054748535,-7.851892948150635,1.5696479082107544,0.0,104.44497741587277,23040.0
-6.613506317138672,-8.186888694763184,1.573385238647461,0.0,65.36942133562796,23040.0
-6.321909427642822,-7.911288261413574,1.5893776416778564,0.0,104.88776348860135,23040.0
-6.666898727416992,-8.218973159790039,1.5520737171173096,0.0,89.88387320965626,23040.0
-6.278473377227783,-7.857876777648926,1.5794050693511963,0.0,91.84050342186359,23040.0
-6.5890021324157715,-8.139042854309082,1.5500404834747314,0.0,115.97475025728205,23040.0
-6.58725118637085,-8.14563274383545,1.5583816766738892,0.0,70.59079933521039,23040.0
-6.417215347290039,-8.00624942779541,1.5890331268310547,0.0,126.72941222726769,23040.0
-6.6256842613220215,-8.213398933410645,1.5877143144607544,0.0,75.47160377573336,23040.0
-6.540013790130615,-8.077722549438477,1.5377109050750732,0.0,110.62554074818772,23040.0
-6.6048455238342285,-8.18646240234375,1.581614375114441,0.0,100.23942371650182,23040.0
-6.527824401855469,-8.142135620117188,1.614311695098877,0.0,78.54985057403975,23040.0
-6.588554382324219,-8.164153099060059,1.575598120689392,0.0,120.20274345281406,23040.0
-6.6756157875061035,-8.267894744873047,1.5922785997390747,0.0,59.85680069151711,23040.0
-6.569840431213379,-8.131104469299316,1.5612611770629883,0.0,116.01804126885582,23040.0
-6.747313022613525,-8.32972526550293,1.582410216331482,0.0,81.39542710214421,23040.0
-6.650035381317139,-8.245819091796875,1.5957826375961304,0.0,97.76311176919724,23040.0
-6.68972110748291,-8.301212310791016,1.611486792564392,0.0,97.37113025633472,23040.0
-6.833750247955322,-8.42076587677002,1.587017297744751,0.0,72.27017046804946,23040.0
-6.658475875854492,-8.315402030944824,1.656926155090332,0.0,103.73562042084288,23040.0
-6.810495853424072,-8.450234413146973,1.639735460281372,0.0,57.64830865085381,23040.0
-6.730678081512451,-8.379127502441406,1.648447036743164,0.0,92.70150121681873,23040.0
-6.949391841888428,-8.567309379577637,1.617915391921997,0.0,64.99858514777951,23040.0
-6.864674091339111,-8.531648635864258,1.6669708490371704,0.0,66.95843384117917,23040.0
-6.631492614746094,-8.40225601196289,1.7707608938217163,0.0,76.56205414630783,23040.0
-6.924911022186279,-8.616650581359863,1.6917392015457153,0.0,47.775604898641134,23040.0
-6.780953407287598,-8.478280067443848,1.6973246335983276,0.0,82.01976347966169,23040.0
-6.860973358154297,-8.592816352844238,1.7318412065505981,0.0,38.31199299626847,23040.0
-6.6937031745910645,-8.473016738891602,1.7793124914169312,0.0,73.75962297769377,23040.0
-6.866689682006836,-8.60238265991211,1.7356928586959839,0.0,40.166790668606694,23040.0
-6.831075668334961,-8.585479736328125,1.7544053792953491,0.0,57.26723114904852,23040.0
-6.927963733673096,-8.648774147033691,1.7208086252212524,0.0,47.54339050519562,23040.0
-6.822016716003418,-8.584694862365723,1.7626792192459106,0.0,42.08866556599568,23040.0
-6.894904136657715,-8.633508682250977,1.738602876663208,0.0,51.630794969242544,23040.0
-6.9104132652282715,-8.678828239440918,1.768413782119751,0.0,31.228448220662457,23040.0
-6.8846354484558105,-8.622025489807129,1.7373899221420288,0.0,54.63704076991178,23040.0
-6.845519542694092,-8.623144149780273,1.7776219844818115,0.0,27.695814457757983,23040.0
-6.943155288696289,-8.680678367614746,1.737524390220642,0.0,51.32430681183938,23040.0
-6.835264682769775,-8.6151123046875,1.7798501253128052,0.0,31.83820683399781,23040.0
-6.906871318817139,-8.649574279785156,1.7426990270614624,0.0,40.13289591220618,23040.0
-6.926690578460693,-8.680699348449707,1.754010558128357,0.0,25.9597210245378,23040.0
-6.891644477844238,-8.658838272094727,1.7671935558319092,0.0,36.4124576617838,23040.0
-6.929564952850342,-8.693965911865234,1.764402151107788,0.0,27.27848792031297,23040.0
-6.8413262367248535,-8.623492240905762,1.782166600227356,0.0,43.41432372245671,23040.0
-6.8678717613220215,-8.646040916442871,1.7781678438186646,0.0,28.554488307320348,23040.0
-6.897881507873535,-8.705520629882812,1.8076393604278564,0.0,47.10382187347183,23040.0
-6.813497066497803,-8.658951759338379,1.8454540967941284,0.0,37.6130093064495,23040.0
-6.821783542633057,-8.624958038330078,1.8031760454177856,0.0,57.85955895318755,23040.0
-6.770698547363281,-8.600275039672852,1.8295776844024658,0.0,41.64994921114387,23040.0
-6.737097263336182,-8.554499626159668,1.817403793334961,0.0,62.79119599330371,23040.0
-6.810091972351074,-8.631197929382324,1.82110595703125,0.0,48.39841238794534,23040.0
-6.90594482421875,-8.65485668182373,1.748914122581482,0.0,62.38913896500666,23040.0
-6.68044900894165,-8.485750198364258,1.8052995204925537,0.0,60.61080344480889,23040.0
-6.825130939483643,-8.608312606811523,1.7831826210021973,0.0,60.52325297397633,23040.0
-6.603191375732422,-8.404317855834961,1.80112624168396,0.0,84.24906353810043,23040.0
-6.86113977432251,-8.619388580322266,1.7582453489303589,0.0,76.00710912115457,23040.0
-6.786258220672607,-8.507538795471191,1.7212822437286377,0.0,74.10566800573518,23040.0
-6.80933952331543,-8.545681953430176,1.7363442182540894,0.0,70.73590380527227,23040.0
-6.803013324737549,-8.56010913848877,1.7570973634719849,0.0,69.9995458033618,23040.0
-6.6924920082092285,-8.477229118347168,1.7847362756729126,0.0,69.73560467776258,23040.0
-6.742344379425049,-8.51175308227539,1.7694072723388672,0.0,82.35548801690051,23040.0
-6.0390305519104,-7.809128284454346,1.7700989246368408,0.0,88.74101245802662,23040.0
-6.420541763305664,-8.22443675994873,1.8038939237594604,0.0,117.47441175004808,23040.0
-6.393501281738281,-8.241467475891113,1.8479647636413574,0.0,87.83051460899088,23040.0
-6.636082649230957,-8.331122398376465,1.695042371749878,0.0,120.39742242085585,23040.0
-6.273845672607422,-8.061776161193848,1.7879301309585571,0.0,95.0702897031711,23040.0
-6.492899417877197,-8.218742370605469,1.7258424758911133,0.0,112.79413910125783,23040.0
-6.552396774291992,-8.262992858886719,1.710593819618225,0.0,96.72204250195361,23040.0
-6.503927230834961,-8.215073585510254,1.7111462354660034,0.0,109.7755943670737,23040.0
-6.608121871948242,-8.289617538452148,1.6814955472946167,0.0,91.20972009192306,23040.0
-6.655829429626465,-8.307568550109863,1.651740550994873,0.0,90.73592327006581,23040.0
-6.699016571044922,-8.330842971801758,1.631827473640442,0.0,89.88679708395695,23040.0
-6.837619304656982,-8.440339088439941,1.6027181148529053,0.0,68.30979086426338,23040.0
-6.803238868713379,-8.412426948547363,1.6091870069503784,0.0,83.68068643953278,23040.0
-6.82775354385376,-8.441611289978027,1.613856315612793,0.0,65.05740530597086,23040.0
-6.6093974113464355,-8.263434410095215,1.6540353298187256,0.0,64.184592256146,23040.0
-6.41288948059082,-8.064423561096191,1.6515346765518188,0.0,88.86168507975651,23040.0
-6.6053242683410645,-8.302751541137695,1.6974295377731323,0.0,43.96721211277622,23040.0
-6.701165199279785,-8.39163589477539,1.6904710531234741,0.0,84.39984122236832,23040.0
-6.609383583068848,-8.34628677368164,1.7369030714035034,0.0,65.55427221987068,23040.0
-6.6533942222595215,-8.428284645080566,1.7748855352401733,0.0,70.05308389803737,23040.0
-6.61395263671875,-8.341837882995605,1.7278848886489868,0.0,91.95928535413056,23040.0
-6.595376968383789,-8.4032621383667,1.807883858680725,0.0,58.519205766439505,23040.0
-6.540154933929443,-8.3499174118042,1.8097623586654663,0.0,96.35217305503458,23040.0
-6.625102996826172,-8.419671058654785,1.794566035270691,0.0,77.55947796293401,23040.0
-6.771173000335693,-8.545409202575684,1.774234652519226,0.0,85.2211068001045,23040.0
-6.6717963218688965,-8.442441940307617,1.7706454992294312,0.0,75.08951218329825,23040.0
-6.668190002441406,-8.477723121643066,1.8095346689224243,0.0,76.58345033369332,23040.0
-6.707609176635742,-8.480446815490723,1.772838830947876,0.0,73.6104584579814,23040.0
-6.777478218078613,-8.560322761535645,1.782844066619873,0.0,71.26061808078236,23040.0
-6.770504951477051,-8.553878784179688,1.7833716869354248,0.0,62.66251050309323,23040.0
-6.777602195739746,-8.526734352111816,1.7491307258605957,0.0,61.779817026385636,23040.0
-6.827077388763428,-8.58954906463623,1.7624719142913818,0.0,58.180256378904545,23040.0
-6.941397666931152,-8.704710006713867,1.7633122205734253,0.0,47.530658094846856,23040.0
-6.838246822357178,-8.639716148376465,1.8014682531356812,0.0,55.55610113780442,23040.0
-6.783276557922363,-8.631353378295898,1.84807550907135,0.0,49.35743132471939,23040.0
-6.839929103851318,-8.639941215515137,1.800012230873108,0.0,60.15477886019837,23040.0
-6.897921562194824,-8.707510948181152,1.8095872402191162,0.0,60.77537402064542,23040.0
-6.982851028442383,-8.809144020080566,1.8262900114059448,0.0,47.96326534556251,23040.0
-6.805735111236572,-8.711565017700195,1.9058308601379395,0.0,68.82562967890127,23040.0
-6.874041557312012,-8.799062728881836,1.9250199794769287,0.0,56.608910065285535,23040.0
-6.714157581329346,-8.642318725585938,1.92816162109375,0.0,65.03771343511033,23040.0
-6.991912841796875,-8.845308303833008,1.8533954620361328,0.0,65.82606535914933,23040.0
-6.883601665496826,-8.821866989135742,1.9382612705230713,0.0,69.40400729776296,23040.0
-6.8448805809021,-8.803824424743652,1.9589451551437378,0.0,70.1277092183194,23040.0
-7.036624431610107,-8.929792404174805,1.893162727355957,0.0,62.6708994304616,23040.0
-6.9490742683410645,-8.864229202270508,1.9151531457901,0.0,61.53749308623878,23040.0
-6.985036849975586,-8.868810653686523,1.8837757110595703,0.0,67.62224639663516,23040.0
-6.837675094604492,-8.822785377502441,1.985108494758606,0.0,47.385727957204814,23040.0
-6.926400184631348,-8.874096870422363,1.9476981163024902,0.0,65.14160339525763,23040.0
-6.969381332397461,-8.916521072387695,1.9471371173858643,0.0,56.564584959958346,23040.0
-6.798339366912842,-8.72048568725586,1.9221431016921997,0.0,70.00447454373227,23040.0
-6.889355659484863,-8.827451705932617,1.9380966424942017,0.0,72.63526952738815,23040.0
-6.879876613616943,-8.864704132080078,1.9848283529281616,0.0,66.91678641756599,23040.0
-6.892427444458008,-8.898645401000977,2.006218910217285,0.0,80.48961253749107,23040.0
-6.960757255554199,-8.936328887939453,1.9755727052688599,0.0,75.65178912045977,23040.0
-6.781979084014893,-8.818452835083008,2.036473512649536,0.0,75.25360463743382,23040.0
-6.887146472930908,-8.887225151062012,2.0000767707824707,0.0,89.76233291403761,23040.0
-6.974485397338867,-8.991406440734863,2.016920566558838,0.0,66.77327687333718,23040.0
-6.970687389373779,-8.991765975952148,2.0210819244384766,0.0,89.1101369906089,23040.0
-6.973108768463135,-8.988716125488281,2.01560640335083,0.0,54.53663451689674,23040.0
-6.933086395263672,-8.92002010345459,1.986933708190918,0.0,80.60585062598804,23040.0
-7.038262367248535,-9.0421781539917,2.0039145946502686,0.0,60.676839408193636,23040.0
-6.9439473152160645,-8.966806411743164,2.022857904434204,0.0,67.85474550687233,23040.0
-6.976513862609863,-8.996158599853516,2.0196449756622314,0.0,71.32444242314604,23040.0
-6.945275783538818,-8.926911354064941,1.9816372394561768,0.0,66.18424012380855,23040.0
-6.900428771972656,-8.911911010742188,2.0114850997924805,0.0,82.73791596875732,23040.0
-6.937946319580078,-8.99186897277832,2.053922414779663,0.0,81.47945473077607,23040.0
-7.019123554229736,-9.056336402893066,2.037212371826172,0.0,84.80894036340645,23040.0
-6.967559337615967,-9.034053802490234,2.0664944648742676,0.0,73.65389676422411,23040.0
-7.005433559417725,-9.07454776763916,2.069114923477173,0.0,73.62734872377214,23040.0
-7.033577919006348,-9.099291801452637,2.0657119750976562,0.0,77.80043640267422,23040.0
-7.0748209953308105,-9.155953407287598,2.08113169670105,0.0,56.505285763562036,23040.0
-6.955078601837158,-9.081418991088867,2.12634015083313,0.0,81.46448033840652,23040.0
-7.038328170776367,-9.14399242401123,2.1056649684906006,0.0,50.55009076264028,23040.0
-7.039581298828125,-9.121367454528809,2.0817856788635254,0.0,74.52248308236337,23040.0
-7.0655131340026855,-9.185539245605469,2.120028018951416,0.0,68.19108171950907,23040.0
-7.052186965942383,-9.162466049194336,2.110278844833374,0.0,63.839408633986224,23040.0
-7.008743762969971,-9.13129711151123,2.1225523948669434,0.0,84.5368792255918,23040.0
-7.077268600463867,-9.171351432800293,2.094083547592163,0.0,51.67028647121823,23040.0
-7.095247268676758,-9.187849044799805,2.092599391937256,0.0,83.98079754673864,23040.0
-7.199580192565918,-9.320481300354004,2.1209020614624023,0.0,47.77690860832335,23040.0
-7.130015850067139,-9.243881225585938,2.113865375518799,0.0,80.02850359121385,23040.0
-7.190505504608154,-9.355066299438477,2.1645617485046387,0.0,49.19229387531844,23040.0
-7.020896911621094,-9.20749282836914,2.186595916748047,0.0,73.7562348563711,23040.0
-7.133861064910889,-9.33142375946045,2.1975655555725098,0.0,51.854332953490285,23040.0
-7.096043586730957,-9.300812721252441,2.2047677040100098,0.0,62.867818979623564,23040.0
-7.055150032043457,-9.294539451599121,2.239387035369873,0.0,54.62118116932288,23040.0
-7.291216850280762,-9.46871566772461,2.1775002479553223,0.0,58.9358377921329,23040.0
-7.292234420776367,-9.47856616973877,2.1863319873809814,0.0,56.44767926273955,23040.0
-7.170816898345947,-9.409546852111816,2.2387263774871826,0.0,55.12531245252643,23040.0
-7.159082889556885,-9.374852180480957,2.215766668319702,0.0,65.38961407915379,23040.0
-7.229740619659424,-9.453422546386719,2.223682403564453,0.0,58.85305245115059,23040.0
-7.13480281829834,-9.407784461975098,2.272981882095337,0.0,51.092691085700515,23040.0
-7.009566783905029,-9.277312278747559,2.2677440643310547,0.0,67.34400609568151,23040.0
-7.233319282531738,-9.464964866638184,2.2316462993621826,0.0,60.21129835256744,23040.0
-7.200667381286621,-9.47425651550293,2.2735888957977295,0.0,51.37311767469235,23040.0
-7.270608901977539,-9.523985862731934,2.2533762454986572,0.0,48.82628579685344,23040.0
-7.414902687072754,-9.629396438598633,2.2144932746887207,0.0,64.36291361399088,23040.0
-7.235382556915283,-9.509451866149902,2.2740695476531982,0.0,43.42680357331359,23040.0
-7.286992073059082,-9.580486297607422,2.293494939804077,0.0,65.10304405810228,23040.0
-7.327547073364258,-9.630794525146484,2.3032476902008057,0.0,39.03154601959123,23040.0
-7.243138313293457,-9.529585838317871,2.2864480018615723,0.0,75.08350246755546,23040.0
-7.1224045753479,-9.494529724121094,2.372124671936035,0.0,52.54642003227535,23040.0
-7.277474403381348,-9.572966575622559,2.2954909801483154,0.0,50.75778492716499,23040.0
-7.2564697265625,-9.573477745056152,2.317004442214966,0.0,43.907251056294434,23040.0
-7.1912841796875,-9.535628318786621,2.344343662261963,0.0,70.09986706608964,23040.0
-7.047464847564697,-9.419448852539062,2.3719842433929443,0.0,69.44558371248242,23040.0
-7.245806694030762,-9.610133171081543,2.3643298149108887,0.0,39.26874369193993,23040.0
-6.770027160644531,-9.218974113464355,2.4489450454711914,0.0,84.73781150925821,23040.0
-6.982542514801025,-9.310168266296387,2.3276264667510986,0.0,94.56934882551309,23040.0
-7.122006416320801,-9.440648078918457,2.3186416625976562,0.0,43.693874489224626,23040.0
-6.975475311279297,-9.32406997680664,2.348593235015869,0.0,91.22886434761577,23040.0
-7.210674285888672,-9.488198280334473,2.2775254249572754,0.0,62.62267072921351,23040.0
-7.265128135681152,-9.507715225219727,2.2425875663757324,0.0,62.46634751346468,23040.0
-7.359538555145264,-9.52054500579834,2.1610069274902344,0.0,60.91158018527188,23040.0
-7.364068508148193,-9.543875694274902,2.179807424545288,0.0,62.927933823157716,23040.0
-7.266180992126465,-9.453049659729004,2.1868698596954346,0.0,60.22494354560459,23040.0
-7.189938068389893,-9.447917938232422,2.257983446121216,0.0,71.90243975956102,23040.0
-7.043107032775879,-9.288690567016602,2.2455835342407227,0.0,70.65450168553106,23040.0
-7.264079570770264,-9.51418685913086,2.250107765197754,0.0,80.25386455320478,23040.0
-7.2462334632873535,-9.541230201721191,2.294996976852417,0.0,71.97959638274776,23040.0
-7.016190052032471,-9.385466575622559,2.369279384613037,0.0,97.17702888791021,23040.0
-7.274957180023193,-9.597241401672363,2.3222832679748535,0.0,60.78045553328159,23040.0
-7.183924198150635,-9.517172813415527,2.333249092102051,0.0,96.80835041636158,23040.0
-7.2221856117248535,-9.605732917785645,2.383547067642212,0.0,60.90441048408144,23040.0
-7.276144981384277,-9.645034790039062,2.368889808654785,0.0,80.75658479908634,23040.0
-7.310633659362793,-9.642601013183594,2.3319668769836426,0.0,68.63821231165723,23040.0
-7.075503826141357,-9.50218391418457,2.4266812801361084,0.0,90.67427566285531,23040.0
-7.229657173156738,-9.62870979309082,2.3990533351898193,0.0,62.99950199864568,23040.0
-7.1808552742004395,-9.5379056930542,2.357048511505127,0.0,79.90021150067749,23040.0
-7.1990580558776855,-9.53693962097168,2.337883234024048,0.0,72.37398956294216,23040.0
-7.229378700256348,-9.621625900268555,2.392247438430786,0.0,90.00707109786352,23040.0
-7.296102523803711,-9.671987533569336,2.3758864402770996,0.0,71.54058874130914,23040.0
-7.27792501449585,-9.630699157714844,2.352773427963257,0.0,82.9822238830406,23040.0
-7.220318794250488,-9.62328815460205,2.4029688835144043,0.0,73.33712133894278,23040.0
-7.159571647644043,-9.58330249786377,2.4237313270568848,0.0,90.83083627385983,23040.0
-7.186441898345947,-9.64747428894043,2.4610331058502197,0.0,73.75320779577874,23040.0
-7.043998718261719,-9.463048934936523,2.4190516471862793,0.0,99.04706012819221,23040.0
-7.056826591491699,-9.475154876708984,2.4183287620544434,0.0,78.15546132154779,23040.0
-7.206899166107178,-9.629271507263184,2.422373056411743,0.0,100.98608503487108,23040.0
-7.020258903503418,-9.484152793884277,2.463897228240967,0.0,90.66968799044976,23040.0
-7.0680623054504395,-9.490111351013184,2.422045946121216,0.0,118.37511552145378,23040.0
-7.175053596496582,-9.545023918151855,2.36997127532959,0.0,94.12103905944304,23040.0
-7.010022163391113,-9.462060928344727,2.4520368576049805,0.0,122.69231675802712,23040.0
-7.160780906677246,-9.585714340209961,2.424931764602661,0.0,105.30948838101732,23040.0
-7.140319347381592,-9.537972450256348,2.3976540565490723,0.0,108.26749214757163,23040.0
-6.931579113006592,-9.322815895080566,2.3912353515625,0.0,107.82164184385802,23040.0
-7.289150714874268,-9.634001731872559,2.344853401184082,0.0,97.8302799047486,23040.0
-6.830399513244629,-9.27370834350586,2.443309783935547,0.0,123.64899495496562,23040.0
-7.125594139099121,-9.497430801391602,2.371835231781006,0.0,108.41141882952492,23040.0
-7.038095474243164,-9.381231307983398,2.3431332111358643,0.0,108.64251487227696,23040.0
-7.2320332527160645,-9.574882507324219,2.342849016189575,0.0,93.12213725246157,23040.0
-6.869305610656738,-9.27564525604248,2.406341791152954,0.0,116.7656750394394,23040.0
-6.950253009796143,-9.401693344116211,2.4514427185058594,0.0,99.62231432730023,23040.0
-6.958250522613525,-9.302404403686523,2.34415340423584,0.0,119.02375112089801,23040.0
-6.650561332702637,-9.021437644958496,2.370878219604492,0.0,107.66486250712143,23040.0
-7.082765102386475,-9.438307762145996,2.355543613433838,0.0,117.74620163353903,23040.0
-6.815933704376221,-9.202081680297852,2.3861501216888428,0.0,118.47748257085068,23040.0
-7.071932792663574,-9.420670509338379,2.348738431930542,0.0,121.26492568688367,23040.0
-6.792020797729492,-9.062094688415527,2.270070791244507,0.0,118.4919025905967,23040.0
-6.991630554199219,-9.276958465576172,2.285329580307007,0.0,109.37224209283723,23040.0
-6.865672588348389,-9.186766624450684,2.321094036102295,0.0,127.79331147702084,23040.0
-6.5277180671691895,-8.912018775939941,2.384298801422119,0.0,115.49919073987654,23040.0
-7.032383918762207,-9.296634674072266,2.264249086380005,0.0,132.69882612313012,23040.0
-6.60852575302124,-8.868528366088867,2.260000705718994,0.0,111.65386108375705,23040.0
-6.720711708068848,-9.002878189086914,2.2821686267852783,0.0,124.08321315727848,23040.0
-7.059921741485596,-9.320030212402344,2.2601068019866943,0.0,120.22662502574397,23040.0
-6.659648895263672,-9.019730567932129,2.360081911087036,0.0,108.23634084287492,23040.0
-6.849159240722656,-9.167586326599121,2.318424940109253,0.0,132.4074485552605,23040.0
-6.868112564086914,-9.133384704589844,2.265268564224243,0.0,92.11899834577345,23040.0
-6.712790489196777,-8.923660278320312,2.2108678817749023,0.0,110.00191749274741,23040.0
-6.925050258636475,-9.138887405395508,2.2138378620147705,0.0,123.24275832259484,23040.0
-6.616489887237549,-8.977376937866211,2.360886573791504,0.0,81.49745607174738,23040.0
-6.216054916381836,-8.605627059936523,2.389572858810425,0.0,135.48693775597434,23040.0
-7.010199546813965,-9.242247581481934,2.2320494651794434,0.0,122.79858252013139,23040.0
-6.480478763580322,-8.723919868469238,2.2434375286102295,0.0,79.72003822655645,23040.0
-6.201522350311279,-8.477068901062012,2.275545835494995,0.0,147.0893023027978,23040.0
-7.023623943328857,-9.166642189025879,2.143014669418335,0.0,92.09802421685373,23040.0
-7.045571327209473,-9.256881713867188,2.2113089561462402,0.0,76.56754285940264,23040.0
-6.461117744445801,-8.75843334197998,2.2973175048828125,0.0,127.81451007802077,23040.0
-6.916697025299072,-9.188607215881348,2.2719109058380127,0.0,78.30232709721918,23040.0
-7.022351264953613,-9.228525161743164,2.2061750888824463,0.0,63.627998276092654,23040.0
-6.900712966918945,-9.056116104125977,2.155404567718506,0.0,101.3439247935813,23040.0
-7.130531311035156,-9.26807975769043,2.1375463008880615,0.0,72.87333480954482,23040.0
-6.892868995666504,-9.189040184020996,2.2961697578430176,0.0,58.2389578504255,23040.0
-6.586467742919922,-8.908387184143066,2.3219172954559326,0.0,99.43357777327378,23040.0
-7.018978595733643,-9.27120304107666,2.2522225379943848,0.0,86.22551640961741,23040.0
-6.8728346824646,-9.10326099395752,2.230423927307129,0.0,62.45903546134888,23040.0
-6.370500564575195,-8.669565200805664,2.299064874649048,0.0,102.78467599151479,23040.0
-6.829893589019775,-9.09969425201416,2.269803524017334,0.0,91.03617090568302,23040.0
-7.2088093757629395,-9.468286514282227,2.2594759464263916,0.0,56.761248964379774,23040.0
-6.689952850341797,-9.045464515686035,2.355511426925659,0.0,105.29755369125176,23040.0
-6.965235233306885,-9.302087783813477,2.3368518352508545,0.0,92.65652624668282,23040.0
-7.031327247619629,-9.306753158569336,2.275426149368286,0.0,60.827264658373196,23040.0
-6.9038166999816895,-9.143782615661621,2.239964246749878,0.0,94.26846327264008,23040.0
-7.048995018005371,-9.331549644470215,2.2825584411621094,0.0,98.66976974790336,23040.0
-6.466475486755371,-8.90615463256836,2.439681053161621,0.0,94.95762610693326,23040.0
-6.785082817077637,-9.186128616333008,2.4010424613952637,0.0,121.58083324440094,23040.0
-6.8525214195251465,-9.16064739227295,2.308123826980591,0.0,125.97310545058897,23040.0
-6.63306188583374,-8.948464393615723,2.3154022693634033,0.0,88.9303866996063,23040.0
-6.52611780166626,-8.833142280578613,2.307025909423828,0.0,124.39469577419304,23040.0
-6.849685192108154,-9.11314868927002,2.2634620666503906,0.0,112.06481463178667,23040.0
-7.134196758270264,-9.369660377502441,2.235462188720703,0.0,77.34573728302662,23040.0
-6.73443078994751,-9.064186096191406,2.32975435256958,0.0,108.31504485155813,23040.0
-6.968791484832764,-9.23218822479248,2.263396978378296,0.0,101.07681662461061,23040.0
-7.123663902282715,-9.375483512878418,2.251816749572754,0.0,63.72167464995105,23040.0
-6.986964225769043,-9.227498054504395,2.2405333518981934,0.0,81.14916128541732,23040.0
-6.964317321777344,-9.243524551391602,2.279205560684204,0.0,96.15092053247648,23040.0
-6.772896766662598,-9.168532371520996,2.3956360816955566,0.0,76.2987951664953,23040.0
-7.003215312957764,-9.282822608947754,2.27960467338562,0.0,89.13619488383723,23040.0
-6.690272331237793,-9.016581535339355,2.3263111114501953,0.0,128.79707098994731,23040.0
-6.68636417388916,-8.98045825958252,2.2940940856933594,0.0,82.9115489200805,23040.0
-6.456206798553467,-8.72891616821289,2.2727103233337402,0.0,102.6604237884869,23040.0
-6.5652852058410645,-8.907254219055176,2.341967821121216,0.0,119.7799231160875,23040.0
-6.675182342529297,-9.022907257080078,2.347724437713623,0.0,108.88672667289218,23040.0
-6.6394362449646,-9.006401062011719,2.366962194442749,0.0,102.45724935246731,23040.0
-6.713990688323975,-9.053030014038086,2.339040994644165,0.0,132.65793459629296,23040.0
-6.644577503204346,-9.015904426574707,2.371328830718994,0.0,102.01240852976916,23040.0
-6.85358190536499,-9.10096263885498,2.247382164001465,0.0,89.51608673134744,23040.0
-6.739429473876953,-8.962526321411133,2.2230923175811768,0.0,111.28671502093627,23040.0
-6.787032604217529,-9.016426086425781,2.2293918132781982,0.0,99.65068894107041,23040.0
-6.849694728851318,-9.14848804473877,2.2987916469573975,0.0,76.8403647730213,23040.0
-6.944806098937988,-9.149587631225586,2.2047836780548096,0.0,99.69513313188149,23040.0
-6.953776836395264,-9.163237571716309,2.2094602584838867,0.0,97.74767768399178,23040.0
-7.085361957550049,-9.2913179397583,2.2059552669525146,0.0,71.51653427718556,23040.0
-6.965216636657715,-9.109296798706055,2.144078254699707,0.0,75.9782710106937,23040.0
-6.9539055824279785,-9.127018928527832,2.173112154006958,0.0,92.87952900403826,23040.0
-6.253791809082031,-8.618062973022461,2.3642733097076416,0.0,111.72810288049308,23040.0
-6.725462436676025,-9.14738655090332,2.4219231605529785,0.0,75.54741210186646,23040.0
-6.681625843048096,-8.97958755493164,2.297962188720703,0.0,126.71026623829094,23040.0
-6.550759315490723,-8.905009269714355,2.354250907897949,0.0,110.74976002392468,23040.0
-6.5954270362854,-9.019675254821777,2.4242444038391113,0.0,89.79842822137203,23040.0
-6.794366359710693,-9.121094703674316,2.3267288208007812,0.0,108.74316828289297,23040.0
-6.827952861785889,-9.147269248962402,2.3193161487579346,0.0,101.36632708521276,23040.0
-6.908977508544922,-9.271708488464355,2.3627305030822754,0.0,80.81074421372767,23040.0
-6.940725326538086,-9.24488353729248,2.3041563034057617,0.0,88.16267806615068,23040.0
-6.817774295806885,-9.148045539855957,2.330275058746338,0.0,92.4455605653869,23040.0
-7.086211681365967,-9.324202537536621,2.2379910945892334,0.0,68.03140853012226,23040.0
-7.100100994110107,-9.370269775390625,2.2701666355133057,0.0,68.17389143398732,23040.0
-7.106340408325195,-9.363542556762695,2.257201910018921,0.0,75.31595531716962,23040.0
-6.980853080749512,-9.299169540405273,2.3183178901672363,0.0,72.65285014638971,23040.0
-7.218620300292969,-9.49606990814209,2.277449131011963,0.0,54.91759797766412,23040.0
-7.209662437438965,-9.471231460571289,2.2615652084350586,0.0,72.66209045612351,23040.0
-7.058089733123779,-9.35515022277832,2.297062397003174,0.0,74.58169648156513,23040.0
-7.214376449584961,-9.565041542053223,2.350665330886841,0.0,54.034161851760814,23040.0
-7.261210918426514,-9.61817455291748,2.3569607734680176,0.0,67.28294073625099,23040.0
-7.229366779327393,-9.65674877166748,2.4273805618286133,0.0,65.94079166639212,23040.0
-7.272793769836426,-9.693612098693848,2.42081880569458,0.0,51.003321187916896,23040.0
-7.238523483276367,-9.739538192749023,2.5010130405426025,0.0,60.82075123639356,23040.0
-7.395176410675049,-9.838801383972168,2.443624258041382,0.0,69.22561340180474,23040.0
-7.395589351654053,-9.885306358337402,2.4897148609161377,0.0,44.74618416669457,23040.0
-7.409012317657471,-9.929000854492188,2.519986391067505,0.0,56.79038305117591,23040.0
-7.4591288566589355,-9.974727630615234,2.5155975818634033,0.0,68.41197629506748,23040.0
-7.39912223815918,-9.928522109985352,2.529398202896118,0.0,58.405765417949866,23040.0
-7.432932376861572,-9.968656539916992,2.535723924636841,0.0,77.95248009616172,23040.0
-7.633157730102539,-10.111700057983398,2.47853946685791,0.0,56.32283439919707,23040.0
-7.468153953552246,-10.059747695922852,2.591590642929077,0.0,55.396102196099534,23040.0
-7.299407958984375,-9.91048526763916,2.6110782623291016,0.0,77.79588700861302,23040.0
-7.474728584289551,-10.05301570892334,2.5782878398895264,0.0,68.01817556091625,23040.0
-7.4613728523254395,-10.115731239318848,2.654362916946411,0.0,40.82829394146409,23040.0
-7.487526893615723,-10.09745979309082,2.6099319458007812,0.0,54.97331846354369,23040.0
-7.595729351043701,-10.158919334411621,2.5631871223449707,0.0,49.904284760004266,23040.0
-7.547898292541504,-10.184372901916504,2.636474370956421,0.0,43.46480876947536,23040.0
-7.593838691711426,-10.18375015258789,2.589912176132202,0.0,50.10039106651589,23040.0
-7.470918655395508,-10.09970760345459,2.628788709640503,0.0,60.893823448373695,23040.0
-7.484250068664551,-10.08974552154541,2.6054952144622803,0.0,70.55120986078455,23040.0
-7.597365856170654,-10.206631660461426,2.6092660427093506,0.0,52.60605821619671,23040.0
-7.673928260803223,-10.281693458557129,2.6077659130096436,0.0,30.00794580280213,23040.0
-7.600087642669678,-10.196562767028809,2.5964736938476562,0.0,64.08152578511991,23040.0
-7.300683498382568,-9.954753875732422,2.6540703773498535,0.0,87.1219514411908,23040.0
-7.48799991607666,-10.059085845947266,2.571089267730713,0.0,71.15722591237196,23040.0
-7.624483108520508,-10.192505836486816,2.568021059036255,0.0,45.21035758396991,23040.0
-7.379978656768799,-10.114568710327148,2.734593629837036,0.0,66.96763369230773,23040.0
-7.584057807922363,-10.186359405517578,2.6023011207580566,0.0,53.56786655065419,23040.0
-7.6276469230651855,-10.200203895568848,2.5725553035736084,0.0,48.50645114496165,23040.0
-7.630920886993408,-10.25051498413086,2.6195945739746094,0.0,47.15899696068052,23040.0
-7.622299671173096,-10.185279846191406,2.5629806518554688,0.0,54.30530492428516,23040.0
-7.534078598022461,-10.13216781616211,2.5980870723724365,0.0,60.394152110301405,23040.0
-7.649864196777344,-10.219221115112305,2.5693562030792236,0.0,56.57823691627037,23040.0
-7.704172611236572,-10.265984535217285,2.5618135929107666,0.0,46.38457811156685,23040.0
-7.525501728057861,-10.131999015808105,2.6064958572387695,0.0,61.72520679307064,23040.0
-7.6868367195129395,-10.26488208770752,2.5780434608459473,0.0,51.70813738706532,23040.0
-7.652272701263428,-10.235734939575195,2.5834591388702393,0.0,57.35733690095067,23040.0
-7.567451477050781,-10.1921968460083,2.6247456073760986,0.0,48.3434760073337,23040.0
-7.7379326820373535,-10.31125259399414,2.573319673538208,0.0,55.82375499223498,23040.0
-7.372535705566406,-10.060815811157227,2.6882801055908203,0.0,84.29174728324747,23040.0
-7.701462745666504,-10.306356430053711,2.604893684387207,0.0,66.10030862649599,23040.0
-7.70681095123291,-10.281627655029297,2.5748162269592285,0.0,59.851202816918736,23040.0
-7.6700119972229,-10.273487091064453,2.6034750938415527,0.0,74.91806404654753,23040.0
-7.587327003479004,-10.291196823120117,2.703871726989746,0.0,63.25310243064259,23040.0
-7.640098571777344,-10.243172645568848,2.6030776500701904,0.0,65.65006724149016,23040.0
-7.5477423667907715,-10.214061737060547,2.6663177013397217,0.0,59.45053924161338,23040.0
-7.675698280334473,-10.307632446289062,2.6319358348846436,0.0,49.41548913610231,23040.0
-7.612955093383789,-10.237366676330566,2.624413251876831,0.0,56.92103601388801,23040.0
-7.651299476623535,-10.312042236328125,2.6607401371002197,0.0,51.901558643467624,23040.0
-7.634267330169678,-10.304596900939941,2.6703245639801025,0.0,58.13256349437228,23040.0
-7.674353122711182,-10.259183883666992,2.5848288536071777,0.0,49.66944966321107,23040.0
-7.727754592895508,-10.371283531188965,2.6435282230377197,0.0,66.23096236760595,23040.0
-7.793481349945068,-10.472297668457031,2.6788172721862793,0.0,48.24941938908242,23040.0
-7.708701133728027,-10.350031852722168,2.641331672668457,0.0,67.04705394634547,23040.0
-7.668536186218262,-10.355390548706055,2.6868534088134766,0.0,52.203553440464795,23040.0
-7.758175849914551,-10.470571517944336,2.712392568588257,0.0,60.808730354087054,23040.0
-7.667120933532715,-10.375062942504883,2.7079432010650635,0.0,54.24966249779551,23040.0
-7.6242899894714355,-10.340680122375488,2.716388702392578,0.0,69.43925846547,23040.0
-7.542327404022217,-10.213140487670898,2.670811891555786,0.0,71.04200073357927,23040.0
-7.56689453125,-10.273848533630371,2.706955909729004,0.0,85.11894888718037,23040.0
-7.683982849121094,-10.372570037841797,2.6885857582092285,0.0,72.05925190790704,23040.0
-7.646474838256836,-10.322245597839355,2.675773859024048,0.0,79.83732087418079,23040.0
-7.701308727264404,-10.411478996276855,2.7101705074310303,0.0,53.5883439820141,23040.0
-7.805388927459717,-10.521154403686523,2.7157676219940186,0.0,50.55444238928803,23040.0
-7.727006912231445,-10.449921607971191,2.7229182720184326,0.0,48.72046973562111,23040.0
-7.690989017486572,-10.370063781738281,2.679074287414551,0.0,66.54852574227677,23040.0
-7.759112358093262,-10.466384887695312,2.7072720527648926,0.0,33.52384216845185,23040.0
-7.793299198150635,-10.433083534240723,2.639784336090088,0.0,56.56089433511832,23040.0
-7.591433525085449,-10.23203182220459,2.6405978202819824,0.0,80.21597390827631,23040.0
-7.3370232582092285,-9.994284629821777,2.657262086868286,0.0,112.65472331556666,23040.0
-7.15569543838501,-9.814569473266602,2.658872604370117,0.0,113.00479427429504,23040.0
-7.509166240692139,-10.163880348205566,2.6547131538391113,0.0,56.84778749509808,23040.0
-7.237773895263672,-9.920775413513184,2.6830029487609863,0.0,112.71308479936775,23040.0
-7.320273399353027,-9.959603309631348,2.6393322944641113,0.0,122.81737693787582,23040.0
-6.7676873207092285,-9.533426284790039,2.7657408714294434,0.0,81.36743564897262,23040.0
-7.564463138580322,-10.191757202148438,2.627293825149536,0.0,69.18635171973062,23040.0
-6.98052453994751,-9.614189147949219,2.633667230606079,0.0,87.50840739700105,23040.0
-7.54637336730957,-10.060463905334473,2.514089345932007,0.0,58.243646367584645,23040.0
-7.258701801300049,-9.77893352508545,2.5202322006225586,0.0,101.12269150286399,23040.0
-7.511911392211914,-9.986760139465332,2.4748497009277344,0.0,47.16568693937994,23040.0
-7.322965621948242,-9.676629066467285,2.3536622524261475,0.0,88.71234356334162,23040.0
-7.458982467651367,-9.80987548828125,2.3508949279785156,0.0,53.95315721233691,23040.0
-6.872110366821289,-9.311119079589844,2.439009666442871,0.0,102.73859833295187,23040.0
-6.74577522277832,-9.258015632629395,2.512239694595337,0.0,83.05381560979235,23040.0
-7.575214385986328,-9.907380104064941,2.332165241241455,0.0,84.11003879672609,23040.0
-7.1555495262146,-9.570779800415039,2.415233612060547,0.0,97.9128126480666,23040.0
-7.334944725036621,-9.73263168334961,2.397688388824463,0.0,73.35181637805111,23040.0
-7.468581676483154,-9.874032020568848,2.4054503440856934,0.0,86.9535526352539,23040.0
-7.272846698760986,-9.796184539794922,2.5233378410339355,0.0,87.87007592351254,23040.0
-7.586427211761475,-10.029313087463379,2.4428858757019043,0.0,58.38864932027833,23040.0
-7.573225021362305,-10.004718780517578,2.4314937591552734,0.0,87.22777568671714,23040.0
-7.532143592834473,-10.016417503356934,2.48427152633667,0.0,56.48872515923293,23040.0
-7.2102131843566895,-9.753477096557617,2.5432608127593994,0.0,71.54144715183018,23040.0
-7.50669002532959,-10.02560806274414,2.5189173221588135,0.0,68.36316940830211,23040.0
-7.74441385269165,-10.200170516967773,2.455756187438965,0.0,48.6491687373061,23040.0
-7.441482067108154,-9.984981536865234,2.543501377105713,0.0,74.43270311371884,23040.0
-7.654408931732178,-10.235183715820312,2.580773115158081,0.0,42.738012131411544,23040.0
-7.706080913543701,-10.291474342346191,2.585393190383911,0.0,72.57536344512293,23040.0
-7.706273078918457,-10.326581954956055,2.620311975479126,0.0,49.58399359243606,23040.0
-7.68376350402832,-10.301575660705566,2.6178138256073,0.0,54.820244099722046,23040.0
-7.561398029327393,-10.261421203613281,2.7000229358673096,0.0,66.88373936235438,23040.0
-7.648860454559326,-10.358572959899902,2.7097160816192627,0.0,40.239315738746626,23040.0
-7.665246486663818,-10.395509719848633,2.7302613258361816,0.0,69.68322401580923,23040.0
-7.6853718757629395,-10.420573234558105,2.7351999282836914,0.0,49.322070174045294,23040.0
-7.6370930671691895,-10.341915130615234,2.7048206329345703,0.0,69.66532614424284,23040.0
-7.826690196990967,-10.550086975097656,2.7233972549438477,0.0,46.377440124374445,23040.0
-7.603062629699707,-10.368036270141602,2.764974355697632,0.0,71.67555462880644,23040.0
-7.757599353790283,-10.506402969360352,2.7488036155700684,0.0,61.17652706966964,23040.0
-7.482449054718018,-10.273635864257812,2.791184186935425,0.0,75.45398219346536,23040.0
-7.723241329193115,-10.405028343200684,2.6817877292633057,0.0,77.55154420206374,23040.0
-7.504423141479492,-10.309040069580078,2.804616689682007,0.0,90.68528160532139,23040.0
-7.355626583099365,-10.188228607177734,2.8326029777526855,0.0,104.06305888816074,23040.0
-7.396225929260254,-10.114893913269043,2.718672275543213,0.0,118.02399635958156,23040.0
-7.490200519561768,-10.204389572143555,2.7141923904418945,0.0,102.09196508332613,23040.0
-7.544715881347656,-10.327662467956543,2.782951831817627,0.0,96.16868807581636,23040.0
-7.503077507019043,-10.223176956176758,2.7200965881347656,0.0,119.336541653069,23040.0
-7.597010612487793,-10.26726245880127,2.67024827003479,0.0,91.28219073899454,23040.0
-7.281713962554932,-9.91988754272461,2.6381757259368896,0.0,101.00852506796002,23040.0
-7.44401741027832,-10.097124099731445,2.653106927871704,0.0,102.37631429366559,23040.0
-7.321034908294678,-10.033136367797852,2.7121005058288574,0.0,94.43311921594133,23040.0
-7.093215465545654,-9.8211088180542,2.727891445159912,0.0,112.27625429841224,23040.0
-7.549753189086914,-10.104426383972168,2.554669141769409,0.0,97.88216997208022,23040.0
-7.539188861846924,-10.04716682434082,2.5079784393310547,0.0,106.20126072148422,23040.0
-7.546612739562988,-10.181120872497559,2.6345088481903076,0.0,97.34467228156201,23040.0
-7.556539058685303,-10.137359619140625,2.580820322036743,0.0,99.51881260466867,23040.0
-7.634028434753418,-10.199967384338379,2.565934896469116,0.0,107.5108013815166,23040.0
-7.550352096557617,-10.124338150024414,2.5739855766296387,0.0,78.21585234656945,23040.0
-7.6335368156433105,-10.166296005249023,2.5327565670013428,0.0,111.66803165939116,23040.0
-7.806708335876465,-10.41918659210205,2.612476348876953,0.0,65.61265705248405,23040.0
-7.580887317657471,-10.224919319152832,2.6440320014953613,0.0,106.99548174949568,23040.0
-7.789249897003174,-10.434770584106445,2.645519256591797,0.0,77.43409021677807,23040.0
-7.721015930175781,-10.401867866516113,2.6808505058288574,0.0,77.89488839611458,23040.0
-7.641233444213867,-10.344551086425781,2.703317880630493,0.0,89.6453042839405,23040.0
-7.815239906311035,-10.530851364135742,2.7156105041503906,0.0,56.63165767572843,23040.0
-7.758800029754639,-10.492132186889648,2.7333316802978516,0.0,90.17521393872671,23040.0
-7.789793491363525,-10.533997535705566,2.7442026138305664,0.0,50.329450809600424,23040.0
-7.773614406585693,-10.553653717041016,2.780036687850952,0.0,89.34317603785611,23040.0
-7.924300670623779,-10.703189849853516,2.778885841369629,0.0,53.922956040741504,23040.0
-7.741696357727051,-10.610715866088867,2.8690199851989746,0.0,71.3791324748047,23040.0
-7.955963134765625,-10.750653266906738,2.7946910858154297,0.0,57.61388171849564,23040.0
-7.90451192855835,-10.741059303283691,2.836543560028076,0.0,57.80081883969721,23040.0
-7.946017742156982,-10.781966209411621,2.835944175720215,0.0,60.38484638894608,23040.0
-7.811854839324951,-10.751407623291016,2.939552068710327,0.0,41.28125703341101,23040.0
-7.896175861358643,-10.773139953613281,2.876965045928955,0.0,62.001742475502844,23040.0
-7.937198162078857,-10.762260437011719,2.8250601291656494,0.0,45.86502353206687,23040.0
-7.805781364440918,-10.728453636169434,2.922675848007202,0.0,73.18136887002078,23040.0
-7.901301860809326,-10.80634593963623,2.9050443172454834,0.0,58.90555357276809,23040.0
-7.942451477050781,-10.798967361450195,2.8565127849578857,0.0,68.27404065933888,23040.0
-8.07291030883789,-10.895299911499023,2.822387933731079,0.0,42.66549969327707,23040.0
-7.939413070678711,-10.788437843322754,2.8490254878997803,0.0,70.24370380414841,23040.0
-7.776662826538086,-10.7513427734375,2.974679946899414,0.0,54.05176500558896,23040.0
-7.720029830932617,-10.588122367858887,2.868089199066162,0.0,76.76655197275876,23040.0
-7.877190589904785,-10.769081115722656,2.8918914794921875,0.0,54.710479159054415,23040.0
-7.734372138977051,-10.593343734741211,2.8589694499969482,0.0,109.12137941435337,23040.0
-7.344479560852051,-10.17108154296875,2.826598882675171,0.0,129.17977145610297,23040.0
-7.5562567710876465,-10.43919849395752,2.8829448223114014,0.0,92.90673940758113,23040.0
-7.83209228515625,-10.682072639465332,2.849979877471924,0.0,38.67865033136239,23040.0
-7.778440952301025,-10.588333129882812,2.809892416000366,0.0,69.53532568271021,23040.0
-7.904780864715576,-10.619956970214844,2.7151780128479004,0.0,69.01394782873204,23040.0
-7.87788200378418,-10.59947395324707,2.721590995788574,0.0,40.63426145915413,23040.0
-7.8247504234313965,-10.557125091552734,2.732377052307129,0.0,64.93628857268679,23040.0
-7.690744400024414,-10.473203659057617,2.782458782196045,0.0,69.87875431740895,23040.0
-7.789939880371094,-10.496071815490723,2.7061328887939453,0.0,43.760240775169486,23040.0
-7.824821472167969,-10.485513687133789,2.6606931686401367,0.0,43.18990867762728,23040.0
-7.835953235626221,-10.495514869689941,2.659562587738037,0.0,55.31244560549686,23040.0
-7.839500427246094,-10.554346084594727,2.7148489952087402,0.0,22.61946514421267,23040.0
-7.975939750671387,-10.63459587097168,2.65865159034729,0.0,36.93984684711826,23040.0
-7.970728874206543,-10.634011268615723,2.663281202316284,0.0,33.68487241171667,23040.0
-7.902030944824219,-10.624948501586914,2.722916603088379,0.0,32.69647306164027,23040.0
-7.95461368560791,-10.65522289276123,2.700610399246216,0.0,44.8686643321941,23040.0
-7.848930358886719,-10.578994750976562,2.7300667762756348,0.0,69.85622015999145,23040.0
-7.95410680770874,-10.706334114074707,2.7522313594818115,0.0,37.58568500405107,23040.0
-7.918356895446777,-10.76326847076416,2.844911813735962,0.0,38.54252220134036,23040.0
-7.944490432739258,-10.78038501739502,2.835892915725708,0.0,53.71768718404626,23040.0
-8.007532119750977,-10.828516006469727,2.82098650932312,0.0,50.7358603698241,23040.0
-7.973616600036621,-10.846724510192871,2.8731088638305664,0.0,34.28117224484378,23040.0
-7.909647464752197,-10.760555267333984,2.8509066104888916,0.0,56.74727449630358,23040.0
-7.851917743682861,-10.728164672851562,2.8762481212615967,0.0,67.71534792959153,23040.0
-7.915911674499512,-10.749919891357422,2.8340096473693848,0.0,51.02072927582174,23040.0
-8.00117015838623,-10.898855209350586,2.8976855278015137,0.0,44.554803776165315,23040.0
-7.99806022644043,-10.899518013000488,2.9014604091644287,0.0,35.84480029309206,23040.0
-8.031573295593262,-10.876151084899902,2.844578266143799,0.0,54.01584175989193,23040.0
-7.9777655601501465,-10.838115692138672,2.8603525161743164,0.0,55.120420607926285,23040.0
-8.015604972839355,-10.930557250976562,2.9149489402770996,0.0,46.32921612579974,23040.0
-7.97319221496582,-10.910263061523438,2.9370696544647217,0.0,28.522808515809814,23040.0
-7.9893879890441895,-10.856863975524902,2.8674750328063965,0.0,43.51574051180582,23040.0
-8.119218826293945,-10.983702659606934,2.864485025405884,0.0,57.105361634950306,23040.0
-8.04037857055664,-10.906533241271973,2.8661515712738037,0.0,43.78493562253747,23040.0
-8.093366622924805,-10.992037773132324,2.8986735343933105,0.0,34.3308110035859,23040.0
-8.06528377532959,-10.982416152954102,2.9171345233917236,0.0,27.196430013691437,23040.0
-8.084710121154785,-10.953350067138672,2.8686392307281494,0.0,42.426516229616915,23040.0
-8.082374572753906,-10.980216026306152,2.897840738296509,0.0,37.500132563883085,23040.0
-7.984893321990967,-10.90628433227539,2.9213922023773193,0.0,43.242419312415116,23040.0
-8.083802223205566,-10.991120338439941,2.9073188304901123,0.0,39.258135590599046,23040.0
-8.08761978149414,-11.017908096313477,2.930290699005127,0.0,36.47712018601514,23040.0
-7.835419178009033,-10.805152893066406,2.9697306156158447,0.0,60.47921052104197,23040.0
-8.011922836303711,-10.898409843444824,2.8864872455596924,0.0,45.277103981857444,23040.0
-8.078653335571289,-10.932790756225586,2.8541371822357178,0.0,65.39377491916038,23040.0
-8.11435317993164,-10.979284286499023,2.864933967590332,0.0,42.504855635228445,23040.0
-7.860565662384033,-10.843161582946777,2.982592821121216,0.0,56.625076012547765,23040.0
-7.831148147583008,-10.785780906677246,2.954632520675659,0.0,79.91083521849507,23040.0
-8.042525291442871,-10.922207832336426,2.8796818256378174,0.0,72.04951263876401,23040.0
-8.109984397888184,-10.954948425292969,2.844965934753418,0.0,73.02642730245604,23040.0
-7.85417366027832,-10.770705223083496,2.9165289402008057,0.0,81.95340675148306,23040.0
-7.818542957305908,-10.748625755310059,2.930081605911255,0.0,90.0215712763033,23040.0
-7.866436004638672,-10.691106796264648,2.824669122695923,0.0,85.2708089480341,23040.0
-7.95698356628418,-10.864529609680176,2.907547950744629,0.0,64.22704357989045,23040.0
-8.027314186096191,-10.889270782470703,2.86195707321167,0.0,52.24872497059525,23040.0
-8.11302661895752,-10.92521858215332,2.8121938705444336,0.0,57.369044310988755,23040.0
-7.994489669799805,-10.85377025604248,2.859280824661255,0.0,60.30191124315288,23040.0
-7.980690002441406,-10.897492408752441,2.9168028831481934,0.0,31.560063978048497,23040.0
-7.981263637542725,-10.84052562713623,2.8592641353607178,0.0,71.23936185268002,23040.0
-7.882012844085693,-10.79090404510498,2.9088923931121826,0.0,56.60795895407245,23040.0
-8.02076244354248,-10.854593276977539,2.8338277339935303,0.0,51.12939369860983,23040.0
-7.9942307472229,-10.81926155090332,2.825032949447632,0.0,31.72776992693952,23040.0
-8.10015869140625,-10.925003051757812,2.8248417377471924,0.0,57.75229719172484,23040.0
-8.092741966247559,-10.936548233032227,2.8438072204589844,0.0,51.159417766202395,23040.0
-8.021201133728027,-10.888891220092773,2.8676950931549072,0.0,45.13037181576641,23040.0
-8.05836296081543,-10.96072006225586,2.9023590087890625,0.0,32.14152399854863,23040.0
-8.195089340209961,-11.064962387084961,2.86987566947937,0.0,60.32947164348021,23040.0
-8.03525447845459,-10.963594436645508,2.9283406734466553,0.0,70.598639007496,23040.0
-7.6545634269714355,-10.629472732543945,2.974907159805298,0.0,80.10136180687859,23040.0
-8.142843246459961,-11.054670333862305,2.911829948425293,0.0,56.63142884925098,23040.0
-8.051838874816895,-10.962997436523438,2.9111545085906982,0.0,66.72860069303687,23040.0
-7.915291786193848,-10.806416511535645,2.8911244869232178,0.0,100.07512366811252,23040.0
-8.002220153808594,-10.854218482971191,2.8519952297210693,0.0,89.75472881038134,23040.0
-8.118752479553223,-11.008917808532715,2.8901665210723877,0.0,57.721731369240764,23040.0
-8.028221130371094,-10.932666778564453,2.90444278717041,0.0,36.89462276876276,23040.0
-7.851527214050293,-10.793366432189941,2.941840887069702,0.0,79.61917706751214,23040.0
-7.852797508239746,-10.774320602416992,2.9215240478515625,0.0,76.24805307386471,23040.0
-8.087360382080078,-10.97268295288086,2.885324001312256,0.0,53.313244521929356,23040.0
-7.993646144866943,-10.873611450195312,2.87996768951416,0.0,47.54426212495753,23040.0
-7.982218265533447,-10.804097175598145,2.8218774795532227,0.0,75.79312537990393,23040.0
-8.045110702514648,-10.89773178100586,2.8526225090026855,0.0,49.04658295793937,23040.0
-8.070903778076172,-10.840192794799805,2.7692923545837402,0.0,53.86222462609484,23040.0
-7.943333625793457,-10.833321571350098,2.889986515045166,0.0,58.070852882455455,23040.0
-7.890088081359863,-10.784019470214844,2.8939313888549805,0.0,58.69015741576127,23040.0
-7.9162774085998535,-10.776266098022461,2.8599886894226074,0.0,74.60864664956087,23040.0
-7.855748176574707,-10.782648086547852,2.926898241043091,0.0,90.8661695117947,23040.0
-7.925580978393555,-10.752434730529785,2.8268542289733887,0.0,76.63730653128952,23040.0
-8.045883178710938,-10.959637641906738,2.9137556552886963,0.0,34.48643735438089,23040.0
-8.10176944732666,-11.005290985107422,2.9035208225250244,0.0,37.70756239689799,23040.0
-8.154272079467773,-10.97449016571045,2.820216178894043,0.0,53.53748428197951,23040.0
-8.180639266967773,-11.081633567810059,2.900996208190918,0.0,33.63016585076012,23040.0
-8.16299819946289,-11.04092788696289,2.877929449081421,0.0,44.91427961802304,23040.0
-8.073868751525879,-10.975512504577637,2.9016425609588623,0.0,47.56224746304382,23040.0
-8.111769676208496,-11.058220863342285,2.9464478492736816,0.0,41.40311500050902,23040.0
-7.905844688415527,-10.79130744934082,2.8854589462280273,0.0,68.088307966945,23040.0
-8.232030868530273,-11.101882934570312,2.869856834411621,0.0,46.13627705048672,23040.0
-8.104364395141602,-11.061506271362305,2.957139730453491,0.0,53.609297740792705,23040.0
-8.149810791015625,-11.126760482788086,2.9769489765167236,0.0,32.87577965627937,23040.0
-8.226850509643555,-11.144674301147461,2.9178247451782227,0.0,46.75206238143002,23040.0
-8.1966552734375,-11.149765968322754,2.953108310699463,0.0,53.9098064350803,23040.0
-8.09766674041748,-11.117212295532227,3.019544839859009,0.0,61.82895991718614,23040.0
-8.14914321899414,-11.140287399291992,2.9911441802978516,0.0,67.90209775753142,23040.0
-8.01826000213623,-11.01317310333252,2.9949123859405518,0.0,68.18051626287303,23040.0
-8.096251487731934,-11.091836929321289,2.995584011077881,0.0,66.1458790084219,23040.0
-8.000386238098145,-10.993142127990723,2.992755889892578,0.0,73.88805039459218,23040.0
-7.907351493835449,-10.93826675415039,3.0309152603149414,0.0,81.64443423822938,23040.0
-8.107382774353027,-11.06771469116211,2.9603350162506104,0.0,70.53324587081967,23040.0
-8.06080150604248,-11.034990310668945,2.9741902351379395,0.0,56.44704472164223,23040.0
-8.092442512512207,-11.046748161315918,2.9543073177337646,0.0,71.7015452680237,23040.0
-8.013869285583496,-10.989951133728027,2.976083278656006,0.0,66.45620229345657,23040.0
-8.122626304626465,-11.050172805786133,2.9275503158569336,0.0,43.1782602003802,23040.0
-7.770263671875,-10.744524002075195,2.9742586612701416,0.0,95.45190087160796,23040.0
-7.5085577964782715,-10.435303688049316,2.926745653152466,0.0,112.37921407739282,23040.0
-8.148722648620605,-11.0615234375,2.9128000736236572,0.0,31.9179899910265,23040.0
-7.828517436981201,-10.73454475402832,2.906026840209961,0.0,94.27517081639216,23040.0
-7.956900596618652,-10.77222728729248,2.8153250217437744,0.0,77.57373246202593,23040.0
-8.20893383026123,-11.037236213684082,2.828301429748535,0.0,49.77497194075871,23040.0
-7.963074207305908,-10.824840545654297,2.861767530441284,0.0,83.74996967330777,23040.0
-8.104084968566895,-10.979150772094727,2.875066041946411,0.0,51.13653901875408,23040.0
-8.059380531311035,-10.897459030151367,2.838078022003174,0.0,60.4560620084283,23040.0
-8.076361656188965,-10.918717384338379,2.8423545360565186,0.0,64.01276531956076,23040.0
-8.153377532958984,-10.993749618530273,2.8403730392456055,0.0,60.56263119780253,23040.0
-8.050970077514648,-10.921980857849121,2.8710103034973145,0.0,77.01200614764102,23040.0
-8.078370094299316,-10.916690826416016,2.8383212089538574,0.0,71.59512416020215,23040.0
-7.936168670654297,-10.821198463439941,2.885030508041382,0.0,71.72693936975821,23040.0
-8.097281455993652,-10.956759452819824,2.8594775199890137,0.0,88.56777171552459,23040.0
-8.130566596984863,-11.019021034240723,2.8884525299072266,0.0,52.45414438643075,23040.0
-8.105331420898438,-11.054259300231934,2.948929786682129,0.0,79.00781848012522,23040.0
-8.216408729553223,-11.09251594543457,2.876110553741455,0.0,57.07376313390154,23040.0
-8.095616340637207,-11.059561729431152,2.96394681930542,0.0,80.7431855288333,23040.0
-8.164297103881836,-11.178674697875977,3.014376401901245,0.0,50.372012007277185,23040.0
-7.949582099914551,-10.931379318237305,2.9817988872528076,0.0,91.1189215885866,23040.0
-8.22142505645752,-11.203581809997559,2.98215389251709,0.0,39.43841262555742,23040.0
-7.489407062530518,-10.608284950256348,3.1188786029815674,0.0,120.69987670651396,23040.0
-7.553345203399658,-10.469866752624512,2.9165239334106445,0.0,127.40242299248949,23040.0
-7.813693046569824,-10.826628684997559,3.0129361152648926,0.0,93.86012199777248,23040.0
-7.998499393463135,-11.016972541809082,3.018475294113159,0.0,74.3946138672102,23040.0
-7.586207866668701,-10.630804061889648,3.0445966720581055,0.0,94.8231873210952,23040.0
-7.998644828796387,-10.897883415222168,2.8992390632629395,0.0,84.5258855096955,23040.0
-7.842621326446533,-10.728939056396484,2.8863179683685303,0.0,84.160587441703,23040.0
-7.659567832946777,-10.593558311462402,2.933993101119995,0.0,87.25244865214795,23040.0
-7.4592061042785645,-10.431756019592285,2.9725492000579834,0.0,97.17173263722631,23040.0
-7.74274206161499,-10.531702995300293,2.78896427154541,0.0,100.43329181140693,23040.0
-7.480269908905029,-10.29667854309082,2.81640887260437,0.0,93.65041983081998,23040.0
-7.931676387786865,-10.705058097839355,2.773380756378174,0.0,72.43034604588067,23040.0
-7.9233832359313965,-10.660584449768066,2.7372021675109863,0.0,100.82883686129823,23040.0
-8.025290489196777,-10.759464263916016,2.734172821044922,0.0,60.56777768218307,23040.0
-7.855722904205322,-10.643317222595215,2.7875959873199463,0.0,92.11449451360473,23040.0
-8.06088924407959,-10.766742706298828,2.705850839614868,0.0,76.59669847320359,23040.0
-8.10820484161377,-10.813850402832031,2.705641746520996,0.0,74.5897794207657,23040.0
-7.497803211212158,-10.381840705871582,2.8840396404266357,0.0,114.73148917331746,23040.0
-8.189154624938965,-10.955180168151855,2.766030788421631,0.0,69.72136585986406,23040.0
-7.58957052230835,-10.389491081237793,2.7999205589294434,0.0,108.20706822315475,23040.0
-7.910428047180176,-10.788731575012207,2.8783068656921387,0.0,78.8089864161171,23040.0
-8.05263614654541,-10.902161598205566,2.8495233058929443,0.0,80.15173253753456,23040.0
-8.03982162475586,-10.842472076416016,2.8026490211486816,0.0,88.29881683895199,23040.0
-7.905677795410156,-10.822792053222656,2.9171180725097656,0.0,72.61695114513276,23040.0
-7.884546756744385,-10.78614616394043,2.901597738265991,0.0,100.05303481091565,23040.0
-8.029911994934082,-10.954851150512695,2.924941301345825,0.0,80.3910767595905,23040.0
-7.55051326751709,-10.616514205932617,3.0660009384155273,0.0,105.58199582809272,23040.0
-8.11586856842041,-11.036295890808105,2.92042875289917,0.0,87.9219420346315,23040.0
-7.916973114013672,-10.823500633239746,2.9065277576446533,0.0,87.06549509221064,23040.0
-8.072525024414062,-11.010567665100098,2.9380452632904053,0.0,91.6141148119168,23040.0
-8.178719520568848,-11.07668399810791,2.8979620933532715,0.0,77.01437276062353,23040.0
-8.108307838439941,-11.07565975189209,2.967353343963623,0.0,83.38189924239211,23040.0
-7.894506931304932,-10.926224708557129,3.031717538833618,0.0,83.19392316829763,23040.0
-8.188485145568848,-11.071450233459473,2.882962942123413,0.0,78.28938727935638,23040.0
-8.21571159362793,-11.167616844177246,2.9519028663635254,0.0,83.39418835497946,23040.0
-8.169808387756348,-11.206868171691895,3.037058115005493,0.0,67.46024318663456,23040.0
-8.19871711730957,-11.19542121887207,2.9967033863067627,0.0,84.16187341124129,23040.0
-8.315413475036621,-11.295147895812988,2.9797332286834717,0.0,57.06962933599406,23040.0
-8.255187034606934,-11.260334014892578,3.0051493644714355,0.0,80.13797632717151,23040.0
-8.158044815063477,-11.19224739074707,3.034202814102173,0.0,64.20181051191196,23040.0
-8.10531234741211,-11.154460906982422,3.0491442680358887,0.0,83.96734678630344,23040.0
-8.228595733642578,-11.267176628112793,3.0385797023773193,0.0,72.22957124377089,23040.0
-8.196304321289062,-11.238612174987793,3.0423083305358887,0.0,76.4707202779265,23040.0
-7.7437920570373535,-10.919510841369629,3.17571759223938,0.0,114.51350246409002,23040.0
-7.861162185668945,-10.875143051147461,3.0139801502227783,0.0,125.81934527365138,23040.0
-8.164883613586426,-11.231756210327148,3.0668725967407227,0.0,83.16295849275178,23040.0
-8.266216278076172,-11.320658683776855,3.054443597793579,0.0,53.14438902356382,23040.0
-8.076208114624023,-11.103606224060059,3.027397632598877,0.0,85.7022647757838,23040.0
-8.177700996398926,-11.273726463317871,3.0960261821746826,0.0,48.90337108436551,23040.0
-8.252297401428223,-11.264115333557129,3.011820077896118,0.0,62.851644147383496,23040.0
-8.193595886230469,-11.226638793945312,3.033041477203369,0.0,70.81088387911284,23040.0
-8.340595245361328,-11.351337432861328,3.0107405185699463,0.0,55.857786201642206,23040.0
-8.220368385314941,-11.223855018615723,3.0034821033477783,0.0,69.21734326806906,23040.0
-7.157230854034424,-10.176063537597656,3.018831491470337,0.0,116.53165307558402,23040.0
-8.256522178649902,-11.21225357055664,2.955731153488159,0.0,43.11681901653215,23040.0
-8.067130088806152,-11.047124862670898,2.979996681213379,0.0,93.33267811417487,23040.0
-8.172690391540527,-11.063799858093262,2.891111135482788,0.0,62.02615565041081,23040.0
-8.122058868408203,-11.092422485351562,2.9703643321990967,0.0,44.85598037903737,23040.0
-7.949737548828125,-10.93408489227295,2.984347105026245,0.0,54.18122819222328,23040.0
-8.14688491821289,-11.121681213378906,2.974794864654541,0.0,46.898214530760434,23040.0
-8.3262300491333,-11.212093353271484,2.8858625888824463,0.0,45.93044301893317,23040.0
-8.154726028442383,-11.10369873046875,2.9489715099334717,0.0,60.54834007763585,23040.0
-7.928641319274902,-10.749683380126953,2.821040630340576,0.0,70.94565795270758,23040.0
-8.190671920776367,-11.048089981079102,2.8574156761169434,0.0,41.63657216108529,23040.0
-7.786468029022217,-10.752315521240234,2.965848207473755,0.0,97.2201343712534,23040.0
-8.19206428527832,-11.150501251220703,2.958439350128174,0.0,56.79778026830265,23040.0
-8.191766738891602,-11.04550552368164,2.85374116897583,0.0,80.41750978723313,23040.0
-8.123976707458496,-11.114827156066895,2.990851879119873,0.0,78.15559048289032,23040.0
-8.242430686950684,-11.242620468139648,3.000190496444702,0.0,57.750600064844264,23040.0
-8.15280532836914,-11.14505386352539,2.9922478199005127,0.0,67.58998598976675,23040.0
-8.221955299377441,-11.243160247802734,3.0212042331695557,0.0,57.18001894169969,23040.0
-8.292267799377441,-11.310383796691895,3.018115520477295,0.0,49.544756077687495,23040.0
-8.394938468933105,-11.388710975646973,2.993774175643921,0.0,49.496993031310495,23040.0
-8.263663291931152,-11.309609413146973,3.045945882797241,0.0,47.41857406297871,23040.0
-8.259527206420898,-11.278909683227539,3.0193819999694824,0.0,62.797737419530854,23040.0
-8.356813430786133,-11.412010192871094,3.0551977157592773,0.0,61.12413236797435,23040.0
-8.304862022399902,-11.345285415649414,3.040423631668091,0.0,88.67488673481856,23040.0
-7.670814514160156,-10.74919605255127,3.0783801078796387,0.0,126.04322218344069,23040.0
-7.987172603607178,-11.104903221130371,3.1177303791046143,0.0,99.20293936168476,23040.0
-8.208267211914062,-11.310677528381348,3.1024112701416016,0.0,67.36306709980056,23040.0
-8.159953117370605,-11.273919105529785,3.113969326019287,0.0,55.23793760901151,23040.0
-7.767394542694092,-10.839317321777344,3.0719211101531982,0.0,111.80183807651312,23040.0
-7.848992347717285,-10.876090049743652,3.027094841003418,0.0,101.25032641168016,23040.0
-7.491458415985107,-10.607749938964844,3.1162946224212646,0.0,130.251352680128,23040.0
-8.00916576385498,-11.052021980285645,3.0428547859191895,0.0,80.93199643529383,23040.0
-7.777628421783447,-10.737875938415527,2.960247755050659,0.0,112.87869356932187,23040.0
-7.995712757110596,-10.971534729003906,2.9758214950561523,0.0,77.36279959079378,23040.0
-7.904407501220703,-10.78940200805664,2.8849945068359375,0.0,110.76510877610744,23040.0
-8.091588973999023,-10.913277626037598,2.8216848373413086,0.0,89.27330475083261,23040.0
-8.090303421020508,-10.943767547607422,2.853468894958496,0.0,70.06361915033172,23040.0
-8.111692428588867,-10.924483299255371,2.8127877712249756,0.0,75.95657813102521,23040.0
-8.080463409423828,-10.8734130859375,2.792948007583618,0.0,58.58942759949042,23040.0
-8.096983909606934,-10.890558242797852,2.793574571609497,0.0,86.50745153395559,23040.0
-7.2863335609436035,-10.228005409240723,2.9416747093200684,0.0,106.52058691042133,23040.0
-7.9900689125061035,-10.807636260986328,2.81756591796875,0.0,103.44625800054902,23040.0
-7.093832015991211,-9.96230697631836,2.868476390838623,0.0,120.17240526754838,23040.0
-8.025063514709473,-10.89795207977295,2.872892141342163,0.0,97.05455175733522,23040.0
-7.659979820251465,-10.572415351867676,2.912435293197632,0.0,133.1532898969241,23040.0
-8.108216285705566,-10.896650314331055,2.788435220718384,0.0,91.9849312034903,23040.0
-8.000954627990723,-10.721049308776855,2.720093250274658,0.0,103.73669965443848,23040.0
-7.876180171966553,-10.71088695526123,2.8347058296203613,0.0,81.68759573179327,23040.0
-7.375191688537598,-10.258440017700195,2.8832485675811768,0.0,112.27112214594244,23040.0
-8.117311477661133,-10.92188835144043,2.804579734802246,0.0,68.43804020649836,23040.0
-7.937246322631836,-10.698590278625488,2.7613463401794434,0.0,108.9076754681314,23040.0
-8.176533699035645,-11.004111289978027,2.8275768756866455,0.0,55.7900034729658,23040.0
-8.02664566040039,-10.796918869018555,2.7702739238739014,0.0,91.17076235976401,23040.0
-7.982226371765137,-10.785306930541992,2.8030810356140137,0.0,52.63378585606004,23040.0
-8.100336074829102,-10.868956565856934,2.7686219215393066,0.0,80.38253595811805,23040.0
-8.20541000366211,-10.984040260314941,2.7786288261413574,0.0,62.74250385499675,23040.0
-7.792042255401611,-10.72085189819336,2.9288134574890137,0.0,71.41142813630813,23040.0
-8.162875175476074,-11.044892311096191,2.8820152282714844,0.0,67.06378327726819,23040.0
-8.221343040466309,-11.120466232299805,2.899125099182129,0.0,57.400051403280095,23040.0
-8.085295677185059,-11.033830642700195,2.9485387802124023,0.0,63.57769585910509,23040.0
-8.185346603393555,-11.157817840576172,2.97247314453125,0.0,58.595989233477646,23040.0
-8.30345630645752,-11.226164817810059,2.922708034515381,0.0,53.803604437578585,23040.0
-7.889222621917725,-10.851526260375977,2.962305784225464,0.0,72.16645911113189,23040.0
-8.12251091003418,-11.112393379211426,2.9898808002471924,0.0,56.73509736438478,23040.0
-6.696390151977539,-9.898221969604492,3.2018306255340576,0.0,109.04417285364372,23040.0
-7.679296016693115,-10.671780586242676,2.9924840927124023,0.0,113.88760036680523,23040.0
-6.818260192871094,-9.771276473999023,2.953015089035034,0.0,120.57661230554065,23040.0
-7.680623531341553,-10.676117897033691,2.9954922199249268,0.0,91.77478158324567,23040.0
-7.829327583312988,-10.717236518859863,2.887906789779663,0.0,95.38009822936421,23040.0
-7.927846908569336,-10.776862144470215,2.849018096923828,0.0,79.99936803108025,23040.0
-7.8228936195373535,-10.67142105102539,2.8485286235809326,0.0,58.35499069737954,23040.0
-7.534232139587402,-10.44278335571289,2.90855073928833,0.0,74.57995862753936,23040.0
-7.723891735076904,-10.605533599853516,2.8816416263580322,0.0,63.100613115956534,23040.0
-7.817418098449707,-10.666614532470703,2.849196434020996,0.0,53.504379115420285,23040.0
-7.828953266143799,-10.685001373291016,2.8560500144958496,0.0,63.125083124665856,23040.0
-7.97295618057251,-10.691051483154297,2.7180941104888916,0.0,63.22805456803013,23040.0
-6.163963317871094,-9.006954193115234,2.842988967895508,0.0,112.07106790287902,23040.0
-5.987345218658447,-8.844650268554688,2.8573060035705566,0.0,103.21384501026736,23040.0
-6.329334259033203,-9.16688060760498,2.8375437259674072,0.0,203.28524472130917,23040.0
-6.548060417175293,-9.24108600616455,2.693025827407837,0.0,110.47031734808084,23040.0
-7.081544399261475,-9.863760948181152,2.782217502593994,0.0,150.70723676057582,23040.0
-6.751810550689697,-9.629231452941895,2.877419948577881,0.0,134.03355437339036,23040.0
-7.125482082366943,-9.888446807861328,2.7629621028900146,0.0,90.95359463902729,23040.0
-7.220271110534668,-9.941372871398926,2.7211031913757324,0.0,84.41651142195981,23040.0
-7.123183250427246,-9.802005767822266,2.6788222789764404,0.0,90.58193368247979,23040.0
-7.192382335662842,-9.776034355163574,2.5836541652679443,0.0,88.27242234986868,23040.0
-7.393153190612793,-9.943204879760742,2.5500500202178955,0.0,59.559117090074174,23040.0
-7.400106430053711,-9.846480369567871,2.4463746547698975,0.0,88.64992271268369,23040.0
-7.643910884857178,-10.054291725158691,2.410384178161621,0.0,68.00626127439708,23040.0
-7.5867390632629395,-10.083755493164062,2.497015953063965,0.0,51.474214227854986,23040.0
-7.17806339263916,-9.798253059387207,2.6201887130737305,0.0,90.90261350161069,23040.0
-7.633166313171387,-10.15219783782959,2.519028663635254,0.0,52.02959289855875,23040.0
-7.64631462097168,-10.183566093444824,2.5372495651245117,0.0,72.63613103696947,23040.0
-6.907037258148193,-9.677590370178223,2.7705509662628174,0.0,137.2314652540547,23040.0
-6.127307891845703,-8.888423919677734,2.761115789413452,0.0,120.77227652821531,23040.0
-6.631996154785156,-9.321280479431152,2.689283847808838,0.0,76.23112897182423,23040.0
-6.874773979187012,-9.609073638916016,2.7343006134033203,0.0,107.79490804678842,23040.0
-7.0575270652771,-9.81735610961914,2.7598297595977783,0.0,94.64588026163337,23040.0
-7.26925802230835,-9.955288887023926,2.6860313415527344,0.0,63.802122074391434,23040.0
-7.417544841766357,-10.059473037719727,2.6419310569763184,0.0,74.7087475200656,23040.0
-6.898776531219482,-9.786096572875977,2.887317657470703,0.0,75.73030571726848,23040.0
-6.142629146575928,-9.115413665771484,2.9727869033813477,0.0,95.0839333596943,23040.0
-4.650228023529053,-7.804488658905029,3.154259204864502,0.0,477.1695661319109,23040.0
-3.935222625732422,-6.589277267456055,2.654054880142212,0.0,178.94618376355476,23040.0
-2.978163719177246,-5.599400043487549,2.621236562728882,0.0,137.78793187536294,23040.0
-3.5037879943847656,-6.142386436462402,2.638599157333374,0.0,78.39447156277586,23040.0
-3.5809485912323,-6.227410793304443,2.64646053314209,0.0,76.4548841140693,23040.0
-3.8561763763427734,-6.314091205596924,2.457913398742676,0.0,47.20555851458045,23040.0
-3.6533029079437256,-5.9934821128845215,2.3401803970336914,0.0,63.247715910221245,23040.0
-3.951676368713379,-6.137054920196533,2.1853792667388916,0.0,53.46041813501088,23040.0
-3.977086067199707,-6.08638858795166,2.109304904937744,0.0,48.58628178235671,23040.0
-4.227399826049805,-6.18140983581543,1.9540104866027832,0.0,29.949471108619438,23040.0
-4.031790733337402,-5.96200704574585,1.9302170276641846,0.0,76.74299364182254,23040.0
-4.383024215698242,-6.243332386016846,1.860305905342102,0.0,39.580418398487744,23040.0
-4.631479740142822,-6.457023620605469,1.8255462646484375,0.0,47.520262348638994,23040.0
-4.832229137420654,-6.598332405090332,1.7661001682281494,0.0,35.236954531803285,23040.0
-5.02532958984375,-6.685092449188232,1.6597639322280884,0.0,65.70385291010992,23040.0
-5.228303909301758,-6.888161659240723,1.6598554849624634,0.0,26.988513932620513,23040.0
-5.3715901374816895,-6.999203205108643,1.6276113986968994,0.0,30.74061822715414,23040.0
-5.475533485412598,-7.083945274353027,1.6084123849868774,0.0,32.82294775414267,23040.0
-5.552540302276611,-7.148909568786621,1.5963720083236694,0.0,25.15458854572669,23040.0
-5.616322994232178,-7.213969707489014,1.597647786140442,0.0,21.19218107827012,23040.0
-5.853696823120117,-7.428969383239746,1.5752716064453125,0.0,23.700739327344607,23040.0
-5.822246074676514,-7.473612308502197,1.6513639688491821,0.0,28.358886383678488,23040.0
-5.902291297912598,-7.630823612213135,1.728530764579773,0.0,29.502628233278656,23040.0
-5.905877590179443,-7.731930255889893,1.826051115989685,0.0,29.007586705217538,23040.0
-5.954793930053711,-7.864871025085449,1.9100754261016846,0.0,27.117179727211266,23040.0
-6.034693717956543,-8.053975105285645,2.019279718399048,0.0,33.8746023272073,23040.0
-6.23514461517334,-8.26988410949707,2.034738063812256,0.0,37.61500082064977,23040.0
-6.264796733856201,-8.39126205444336,2.126467227935791,0.0,32.659643571799286,23040.0
-6.377783298492432,-8.501077651977539,2.1232950687408447,0.0,27.436299741861873,23040.0
-6.285912990570068,-8.37047004699707,2.084559679031372,0.0,28.587640342468777,23040.0
-6.152563571929932,-8.224159240722656,2.0715930461883545,0.0,36.529890066171355,23040.0
-6.0771002769470215,-8.136101722717285,2.0590035915374756,0.0,34.80735541235399,23040.0
-6.115849494934082,-8.238033294677734,2.1221795082092285,0.0,34.98014403194689,23040.0
-6.43199348449707,-8.546603202819824,2.114610195159912,0.0,30.865350376281924,23040.0
-6.70380973815918,-8.845901489257812,2.1420938968658447,0.0,26.18857231136674,23040.0
-6.600366115570068,-8.859084129333496,2.2587201595306396,0.0,26.71625886227433,23040.0
-6.4858574867248535,-8.7965087890625,2.310655355453491,0.0,42.76987651902121,23040.0
-6.746227264404297,-9.016666412353516,2.270439624786377,0.0,41.54233175193733,23040.0
-6.911314487457275,-9.228020668029785,2.316706418991089,0.0,38.20774867497566,23040.0
-7.176746368408203,-9.399348258972168,2.2226057052612305,0.0,34.95180203114899,23040.0
-7.147751808166504,-9.402527809143066,2.2547731399536133,0.0,31.604139155743493,23040.0
-7.193229675292969,-9.495748519897461,2.3025169372558594,0.0,42.60073858307106,23040.0
-7.203497409820557,-9.571449279785156,2.3679518699645996,0.0,40.00563315937079,23040.0
-7.158213138580322,-9.577051162719727,2.418837547302246,0.0,30.702515072519184,23040.0
-7.128620624542236,-9.557921409606934,2.429302215576172,0.0,41.257654786280675,23040.0
-7.147404670715332,-9.57763671875,2.4302289485931396,0.0,52.50920284493974,23040.0
-7.373929977416992,-9.781498908996582,2.407569646835327,0.0,36.461953678148106,23040.0
-7.4804463386535645,-9.95164966583252,2.4712026119232178,0.0,29.17335127777883,23040.0
-7.448715686798096,-9.976578712463379,2.5278666019439697,0.0,34.53197224837345,23040.0
-7.566449165344238,-10.068002700805664,2.501553773880005,0.0,31.45732763242569,23040.0
-7.545694828033447,-10.111725807189941,2.566030979156494,0.0,29.062248145171864,23040.0
-7.551760673522949,-10.16590404510498,2.614142656326294,0.0,39.25646595414833,23040.0
-7.491365432739258,-10.223344802856445,2.731978416442871,0.0,38.181785738008124,23040.0
-7.466928958892822,-10.270365715026855,2.803436756134033,0.0,29.067020844822206,23040.0
-7.652790546417236,-10.431966781616211,2.7791779041290283,0.0,28.8883115243087,23040.0
-7.666463851928711,-10.496376991271973,2.8299121856689453,0.0,36.72968453889871,23040.0
-7.586407661437988,-10.417045593261719,2.830638885498047,0.0,45.68568016466739,23040.0
-7.683288097381592,-10.47804069519043,2.7947545051574707,0.0,40.50964197590858,23040.0
-7.6602301597595215,-10.401384353637695,2.7411577701568604,0.0,40.4842921702103,23040.0
-7.670724868774414,-10.42343521118164,2.752713441848755,0.0,27.860482432613903,23040.0
-7.508759021759033,-10.291929244995117,2.783173084259033,0.0,30.366060673766608,23040.0
-7.680832862854004,-10.414403915405273,2.7335729598999023,0.0,26.05065886748296,23040.0
-7.732082843780518,-10.469650268554688,2.737569808959961,0.0,27.712458899245348,23040.0
-7.710063457489014,-10.516335487365723,2.8062758445739746,0.0,33.396491898634295,23040.0
-7.5495686531066895,-10.41904067993164,2.8694705963134766,0.0,40.5078668458517,23040.0
-7.565009117126465,-10.433324813842773,2.868316411972046,0.0,38.08859271177427,23040.0
-7.57637882232666,-10.46568775177002,2.889310121536255,0.0,29.063530437880686,23040.0
-7.609969139099121,-10.511395454406738,2.9014272689819336,0.0,36.131645844446496,23040.0
-7.669828414916992,-10.55979061126709,2.889960765838623,0.0,33.9098736919517,23040.0
-7.6020894050598145,-10.453042030334473,2.8509514331817627,0.0,40.409381347212054,23040.0
-7.469453811645508,-10.285737991333008,2.816288471221924,0.0,36.89750155302262,23040.0
-7.30425500869751,-10.044795989990234,2.7405412197113037,0.0,37.94057374571847,23040.0
-6.9395976066589355,-9.665205955505371,2.725606918334961,0.0,46.51399288935512,23040.0
-7.289748668670654,-10.00851058959961,2.7187631130218506,0.0,64.87893131618118,23040.0
-7.0301194190979,-9.68062686920166,2.650503158569336,0.0,80.93320778648142,23040.0
-7.428816795349121,-10.192015647888184,2.7631993293762207,0.0,49.48831505479254,23040.0
-7.369301795959473,-10.167436599731445,2.798133611679077,0.0,34.86687936097748,23040.0
-7.4807820320129395,-10.182621955871582,2.70184063911438,0.0,49.722967578511636,23040.0
-6.473965644836426,-9.396408081054688,2.9224438667297363,0.0,84.18885011255215,23040.0
-7.295657157897949,-10.079160690307617,2.7835044860839844,0.0,49.095042461754325,23040.0
-7.296868324279785,-10.084895133972168,2.788027048110962,0.0,47.81300658989745,23040.0
-7.490176677703857,-10.27527904510498,2.7851016521453857,0.0,29.643756859546603,23040.0
-7.543813705444336,-10.24158763885498,2.697774648666382,0.0,27.90290985983282,23040.0
-7.410340785980225,-10.03581714630127,2.625476837158203,0.0,42.379674498413586,23040.0
-7.154473781585693,-9.763114929199219,2.6086387634277344,0.0,34.93921003222141,23040.0
-7.019530773162842,-9.528496742248535,2.508965492248535,0.0,37.23140456020057,23040.0
-7.139518737792969,-9.627290725708008,2.487771987915039,0.0,30.662089355532324,23040.0
-7.2056756019592285,-9.706470489501953,2.5007965564727783,0.0,29.965862562425603,23040.0
-7.455845832824707,-9.91628360748291,2.460439443588257,0.0,32.324833654030144,23040.0
-7.569929122924805,-10.07634162902832,2.506410598754883,0.0,37.189879542119506,23040.0
-7.553464889526367,-10.104166984558105,2.5507006645202637,0.0,40.9126901827469,23040.0
-7.205774784088135,-9.834094047546387,2.6283183097839355,0.0,74.16799970896113,23040.0
-7.239505290985107,-9.739490509033203,2.4999818801879883,0.0,245.9630305408445,23040.0
-4.98391056060791,-7.9397101402282715,2.9557974338531494,0.0,137.0511768927005,23040.0
-7.367962837219238,-10.010497093200684,2.642538547515869,0.0,52.580519384347014,23040.0
-7.080086708068848,-9.583138465881348,2.5030508041381836,0.0,86.82486517882197,23040.0
-7.27872371673584,-9.847661972045898,2.5689406394958496,0.0,57.95355525786482,23040.0
-7.426388263702393,-10.08594036102295,2.659550905227661,0.0,65.73112463162343,23040.0
-7.328611850738525,-9.987776756286621,2.659168004989624,0.0,78.17109777347974,23040.0
-6.799341678619385,-9.316287994384766,2.5169475078582764,0.0,76.16058820316444,23040.0
-6.840106010437012,-9.33929443359375,2.4991891384124756,0.0,68.25642169476812,23040.0
-7.316972732543945,-9.8175630569458,2.5005877017974854,0.0,52.24925496591191,23040.0
-7.29254150390625,-9.792396545410156,2.49985408782959,0.0,49.108360306221606,23040.0
-7.328726768493652,-9.74683666229248,2.4181079864501953,0.0,36.57409974164236,23040.0
-7.270956993103027,-9.789960861206055,2.519003391265869,0.0,47.75169574100403,23040.0
-7.628278732299805,-10.126230239868164,2.497951030731201,0.0,39.118641679141845,23040.0
-7.3376994132995605,-9.963465690612793,2.6257641315460205,0.0,49.13909752877494,23040.0
-7.239964962005615,-9.889032363891602,2.6490726470947266,0.0,40.65555203639773,23040.0
-7.472568035125732,-10.028009414672852,2.5554416179656982,0.0,57.089913912511776,23040.0
-7.381955146789551,-10.051468849182129,2.6695141792297363,0.0,32.611907746221945,23040.0
-7.291928291320801,-9.982807159423828,2.690882921218872,0.0,39.377560842209974,23040.0
-7.672886848449707,-10.330817222595215,2.6579322814941406,0.0,34.65443775031465,23040.0
-7.7106852531433105,-10.338444709777832,2.627762794494629,0.0,41.114126236238285,23040.0
-7.699846267700195,-10.377283096313477,2.6774377822875977,0.0,32.54978959121911,23040.0
-7.6415019035339355,-10.32268238067627,2.6811842918395996,0.0,31.9605130543881,23040.0
-7.398665428161621,-10.00693130493164,2.608264923095703,0.0,34.88499385898713,23040.0
-7.188582897186279,-9.826149940490723,2.6375677585601807,0.0,39.637550608156815,23040.0
-7.411906719207764,-10.074788093566895,2.6628808975219727,0.0,29.78227342164731,23040.0
-7.653125762939453,-10.344075202941895,2.6909492015838623,0.0,41.285927906317916,23040.0
-7.8138604164123535,-10.562665939331055,2.748809337615967,0.0,37.84968234502152,23040.0
-7.831830978393555,-10.607338905334473,2.7755088806152344,0.0,34.17462732060956,23040.0
-7.738751411437988,-10.501620292663574,2.7628657817840576,0.0,57.54889044860427,23040.0
-6.816638946533203,-9.712807655334473,2.896170139312744,0.0,89.11163547047354,23040.0
-7.467899799346924,-10.28425121307373,2.8163559436798096,0.0,32.945386538118406,23040.0
-7.35822868347168,-10.011947631835938,2.6537208557128906,0.0,184.17239096444806,23040.0
-6.875402927398682,-9.839889526367188,2.9644854068756104,0.0,89.75042473401807,23040.0
-7.882831573486328,-10.643118858337402,2.7602877616882324,0.0,33.84320381378092,23040.0
-7.445021629333496,-10.149126052856445,2.704108953475952,0.0,60.4390637131651,23040.0
-7.47414493560791,-10.137227058410645,2.663083791732788,0.0,47.57637371466509,23040.0
-7.635992527008057,-10.309884071350098,2.673888921737671,0.0,47.71882948888121,23040.0
-7.53735876083374,-10.276201248168945,2.7388432025909424,0.0,53.43212020959422,23040.0
-7.490880012512207,-10.118515014648438,2.6276371479034424,0.0,50.411632143778164,23040.0
-7.482948303222656,-10.10007095336914,2.6171252727508545,0.0,68.82170779290092,23040.0
-7.805491924285889,-10.530363082885742,2.724871873855591,0.0,47.93363981388697,23040.0
-7.69219970703125,-10.43857192993164,2.7463767528533936,0.0,68.51007520495084,23040.0
-7.840389728546143,-10.59035587310791,2.7499654293060303,0.0,33.890331564909594,23040.0
-7.734522819519043,-10.451257705688477,2.7167367935180664,0.0,77.27992658343742,23040.0
-7.07927942276001,-9.99159049987793,2.912310838699341,0.0,76.38112358492408,23040.0
-7.1171956062316895,-10.080739974975586,2.9635441303253174,0.0,78.10449468496212,23040.0
-7.7614216804504395,-10.501492500305176,2.7400715351104736,0.0,73.83677439741408,23040.0
-7.802191257476807,-10.560498237609863,2.758310556411743,0.0,54.31033029947226,23040.0
-7.8574395179748535,-10.648035049438477,2.790597677230835,0.0,60.21178893004857,23040.0
-7.87844705581665,-10.665918350219727,2.787472724914551,0.0,60.48231906246795,23040.0
-7.34168004989624,-10.099038124084473,2.7573564052581787,0.0,63.537948474156664,23040.0
-7.1390767097473145,-9.908415794372559,2.769343376159668,0.0,52.317443447438286,23040.0
-7.478080749511719,-10.208550453186035,2.7304680347442627,0.0,50.31566450031212,23040.0
-7.51400089263916,-10.233255386352539,2.719254970550537,0.0,41.23993452772343,23040.0
-7.652947902679443,-10.372631072998047,2.719681978225708,0.0,52.39084457005093,23040.0
-7.74042272567749,-10.526895523071289,2.7864720821380615,0.0,64.40660032539003,23040.0
-7.792187690734863,-10.639225006103516,2.847038745880127,0.0,25.775130349306398,23040.0
-7.347485542297363,-10.308859825134277,2.961379051208496,0.0,35.63570585091769,23040.0
-6.91983699798584,-9.888175010681152,2.968337297439575,0.0,48.59055095873033,23040.0
-6.972227573394775,-9.871411323547363,2.899184226989746,0.0,45.50805781528417,23040.0
-7.364616394042969,-10.146153450012207,2.7815356254577637,0.0,72.61384144072956,23040.0
-6.460712432861328,-9.333614349365234,2.872901439666748,0.0,330.2375779673842,23040.0
-2.0179073810577393,-4.724589824676514,2.7066824436187744,0.0,333.94476717729003,23040.0
-4.95065975189209,-7.603699207305908,2.65303897857666,0.0,111.95229307741762,23040.0
-5.296371936798096,-7.8471999168396,2.5508267879486084,0.0,83.65898879633183,23040.0
-4.795884132385254,-7.31239128112793,2.516505718231201,0.0,93.32413231942402,23040.0
-4.629072189331055,-7.09551477432251,2.4664418697357178,0.0,76.82386792976668,23040.0
-4.869019508361816,-7.2253594398498535,2.3563413619995117,0.0,59.37169374668307,23040.0
-5.032217025756836,-7.271560192108154,2.2393438816070557,0.0,42.55879601777103,23040.0
-4.981849193572998,-7.1444268226623535,2.1625804901123047,0.0,44.541267798367635,23040.0
-5.041914939880371,-7.1098151206970215,2.0679004192352295,0.0,47.07724576209691,23040.0
-5.30298376083374,-7.204233169555664,1.9012479782104492,0.0,34.31889825424954,23040.0
-5.2583394050598145,-7.140260219573975,1.8819193840026855,0.0,40.049928138569406,23040.0
-5.368324279785156,-7.213007926940918,1.8446829319000244,0.0,45.2709383125464,23040.0
-5.565709590911865,-7.326497554779053,1.760788083076477,0.0,38.46271057489779,23040.0
-5.625617027282715,-7.36099100112915,1.7353743314743042,0.0,37.939520295615615,23040.0
-5.786128520965576,-7.470067501068115,1.6839414834976196,0.0,36.36471183418956,23040.0
-5.983543395996094,-7.609731674194336,1.6261898279190063,0.0,31.06182833548085,23040.0
-6.08420467376709,-7.700952053070068,1.6167465448379517,0.0,24.896609397146253,23040.0
-6.230612754821777,-7.795618534088135,1.5650055408477783,0.0,31.36128218799116,23040.0
-6.268281936645508,-7.8618645668029785,1.5935826301574707,0.0,35.62889709618698,23040.0
-6.130484580993652,-7.820760726928711,1.6902772188186646,0.0,27.642284816605194,23040.0
-6.131659507751465,-7.852866172790527,1.7212082147598267,0.0,34.68881373674467,23040.0
-5.842180252075195,-7.653135299682617,1.810955286026001,0.0,33.39233337463832,23040.0
-5.820933818817139,-7.688963413238525,1.8680284023284912,0.0,36.67720211902332,23040.0
-6.215227127075195,-8.03453254699707,1.8193062543869019,0.0,39.16878934493599,23040.0
-6.307103157043457,-8.120991706848145,1.8138902187347412,0.0,38.802832866231874,23040.0
-6.528600215911865,-8.34912109375,1.820518970489502,0.0,35.05767870540854,23040.0
-6.510236740112305,-8.42544937133789,1.915212869644165,0.0,35.97409640499951,23040.0
-6.622791767120361,-8.566546440124512,1.943753719329834,0.0,44.598592877092614,23040.0
-6.68881893157959,-8.700752258300781,2.0119359493255615,0.0,36.27318783015038,23040.0
-6.734238624572754,-8.763489723205566,2.029252290725708,0.0,35.2292726661794,23040.0
-6.684630870819092,-8.70671558380127,2.0220868587493896,0.0,45.29404207902309,23040.0
-6.505325794219971,-8.502960205078125,1.9976338148117065,0.0,60.36396325248201,23040.0
-6.45509147644043,-8.50035285949707,2.045259952545166,0.0,51.29591659709429,23040.0
-6.620968341827393,-8.675561904907227,2.0545945167541504,0.0,38.39302056905439,23040.0
-6.707483768463135,-8.79502010345459,2.0875351428985596,0.0,50.54157174051743,23040.0
-6.97771692276001,-9.108450889587402,2.1307339668273926,0.0,46.50425473828145,23040.0
-7.041229248046875,-9.175174713134766,2.133949041366577,0.0,38.06745322077747,23040.0
-6.938920974731445,-9.138772010803223,2.1998491287231445,0.0,32.1610206717679,23040.0
-6.991019248962402,-9.193856239318848,2.2028377056121826,0.0,42.56334087007228,23040.0
-7.140259265899658,-9.328227043151855,2.187967538833618,0.0,44.66395196823617,23040.0
-7.06357479095459,-9.39795970916748,2.3343796730041504,0.0,34.93850371598506,23040.0
-7.069066047668457,-9.41452407836914,2.3454577922821045,0.0,46.55508001760598,23040.0
-7.24009895324707,-9.636434555053711,2.3963334560394287,0.0,34.70008895350023,23040.0
-7.298938751220703,-9.6986722946167,2.399733781814575,0.0,42.96194548413481,23040.0
-7.388810157775879,-9.814855575561523,2.4260449409484863,0.0,41.052445111719805,23040.0
-7.403099060058594,-9.934198379516602,2.5311026573181152,0.0,36.9614573510831,23040.0
-7.0974555015563965,-9.727518081665039,2.630061626434326,0.0,43.1390611227063,23040.0
-7.475677490234375,-10.058494567871094,2.582814931869507,0.0,29.755632798633528,23040.0
-7.466191291809082,-10.011154174804688,2.5449607372283936,0.0,43.312860156605176,23040.0
-7.613924026489258,-10.175379753112793,2.561458110809326,0.0,27.668701046137645,23040.0
-7.642116069793701,-10.241822242736816,2.599705696105957,0.0,42.95246877835616,23040.0
-7.592309474945068,-10.256271362304688,2.6639630794525146,0.0,41.810084991688925,23040.0
-7.659220218658447,-10.289203643798828,2.629981756210327,0.0,29.532897738373965,23040.0
-7.504227638244629,-10.21397876739502,2.7097532749176025,0.0,48.09049068097262,23040.0
-7.659144401550293,-10.382969856262207,2.723825216293335,0.0,29.35397626961804,23040.0
-7.544497966766357,-10.310279846191406,2.7657790184020996,0.0,44.87878234068137,23040.0
-7.76684045791626,-10.47907829284668,2.71224045753479,0.0,23.069319427926445,23040.0
-7.8502197265625,-10.551719665527344,2.701500415802002,0.0,27.079936565437663,23040.0
-7.830240726470947,-10.561766624450684,2.731523036956787,0.0,21.0185960739188,23040.0
-7.826813220977783,-10.572487831115723,2.7456698417663574,0.0,31.62813403268924,23040.0
-7.903469562530518,-10.626799583435059,2.72333025932312,0.0,21.399949223840117,23040.0
-7.70435094833374,-10.44652271270752,2.7421717643737793,0.0,31.669987664231968,23040.0
-7.87673282623291,-10.647936820983887,2.7712018489837646,0.0,28.066728998926557,23040.0
-7.882197856903076,-10.671087265014648,2.788886308670044,0.0,51.1987706595749,23040.0
-7.994521141052246,-10.784442901611328,2.7899255752563477,0.0,23.009597024938483,23040.0
-7.868001461029053,-10.710098266601562,2.8420963287353516,0.0,35.65320321334293,23040.0
-7.841131687164307,-10.743264198303223,2.902132511138916,0.0,16.91760579007389,23040.0
-7.893210411071777,-10.798608779907227,2.9054009914398193,0.0,39.367710467964656,23040.0
-7.749123573303223,-10.694533348083496,2.94541072845459,0.0,53.10742502371319,23040.0
-8.004386901855469,-10.845845222473145,2.8414554595947266,0.0,55.058682394616,23040.0
-8.01709270477295,-10.902420043945312,2.885326385498047,0.0,34.32350541426926,23040.0
-7.798457145690918,-10.724106788635254,2.9256479740142822,0.0,77.86714358212843,23040.0
-8.036855697631836,-10.947884559631348,2.911029100418091,0.0,27.339384405975682,23040.0
-7.787714958190918,-10.654634475708008,2.8669192790985107,0.0,60.00586529624604,23040.0
-8.039396286010742,-10.837187767028809,2.797792673110962,0.0,48.116218656019974,23040.0
-8.080658912658691,-11.002522468566895,2.9218623638153076,0.0,54.300899357658935,23040.0
-8.015417098999023,-10.96208381652832,2.946666717529297,0.0,49.11986007141923,23040.0
-7.995243549346924,-10.901480674743652,2.906240224838257,0.0,51.86797399230926,23040.0
-8.001656532287598,-10.89748764038086,2.895831346511841,0.0,57.98009591532169,23040.0
-7.947866439819336,-10.933307647705078,2.985443353652954,0.0,45.95871366181461,23040.0
-7.9551568031311035,-10.977826118469238,3.0226714611053467,0.0,53.451606338332184,23040.0
-8.100117683410645,-11.013742446899414,2.9136202335357666,0.0,43.594065977645684,23040.0
-8.147505760192871,-11.146307945251465,2.998802661895752,0.0,35.581747546575684,23040.0
-8.168429374694824,-11.102030754089355,2.9335992336273193,0.0,43.07660880185453,23040.0
-8.048430442810059,-11.065486907958984,3.017055034637451,0.0,46.20356683177687,23040.0
-8.265518188476562,-11.183935165405273,2.918416738510132,0.0,20.245923756992298,23040.0
-8.121759414672852,-11.066622734069824,2.944864511489868,0.0,35.95214905256736,23040.0
-8.27035903930664,-11.202607154846191,2.9322495460510254,0.0,28.666821792181295,23040.0
-8.200647354125977,-11.184935569763184,2.984285593032837,0.0,48.492248576260195,23040.0
-8.277650833129883,-11.26276969909668,2.9851179122924805,0.0,55.32996357574174,23040.0
-8.042442321777344,-11.066190719604492,3.0237467288970947,0.0,53.42478313895029,23040.0
-8.110347747802734,-11.114272117614746,3.003920793533325,0.0,44.9374802286785,23040.0
-8.233877182006836,-11.238677024841309,3.00479793548584,0.0,45.24080390173555,23040.0
-8.146803855895996,-11.164386749267578,3.017584800720215,0.0,85.29358180685576,23040.0
-8.180547714233398,-11.221968650817871,3.041421413421631,0.0,52.669524451364225,23040.0
-8.099575996398926,-11.158047676086426,3.058471441268921,0.0,75.96643540297408,23040.0
-8.230578422546387,-11.269360542297363,3.038780689239502,0.0,44.340317015153644,23040.0
-8.234753608703613,-11.295226097106934,3.060472011566162,0.0,84.18778870969061,23040.0
-8.165526390075684,-11.190289497375488,3.024765968322754,0.0,48.13432789166226,23040.0
-7.838788986206055,-10.95057487487793,3.111783742904663,0.0,67.76766110815939,23040.0
-8.04331111907959,-11.029587745666504,2.986273765563965,0.0,48.488817962056984,23040.0
-8.117083549499512,-11.143580436706543,3.026499032974243,0.0,83.72718611156732,23040.0
-8.086380004882812,-11.175881385803223,3.08950138092041,0.0,73.29169820095547,23040.0
-8.14401626586914,-11.165133476257324,3.0211191177368164,0.0,79.2550255842491,23040.0
-8.12533187866211,-11.169051170349121,3.0437231063842773,0.0,65.5276580523032,23040.0
-8.131665229797363,-11.160659790039062,3.028994083404541,0.0,67.52313370965305,23040.0
-7.976941108703613,-11.103109359741211,3.126169443130493,0.0,78.12005644675645,23040.0
-8.13840389251709,-11.198369979858398,3.059962749481201,0.0,59.31895729045405,23040.0
-7.9198784828186035,-10.89560604095459,2.9757273197174072,0.0,85.2136642710615,23040.0
-7.883190155029297,-10.824512481689453,2.941321849822998,0.0,86.13413012327372,23040.0
-7.650067329406738,-10.756609916687012,3.106545925140381,0.0,127.762071246184,23040.0
-8.058655738830566,-11.058825492858887,3.000169515609741,0.0,81.16757775321284,23040.0
-7.529799938201904,-10.453740119934082,2.923938274383545,0.0,118.83403957607034,23040.0
-7.65038537979126,-10.594919204711914,2.94453501701355,0.0,85.10637329434506,23040.0
-7.845878601074219,-10.871381759643555,3.0255038738250732,0.0,92.96247022224956,23040.0
-7.791180610656738,-10.805540084838867,3.014364004135132,0.0,108.32296686900808,23040.0
-8.109798431396484,-11.03144645690918,2.921647548675537,0.0,68.01263111973195,23040.0
-7.869883060455322,-10.759527206420898,2.8896429538726807,0.0,97.19622923838546,23040.0
-8.054217338562012,-10.924336433410645,2.870119571685791,0.0,63.64192005078508,23040.0
-7.890650272369385,-10.843462944030762,2.9528110027313232,0.0,85.01866014240241,23040.0
-7.4013495445251465,-10.44186019897461,3.0405113697052,0.0,98.04114489246122,23040.0
-8.106122970581055,-11.008204460144043,2.902078151702881,0.0,62.921034513223226,23040.0
-8.067178726196289,-10.830745697021484,2.763566493988037,0.0,96.47410470213711,23040.0
-7.990935802459717,-10.81856918334961,2.8276305198669434,0.0,68.0788222153589,23040.0
-8.031275749206543,-10.887710571289062,2.856438159942627,0.0,69.17679613749397,23040.0
-7.974267482757568,-10.882198333740234,2.9079291820526123,0.0,86.05097459640417,23040.0
-8.04658031463623,-10.91918659210205,2.8726069927215576,0.0,66.64209049975985,23040.0
-8.160788536071777,-10.96468734741211,2.803896188735962,0.0,76.58538190853993,23040.0
-8.094740867614746,-10.946149826049805,2.851407289505005,0.0,69.76636668528032,23040.0
-8.231977462768555,-11.10145378112793,2.869473695755005,0.0,64.54404669899985,23040.0
-8.1345853805542,-11.084715843200684,2.9501280784606934,0.0,72.51641294109649,23040.0
-7.985128402709961,-11.007003784179688,3.0218770503997803,0.0,70.55074808356594,23040.0
-8.294941902160645,-11.259413719177246,2.9644718170166016,0.0,68.15978730287746,23040.0
-8.13660717010498,-11.131362915039062,2.9947564601898193,0.0,71.32725020508529,23040.0
-8.233015060424805,-11.216848373413086,2.983834743499756,0.0,69.83452874252305,23040.0
-8.360426902770996,-11.37513542175293,3.01470947265625,0.0,60.81707684415138,23040.0
-8.23928165435791,-11.321916580200195,3.0826382637023926,0.0,70.44725658599269,23040.0
-8.14862060546875,-11.189362525939941,3.0407419204711914,0.0,73.88661839437682,23040.0
-8.200737953186035,-11.263041496276855,3.062302350997925,0.0,53.61529252390671,23040.0
-8.212181091308594,-11.334609031677246,3.1224279403686523,0.0,67.29368075236802,23040.0
-8.310595512390137,-11.434892654418945,3.124298334121704,0.0,57.30485983775278,23040.0
-8.357401847839355,-11.45348072052002,3.0960774421691895,0.0,49.91461008760342,23040.0
-8.28258228302002,-11.33938980102539,3.056806802749634,0.0,70.1135773339928,23040.0
-8.378055572509766,-11.463973999023438,3.0859174728393555,0.0,41.72050460750094,23040.0
-8.01498794555664,-11.248918533325195,3.233931541442871,0.0,80.89677865219498,23040.0
-8.239267349243164,-11.433459281921387,3.194194793701172,0.0,45.66138862293608,23040.0
-8.37809944152832,-11.4349946975708,3.056891918182373,0.0,71.28516051156532,23040.0
-8.40866470336914,-11.550932884216309,3.1422688961029053,0.0,43.30774844978826,23040.0
-8.177136421203613,-11.397171020507812,3.220034122467041,0.0,71.90280007216091,23040.0
-8.305634498596191,-11.463484764099121,3.1578521728515625,0.0,61.79179927535893,23040.0
-8.1945161819458,-11.28173542022705,3.087224006652832,0.0,73.50641648047078,23040.0
-8.182438850402832,-11.290349960327148,3.107910394668579,0.0,53.30558939749963,23040.0
-8.213740348815918,-11.297181129455566,3.0834383964538574,0.0,68.87514671787584,23040.0
-7.819159030914307,-10.981460571289062,3.1623055934906006,0.0,122.91418835774526,23040.0
-8.374635696411133,-11.42504596710205,3.050410747528076,0.0,53.637136359989526,23040.0
-8.13249683380127,-11.162205696105957,3.0297136306762695,0.0,88.73139120047642,23040.0
-8.265665054321289,-11.41852855682373,3.1528682708740234,0.0,58.23127451304603,23040.0
-7.632436752319336,-10.879674911499023,3.247237205505371,0.0,93.93104179691207,23040.0
-8.194252967834473,-11.327593803405762,3.133340835571289,0.0,61.87414424968563,23040.0
-8.277283668518066,-11.378966331481934,3.1016836166381836,0.0,62.39504755245697,23040.0
-7.942244529724121,-10.94135856628418,2.9991157054901123,0.0,77.03028477692136,23040.0
-8.307351112365723,-11.302001953125,2.9946491718292236,0.0,56.118825375253245,23040.0
-7.750040531158447,-10.907943725585938,3.1579036712646484,0.0,109.4541980556323,23040.0
-8.341368675231934,-11.35110092163086,3.0097310543060303,0.0,54.37860768023797,23040.0
-8.042257308959961,-11.028862953186035,2.986605167388916,0.0,83.23506072817167,23040.0
-8.088780403137207,-11.015230178833008,2.926454782485962,0.0,69.11244931442032,23040.0
-8.346088409423828,-11.288223266601562,2.9421377182006836,0.0,79.04050081052931,23040.0
-6.986708641052246,-10.17570972442627,3.1890008449554443,0.0,139.64886514514856,23040.0
-8.28794002532959,-11.262914657592773,2.9749746322631836,0.0,67.87926252048642,23040.0
-7.90420389175415,-10.818647384643555,2.9144418239593506,0.0,107.83892576043472,23040.0
-7.921284198760986,-10.93539047241211,3.0141029357910156,0.0,66.71895187929344,23040.0
-8.34883975982666,-11.232592582702637,2.883751392364502,0.0,82.8173430634553,23040.0
-7.738439083099365,-10.832463264465332,3.0940237045288086,0.0,102.14888385441442,23040.0
-8.001832962036133,-11.0903902053833,3.088559627532959,0.0,74.45803232596961,23040.0
-8.037788391113281,-11.01161003112793,2.973820209503174,0.0,103.28020958426592,23040.0
-7.914523124694824,-10.817428588867188,2.9029057025909424,0.0,82.39699308051803,23040.0
-8.12348461151123,-11.0590181350708,2.935534715652466,0.0,84.8362114245042,23040.0
-8.060254096984863,-11.092517852783203,3.032264471054077,0.0,102.59135250550038,23040.0
-7.606759071350098,-10.79593563079834,3.1891751289367676,0.0,98.81939609732905,23040.0
-8.142107963562012,-11.154864311218262,3.01275372505188,0.0,98.38042483171392,23040.0
-7.890626430511475,-10.8681058883667,2.9774796962738037,0.0,108.23077861037362,23040.0
-7.908241271972656,-10.840471267700195,2.93223237991333,0.0,90.15981828077103,23040.0
-8.077442169189453,-11.122685432434082,3.0452444553375244,0.0,105.09952015883678,23040.0
-7.675345420837402,-10.777742385864258,3.102400302886963,0.0,112.97098097871175,23040.0
-8.215781211853027,-11.22433853149414,3.008557081222534,0.0,91.08934077008506,23040.0
-8.087475776672363,-11.06492805480957,2.9774532318115234,0.0,107.45895213428842,23040.0
-7.95348596572876,-10.928152084350586,2.9746649265289307,0.0,99.11729015508075,23040.0
-8.270532608032227,-11.192529678344727,2.921994924545288,0.0,94.64079371298033,23040.0
-8.209892272949219,-11.234169960021973,3.024278163909912,0.0,97.56295974531557,23040.0
-8.202077865600586,-11.230294227600098,3.028216600418091,0.0,96.25380164088624,23040.0
-8.314424514770508,-11.324213027954102,3.009786367416382,0.0,91.47917367025988,23040.0
-8.255666732788086,-11.280879974365234,3.0252153873443604,0.0,87.67443950935682,23040.0
-8.23170280456543,-11.279692649841309,3.0479888916015625,0.0,89.710778674615,23040.0
-8.28473949432373,-11.389165878295898,3.1044247150421143,0.0,79.15247066479687,23040.0
-8.099831581115723,-11.223003387451172,3.1231656074523926,0.0,86.57883715111329,23040.0
-8.250184059143066,-11.399517059326172,3.1493334770202637,0.0,88.4530472982201,23040.0
-8.266727447509766,-11.419109344482422,3.152381658554077,0.0,76.26637319216752,23040.0
-8.12503719329834,-11.294513702392578,3.169475555419922,0.0,81.81550416224692,23040.0
-8.124653816223145,-11.227530479431152,3.1028778553009033,0.0,85.43153039422269,23040.0
-8.335135459899902,-11.499480247497559,3.1643409729003906,0.0,71.8184187472005,23040.0
-8.362956047058105,-11.491724967956543,3.1287689208984375,0.0,81.7671792408252,23040.0
-8.379549026489258,-11.557157516479492,3.1776092052459717,0.0,69.119895253473,23040.0
-8.394633293151855,-11.53307819366455,3.1384432315826416,0.0,70.92929561899,23040.0
-8.340145111083984,-11.46851921081543,3.12837290763855,0.0,79.95960279618653,23040.0
-8.298335075378418,-11.555191040039062,3.2568576335906982,0.0,59.26480849655155,23040.0
-7.8444504737854,-11.161683082580566,3.3172287940979004,0.0,89.2553065926903,23040.0
-8.399284362792969,-11.587499618530273,3.18821382522583,0.0,73.30547021493672,23040.0
-8.19082260131836,-11.376802444458008,3.185976505279541,0.0,71.54070575539099,23040.0
-8.120972633361816,-11.267854690551758,3.146881341934204,0.0,81.62085074331958,23040.0
-8.286577224731445,-11.427498817443848,3.1409263610839844,0.0,67.05978817675806,23040.0
-8.362259864807129,-11.523588180541992,3.1613287925720215,0.0,69.88616032378108,23040.0
-8.356772422790527,-11.474747657775879,3.1179723739624023,0.0,76.64652717359012,23040.0
-8.282629013061523,-11.435993194580078,3.153362274169922,0.0,66.42010503113315,23040.0
-8.319107055664062,-11.448338508605957,3.1292316913604736,0.0,58.12241839913526,23040.0
-8.095048904418945,-11.331998825073242,3.236952066421509,0.0,81.64858051070806,23040.0
-8.128036499023438,-11.380846977233887,3.25281023979187,0.0,56.351194311472895,23040.0
-8.381696701049805,-11.522948265075684,3.141252040863037,0.0,67.56759205034463,23040.0
-8.279138565063477,-11.506607055664062,3.2274701595306396,0.0,60.04083285199573,23040.0
-8.33362865447998,-11.418732643127441,3.0851047039031982,0.0,70.76703339285581,23040.0
-8.327286720275879,-11.491284370422363,3.163999080657959,0.0,75.77778234142058,23040.0
-8.38557243347168,-11.569196701049805,3.183624029159546,0.0,39.29334740389598,23040.0
-8.311594009399414,-11.469565391540527,3.157971143722534,0.0,65.92153151510048,23040.0
-8.34368896484375,-11.55888843536377,3.2151973247528076,0.0,69.23394500681518,23040.0
-8.586517333984375,-11.685280799865723,3.0987637042999268,0.0,35.162275709376694,23040.0
-8.410331726074219,-11.57678508758545,3.1664514541625977,0.0,54.79318335312556,23040.0
-8.411221504211426,-11.597752571105957,3.1865322589874268,0.0,44.75921038535654,23040.0
-8.504327774047852,-11.670256614685059,3.1659271717071533,0.0,33.9906400915348,23040.0
-8.4890775680542,-11.662060737609863,3.1729867458343506,0.0,55.52691022876253,23040.0
-8.209356307983398,-11.509428977966309,3.30007266998291,0.0,44.10763472008072,23040.0
-8.48047161102295,-11.696440696716309,3.215970754623413,0.0,43.62220576591654,23040.0
-8.38787841796875,-11.556483268737793,3.1686055660247803,0.0,57.48250267798095,23040.0
-8.57893180847168,-11.784468650817871,3.2055416107177734,0.0,29.351614166479674,23040.0
-8.565611839294434,-11.751541137695312,3.1859242916107178,0.0,46.970372503862166,23040.0
-8.527130126953125,-11.7321138381958,3.2049872875213623,0.0,40.81082491946111,23040.0
-8.361320495605469,-11.57602310180664,3.2147016525268555,0.0,45.13554985909563,23040.0
-8.539673805236816,-11.705252647399902,3.1655774116516113,0.0,48.27161991616342,23040.0
-8.390182495117188,-11.69168472290039,3.301499366760254,0.0,47.39100104000096,23040.0
-8.371471405029297,-11.629949569702148,3.258478879928589,0.0,55.64643745737852,23040.0
-8.507613182067871,-11.75365924835205,3.246042251586914,0.0,54.57117281162843,23040.0
-8.576080322265625,-11.8221435546875,3.246060848236084,0.0,40.010317201282994,23040.0
-8.559844970703125,-11.792248725891113,3.232401132583618,0.0,44.07208645424326,23040.0
-8.598305702209473,-11.829239845275879,3.2309319972991943,0.0,39.01037381527886,23040.0
-8.518623352050781,-11.749398231506348,3.230774164199829,0.0,42.342482936873814,23040.0
-8.024442672729492,-11.267542839050293,3.243100643157959,0.0,75.31020085188894,23040.0
-8.10004711151123,-11.43610954284668,3.33606219291687,0.0,116.0513516499072,23040.0
-8.220086097717285,-11.445616722106934,3.2255313396453857,0.0,102.70449723119806,23040.0
-8.00599479675293,-11.222274780273438,3.2162790298461914,0.0,104.02125776816413,23040.0
-8.225275039672852,-11.514999389648438,3.289721965789795,0.0,89.4021385149176,23040.0
-8.214942932128906,-11.340272903442383,3.1253278255462646,0.0,127.0203754099064,23040.0
-7.943027973175049,-11.241808891296387,3.298781633377075,0.0,87.19996353548586,23040.0
-8.459856033325195,-11.602320671081543,3.142465829849243,0.0,75.58778045164094,23040.0
-8.077560424804688,-11.166438102722168,3.0888783931732178,0.0,90.04774215567387,23040.0
-8.492096900939941,-11.55357551574707,3.0614802837371826,0.0,50.33105114036076,23040.0
-8.072402000427246,-11.237539291381836,3.165140390396118,0.0,111.50266544737697,23040.0
-8.474300384521484,-11.545129776000977,3.0708274841308594,0.0,54.97118911042591,23040.0
-7.971250534057617,-11.035765647888184,3.0645174980163574,0.0,90.3673570285864,23040.0
-8.237523078918457,-11.241632461547852,3.004110097885132,0.0,72.5910194359772,23040.0
-7.901688575744629,-11.041986465454102,3.14030122756958,0.0,109.36913502464981,23040.0
-8.158384323120117,-11.21495532989502,3.0565710067749023,0.0,90.04812579764311,23040.0
-7.9421610832214355,-10.946969032287598,3.004807233810425,0.0,97.29570104042082,23040.0
-8.242880821228027,-11.326513290405273,3.083627939224243,0.0,81.28704576280697,23040.0
-8.310895919799805,-11.381978034973145,3.0710809230804443,0.0,58.14922475279193,23040.0
-8.4004545211792,-11.387104034423828,2.9866507053375244,0.0,71.02114089258,23040.0
-8.410598754882812,-11.461605072021484,3.051007032394409,0.0,55.66841566046327,23040.0
-8.186002731323242,-11.20442008972168,3.0184173583984375,0.0,75.89850293038324,23040.0
-8.352344512939453,-11.396812438964844,3.044468402862549,0.0,61.41004581450579,23040.0
-8.301399230957031,-11.369606971740723,3.0682084560394287,0.0,88.65656774384277,23040.0
-8.540970802307129,-11.594412803649902,3.053443670272827,0.0,59.58190872746618,23040.0
-8.419358253479004,-11.462453842163086,3.043095827102661,0.0,80.82988518465373,23040.0
-8.369747161865234,-11.502171516418457,3.1324236392974854,0.0,60.96372118717584,23040.0
-8.447853088378906,-11.58586311340332,3.1380114555358887,0.0,63.39669077075717,23040.0
-8.527523040771484,-11.639121055603027,3.1115972995758057,0.0,54.75147015275472,23040.0
-8.545183181762695,-11.719756126403809,3.174574375152588,0.0,53.196030523576965,23040.0
-8.559489250183105,-11.736492156982422,3.177004337310791,0.0,50.00605269550279,23040.0
-8.611542701721191,-11.710824012756348,3.0992801189422607,0.0,48.75610411002619,23040.0
-8.600666999816895,-11.71786117553711,3.1171953678131104,0.0,53.60794462814702,23040.0
-8.089608192443848,-11.356865882873535,3.267256021499634,0.0,79.4651686795961,23040.0
-8.53217601776123,-11.726141929626465,3.1939663887023926,0.0,65.92005105375148,23040.0
-8.246274948120117,-11.387775421142578,3.141498565673828,0.0,90.29475022886693,23040.0
-8.354008674621582,-11.492274284362793,3.1382622718811035,0.0,76.69811718776513,23040.0
-8.561429023742676,-11.764577865600586,3.2031497955322266,0.0,69.01137588956476,23040.0
-8.400083541870117,-11.59912395477295,3.1990411281585693,0.0,75.76332381228106,23040.0
-8.205694198608398,-11.33409309387207,3.128396987915039,0.0,81.36946920845628,23040.0
-8.222195625305176,-11.464085578918457,3.2418932914733887,0.0,89.06144990777483,23040.0
-7.2299113273620605,-10.586189270019531,3.356276750564575,0.0,129.19662479809017,23040.0
-8.330182075500488,-11.513137817382812,3.182960033416748,0.0,69.37980340795966,23040.0
-8.139095306396484,-11.263306617736816,3.124211549758911,0.0,92.06584838169242,23040.0
-8.278797149658203,-11.361485481262207,3.0826871395111084,0.0,77.7883272843409,23040.0
-8.226913452148438,-11.321507453918457,3.094594717025757,0.0,60.94533649938608,23040.0
-5.887729167938232,-9.03439712524414,3.1466660499572754,0.0,151.7626707429078,23040.0
-6.224960803985596,-9.54130744934082,3.3163468837738037,0.0,200.70860380543337,23040.0
-8.382648468017578,-11.373442649841309,2.9907939434051514,0.0,43.31867467426004,23040.0
-6.750339031219482,-9.699323654174805,2.9489827156066895,0.0,125.94819491256715,23040.0
-7.505695343017578,-10.366510391235352,2.8608126640319824,0.0,85.0247000327472,23040.0
-7.855856895446777,-10.874370574951172,3.018512010574341,0.0,71.20080159090588,23040.0
-5.822403907775879,-9.045707702636719,3.2233052253723145,0.0,150.94092433381942,23040.0
-7.2654595375061035,-10.334762573242188,3.069300651550293,0.0,72.43817646591367,23040.0
-7.531687259674072,-10.369057655334473,2.8373706340789795,0.0,84.33995105477086,23040.0
-6.833507061004639,-9.538018226623535,2.704512119293213,0.0,92.48152623528424,23040.0
-6.603495121002197,-9.281163215637207,2.677670478820801,0.0,77.86695355414692,23040.0
-6.668095111846924,-9.283583641052246,2.6154887676239014,0.0,91.67771695484122,23040.0
-7.464732646942139,-10.050606727600098,2.585871458053589,0.0,87.09303868443895,23040.0
-7.003634929656982,-9.75146198272705,2.7478270530700684,0.0,104.9627629621068,23040.0
-7.036092758178711,-9.756187438964844,2.7200939655303955,0.0,87.83286354260706,23040.0
-7.472538471221924,-10.066695213317871,2.594160318374634,0.0,91.57988443795075,23040.0
-7.34065055847168,-9.857834815979004,2.517183303833008,0.0,84.30458802083501,23040.0
-7.014821529388428,-9.597952842712402,2.5831284523010254,0.0,68.88393196187106,23040.0
-6.962214946746826,-9.571134567260742,2.6089208126068115,0.0,86.74501698328338,23040.0
-7.353938102722168,-10.016080856323242,2.662144422531128,0.0,89.30110886634009,23040.0
-7.532341957092285,-10.261940956115723,2.7295989990234375,0.0,73.79492411235502,23040.0
-6.440828323364258,-9.390142440795898,2.9493136405944824,0.0,96.7858238583285,23040.0
-6.234062194824219,-9.235164642333984,3.001100778579712,0.0,109.1679855109596,23040.0
-7.339888572692871,-10.198681831359863,2.858790874481201,0.0,93.64832406047672,23040.0
-7.534943103790283,-10.289578437805176,2.7546322345733643,0.0,75.43097713407121,23040.0
-6.884211540222168,-9.607903480529785,2.723691940307617,0.0,66.0766140359923,23040.0
-5.631281852722168,-8.402718544006348,2.771439790725708,0.0,94.89382063994202,23040.0
-4.226715087890625,-7.072778224945068,2.8460636138916016,0.0,88.2612842444829,23040.0
-5.67408561706543,-8.329164505004883,2.655078411102295,0.0,70.5408941762993,23040.0
-6.395488739013672,-9.109418869018555,2.713930606842041,0.0,135.19537697742643,23040.0
-6.95339298248291,-9.581912994384766,2.6285226345062256,0.0,57.64679046793268,23040.0
-6.680076599121094,-9.423720359802246,2.7436470985412598,0.0,79.66820761754177,23040.0
-6.07034158706665,-8.97743034362793,2.9070913791656494,0.0,101.34979692201256,23040.0
-6.841136455535889,-9.590383529663086,2.7492456436157227,0.0,79.97666895777516,23040.0
-6.828441619873047,-9.388317108154297,2.559873342514038,0.0,67.68130836138957,23040.0
-5.548129081726074,-7.987195014953613,2.439065933227539,0.0,61.96705509288206,23040.0
-4.788630485534668,-7.142781734466553,2.3541531562805176,0.0,73.20319452085769,23040.0
-5.509847164154053,-7.851585388183594,2.34173846244812,0.0,74.36927186557509,23040.0
-6.156370162963867,-8.610013961791992,2.453648090362549,0.0,83.95041555753606,23040.0
-5.865887641906738,-8.541108131408691,2.675220012664795,0.0,86.23296456491369,23040.0
-4.505402088165283,-7.393404960632324,2.8880043029785156,0.0,115.31583557877504,23040.0
-1.6757584810256958,-4.786331653594971,3.110572576522827,0.0,197.96487883263117,23040.0
-2.955012083053589,-5.9543023109436035,2.9992916584014893,0.0,131.62424000695623,23040.0
-5.043486595153809,-7.636662006378174,2.5931756496429443,0.0,109.54827478670316,23040.0
-4.924144744873047,-7.385427474975586,2.461284637451172,0.0,84.34670732092049,23040.0
-4.5337371826171875,-6.89457893371582,2.3608415126800537,0.0,47.656769493977805,23040.0
-4.06028938293457,-6.231504917144775,2.1712169647216797,0.0,54.29227965411026,23040.0
-3.568120241165161,-5.641294479370117,2.073173999786377,0.0,77.79779008663782,23040.0
-3.1076505184173584,-5.149149417877197,2.041499376296997,0.0,49.013171755571136,23040.0
-2.934894561767578,-4.973265647888184,2.03836989402771,0.0,52.73407747328299,23040.0
-3.136237621307373,-5.11314582824707,1.976907730102539,0.0,37.25819329162799,23040.0
-3.648961305618286,-5.531036853790283,1.882075309753418,0.0,34.0624163927767,23040.0
-3.844287157058716,-5.7396559715271,1.895369291305542,0.0,41.569995786503675,23040.0
-4.143089294433594,-5.946461200714111,1.8033732175827026,0.0,45.150393207422134,23040.0
-4.257530212402344,-6.080687046051025,1.8231550455093384,0.0,37.00352804537517,23040.0
-4.356122970581055,-6.205078125,1.8489540815353394,0.0,33.16611765404235,23040.0
-4.5367889404296875,-6.347815036773682,1.8110244274139404,0.0,36.150736931916256,23040.0
-4.428070068359375,-6.300919532775879,1.872851014137268,0.0,42.92981203157619,23040.0
-4.513964653015137,-6.388204097747803,1.8742395639419556,0.0,40.80071795705063,23040.0
-4.460253715515137,-6.355373859405518,1.895119547843933,0.0,39.2994187484016,23040.0
-4.782889366149902,-6.649420738220215,1.866530179977417,0.0,27.581196548969842,23040.0
-4.891120910644531,-6.806813716888428,1.9156948328018188,0.0,41.14691961643662,23040.0
-5.053170204162598,-6.899448871612549,1.8462778329849243,0.0,24.89532486240301,23040.0
-5.056448936462402,-6.8832221031188965,1.8267735242843628,0.0,37.4926929362766,23040.0
-5.177849769592285,-7.049388408660889,1.8715381622314453,0.0,34.65129277660646,23040.0
-5.356499671936035,-7.243326187133789,1.8868244886398315,0.0,41.65935745543114,23040.0
-5.230799198150635,-7.235070705413818,2.004272222518921,0.0,38.26351218601083,23040.0
-5.254900932312012,-7.311163902282715,2.0562641620635986,0.0,32.49947648439421,23040.0
-5.089075088500977,-7.209415912628174,2.12034273147583,0.0,38.001336417682055,23040.0
-5.10697078704834,-7.206479072570801,2.0995116233825684,0.0,50.16970922999203,23040.0
-5.544895648956299,-7.5952324867248535,2.050334930419922,0.0,54.98770649582714,23040.0
-5.216006278991699,-7.267203330993652,2.051196575164795,0.0,63.84942470536671,23040.0
-4.613413333892822,-6.692002296447754,2.0785889625549316,0.0,86.60880677691368,23040.0
-4.843919277191162,-6.811818599700928,1.9678995609283447,0.0,46.03472886898992,23040.0
-4.779729843139648,-6.766321659088135,1.986591100692749,0.0,113.81264050124477,23040.0
-4.91590690612793,-6.894860744476318,1.9789533615112305,0.0,54.14335562672245,23040.0
-5.1481099128723145,-7.139033794403076,1.9909249544143677,0.0,83.86312076621927,23040.0
-5.413913726806641,-7.365480422973633,1.9515669345855713,0.0,37.787353398076846,23040.0
-5.454441547393799,-7.450816631317139,1.9963740110397339,0.0,94.31949458232225,23040.0
-5.718989849090576,-7.725882530212402,2.0068893432617188,0.0,40.316581798954154,23040.0
-5.832924842834473,-7.874654293060303,2.0417280197143555,0.0,38.43501745345195,23040.0
-5.954782962799072,-7.9980034828186035,2.0432212352752686,0.0,37.479958822581644,23040.0
-6.057365417480469,-8.107125282287598,2.0497610569000244,0.0,38.737611413175244,23040.0
-6.149491310119629,-8.251590728759766,2.1020991802215576,0.0,40.37930827880505,23040.0
-6.1507792472839355,-8.291580200195312,2.140801429748535,0.0,38.83647378214355,23040.0
-6.4128947257995605,-8.545809745788574,2.132915496826172,0.0,31.063105487416014,23040.0
-6.499340057373047,-8.668902397155762,2.1695632934570312,0.0,32.255854734405844,23040.0
-6.660645961761475,-8.821389198303223,2.16074275970459,0.0,24.542255710214896,23040.0
-6.728877067565918,-8.893484115600586,2.1646084785461426,0.0,22.726903402482552,23040.0
-6.650193214416504,-8.83969783782959,2.1895086765289307,0.0,31.442127750407348,23040.0
-6.829251289367676,-9.012131690979004,2.18287992477417,0.0,29.73082679080793,23040.0
-6.804542541503906,-9.076065063476562,2.271524429321289,0.0,24.974342580455158,23040.0
-6.943173408508301,-9.28022289276123,2.337045431137085,0.0,31.66834289083413,23040.0
-7.049586772918701,-9.407833099365234,2.3582425117492676,0.0,29.619986704829067,23040.0
-7.168685436248779,-9.540435791015625,2.371748924255371,0.0,24.42443503042769,23040.0
-7.05605936050415,-9.526724815368652,2.4706668853759766,0.0,24.119875079993765,23040.0
-7.321451187133789,-9.776973724365234,2.455522298812866,0.0,32.57758587566308,23040.0
-7.255724906921387,-9.768111228942871,2.51238751411438,0.0,34.26752033841181,23040.0
-7.319735527038574,-9.835426330566406,2.515693426132202,0.0,23.506428611460134,23040.0
-7.268106937408447,-9.823741912841797,2.5556352138519287,0.0,25.62972432607735,23040.0
-7.43297815322876,-9.959091186523438,2.5261099338531494,0.0,32.19859318898405,23040.0
-7.530994415283203,-10.060324668884277,2.5293328762054443,0.0,30.428334965435056,23040.0
-7.506884574890137,-10.119694709777832,2.6128082275390625,0.0,21.852045566593684,23040.0
-7.522021293640137,-10.160372734069824,2.638350486755371,0.0,22.984916673034554,23040.0
-7.670260906219482,-10.337234497070312,2.666971445083618,0.0,21.261441588755687,23040.0
-7.632379055023193,-10.380675315856934,2.7482948303222656,0.0,25.83026606543241,23040.0
-7.640273571014404,-10.421850204467773,2.7815778255462646,0.0,22.19531300663163,23040.0
-7.822755336761475,-10.599740028381348,2.7769882678985596,0.0,20.301702300382118,23040.0
-7.77719259262085,-10.615402221679688,2.838209867477417,0.0,25.159988244285913,23040.0
-7.877572059631348,-10.729745864868164,2.8521711826324463,0.0,19.030683297015475,23040.0
-7.819774150848389,-10.704931259155273,2.8851559162139893,0.0,19.965858367808938,23040.0
-7.839372634887695,-10.806373596191406,2.9670016765594482,0.0,20.382354693675815,23040.0
-7.835072994232178,-10.81153678894043,2.976465940475464,0.0,28.42776376978017,23040.0
-7.993062496185303,-10.94450569152832,2.951441764831543,0.0,25.793273579234906,23040.0
-8.015633583068848,-11.025629043579102,3.0099942684173584,0.0,20.509631605504534,23040.0
-7.928433418273926,-10.926148414611816,2.997713327407837,0.0,22.13538661395036,23040.0
-8.034786224365234,-11.074041366577148,3.0392544269561768,0.0,19.7257163096442,23040.0
-8.052858352661133,-11.084441184997559,3.0315825939178467,0.0,15.87322578353331,23040.0
-8.028871536254883,-11.074453353881836,3.0455830097198486,0.0,24.944061318675562,23040.0
-7.911837577819824,-10.941618919372559,3.0297811031341553,0.0,47.47466733367695,23040.0
-8.005077362060547,-11.074738502502441,3.06965708732605,0.0,85.60667385676594,23040.0
-7.919363021850586,-10.962502479553223,3.0431389808654785,0.0,147.62049718960625,23040.0
-7.9179253578186035,-11.004146575927734,3.0862209796905518,0.0,105.80380498705686,23040.0
-7.913058280944824,-11.095373153686523,3.1823160648345947,0.0,24.631840755516404,23040.0
-7.97915506362915,-11.126761436462402,3.147603988647461,0.0,81.9536040308506,23040.0
-8.055008888244629,-11.195428848266602,3.140421152114868,0.0,38.75352291835983,23040.0
-7.903295040130615,-11.148903846740723,3.2456068992614746,0.0,46.663423614858054,23040.0
-8.092676162719727,-11.25564956665039,3.1629724502563477,0.0,31.861792739475757,23040.0
-8.085138320922852,-11.288652420043945,3.203512668609619,0.0,42.757505147528434,23040.0
-8.073822021484375,-11.254167556762695,3.180341958999634,0.0,44.580308527614775,23040.0
-8.11502742767334,-11.239086151123047,3.1240572929382324,0.0,35.58735009507997,23040.0
-7.878057956695557,-11.034512519836426,3.156456470489502,0.0,45.05146340716705,23040.0
-7.838080406188965,-10.959830284118652,3.121751546859741,0.0,31.483374951583215,23040.0
-7.837746620178223,-10.944235801696777,3.106489658355713,0.0,35.69108191993103,23040.0
-8.034799575805664,-11.095254898071289,3.0604546070098877,0.0,37.85326549614902,23040.0
-8.161847114562988,-11.16711139678955,3.005267381668091,0.0,39.45912741270923,23040.0
-8.118422508239746,-11.126703262329102,3.008284568786621,0.0,35.80899142559818,23040.0
-8.110551834106445,-11.098631858825684,2.988079786300659,0.0,49.57367214852911,23040.0
-7.965277671813965,-11.053446769714355,3.0881714820861816,0.0,41.66132781726687,23040.0
-7.435450077056885,-10.627201080322266,3.1917483806610107,0.0,62.07907112647948,23040.0
-7.599475860595703,-10.798273086547852,3.1987972259521484,0.0,42.07712725325575,23040.0
-7.832244873046875,-10.941082000732422,3.108837842941284,0.0,43.109396897961815,23040.0
-7.851414680480957,-10.988204956054688,3.136789560317993,0.0,53.55331112442704,23040.0
-8.016688346862793,-11.133133888244629,3.1164469718933105,0.0,41.303531659700056,23040.0
-8.224478721618652,-11.24697208404541,3.0224924087524414,0.0,30.192234047329695,23040.0
-8.13343620300293,-11.191959381103516,3.058521270751953,0.0,45.5069251008787,23040.0
-8.11202335357666,-11.116894721984863,3.004870653152466,0.0,32.671565746166,23040.0
-7.902442932128906,-10.935751914978027,3.0333077907562256,0.0,34.533356062458594,23040.0
-7.842714309692383,-10.814435958862305,2.971722364425659,0.0,33.81581610959083,23040.0
-7.899572849273682,-10.885031700134277,2.985459089279175,0.0,31.808430689917973,23040.0
-7.976283550262451,-10.996221542358398,3.019937038421631,0.0,30.915624934349456,23040.0
-8.182646751403809,-11.175155639648438,2.992507219314575,0.0,34.07457917943665,23040.0
-8.256446838378906,-11.244505882263184,2.9880595207214355,0.0,36.46497629641212,23040.0
-8.200029373168945,-11.263147354125977,3.0631182193756104,0.0,28.553817164018522,23040.0
-7.986989974975586,-11.111648559570312,3.1246578693389893,0.0,33.01970942853035,23040.0
-7.803808689117432,-10.969687461853027,3.1658775806427,0.0,43.929958956963006,23040.0
-7.867634296417236,-11.052112579345703,3.1844770908355713,0.0,33.00270974375241,23040.0
-8.075987815856934,-11.250707626342773,3.1747219562530518,0.0,30.837942968776307,23040.0
-8.28056812286377,-11.410348892211914,3.1297810077667236,0.0,24.915535747418147,23040.0
-8.245519638061523,-11.37205696105957,3.1265368461608887,0.0,27.66415890285382,23040.0
-8.230484008789062,-11.287723541259766,3.057236671447754,0.0,31.311742515440805,23040.0
-7.981139659881592,-11.045740127563477,3.064600706100464,0.0,30.370484329261302,23040.0
-7.781272888183594,-10.848520278930664,3.0672504901885986,0.0,31.77965576297129,23040.0
-7.841427803039551,-10.886594772338867,3.045168161392212,0.0,26.355618613393293,23040.0
-7.9290690422058105,-10.98047924041748,3.0514075756073,0.0,33.72416738233216,23040.0
-8.01689338684082,-11.038917541503906,3.0220282077789307,0.0,31.82426104750528,23040.0
-8.149297714233398,-11.192229270935059,3.042933940887451,0.0,27.937174710083827,23040.0
-8.152137756347656,-11.214151382446289,3.0620150566101074,0.0,31.844678117583964,23040.0
-7.912425994873047,-11.102932929992676,3.190507411956787,0.0,34.274483555426045,23040.0
-7.382105827331543,-10.646872520446777,3.2647690773010254,0.0,50.09322647704123,23040.0
-7.442096710205078,-10.705412864685059,3.263317584991455,0.0,43.32979441417125,23040.0
-7.404435157775879,-10.630461692810059,3.226027727127075,0.0,50.533150685535645,23040.0
-7.6793293952941895,-10.87159252166748,3.1922600269317627,0.0,51.33791215184459,23040.0
-7.941172122955322,-10.995776176452637,3.05460262298584,0.0,54.70756640090951,23040.0
-7.889951705932617,-10.885538101196289,2.9955852031707764,0.0,49.183795847983255,23040.0
-7.799470901489258,-10.759323120117188,2.9598543643951416,0.0,42.07235444631695,23040.0
-7.432676792144775,-10.390257835388184,2.957585334777832,0.0,35.177283998110795,23040.0
-7.095905303955078,-10.052599906921387,2.9566924571990967,0.0,28.120066583623938,23040.0
-7.04155158996582,-9.909132957458496,2.8675787448883057,0.0,32.16942016874562,23040.0
-7.163435935974121,-9.997017860412598,2.833580493927002,0.0,27.602014227999693,23040.0
-7.312644958496094,-10.089301109313965,2.7766523361206055,0.0,29.916144156189667,23040.0
-7.521517753601074,-10.318427085876465,2.796909809112549,0.0,41.35462093140426,23040.0
-7.7451252937316895,-10.575279235839844,2.8301568031311035,0.0,39.61106156109187,23040.0
-7.748410224914551,-10.59599494934082,2.847585678100586,0.0,45.614849934579375,23040.0
-7.563360691070557,-10.47191047668457,2.9085519313812256,0.0,38.633903106592065,23040.0
-7.494256019592285,-10.42091178894043,2.9266531467437744,0.0,41.03643819141048,23040.0
-7.1426520347595215,-10.188393592834473,3.045740842819214,0.0,45.26863148789706,23040.0
-6.948538780212402,-10.048797607421875,3.1002533435821533,0.0,38.421981353250814,23040.0
-7.447729587554932,-10.412160873413086,2.964430809020996,0.0,33.28873622964253,23040.0
-7.519226551055908,-10.470218658447266,2.950991153717041,0.0,100.61834789484286,23040.0
-7.502642631530762,-10.326020240783691,2.8233768939971924,0.0,171.8210196782431,23040.0
-7.443300247192383,-10.27699089050293,2.833688259124756,0.0,319.7952603268523,23040.0
-6.829364776611328,-9.542821884155273,2.7134549617767334,0.0,118.24326319435507,23040.0
-6.666859149932861,-9.410467147827148,2.7436106204986572,0.0,61.746850239410264,23040.0
-6.902251720428467,-9.559713363647461,2.6574621200561523,0.0,48.904432039305384,23040.0
-6.834836006164551,-9.558874130249023,2.7240374088287354,0.0,68.00024840767759,23040.0
-6.639951705932617,-9.380838394165039,2.7408885955810547,0.0,76.96414938766291,23040.0
-7.065793037414551,-9.644454956054688,2.578660011291504,0.0,63.34716971849671,23040.0
-7.079075813293457,-9.659143447875977,2.580066204071045,0.0,49.029731379005504,23040.0
-7.078665733337402,-9.605300903320312,2.526634454727173,0.0,50.04555131928271,23040.0
-7.082943916320801,-9.618657112121582,2.5357136726379395,0.0,55.59577501841544,23040.0
-7.443568229675293,-9.998985290527344,2.555415630340576,0.0,50.16025390550605,23040.0
-7.128275394439697,-9.822162628173828,2.6938841342926025,0.0,60.1584779672085,23040.0
-6.703301429748535,-9.483403205871582,2.780100107192993,0.0,71.65410019395678,23040.0
-7.085423469543457,-9.807528495788574,2.7221055030822754,0.0,62.22156115969027,23040.0
-7.24453592300415,-10.005921363830566,2.761387348175049,0.0,59.0002152187544,23040.0
-7.4508891105651855,-10.169001579284668,2.7181098461151123,0.0,69.31833987368046,23040.0
-7.640936374664307,-10.271967887878418,2.631028652191162,0.0,50.95558684202568,23040.0
-7.760635852813721,-10.348198890686035,2.58756160736084,0.0,95.51220986169497,23040.0
-7.549992561340332,-10.232166290283203,2.682175874710083,0.0,61.020199196369454,23040.0
-7.595399856567383,-10.223747253417969,2.628347873687744,0.0,98.9070637908587,23040.0
-7.490354537963867,-10.112329483032227,2.6219732761383057,0.0,65.10480808613403,23040.0
-7.379460334777832,-9.982328414916992,2.6028711795806885,0.0,94.53945308105897,23040.0
-7.033601760864258,-9.641942977905273,2.608341693878174,0.0,68.63684815506463,23040.0
-7.270809650421143,-9.868834495544434,2.5980224609375,0.0,65.10480279652748,23040.0
-7.269896030426025,-9.931265830993652,2.661367654800415,0.0,79.67888153150389,23040.0
-7.440365791320801,-10.122244834899902,2.681880474090576,0.0,63.34636505656833,23040.0
-7.5081095695495605,-10.237613677978516,2.7295053005218506,0.0,87.30704311816925,23040.0
-7.071824073791504,-9.739877700805664,2.668056011199951,0.0,55.59031296688704,23040.0
-7.502397537231445,-10.091641426086426,2.5892410278320312,0.0,59.887328414204156,23040.0
-7.435140609741211,-10.198335647583008,2.7631924152374268,0.0,71.21270283065205,23040.0
-7.0608344078063965,-9.911761283874512,2.8509230613708496,0.0,71.10983524274516,23040.0
-7.648917198181152,-10.400734901428223,2.751817226409912,0.0,46.358598320466456,23040.0
-7.253082752227783,-10.101277351379395,2.848196506500244,0.0,75.73388386533526,23040.0
-7.3179931640625,-10.301066398620605,2.983074188232422,0.0,38.8602304182341,23040.0
-6.022780418395996,-9.20926284790039,3.186483383178711,0.0,108.25545045684443,23040.0
-7.065594673156738,-10.14389705657959,3.0783040523529053,0.0,69.6755739010067,23040.0
-7.17241096496582,-10.061671257019043,2.889260768890381,0.0,90.03100650277588,23040.0
-7.124619483947754,-10.018936157226562,2.8943138122558594,0.0,88.79120356431112,23040.0
-7.1474833488464355,-9.890961647033691,2.7434816360473633,0.0,55.273790558778046,23040.0
-6.656548976898193,-9.314522743225098,2.6579761505126953,0.0,102.19174764862153,23040.0
-6.695648193359375,-9.441851615905762,2.7462058067321777,0.0,118.46637899972504,23040.0
-6.897221565246582,-9.548226356506348,2.651005506515503,0.0,99.63596568283751,23040.0
-6.195235252380371,-8.723417282104492,2.5281827449798584,0.0,97.40256496496934,23040.0
-6.672431945800781,-9.17490005493164,2.502467393875122,0.0,70.42711731340817,23040.0
-6.97161340713501,-9.479900360107422,2.508289337158203,0.0,62.49130466589425,23040.0
-7.062371253967285,-9.53252124786377,2.470150947570801,0.0,39.29058854708929,23040.0
-7.1734137535095215,-9.642976760864258,2.4695661067962646,0.0,66.92892096763411,23040.0
-6.98357629776001,-9.546608924865723,2.563032627105713,0.0,106.9663151304637,23040.0
-5.767382621765137,-8.4957857131958,2.7284035682678223,0.0,131.6947830279481,23040.0
-6.85787296295166,-9.545207023620605,2.6873295307159424,0.0,68.6165076897277,23040.0
-6.82448673248291,-9.31144905090332,2.486959934234619,0.0,91.38714915820489,23040.0
-3.3240301609039307,-5.697961330413818,2.3739326000213623,0.0,132.81529300273434,23040.0
-5.4343976974487305,-7.799706935882568,2.365307331085205,0.0,93.61765595656762,23040.0
-6.889400959014893,-9.377580642700195,2.488180637359619,0.0,76.55729253551053,23040.0
-6.673603057861328,-9.262007713317871,2.588407278060913,0.0,89.73244876266433,23040.0
-5.829032897949219,-8.553653717041016,2.7246205806732178,0.0,112.02959610557707,23040.0
-6.35154914855957,-9.041460037231445,2.6899096965789795,0.0,86.64284145093886,23040.0
-6.8022589683532715,-9.315059661865234,2.5127995014190674,0.0,71.46045996639023,23040.0
-6.674111366271973,-9.130582809448242,2.4564685821533203,0.0,78.9091948624444,23040.0
-6.570887565612793,-8.965862274169922,2.3949735164642334,0.0,87.26228863595925,23040.0
-6.641989707946777,-9.011865615844727,2.3698768615722656,0.0,72.94873945854118,23040.0
-6.846989631652832,-9.197982788085938,2.350991725921631,0.0,54.416969872425874,23040.0
-6.975906848907471,-9.315250396728516,2.339340925216675,0.0,65.68188150085683,23040.0
-6.995059013366699,-9.332269668579102,2.337209463119507,0.0,78.06935131399034,23040.0
-7.080328941345215,-9.40609359741211,2.3257672786712646,0.0,62.478133126057244,23040.0
-7.202463150024414,-9.556562423706055,2.3541009426116943,0.0,32.20968386931888,23040.0
-6.990360736846924,-9.280806541442871,2.290444850921631,0.0,51.186279678922915,23040.0
-6.250608921051025,-8.530732154846191,2.2801241874694824,0.0,68.91180527324165,23040.0
-6.4149956703186035,-8.711138725280762,2.2961440086364746,0.0,62.4466463369019,23040.0
-7.151921272277832,-9.509961128234863,2.358039140701294,0.0,42.17555999512261,23040.0
-7.114613056182861,-9.564187049865723,2.449575424194336,0.0,65.70205624252777,23040.0
-7.225009441375732,-9.669857025146484,2.4448485374450684,0.0,67.40330868780545,23040.0
-7.391222953796387,-9.852753639221191,2.461528778076172,0.0,70.39848871276287,23040.0
-7.485537528991699,-9.953125953674316,2.4675889015197754,0.0,40.775209714880326,23040.0
-7.329848766326904,-9.79052734375,2.4606778621673584,0.0,56.93108283235877,23040.0
-7.5245890617370605,-10.127202987670898,2.602614402770996,0.0,68.80434607870316,23040.0
-6.52725887298584,-9.392412185668945,2.86515474319458,0.0,149.22480890733723,23040.0
-2.782597780227661,-6.085066795349121,3.3024682998657227,0.0,178.87040207538223,23040.0
-6.632139682769775,-9.631404876708984,2.9992682933807373,0.0,84.60373433275727,23040.0
-6.154348373413086,-9.005345344543457,2.850996971130371,0.0,108.54466253920629,23040.0
-6.075057506561279,-8.89183521270752,2.8167757987976074,0.0,87.44205939693708,23040.0
-6.403721332550049,-9.196013450622559,2.7922937870025635,0.0,72.97167240337187,23040.0
-6.486300945281982,-9.215959548950195,2.729658842086792,0.0,55.56276706833862,23040.0
-6.076517581939697,-8.790118217468262,2.7136013507843018,0.0,63.65897898247105,23040.0
-6.384687423706055,-9.016281127929688,2.631592273712158,0.0,56.45060276211199,23040.0
-6.3514933586120605,-8.942371368408203,2.590877056121826,0.0,55.3805550200361,23040.0
-6.3363423347473145,-8.883971214294434,2.5476293563842773,0.0,101.75179494599887,23040.0
-5.898444175720215,-8.522933006286621,2.624488592147827,0.0,117.68586215861035,23040.0
-6.27984094619751,-8.733802795410156,2.4539599418640137,0.0,43.512832069958655,23040.0
-5.513792514801025,-7.846756935119629,2.3329622745513916,0.0,77.67239498085569,23040.0
-5.460681438446045,-7.763885498046875,2.3032052516937256,0.0,48.11242264807882,23040.0
-5.943610191345215,-8.230205535888672,2.286595582962036,0.0,28.8200442840384,23040.0
-5.924313545227051,-8.334250450134277,2.4099369049072266,0.0,64.49170083219211,23040.0
-3.2114810943603516,-5.993973255157471,2.782489776611328,0.0,170.45093301432306,23040.0
-4.000842094421387,-6.779599189758301,2.7787575721740723,0.0,126.86152690885409,23040.0
-1.560983657836914,-4.573845863342285,3.012862205505371,0.0,535.2215514742863,23040.0
-2.398019790649414,-4.550906181335449,2.1528892517089844,0.0,149.7791596626785,23040.0
0.7598587870597839,-1.799755573272705,2.5596137046813965,0.0,177.9797310858625,23040.0
-0.7885591387748718,-3.3775715827941895,2.5890121459960938,0.0,79.44536678039807,23040.0
-1.7108851671218872,-4.075271129608154,2.3643877506256104,0.0,150.01853715642977,23040.0
-2.179542064666748,-4.357676029205322,2.1781344413757324,0.0,110.70150712138246,23040.0
-2.3371050357818604,-4.443588733673096,2.1064836978912354,0.0,60.443568593966354,23040.0
-2.356489658355713,-4.379490852355957,2.0230002403259277,0.0,70.71290366337534,23040.0
-2.6110196113586426,-4.454124450683594,1.8431050777435303,0.0,85.97777445190341,23040.0
-3.0374560356140137,-4.858622074127197,1.8211674690246582,0.0,52.58167403265842,23040.0
-3.315020799636841,-5.148283004760742,1.8332635164260864,0.0,42.62803040874858,23040.0
-3.6826066970825195,-5.4619951248168945,1.779386281967163,0.0,38.25898350816396,23040.0
-3.9188756942749023,-5.73747444152832,1.8186001777648926,0.0,39.99333192362606,23040.0
-4.293690204620361,-6.049230098724365,1.7555410861968994,0.0,41.903847556800315,23040.0
-4.533577919006348,-6.282565116882324,1.748986840248108,0.0,44.51344951142781,23040.0
-4.777769088745117,-6.486712455749512,1.7089430093765259,0.0,42.762479498569064,23040.0
-4.878829002380371,-6.637816905975342,1.7589887380599976,0.0,37.764308297903554,23040.0
-4.791566848754883,-6.601760387420654,1.8101962804794312,0.0,38.573440796351086,23040.0
-4.826740741729736,-6.621084213256836,1.7943445444107056,0.0,45.91491779470271,23040.0
-4.768730640411377,-6.565039157867432,1.7963091135025024,0.0,47.00959615418034,23040.0
-4.854072570800781,-6.652811050415039,1.79873788356781,0.0,40.18449140864139,23040.0
-4.981403827667236,-6.807520866394043,1.826116919517517,0.0,36.56122312070413,23040.0
-5.073586940765381,-6.920347213745117,1.8467605113983154,0.0,34.83718257338358,23040.0
-5.296784400939941,-7.110711097717285,1.813923954963684,0.0,26.680112208826795,23040.0
-5.336376667022705,-7.144454002380371,1.8080757856369019,0.0,28.104534926090675,23040.0
-5.267240047454834,-6.992400646209717,1.7251607179641724,0.0,33.398134963612634,23040.0
-5.258911609649658,-6.981053829193115,1.722139596939087,0.0,31.04449301877383,23040.0
-5.238467693328857,-6.988141059875488,1.7496719360351562,0.0,29.32720120009458,23040.0
-5.344204902648926,-7.059805870056152,1.7156007289886475,0.0,31.490495457583222,23040.0
-5.479982852935791,-7.1823344230651855,1.7023496627807617,0.0,32.01678853617498,23040.0
-5.615138530731201,-7.37057638168335,1.7554385662078857,0.0,26.81782854450296,23040.0
-5.883946418762207,-7.619028091430664,1.7350808382034302,0.0,22.02582420332479,23040.0
-5.878597736358643,-7.702141761779785,1.8235441446304321,0.0,20.119702943580588,23040.0
-5.999205112457275,-7.827123165130615,1.8279188871383667,0.0,21.467615135857173,23040.0
-6.105564594268799,-7.970688819885254,1.865123987197876,0.0,23.233492543463388,23040.0
-6.160106658935547,-8.104674339294434,1.9445711374282837,0.0,27.361151295655983,23040.0
-6.344307899475098,-8.256644248962402,1.9123377799987793,0.0,28.313684217652106,23040.0
-6.357364177703857,-8.348039627075195,1.990679383277893,0.0,20.969201437542566,23040.0
-6.511096000671387,-8.53632926940918,2.025233030319214,0.0,14.687202640509712,23040.0
-6.622529983520508,-8.651056289672852,2.028521776199341,0.0,16.887003380967975,23040.0
-6.57225227355957,-8.658300399780273,2.086052179336548,0.0,21.49788979853869,23040.0
-6.687747478485107,-8.824519157409668,2.1367740631103516,0.0,20.681928627949457,23040.0
-6.7712082862854,-8.937005043029785,2.1657943725585938,0.0,19.07393189863393,23040.0
-6.853482246398926,-9.068355560302734,2.2148728370666504,0.0,15.0941474504454,23040.0
-6.885891437530518,-9.231244087219238,2.3453569412231445,0.0,16.16130762890655,23040.0
-7.030354976654053,-9.369964599609375,2.3396100997924805,0.0,16.745087983289665,23040.0
-7.144628047943115,-9.500028610229492,2.3553972244262695,0.0,16.648185508255292,23040.0
-7.223998546600342,-9.662264823913574,2.4382643699645996,0.0,16.2056808123795,23040.0
-7.204864978790283,-9.696240425109863,2.4913747310638428,0.0,16.357479760357315,23040.0
-7.309560775756836,-9.849770545959473,2.5402090549468994,0.0,13.52536658462145,23040.0
-7.225677967071533,-9.825584411621094,2.599905014038086,0.0,18.872542832417903,23040.0
-7.303295135498047,-9.911977767944336,2.608678102493286,0.0,17.775025870719613,23040.0
-7.3984694480896,-10.023537635803223,2.6250665187835693,0.0,13.619437410198888,23040.0
-7.353283882141113,-10.039459228515625,2.6861746311187744,0.0,15.907583092260344,23040.0
-7.509937763214111,-10.21101188659668,2.7010746002197266,0.0,19.178489658899345,23040.0
-7.654210567474365,-10.35069465637207,2.696483612060547,0.0,18.558386849338106,23040.0
-7.605954170227051,-10.374308586120605,2.7683565616607666,0.0,15.712772264721323,23040.0
-7.589882850646973,-10.35947036743164,2.7695860862731934,0.0,23.1571122912835,23040.0
-7.634369373321533,-10.441693305969238,2.8073222637176514,0.0,13.444967979925774,23040.0
-7.620562553405762,-10.4588041305542,2.8382456302642822,0.0,13.248440049877988,23040.0
-7.718701362609863,-10.536993026733398,2.8182883262634277,0.0,16.865195165260626,23040.0
-7.721292972564697,-10.609185218811035,2.8878934383392334,0.0,12.758026490418054,23040.0
-7.765962600708008,-10.601534843444824,2.8355727195739746,0.0,12.933781026396712,23040.0
-7.81374979019165,-10.69362735748291,2.879873275756836,0.0,14.572819649314576,23040.0
-7.81085205078125,-10.748968124389648,2.938117742538452,0.0,15.956101738143255,23040.0
-7.880735397338867,-10.827927589416504,2.9471943378448486,0.0,21.177763725811253,23040.0
-7.756563186645508,-10.803711891174316,3.047149896621704,0.0,15.683442069651326,23040.0
-7.959285259246826,-10.94669246673584,2.9874050617218018,0.0,16.402218312300445,23040.0
-7.920356750488281,-10.915583610534668,2.995225429534912,0.0,25.947619543084045,23040.0
-8.002313613891602,-11.035654067993164,3.0333404541015625,0.0,15.56018316408795,23040.0
-7.937525749206543,-10.966675758361816,3.0291452407836914,0.0,30.58509476913159,23040.0
-7.892645359039307,-10.992446899414062,3.0998027324676514,0.0,20.39399320645146,23040.0
-7.972174167633057,-11.035111427307129,3.0629422664642334,0.0,36.30643618603849,23040.0
-8.048666954040527,-11.098328590393066,3.049659490585327,0.0,22.93901798652407,23040.0
-7.968136310577393,-11.071526527404785,3.1033921241760254,0.0,36.90046879612004,23040.0
-8.027689933776855,-11.137955665588379,3.110264301300049,0.0,30.673544297830865,23040.0
-8.10923957824707,-11.240669250488281,3.1314303874969482,0.0,26.90391062392996,23040.0
-8.147838592529297,-11.271048545837402,3.1232144832611084,0.0,26.663890640747166,23040.0
-8.10555362701416,-11.292075157165527,3.1865241527557373,0.0,16.75968944626962,23040.0
-8.029183387756348,-11.256621360778809,3.227438449859619,0.0,34.372123794829406,23040.0
-8.061582565307617,-11.286873817443848,3.2252917289733887,0.0,28.044188077264568,23040.0
-8.099002838134766,-11.301514625549316,3.20251202583313,0.0,27.342735735615253,23040.0
-7.986199378967285,-11.235882759094238,3.2496836185455322,0.0,33.67579446198083,23040.0
-8.14250659942627,-11.352009773254395,3.2095017433166504,0.0,21.43429570969679,23040.0
-8.16373062133789,-11.36041259765625,3.1966848373413086,0.0,28.650996393483826,23040.0
-8.248461723327637,-11.43086051940918,3.18239688873291,0.0,32.724814285549805,23040.0
-8.251355171203613,-11.47683334350586,3.2254793643951416,0.0,27.044660650360747,23040.0
-8.243002891540527,-11.3834867477417,3.140484571456909,0.0,34.129097279763684,23040.0
-8.349013328552246,-11.512042999267578,3.163029670715332,0.0,22.391897673889176,23040.0
-8.205522537231445,-11.439224243164062,3.2336997985839844,0.0,44.49728813051643,23040.0
-8.01448917388916,-11.308178901672363,3.2936880588531494,0.0,27.837389368484867,23040.0
-8.274288177490234,-11.460458755493164,3.1861703395843506,0.0,26.428216738667377,23040.0
-8.208541870117188,-11.440202713012695,3.231663227081299,0.0,55.380738847664574,23040.0
-8.123778343200684,-11.36779499053955,3.2440195083618164,0.0,50.210793511735666,23040.0
-8.313222885131836,-11.548684120178223,3.235462188720703,0.0,24.380121646974402,23040.0
-8.270391464233398,-11.52530288696289,3.2549126148223877,0.0,47.14094567182075,23040.0
-8.247283935546875,-11.46802806854248,3.2207438945770264,0.0,58.60202137938331,23040.0
-8.295073509216309,-11.566374778747559,3.2713050842285156,0.0,21.312108329082665,23040.0
-8.24957275390625,-11.53067398071289,3.281100034713745,0.0,45.99573351162874,23040.0
-8.248662948608398,-11.508277893066406,3.2596170902252197,0.0,52.59226959846985,23040.0
-8.286450386047363,-11.541521072387695,3.2550675868988037,0.0,25.70911200302799,23040.0
-8.375088691711426,-11.624433517456055,3.249340772628784,0.0,26.69659774124725,23040.0
-8.237130165100098,-11.547924995422363,3.310795783996582,0.0,53.80581100004941,23040.0
-8.318380355834961,-11.61021900177002,3.291839838027954,0.0,32.20805694063513,23040.0
-8.33122730255127,-11.67829704284668,3.347071409225464,0.0,14.749877161865893,23040.0
-8.313663482666016,-11.621023178100586,3.307356834411621,0.0,19.75252790577271,23040.0
-8.380820274353027,-11.686151504516602,3.305325746536255,0.0,12.45345297456454,23040.0
-8.43226432800293,-11.747546195983887,3.31528377532959,0.0,33.97682868228808,23040.0
-8.254454612731934,-11.608076095581055,3.353626251220703,0.0,55.11601398320761,23040.0
-8.277812957763672,-11.644718170166016,3.3669095039367676,0.0,57.308169361079166,23040.0
-8.32323932647705,-11.578166961669922,3.254927158355713,0.0,36.0696977675513,23040.0
-8.359439849853516,-11.636048316955566,3.2766072750091553,0.0,34.945507671987905,23040.0
-8.329262733459473,-11.628172874450684,3.2989132404327393,0.0,48.797206381121285,23040.0
-8.342659950256348,-11.616958618164062,3.2743005752563477,0.0,30.258041968228486,23040.0
-8.367490768432617,-11.650920867919922,3.2834317684173584,0.0,31.606601476810837,23040.0
-8.20760440826416,-11.564282417297363,3.356679677963257,0.0,66.77694353256452,23040.0
-8.222554206848145,-11.50483512878418,3.282280921936035,0.0,83.48837946849171,23040.0
-8.354479789733887,-11.696761131286621,3.342280387878418,0.0,55.82848214348183,23040.0
-8.326287269592285,-11.716187477111816,3.3899037837982178,0.0,24.288503733826616,23040.0
-8.266244888305664,-11.630200386047363,3.36395525932312,0.0,37.19623889644486,23040.0
-8.270508766174316,-11.606579780578613,3.3360707759857178,0.0,37.307461210832145,23040.0
-8.261638641357422,-11.525314331054688,3.2636804580688477,0.0,47.48028806177215,23040.0
-8.288599014282227,-11.62153148651123,3.332930088043213,0.0,38.25573925347978,23040.0
-8.36229419708252,-11.693838119506836,3.331545352935791,0.0,26.267258137105276,23040.0
-8.40532398223877,-11.71800708770752,3.3126814365386963,0.0,36.34957364234497,23040.0
-8.261039733886719,-11.653040885925293,3.391998291015625,0.0,32.180068149827505,23040.0
-8.30990219116211,-11.688737869262695,3.3788347244262695,0.0,28.162514942209686,23040.0
-8.26347541809082,-11.598819732666016,3.3353471755981445,0.0,33.422118430090784,23040.0
-8.35030746459961,-11.678248405456543,3.327942132949829,0.0,25.38156678429926,23040.0
-8.328194618225098,-11.639269828796387,3.311075210571289,0.0,34.05393867676931,23040.0
-8.33027172088623,-11.617402076721191,3.287132740020752,0.0,40.040259835392874,23040.0
-8.379597663879395,-11.639154434204102,3.259554147720337,0.0,26.163510589280538,23040.0
-8.26121711730957,-11.54899787902832,3.2877821922302246,0.0,26.292428209925205,23040.0
-8.397727012634277,-11.655030250549316,3.2573046684265137,0.0,35.934363967503714,23040.0
-7.879008769989014,-11.298237800598145,3.41922664642334,0.0,76.25379406708574,23040.0
-8.095675468444824,-11.494218826293945,3.3985400199890137,0.0,52.523345517990975,23040.0
-8.132405281066895,-11.438862800598145,3.306459903717041,0.0,68.2661536498576,23040.0
-7.892416000366211,-11.19432258605957,3.3019070625305176,0.0,69.99927620231219,23040.0
-8.141002655029297,-11.399724960327148,3.2587239742279053,0.0,55.06746749129641,23040.0
-8.061165809631348,-11.299993515014648,3.23882794380188,0.0,57.68005625458909,23040.0
-7.926361083984375,-11.08155345916748,3.155195474624634,0.0,48.325651650894436,23040.0
-7.753395080566406,-10.901128768920898,3.147735834121704,0.0,50.97380128608344,23040.0
-7.779942989349365,-10.893238067626953,3.1132962703704834,0.0,105.12351862874529,23040.0
-7.109676837921143,-10.365362167358398,3.255688190460205,0.0,136.1866236704743,23040.0
-7.489299774169922,-10.776619911193848,3.2873191833496094,0.0,84.18830249456846,23040.0
-7.712840557098389,-10.826122283935547,3.1132795810699463,0.0,99.38409898305962,23040.0
-7.341038703918457,-10.468843460083008,3.127802610397339,0.0,109.30487953887982,23040.0
-7.905282974243164,-10.900480270385742,2.9951977729797363,0.0,58.89517352341991,23040.0
-7.7765421867370605,-10.774770736694336,2.9982292652130127,0.0,74.59775449317996,23040.0
-7.690650939941406,-10.66622257232666,2.975569009780884,0.0,81.12897030673346,23040.0
-7.5434250831604,-10.441039085388184,2.8976120948791504,0.0,60.80765398393528,23040.0
-7.303586959838867,-10.1213960647583,2.8178083896636963,0.0,99.36000592308655,23040.0
-7.77543830871582,-10.66537857055664,2.889941692352295,0.0,45.86242894096595,23040.0
-7.443823337554932,-10.388712882995605,2.9448907375335693,0.0,96.30465344282715,23040.0
-7.4278693199157715,-10.45602798461914,3.028158664703369,0.0,80.43004774468058,23040.0
-7.31180477142334,-10.40898609161377,3.0971784591674805,0.0,56.19289355383724,23040.0
-7.257395267486572,-10.320293426513672,3.0628929138183594,0.0,77.85291718804585,23040.0
-7.396908760070801,-10.452306747436523,3.0553979873657227,0.0,66.25448574312954,23040.0
-7.597034931182861,-10.605045318603516,3.008009910583496,0.0,58.30997946430765,23040.0
-7.599559783935547,-10.581771850585938,2.9822120666503906,0.0,46.67108442604101,23040.0
-7.51142692565918,-10.408232688903809,2.896803379058838,0.0,49.32184147339675,23040.0
-7.26663064956665,-10.11627197265625,2.849642038345337,0.0,66.82122412096506,23040.0
-7.221708297729492,-10.0684232711792,2.8467142581939697,0.0,56.26784225605114,23040.0
-7.494008541107178,-10.269594192504883,2.7755839824676514,0.0,37.65284720700812,23040.0
-7.547630310058594,-10.352900505065918,2.805266857147217,0.0,50.596566754272054,23040.0
-7.632240295410156,-10.43216323852539,2.7999205589294434,0.0,56.079811978622985,23040.0
-7.670126914978027,-10.50669002532959,2.8365626335144043,0.0,40.25173681807208,23040.0
-7.688494682312012,-10.457728385925293,2.769231081008911,0.0,49.17786077002461,23040.0
-7.706064701080322,-10.518868446350098,2.812804698944092,0.0,42.18391512069204,23040.0
-7.7885661125183105,-10.575358390808105,2.786790370941162,0.0,32.85526798933147,23040.0
-7.391407489776611,-10.245874404907227,2.854465961456299,0.0,55.070071805088695,23040.0
-7.4884419441223145,-10.319340705871582,2.830901861190796,0.0,44.96751600604393,23040.0
-7.767483234405518,-10.55039119720459,2.7829103469848633,0.0,42.256326752235445,23040.0
-7.589983940124512,-10.343688011169434,2.75370454788208,0.0,60.75551686046665,23040.0
-7.767824172973633,-10.534274101257324,2.7664499282836914,0.0,41.506603545586934,23040.0
-7.776639938354492,-10.56318187713623,2.786543369293213,0.0,57.26328273150629,23040.0
-7.577173709869385,-10.370348930358887,2.7931761741638184,0.0,77.90701292400576,23040.0
-7.781904220581055,-10.602056503295898,2.8201537132263184,0.0,46.703371080360476,23040.0
-7.857274532318115,-10.71056079864502,2.853283643722534,0.0,48.50447943942704,23040.0
-7.665292739868164,-10.49581241607666,2.830519676208496,0.0,77.40262156837998,23040.0
-8.002814292907715,-10.915727615356445,2.912911891937256,0.0,56.77217428868606,23040.0
-6.943619728088379,-10.119939804077148,3.176319122314453,0.0,114.87499488425685,23040.0
-7.5667643547058105,-10.67602252960205,3.1092569828033447,0.0,70.71077349223002,23040.0
-7.464751720428467,-10.54686164855957,3.0821075439453125,0.0,96.4426773437718,23040.0
-7.485574722290039,-10.541658401489258,3.056079149246216,0.0,78.70538039457008,23040.0
-7.540199279785156,-10.591341972351074,3.051145315170288,0.0,52.306500423116695,23040.0
-7.716382026672363,-10.694911003112793,2.9785282611846924,0.0,45.06441255802503,23040.0
-7.383119583129883,-10.354498863220215,2.971379280090332,0.0,62.09136823629773,23040.0
-7.364665508270264,-10.318342208862305,2.9536800384521484,0.0,55.62573910795214,23040.0
-7.369295120239258,-10.25925350189209,2.8899569511413574,0.0,49.39439802799348,23040.0
-7.327932357788086,-10.203901290893555,2.8759686946868896,0.0,49.763032925222596,23040.0
-7.512282848358154,-10.375438690185547,2.863149642944336,0.0,45.39885083806747,23040.0
-7.729426383972168,-10.57738208770752,2.8479573726654053,0.0,51.69102061944437,23040.0
-7.484521389007568,-10.441713333129883,2.95719051361084,0.0,68.53642348738173,23040.0
-7.385375499725342,-10.310726165771484,2.92535138130188,0.0,65.03624495393805,23040.0
-7.363395690917969,-10.283866882324219,2.9204673767089844,0.0,52.052814304896955,23040.0
-7.386360168457031,-10.277253150939941,2.890892267227173,0.0,51.29718389931162,23040.0
-7.347401142120361,-10.207594871520996,2.8601925373077393,0.0,68.65492335982341,23040.0
-7.526198863983154,-10.380020141601562,2.85381817817688,0.0,54.24591405665264,23040.0
-7.668240070343018,-10.476927757263184,2.8086864948272705,0.0,74.05130668762291,23040.0
-7.918273448944092,-10.690107345581055,2.7718355655670166,0.0,44.49129832428627,23040.0
-7.808537006378174,-10.602998733520508,2.794459819793701,0.0,104.08796447469841,23040.0
-7.562912464141846,-10.252126693725586,2.6892125606536865,0.0,149.74530518430586,23040.0
-7.663339614868164,-10.43995189666748,2.7766127586364746,0.0,79.5183646175224,23040.0
-7.756019592285156,-10.557404518127441,2.801387071609497,0.0,48.85176061419099,23040.0
-7.904838562011719,-10.620640754699707,2.715799331665039,0.0,79.4420793797481,23040.0
-7.978413105010986,-10.79845905303955,2.8200440406799316,0.0,34.833373680831365,23040.0
-7.887367248535156,-10.806283950805664,2.9189140796661377,0.0,76.65534364344221,23040.0
-7.790225028991699,-10.783541679382324,2.9933156967163086,0.0,48.45124584104203,23040.0
-7.724074363708496,-10.716394424438477,2.9923205375671387,0.0,65.57431618540488,23040.0
-7.832897186279297,-10.849664688110352,3.0167646408081055,0.0,51.792835895541074,23040.0
-7.788711071014404,-10.844583511352539,3.0558760166168213,0.0,55.40660974061167,23040.0
-8.13090705871582,-11.11403751373291,2.983128547668457,0.0,26.684403507214196,23040.0
-7.942548751831055,-10.94227409362793,2.999725103378296,0.0,48.57080432254598,23040.0
-7.893293380737305,-10.862720489501953,2.9694254398345947,0.0,53.99336062362583,23040.0
-7.842401027679443,-10.842523574829102,3.0001235008239746,0.0,47.260029202684244,23040.0
-7.696045398712158,-10.72225284576416,3.0262067317962646,0.0,56.747779896423516,23040.0
-7.647214889526367,-10.648627281188965,3.001410484313965,0.0,43.14947881920639,23040.0
-7.687528610229492,-10.598135948181152,2.9106085300445557,0.0,48.06414472981635,23040.0
-7.864171504974365,-10.838632583618164,2.9744622707366943,0.0,32.75926964579917,23040.0
-7.836075305938721,-10.784551620483398,2.9484732151031494,0.0,46.5314668094007,23040.0
-8.030999183654785,-10.930646896362305,2.8996496200561523,0.0,60.05379802911963,23040.0
-7.991254806518555,-11.00399398803711,3.01274037361145,0.0,48.106931669817975,23040.0
-7.526739597320557,-10.695785522460938,3.169044017791748,0.0,54.041602567752875,23040.0
-7.687465190887451,-10.7983980178833,3.1109306812286377,0.0,51.532810103747394,23040.0
-7.825955390930176,-10.888626098632812,3.062668561935425,0.0,57.60871771006659,23040.0
-7.892679691314697,-11.024563789367676,3.1318819522857666,0.0,44.72568346395498,23040.0
-8.082478523254395,-11.132109642028809,3.0496366024017334,0.0,36.15322827563723,23040.0
-8.002853393554688,-11.08884048461914,3.085986614227295,0.0,32.84414923017661,23040.0
-8.166796684265137,-11.104596138000488,2.9377994537353516,0.0,33.17228031155702,23040.0
-7.81069803237915,-10.77602481842041,2.965325355529785,0.0,40.899322319985615,23040.0
-7.767637729644775,-10.712227821350098,2.944592237472534,0.0,35.254894034801055,23040.0
-7.922528266906738,-10.865949630737305,2.943420648574829,0.0,29.637701199846582,23040.0
-8.063651084899902,-10.97407341003418,2.9104220867156982,0.0,29.468295836610675,23040.0
-8.156254768371582,-11.097960472106934,2.9417049884796143,0.0,36.287277369045164,23040.0
-8.221728324890137,-11.182339668273926,2.9606122970581055,0.0,31.792317953941325,23040.0
-8.233156204223633,-11.21184253692627,2.9786860942840576,0.0,30.866358740972704,23040.0
-8.082206726074219,-11.144027709960938,3.061817169189453,0.0,33.88884110131455,23040.0
-8.137527465820312,-11.203996658325195,3.0664682388305664,0.0,33.78130613685996,23040.0
-7.990462779998779,-11.124765396118164,3.1343040466308594,0.0,43.518032126711,23040.0
-8.127358436584473,-11.254316329956055,3.1269562244415283,0.0,30.348249123676183,23040.0
-8.234580039978027,-11.357213973999023,3.1226348876953125,0.0,32.69267553953428,23040.0
-8.240411758422852,-11.386714935302734,3.14630389213562,0.0,24.81004201348897,23040.0
-8.127567291259766,-11.281328201293945,3.153757095336914,0.0,30.75763223826041,23040.0
-8.115899085998535,-11.267134666442871,3.1512346267700195,0.0,42.82677399156834,23040.0
-7.920397758483887,-11.03720760345459,3.116809129714966,0.0,39.94923724415191,23040.0
-7.607208251953125,-10.714574813842773,3.1073670387268066,0.0,44.17546856608236,23040.0
-7.818905353546143,-10.878280639648438,3.059375762939453,0.0,33.791788990795,23040.0
-7.922103404998779,-10.983967781066895,3.061863899230957,0.0,51.65878933905946,23040.0
-7.858306407928467,-10.95396614074707,3.0956614017486572,0.0,52.77969868888065,23040.0
-8.107137680053711,-11.197417259216309,3.090280055999756,0.0,25.269286736076683,23040.0
-8.212701797485352,-11.345081329345703,3.132378578186035,0.0,43.5756973416368,23040.0
-8.114946365356445,-11.270605087280273,3.155656337738037,0.0,67.30605325467305,23040.0
-7.855871677398682,-11.11407470703125,3.25820255279541,0.0,77.42949376533609,23040.0
-5.83182430267334,-9.395892143249512,3.5640668869018555,0.0,200.21891642339483,23040.0
-5.987359046936035,-9.157411575317383,3.170050621032715,0.0,195.96919611873733,23040.0
-5.74319314956665,-8.724536895751953,2.9813456535339355,0.0,156.51760326228427,23040.0
-6.682942867279053,-9.619028091430664,2.936089038848877,0.0,119.92523985805832,23040.0
-6.952095985412598,-9.964430809020996,3.0123372077941895,0.0,116.83961962055666,23040.0
-6.427070617675781,-9.433477401733398,3.006403923034668,0.0,152.00489608968877,23040.0
-7.025542736053467,-9.821842193603516,2.796297073364258,0.0,82.53470395695255,23040.0
-6.644160747528076,-9.407922744750977,2.763760566711426,0.0,78.36034223299211,23040.0
-6.702992916107178,-9.413965225219727,2.710975408554077,0.0,65.16700845662697,23040.0
-6.791378974914551,-9.440180778503418,2.64880108833313,0.0,62.39538518929701,23040.0
-6.942380905151367,-9.59200382232666,2.649620771408081,0.0,59.81106169460094,23040.0
-6.927350044250488,-9.635445594787598,2.708097219467163,0.0,115.38508274980062,23040.0
-6.1712260246276855,-9.074875831604004,2.903646230697632,0.0,184.74165043217516,23040.0
-5.613975524902344,-8.539755821228027,2.925781011581421,0.0,147.2083952964566,23040.0
-7.199983596801758,-9.934674263000488,2.7346909046173096,0.0,67.30428806121509,23040.0
-6.718433856964111,-9.269548416137695,2.5511162281036377,0.0,99.31626073716826,23040.0
-6.095775604248047,-8.629063606262207,2.5332839488983154,0.0,100.4222682991281,23040.0
-6.087751388549805,-8.55637264251709,2.4686219692230225,0.0,84.46993334030898,23040.0
-6.23110294342041,-8.637837409973145,2.4067349433898926,0.0,72.71645589485682,23040.0
-6.063893795013428,-8.419901847839355,2.3560080528259277,0.0,56.567490485160704,23040.0
-6.121874809265137,-8.473930358886719,2.3520586490631104,0.0,86.39772085524017,23040.0
-6.563836097717285,-8.87742805480957,2.313591241836548,0.0,71.0594432771395,23040.0
-6.702430725097656,-9.09023666381836,2.387805938720703,0.0,63.93449729163581,23040.0
-6.602365493774414,-9.009748458862305,2.407384157180786,0.0,93.88448496462253,23040.0
-6.786768913269043,-9.201666831970215,2.4148972034454346,0.0,46.4503264301108,23040.0
-6.862163543701172,-9.196073532104492,2.3339099884033203,0.0,51.940155568319156,23040.0
-6.822581768035889,-9.127708435058594,2.305126428604126,0.0,59.1255525434892,23040.0
-6.886694431304932,-9.245508193969727,2.358815908432007,0.0,50.239001386883515,23040.0
-7.068441390991211,-9.43713092803955,2.3686866760253906,0.0,31.485486641903783,23040.0
-7.1491312980651855,-9.505084991455078,2.355952024459839,0.0,37.27877156130827,23040.0
-7.079980373382568,-9.471785545349121,2.3918025493621826,0.0,68.8447657618778,23040.0
-6.387095928192139,-9.007306098937988,2.6202142238616943,0.0,140.76735235959882,23040.0
-3.9539997577667236,-6.892565727233887,2.938565731048584,0.0,238.38720728779433,23040.0
-1.8256525993347168,-4.983304977416992,3.1576523780822754,0.0,296.7889311603852,23040.0
-2.1763150691986084,-5.500274181365967,3.3239591121673584,0.0,153.94790357011817,23040.0
-0.00712303863838315,-3.0530781745910645,3.0459561347961426,0.0,382.2328559713733,23040.0
-1.7064160108566284,-3.961859703063965,2.255443811416626,0.0,142.25085790998202,23040.0
-1.5916218757629395,-3.794786214828491,2.2031643390655518,0.0,45.53088308856335,23040.0
-1.7417426109313965,-3.9778456687927246,2.236102342605591,0.0,48.41756591026677,23040.0
-2.1105077266693115,-4.23128080368042,2.1207733154296875,0.0,43.759238658195876,23040.0
-2.208796977996826,-4.456039905548096,2.247243642807007,0.0,54.293876052943304,23040.0
-2.314225673675537,-4.660879611968994,2.3466527462005615,0.0,56.529365068434856,23040.0
-2.4839396476745605,-4.718206882476807,2.234266996383667,0.0,47.88982623750157,23040.0
-2.67793607711792,-4.756190299987793,2.0782532691955566,0.0,42.122874160654064,23040.0
-2.6264026165008545,-4.609031677246094,1.9826287031173706,0.0,43.68629967011209,23040.0
-2.6650938987731934,-4.5943379402160645,1.9292439222335815,0.0,44.59900345565504,23040.0
-2.8204281330108643,-4.738680362701416,1.9182521104812622,0.0,39.44163631884131,23040.0
-3.042072296142578,-4.869926452636719,1.8278542757034302,0.0,30.889968113646677,23040.0
-3.2543349266052246,-4.98702335357666,1.732688069343567,0.0,26.13279087558408,23040.0
-3.2944393157958984,-4.986679553985596,1.6922389268875122,0.0,38.968268940376404,23040.0
-3.322200298309326,-4.978646755218506,1.6564470529556274,0.0,53.50550259114989,23040.0
-3.2796897888183594,-4.944137096405029,1.6644463539123535,0.0,36.86091528438862,23040.0
-3.3043057918548584,-4.958846569061279,1.6545422077178955,0.0,48.12820349238982,23040.0
-3.521378517150879,-5.077507495880127,1.5561283826828003,0.0,54.01207778787234,23040.0
-3.8506736755371094,-5.341773986816406,1.4911004304885864,0.0,35.988802687493994,23040.0
-3.9165472984313965,-5.383524417877197,1.4669780731201172,0.0,42.72032163364783,23040.0
-4.139390468597412,-5.580221176147461,1.4408291578292847,0.0,39.18874677039055,23040.0
-4.170211315155029,-5.6844635009765625,1.5142518281936646,0.0,25.887845624444854,23040.0
-4.401938438415527,-5.8964314460754395,1.494492769241333,0.0,24.48201444592689,23040.0
-4.345404624938965,-5.886882781982422,1.5414793491363525,0.0,36.95426913299347,23040.0
-4.452332496643066,-5.995728015899658,1.5433934926986694,0.0,41.59827250924934,23040.0
-4.524628162384033,-6.070561408996582,1.5459308624267578,0.0,34.80390195284611,23040.0
-4.681988716125488,-6.231821537017822,1.549833059310913,0.0,29.802194513962633,23040.0
-4.700333118438721,-6.281805992126465,1.5814712047576904,0.0,20.117191185440248,23040.0
-4.774209499359131,-6.37078332901001,1.596571683883667,0.0,15.891798869065891,23040.0
-4.879681587219238,-6.479466438293457,1.599786400794983,0.0,23.7612598567681,23040.0
-4.851860046386719,-6.4809746742248535,1.6291154623031616,0.0,29.213557712344468,23040.0
-4.947460174560547,-6.558996677398682,1.6115376949310303,0.0,25.380511923549832,23040.0
-5.005233287811279,-6.649287223815918,1.6440521478652954,0.0,19.044769376832022,23040.0
-5.2337470054626465,-6.874035835266113,1.6402881145477295,0.0,14.614418166227788,23040.0
-5.227631568908691,-6.914973258972168,1.6873425245285034,0.0,14.073594439893986,23040.0
-5.398233413696289,-7.105550289154053,1.7073134183883667,0.0,19.34580655236694,23040.0
-5.444179058074951,-7.194602966308594,1.7504240274429321,0.0,25.86038536778655,23040.0
-5.427366733551025,-7.217305660247803,1.7899394035339355,0.0,26.010752343103995,23040.0
-5.419073581695557,-7.26380729675293,1.8447309732437134,0.0,14.747367043546902,23040.0
-5.394909858703613,-7.237974166870117,1.8430652618408203,0.0,18.572088324660033,23040.0
-5.3929901123046875,-7.239022254943848,1.8460322618484497,0.0,33.80305923579476,23040.0
-5.553646564483643,-7.374462127685547,1.8208138942718506,0.0,31.547308212408396,23040.0
-5.594082832336426,-7.5548224449157715,1.9607408046722412,0.0,15.892576547421594,23040.0
-5.771370887756348,-7.7268147468566895,1.955442190170288,0.0,18.720454717173926,23040.0
-5.780385971069336,-7.725708484649658,1.9453225135803223,0.0,22.61218235617085,23040.0
-5.754035949707031,-7.682092189788818,1.9280551671981812,0.0,23.412681581175786,23040.0
-5.723050117492676,-7.655702590942383,1.9326536655426025,0.0,22.88171539756677,23040.0
-5.755080699920654,-7.703531742095947,1.948452115058899,0.0,18.082173747194425,23040.0
-5.945953369140625,-7.849882125854492,1.903929352760315,0.0,16.34700901963147,23040.0
-5.8226447105407715,-7.799237251281738,1.976590633392334,0.0,18.97787938641627,23040.0
-5.941192626953125,-7.906343460083008,1.965149998664856,0.0,24.045251958469027,23040.0
-5.973392963409424,-7.991593360900879,2.018204689025879,0.0,19.174837511713083,23040.0
-6.102565288543701,-8.10976505279541,2.007197856903076,0.0,16.64084483629768,23040.0
-6.182987689971924,-8.1845121383667,2.001523971557617,0.0,18.801136847867003,23040.0
-6.183333873748779,-8.223374366760254,2.040043592453003,0.0,18.15831712370381,23040.0
-6.1915764808654785,-8.253621101379395,2.0620453357696533,0.0,14.794188581770946,23040.0
-6.244456768035889,-8.365829467773438,2.1213719844818115,0.0,14.911332083620412,23040.0
-6.445914268493652,-8.535439491271973,2.089524269104004,0.0,19.564266363948438,23040.0
-6.515387535095215,-8.679291725158691,2.163905620574951,0.0,20.82246230051371,23040.0
-6.496073246002197,-8.736631393432617,2.24055814743042,0.0,15.369654617760611,23040.0
-6.679405212402344,-8.937013626098633,2.2576100826263428,0.0,18.42719373797878,23040.0
-6.674115180969238,-9.026066780090332,2.3519492149353027,0.0,17.867161168421223,23040.0
-6.793694972991943,-9.18532943725586,2.3916332721710205,0.0,21.20793679459237,23040.0
-6.946133136749268,-9.329255104064941,2.3831207752227783,0.0,18.12411050266664,23040.0
-6.816963195800781,-9.246786117553711,2.429824113845825,0.0,33.324464421239696,23040.0
-6.9584126472473145,-9.383219718933105,2.424804210662842,0.0,30.44363184491493,23040.0
-7.044582843780518,-9.562296867370605,2.517716407775879,0.0,18.957318834961935,23040.0
-7.096694469451904,-9.662515640258789,2.5658228397369385,0.0,24.11967300773843,23040.0
-7.038365840911865,-9.59390926361084,2.555542469024658,0.0,23.202212682097983,23040.0
-7.0825371742248535,-9.689250946044922,2.6067142486572266,0.0,21.679413470944183,23040.0
-7.1165242195129395,-9.730974197387695,2.614450693130493,0.0,20.630906051736986,23040.0
-7.239912986755371,-9.851688385009766,2.611776113510132,0.0,21.271355740893906,23040.0
-7.269415855407715,-9.936395645141602,2.666980504989624,0.0,23.875050237352134,23040.0
-7.235036849975586,-9.947098731994629,2.7120628356933594,0.0,26.512992083610303,23040.0
-7.4167914390563965,-10.13487720489502,2.718083620071411,0.0,21.896776865156543,23040.0
-7.4029669761657715,-10.147101402282715,2.74413800239563,0.0,21.262978884628783,23040.0
-7.389363765716553,-10.159241676330566,2.7698771953582764,0.0,20.268173607580476,23040.0
-7.427953243255615,-10.216959953308105,2.7890055179595947,0.0,22.42248509373371,23040.0
-7.5692667961120605,-10.381912231445312,2.812647819519043,0.0,15.377897414151443,23040.0
-7.532315254211426,-10.330673217773438,2.7983577251434326,0.0,27.68785094722604,23040.0
-7.5363450050354,-10.332757949829102,2.7964141368865967,0.0,23.885655019776447,23040.0
-7.419174671173096,-10.272054672241211,2.852883815765381,0.0,31.326578429405593,23040.0
-7.571022033691406,-10.47817325592041,2.90714955329895,0.0,18.85293775664145,23040.0
-7.585568428039551,-10.499366760253906,2.913800001144409,0.0,28.954000260068696,23040.0
-7.619973182678223,-10.540848731994629,2.920872926712036,0.0,24.659363297853034,23040.0
-7.666604995727539,-10.568382263183594,2.901780843734741,0.0,24.918167661963256,23040.0
-7.631479740142822,-10.62525749206543,2.99377703666687,0.0,29.386328871577962,23040.0
-7.7626729011535645,-10.744794845581055,2.982121467590332,0.0,25.45193991919053,23040.0
-7.75058650970459,-10.71406364440918,2.963475227355957,0.0,30.360283802127057,23040.0
-7.803402423858643,-10.811761856079102,3.0083603858947754,0.0,25.654707695975407,23040.0
-7.800991535186768,-10.89915943145752,3.0981671810150146,0.0,36.030862853181844,23040.0
-7.949175834655762,-10.959112167358398,3.0099384784698486,0.0,33.0274791349981,23040.0
-7.712690353393555,-10.817643165588379,3.1049556732177734,0.0,34.49770498438579,23040.0
-7.925191879272461,-11.044979095458984,3.1197853088378906,0.0,28.87292433898655,23040.0
-7.968417167663574,-11.069640159606934,3.101224660873413,0.0,33.864999099923025,23040.0
-7.899532794952393,-10.969056129455566,3.069526195526123,0.0,35.41506230321775,23040.0
-7.89608907699585,-11.015275001525879,3.119188070297241,0.0,39.37581456277378,23040.0
-7.854492664337158,-11.01283073425293,3.1583404541015625,0.0,71.85422464264988,23040.0
-8.03599739074707,-11.109981536865234,3.0739824771881104,0.0,32.64739470768287,23040.0
-7.9032158851623535,-10.985417366027832,3.0822012424468994,0.0,64.2967547760178,23040.0
-8.044158935546875,-11.192225456237793,3.1480655670166016,0.0,52.50049755315635,23040.0
-7.945079326629639,-11.13537311553955,3.1902899742126465,0.0,52.95651549197281,23040.0
-7.892552852630615,-11.021194458007812,3.128641366958618,0.0,85.27194649573015,23040.0
-8.138300895690918,-11.32490062713623,3.1865997314453125,0.0,22.240872852747156,23040.0
-8.085341453552246,-11.272769927978516,3.1874279975891113,0.0,70.99705821465518,23040.0
-8.115954399108887,-11.301234245300293,3.1852807998657227,0.0,40.10657313947341,23040.0
-7.9940266609191895,-11.209915161132812,3.2158901691436768,0.0,63.96325537168176,23040.0
-8.110052108764648,-11.30242919921875,3.192378044128418,0.0,59.97516171355178,23040.0
-8.041194915771484,-11.278343200683594,3.2371504306793213,0.0,45.74560241339566,23040.0
-8.031868934631348,-11.196331977844238,3.1644647121429443,0.0,82.38934695628664,23040.0
-8.11365795135498,-11.307888984680176,3.194232225418091,0.0,43.39554084645887,23040.0
-7.900702476501465,-11.185173034667969,3.284470319747925,0.0,112.98508953752398,23040.0
-8.130837440490723,-11.302279472351074,3.1714422702789307,0.0,73.30033680780878,23040.0
-8.065654754638672,-11.307961463928223,3.2423062324523926,0.0,53.10964985302182,23040.0
-8.026726722717285,-11.264947891235352,3.2382192611694336,0.0,71.9114901277393,23040.0
-8.217512130737305,-11.415096282958984,3.197585105895996,0.0,50.64348374740651,23040.0
-7.9404988288879395,-11.152010917663574,3.2115142345428467,0.0,83.50616123101587,23040.0
-8.043428421020508,-11.257166862487793,3.213737964630127,0.0,46.48778313467531,23040.0
-8.148102760314941,-11.393987655639648,3.2458841800689697,0.0,72.91408976485184,23040.0
-8.269103050231934,-11.455239295959473,3.1861348152160645,0.0,35.854273625713056,23040.0
-8.093268394470215,-11.304757118225098,3.2114908695220947,0.0,57.61247971918894,23040.0
-8.188695907592773,-11.395821571350098,3.2071268558502197,0.0,24.982667679743198,23040.0
-8.199146270751953,-11.436661720275879,3.237515687942505,0.0,65.86341413815731,23040.0
-8.327482223510742,-11.50419807434082,3.176715850830078,0.0,26.09093763315705,23040.0
-8.314407348632812,-11.4771728515625,3.162763833999634,0.0,34.335514251085925,23040.0
-8.123544692993164,-11.418360710144043,3.294818162918091,0.0,40.760712485815574,23040.0
-8.323323249816895,-11.56007194519043,3.2367498874664307,0.0,19.806259758821952,23040.0
-8.343343734741211,-11.535271644592285,3.1919283866882324,0.0,29.260035558863404,23040.0
-8.324030876159668,-11.548419952392578,3.2243876457214355,0.0,45.298151009566396,23040.0
-8.118894577026367,-11.426671981811523,3.3077800273895264,0.0,62.447453871146294,23040.0
-8.43796157836914,-11.611588478088379,3.17362904548645,0.0,43.14965193172754,23040.0
-8.281123161315918,-11.565326690673828,3.2842068672180176,0.0,42.46640956244578,23040.0
-8.302846908569336,-11.603662490844727,3.300813913345337,0.0,40.257538844957935,23040.0
-8.412327766418457,-11.692915916442871,3.2805898189544678,0.0,34.67839926426458,23040.0
-8.297091484069824,-11.587151527404785,3.290060520172119,0.0,44.00460415470823,23040.0
-8.465826988220215,-11.737934112548828,3.272104263305664,0.0,16.416742220339213,23040.0
-8.406099319458008,-11.705672264099121,3.2995731830596924,0.0,46.91262694089843,23040.0
-8.38541030883789,-11.683564186096191,3.29815411567688,0.0,29.346478960324884,23040.0
-8.388465881347656,-11.658074378967285,3.269608497619629,0.0,61.55063285169761,23040.0
-8.12857437133789,-11.532445907592773,3.4038712978363037,0.0,97.83082415863515,23040.0
-8.354948997497559,-11.69765853881836,3.3427090644836426,0.0,28.83047764956285,23040.0
-8.30737018585205,-11.641846656799316,3.3344805240631104,0.0,46.857568973012114,23040.0
-8.391525268554688,-11.717888832092285,3.3263659477233887,0.0,33.59833397074672,23040.0
-8.451498031616211,-11.764191627502441,3.3126916885375977,0.0,35.338872303792186,23040.0
-8.475942611694336,-11.759675979614258,3.2837331295013428,0.0,33.12928689042691,23040.0
-8.487690925598145,-11.794584274291992,3.3068928718566895,0.0,35.93254036140558,23040.0
-8.394845962524414,-11.732165336608887,3.337319850921631,0.0,53.405269378375706,23040.0
-8.409723281860352,-11.739184379577637,3.3294596672058105,0.0,38.257672288399085,23040.0
-8.476425170898438,-11.80908489227295,3.33266019821167,0.0,31.636129575880403,23040.0
-8.426456451416016,-11.787598609924316,3.36114239692688,0.0,54.78320556459382,23040.0
-8.404942512512207,-11.7395601272583,3.3346173763275146,0.0,42.901112551519454,23040.0
-8.404142379760742,-11.790796279907227,3.3866562843322754,0.0,14.68662346076367,23040.0
-8.399140357971191,-11.793023109436035,3.3938822746276855,0.0,51.801721319273994,23040.0
-8.37394905090332,-11.654878616333008,3.2809295654296875,0.0,66.87117634285681,23040.0
-8.469758033752441,-11.83690357208252,3.3671460151672363,0.0,57.077826316171816,23040.0
-8.498984336853027,-11.849462509155273,3.350475788116455,0.0,29.36955492777249,23040.0
-8.49173641204834,-11.806331634521484,3.3145999908447266,0.0,52.30817715576834,23040.0
-8.434677124023438,-11.828705787658691,3.3940277099609375,0.0,87.06196924061756,23040.0
-8.446571350097656,-11.825484275817871,3.378912925720215,0.0,85.00885294726082,23040.0
-8.547077178955078,-11.872282028198242,3.3252079486846924,0.0,44.38372266251398,23040.0
-8.534162521362305,-11.921172142028809,3.3870089054107666,0.0,51.939449015017686,23040.0
-8.45429515838623,-11.791886329650879,3.337590456008911,0.0,90.67563339153777,23040.0
-8.489535331726074,-11.870532035827637,3.3809974193573,0.0,39.02772943006368,23040.0
-8.583785057067871,-11.905136108398438,3.3213515281677246,0.0,36.42468974475209,23040.0
-8.489179611206055,-11.811514854431152,3.3223369121551514,0.0,47.29818527762875,23040.0
-8.495396614074707,-11.85743236541748,3.362035036087036,0.0,35.64492070424647,23040.0
-8.513311386108398,-11.928104400634766,3.414790630340576,0.0,42.77145101360384,23040.0
-8.588441848754883,-11.957512855529785,3.369068145751953,0.0,21.027273990158772,23040.0
-8.409656524658203,-11.840340614318848,3.4306793212890625,0.0,42.74046531380587,23040.0
-8.644821166992188,-11.96966552734375,3.3248445987701416,0.0,32.898262070567014,23040.0
-8.586365699768066,-11.978949546813965,3.392582893371582,0.0,55.74473571628821,23040.0
-8.476825714111328,-11.831010818481445,3.3541862964630127,0.0,89.16279552056426,23040.0
-8.453413009643555,-11.88011646270752,3.426701784133911,0.0,34.815734005730825,23040.0
-8.49606704711914,-11.933012008666992,3.4369418621063232,0.0,40.13005491326411,23040.0
-8.458464622497559,-11.820282936096191,3.3618195056915283,0.0,104.62921293414736,23040.0
-8.547585487365723,-11.959107398986816,3.411522150039673,0.0,77.84765911682288,23040.0
-8.587407112121582,-11.957317352294922,3.3699052333831787,0.0,41.40333605609697,23040.0
-8.548604011535645,-11.908961296081543,3.360356569290161,0.0,35.430874675608464,23040.0
-8.550399780273438,-11.912013053894043,3.3616113662719727,0.0,36.99568639112875,23040.0
-8.565326690673828,-11.946850776672363,3.381525993347168,0.0,49.09746877625507,23040.0
-8.638816833496094,-12.00015640258789,3.3613393306732178,0.0,28.259296207132014,23040.0
-8.536437034606934,-11.877043724060059,3.340609073638916,0.0,40.71401781776135,23040.0
-8.53959846496582,-11.945478439331055,3.405876636505127,0.0,41.01462971492001,23040.0
-8.60318374633789,-11.96355152130127,3.360365867614746,0.0,31.46109228256812,23040.0
-8.439619064331055,-11.842040061950684,3.402414321899414,0.0,49.77338225128164,23040.0
-8.655098915100098,-12.0275297164917,3.372431516647339,0.0,49.38549569338694,23040.0
-8.5958251953125,-12.004648208618164,3.4088215827941895,0.0,34.27057578297001,23040.0
-8.518171310424805,-11.921563148498535,3.4033894538879395,0.0,44.06596966782569,23040.0
-8.565287590026855,-11.946331024169922,3.3810455799102783,0.0,38.73894590739966,23040.0
-8.643709182739258,-11.99374008178711,3.350029468536377,0.0,77.90227673457923,23040.0
-8.271056175231934,-11.598889350891113,3.3278329372406006,0.0,155.29043196869753,23040.0
-8.532938957214355,-11.935729026794434,3.4027910232543945,0.0,98.2827600034601,23040.0
-8.62324333190918,-11.975512504577637,3.3522701263427734,0.0,33.57119985977652,23040.0
-8.45707893371582,-11.872096061706543,3.4150164127349854,0.0,52.63341655860005,23040.0
-8.40756893157959,-11.897541999816895,3.48997163772583,0.0,57.534279676419025,23040.0
-8.467531204223633,-11.910221099853516,3.4426896572113037,0.0,78.04155604166738,23040.0
-8.608930587768555,-11.916878700256348,3.307945728302002,0.0,80.14981281700713,23040.0
-8.613155364990234,-12.010706901550293,3.3975517749786377,0.0,38.84728485098143,23040.0
-8.383302688598633,-11.859169960021973,3.4758670330047607,0.0,46.30535873392492,23040.0
-8.261653900146484,-11.599539756774902,3.3378868103027344,0.0,131.17821273670538,23040.0
-8.317944526672363,-11.740218162536621,3.4222726821899414,0.0,124.31886565032852,23040.0
-8.351085662841797,-11.74781608581543,3.3967301845550537,0.0,67.31165959569297,23040.0
-8.606141090393066,-11.938095092773438,3.3319523334503174,0.0,34.874633718511745,23040.0
-8.238204956054688,-11.65424919128418,3.4160423278808594,0.0,112.86605112178725,23040.0
-8.439302444458008,-11.751656532287598,3.312354803085327,0.0,95.52970746708503,23040.0
-8.549788475036621,-11.910805702209473,3.361018657684326,0.0,29.16470520572089,23040.0
-8.504899978637695,-11.830232620239258,3.325335741043091,0.0,36.48793260100311,23040.0
-8.462800025939941,-11.805273056030273,3.3424744606018066,0.0,58.67939471535159,23040.0
-8.552239418029785,-11.89413070678711,3.341893434524536,0.0,36.91899715843219,23040.0
-8.560445785522461,-11.88113784790039,3.3206896781921387,0.0,42.9935387760979,23040.0
-8.572417259216309,-11.919342994689941,3.3469276428222656,0.0,33.52395075173142,23040.0
-8.37353229522705,-11.777302742004395,3.40377140045166,0.0,41.46766470949149,23040.0
-8.38895320892334,-11.797106742858887,3.4081530570983887,0.0,52.773078636331434,23040.0
-8.208757400512695,-11.630935668945312,3.4221808910369873,0.0,93.37044334138007,23040.0
-8.294561386108398,-11.654821395874023,3.360259771347046,0.0,78.55919231929525,23040.0
-8.327798843383789,-11.6533784866333,3.3255794048309326,0.0,46.63578664152383,23040.0
-8.31212043762207,-11.666117668151855,3.3540005683898926,0.0,54.19613940196575,23040.0
-8.05646800994873,-11.33461856842041,3.278149127960205,0.0,67.47290861895843,23040.0
-7.943288803100586,-11.196555137634277,3.253265380859375,0.0,67.18740290591201,23040.0
-8.00328540802002,-11.270063400268555,3.266777992248535,0.0,62.66299833100882,23040.0
-7.935521602630615,-11.184480667114258,3.248962640762329,0.0,98.52983178859098,23040.0
-8.12143325805664,-11.360472679138184,3.2390427589416504,0.0,65.29360347806568,23040.0
-7.928436279296875,-11.258543014526367,3.3301072120666504,0.0,55.41928970251935,23040.0
-7.927595138549805,-11.229324340820312,3.3017263412475586,0.0,58.79626407346871,23040.0
-7.917675018310547,-11.213031768798828,3.2953579425811768,0.0,63.48874221655572,23040.0
-8.028367042541504,-11.248018264770508,3.2196524143218994,0.0,45.613524315174416,23040.0
-8.031793594360352,-11.306232452392578,3.274435043334961,0.0,37.232124238859846,23040.0
-7.9075026512146,-11.054067611694336,3.14656925201416,0.0,54.44093358641076,23040.0
-7.873939514160156,-11.075621604919434,3.2016842365264893,0.0,51.08631283634257,23040.0
-7.835240840911865,-10.99592399597168,3.160686492919922,0.0,53.209838370215586,23040.0
-7.963583946228027,-11.069220542907715,3.1056406497955322,0.0,48.017492744087306,23040.0
-8.019835472106934,-11.14200496673584,3.1221706867218018,0.0,35.975088713375534,23040.0
-8.21815013885498,-11.288077354431152,3.0699269771575928,0.0,33.35347238766495,23040.0
-8.11278247833252,-11.248440742492676,3.135658025741577,0.0,54.43805814596985,23040.0
-7.826839923858643,-10.99354076385498,3.166700601577759,0.0,88.70220304218361,23040.0
-7.968746662139893,-11.079532623291016,3.1107852458953857,0.0,55.75088702616741,23040.0
-7.889485836029053,-11.007981300354004,3.1184959411621094,0.0,59.654820564901726,23040.0
-7.971735954284668,-11.086953163146973,3.1152193546295166,0.0,43.63002999320742,23040.0
-8.151859283447266,-11.251803398132324,3.0999443531036377,0.0,34.6137173950422,23040.0
-8.292092323303223,-11.303998947143555,3.0119025707244873,0.0,68.95306568352723,23040.0
-8.200304985046387,-11.244546890258789,3.0442402362823486,0.0,53.59923489499436,23040.0
-7.98849630355835,-11.11628532409668,3.127786874771118,0.0,79.17128490483456,23040.0
-7.856292724609375,-10.920598030090332,3.0643086433410645,0.0,61.00828348934539,23040.0
-8.091289520263672,-11.157044410705566,3.065756320953369,0.0,63.946322331954725,23040.0
-8.08275318145752,-11.24229621887207,3.159541606903076,0.0,82.74942183248172,23040.0
-8.429370880126953,-11.518789291381836,3.0894203186035156,0.0,29.14606917165944,23040.0
-8.129491806030273,-11.261984825134277,3.132493019104004,0.0,85.17528978851551,23040.0
-8.347554206848145,-11.502974510192871,3.155416965484619,0.0,29.02355156692493,23040.0
-8.045235633850098,-11.274408340454102,3.229170083999634,0.0,118.6046200978058,23040.0
-7.994892120361328,-11.101757049560547,3.1068639755249023,0.0,94.30476299784664,23040.0
-8.326726913452148,-11.443482398986816,3.1167595386505127,0.0,80.9177497183826,23040.0
-8.02836799621582,-11.290007591247559,3.2616381645202637,0.0,107.98813907526399,23040.0
-7.147878646850586,-10.608983039855957,3.4610981941223145,0.0,149.35072380045168,23040.0
-7.3077473640441895,-10.495092391967773,3.1873457431793213,0.0,131.297977629389,23040.0
-6.679112434387207,-9.754042625427246,3.074932098388672,0.0,145.10661478986987,23040.0
-7.592645168304443,-10.792678833007812,3.2000346183776855,0.0,164.35144165954605,23040.0
-7.246647357940674,-10.444085121154785,3.197436571121216,0.0,223.07809563172017,23040.0
-7.068140983581543,-10.360490798950195,3.2923505306243896,0.0,235.24704376680123,23040.0
-6.051499366760254,-9.18441390991211,3.132911205291748,0.0,151.1837586136099,23040.0
-4.611934185028076,-7.659567832946777,3.0476315021514893,0.0,146.47015836599098,23040.0
-5.716912746429443,-8.65868854522705,2.9417757987976074,0.0,118.11117266279149,23040.0
-6.890159606933594,-9.801701545715332,2.911543846130371,0.0,85.4497477361483,23040.0
-6.970414161682129,-9.893518447875977,2.9231042861938477,0.0,167.72858379455232,23040.0
-6.573703289031982,-9.4642972946167,2.890596628189087,0.0,139.32063084084572,23040.0
-6.78729772567749,-9.643970489501953,2.8566715717315674,0.0,113.795242392164,23040.0
-7.315593719482422,-10.032577514648438,2.7169852256774902,0.0,63.4668909579125,23040.0
-7.140509605407715,-9.761228561401367,2.620720148086548,0.0,56.70395042375229,23040.0
-7.023150444030762,-9.584199905395508,2.5610501766204834,0.0,69.71284807888308,23040.0
-7.127403259277344,-9.647905349731445,2.5205025672912598,0.0,65.7176648990229,23040.0
-7.3197550773620605,-9.873302459716797,2.553546905517578,0.0,47.61344632584058,23040.0
-7.37695837020874,-9.965707778930664,2.5887484550476074,0.0,57.17110083099452,23040.0
-7.156998157501221,-9.811894416809082,2.654897928237915,0.0,73.57806968303242,23040.0
-7.0834059715271,-9.751582145690918,2.6681790351867676,0.0,73.77481404434577,23040.0
-7.23300313949585,-9.887243270874023,2.6542396545410156,0.0,58.13136957716265,23040.0
-7.373001575469971,-10.023847579956055,2.650846242904663,0.0,59.33912913896677,23040.0
-7.475226402282715,-10.070865631103516,2.595639705657959,0.0,59.34262393016518,23040.0
-7.554109573364258,-10.126595497131348,2.572481870651245,0.0,44.40431172896349,23040.0
-7.598533630371094,-10.201225280761719,2.6026909351348877,0.0,44.97236731812889,23040.0
-7.714643478393555,-10.3718843460083,2.657241106033325,0.0,53.2582274159254,23040.0
-7.943447589874268,-10.60801887512207,2.66457200050354,0.0,48.99373152961493,23040.0
-7.837512969970703,-10.581558227539062,2.7440478801727295,0.0,41.93932054163845,23040.0
-7.883840084075928,-10.595329284667969,2.7114906311035156,0.0,49.16030047245482,23040.0
-7.732748031616211,-10.486564636230469,2.7538182735443115,0.0,52.822552074499576,23040.0
-7.897218704223633,-10.69823932647705,2.8010199069976807,0.0,80.52475627524542,23040.0
-7.924365043640137,-10.819273948669434,2.894908905029297,0.0,94.32447040804077,23040.0
-7.863924980163574,-10.78832721710205,2.9244024753570557,0.0,77.73071186507062,23040.0
-7.921640872955322,-10.898889541625977,2.9772491455078125,0.0,66.18426316683774,23040.0
-8.010828971862793,-10.931975364685059,2.9211463928222656,0.0,65.79463706942063,23040.0
-7.99990177154541,-10.9874849319458,2.987581968307495,0.0,65.85034543834917,23040.0
-8.017294883728027,-11.090434074401855,3.0731377601623535,0.0,68.21939153817577,23040.0
-8.080461502075195,-11.153105735778809,3.0726430416107178,0.0,52.97918591960067,23040.0
-8.17397403717041,-11.220794677734375,3.0468194484710693,0.0,60.8323127442142,23040.0
-8.350375175476074,-11.369973182678223,3.0196003913879395,0.0,49.233770611726115,23040.0
-8.34231185913086,-11.389649391174316,3.047337532043457,0.0,51.56670416792286,23040.0
-8.39153003692627,-11.466482162475586,3.0749504566192627,0.0,47.43035253238612,23040.0
-8.237264633178711,-11.285650253295898,3.048384666442871,0.0,53.62996360202051,23040.0
-8.35665512084961,-11.490387916564941,3.1337318420410156,0.0,35.5439366962366,23040.0
-8.331696510314941,-11.497038841247559,3.165344476699829,0.0,55.19561832620164,23040.0
-8.395359992980957,-11.556160926818848,3.1608028411865234,0.0,56.328853732161804,23040.0
-8.544360160827637,-11.730674743652344,3.1863131523132324,0.0,43.907343647167565,23040.0
-8.495016098022461,-11.742239952087402,3.2472214698791504,0.0,40.0713553029766,23040.0
-8.589177131652832,-11.813247680664062,3.2240729331970215,0.0,43.769982519163804,23040.0
-8.446317672729492,-11.767311096191406,3.3209969997406006,0.0,36.88259883340642,23040.0
-8.456666946411133,-11.784615516662598,3.327953815460205,0.0,41.88953705263501,23040.0
-8.511261940002441,-11.786551475524902,3.2752909660339355,0.0,46.756181560127956,23040.0
-8.460766792297363,-11.851608276367188,3.3908426761627197,0.0,47.72808110402475,23040.0
-8.627163887023926,-11.92481803894043,3.2976534366607666,0.0,32.22181487683718,23040.0
-8.548848152160645,-11.861591339111328,3.312744140625,0.0,47.787297995164785,23040.0
-8.616996765136719,-11.952738761901855,3.33573842048645,0.0,34.48541278506226,23040.0
-8.54226303100586,-11.862418174743652,3.3201544284820557,0.0,40.7408902715253,23040.0
-8.582258224487305,-11.9149808883667,3.3327245712280273,0.0,34.44496312953073,23040.0
-8.538848876953125,-11.864376068115234,3.3255293369293213,0.0,76.86420189466136,23040.0
-8.282784461975098,-11.701676368713379,3.4188928604125977,0.0,78.49288458216571,23040.0
-8.368532180786133,-11.766250610351562,3.397718906402588,0.0,49.10260419330068,23040.0
-8.229798316955566,-11.681230545043945,3.451432228088379,0.0,81.63175037631949,23040.0
-8.472208976745605,-11.842293739318848,3.370084524154663,0.0,40.95211039579626,23040.0
-8.555980682373047,-11.877643585205078,3.321660280227661,0.0,38.74376944993971,23040.0
-8.319229125976562,-11.676234245300293,3.3570058345794678,0.0,54.27944898890712,23040.0
-8.178292274475098,-11.541890144348145,3.3635990619659424,0.0,60.3987351380278,23040.0
-8.060011863708496,-11.415081024169922,3.3550713062286377,0.0,56.57285736295065,23040.0
-8.06163215637207,-11.366581916809082,3.304948329925537,0.0,52.71607138212578,23040.0
-8.177867889404297,-11.448832511901855,3.270965814590454,0.0,42.2253226734289,23040.0
-8.356256484985352,-11.546711921691895,3.190455198287964,0.0,34.444859389063886,23040.0
-8.211932182312012,-11.446127891540527,3.2341959476470947,0.0,82.73152889089724,23040.0
-6.440802574157715,-9.92258358001709,3.4817802906036377,0.0,149.92161797888303,23040.0
-7.667532920837402,-10.950456619262695,3.2829270362854004,0.0,147.52008692637602,23040.0
-8.005874633789062,-11.293988227844238,3.2881109714508057,0.0,62.18583067344022,23040.0
-8.03757381439209,-11.350629806518555,3.313058853149414,0.0,62.03465372246947,23040.0
-8.336989402770996,-11.530183792114258,3.1931965351104736,0.0,42.18093807670672,23040.0
-8.240533828735352,-11.471451759338379,3.2309176921844482,0.0,56.124321049187266,23040.0
-8.290371894836426,-11.48532485961914,3.1949503421783447,0.0,58.014924305703396,23040.0
-8.263402938842773,-11.461878776550293,3.198472023010254,0.0,52.27481797794827,23040.0
-8.258469581604004,-11.433792114257812,3.1753201484680176,0.0,35.14969759611741,23040.0
-8.302939414978027,-11.384562492370605,3.0816242694854736,0.0,48.54070891404671,23040.0
-8.405779838562012,-11.551234245300293,3.145451068878174,0.0,36.189053094653175,23040.0
-7.882234573364258,-11.104778289794922,3.222543716430664,0.0,85.93199427290715,23040.0
-8.09305191040039,-11.297443389892578,3.204392910003662,0.0,62.369711318714884,23040.0
-8.418854713439941,-11.513537406921387,3.094681739807129,0.0,55.65990566020173,23040.0
-8.238992691040039,-11.366683006286621,3.1276917457580566,0.0,49.37484432235672,23040.0
-8.215638160705566,-11.362763404846191,3.1471235752105713,0.0,49.993809129003516,23040.0
-8.23326301574707,-11.40668773651123,3.173426628112793,0.0,49.264577633585425,23040.0
-8.241825103759766,-11.311837196350098,3.070011615753174,0.0,91.44912543447717,23040.0
-8.421770095825195,-11.54159927368164,3.1198296546936035,0.0,30.155881473400893,23040.0
-8.47391128540039,-11.582725524902344,3.108816146850586,0.0,89.29324201411411,23040.0
-8.14828109741211,-11.284730911254883,3.1364521980285645,0.0,67.77672948526222,23040.0
-8.311333656311035,-11.44655990600586,3.1352288722991943,0.0,36.709545848984774,23040.0
-8.382604598999023,-11.603270530700684,3.2206637859344482,0.0,91.26709150502435,23040.0
-8.28996467590332,-11.427570343017578,3.1376054286956787,0.0,88.0994555482954,23040.0
-8.473008155822754,-11.740052223205566,3.2670462131500244,0.0,33.458688672056454,23040.0
-7.992192268371582,-11.375508308410645,3.383315086364746,0.0,105.46714603957628,23040.0
-8.127889633178711,-11.391145706176758,3.263256072998047,0.0,154.55832198460962,23040.0
-8.11785888671875,-11.503315925598145,3.385457754135132,0.0,65.6052760445006,23040.0
-8.353800773620605,-11.696161270141602,3.34236216545105,0.0,58.704188450951776,23040.0
-8.472419738769531,-11.758076667785645,3.2856557369232178,0.0,62.749837241072036,23040.0
-8.54692554473877,-11.866498947143555,3.319572687149048,0.0,39.58320603816609,23040.0
-8.536295890808105,-11.87408447265625,3.337789297103882,0.0,35.70439428432575,23040.0
-8.545309066772461,-11.867533683776855,3.32222318649292,0.0,29.78584666356403,23040.0
-8.338434219360352,-11.658639907836914,3.320204734802246,0.0,52.07092164425566,23040.0
-8.20604133605957,-11.517038345336914,3.3109915256500244,0.0,63.22917946945292,23040.0
-7.855513572692871,-11.181252479553223,3.3257436752319336,0.0,69.58821120942652,23040.0
-6.955785274505615,-10.239279747009277,3.2834908962249756,0.0,101.16501397543615,23040.0
-6.846674919128418,-10.240703582763672,3.394031047821045,0.0,232.77294749882506,23040.0
-7.004429817199707,-10.262234687805176,3.2578067779541016,0.0,187.77460248031932,23040.0
-8.07809066772461,-11.351058959960938,3.2729711532592773,0.0,87.748148071045,23040.0
-7.745777606964111,-11.162858009338379,3.417081594467163,0.0,85.89298284584287,23040.0
-7.939897537231445,-11.276268005371094,3.336369037628174,0.0,84.5854169669113,23040.0
-7.858475208282471,-11.181809425354004,3.3233351707458496,0.0,59.27116172918004,23040.0
-7.750214099884033,-11.088221549987793,3.338005304336548,0.0,71.73355190788567,23040.0
-8.030302047729492,-11.28398323059082,3.2536821365356445,0.0,38.96210617329056,23040.0
-8.174128532409668,-11.374605178833008,3.200477123260498,0.0,42.59768301119553,23040.0
-8.195673942565918,-11.392276763916016,3.1966004371643066,0.0,44.28129298593315,23040.0
-8.274702072143555,-11.378825187683105,3.1041228771209717,0.0,43.14679572894071,23040.0
-8.218624114990234,-11.255879402160645,3.037257671356201,0.0,41.31165472944477,23040.0
-8.197187423706055,-11.209431648254395,3.0122432708740234,0.0,40.56357575210748,23040.0
-8.180937767028809,-11.250399589538574,3.0694611072540283,0.0,38.18715798301702,23040.0
-8.232135772705078,-11.303986549377441,3.0718486309051514,0.0,39.38445753711434,23040.0
-8.322542190551758,-11.373762130737305,3.0512194633483887,0.0,39.88973360872787,23040.0
-8.47104263305664,-11.488884925842285,3.01784086227417,0.0,26.767260023561395,23040.0
-8.418359756469727,-11.52789306640625,3.109534740447998,0.0,30.50507819176234,23040.0
-8.463561058044434,-11.537871360778809,3.0743112564086914,0.0,29.180796182655214,23040.0
-8.610611915588379,-11.699112892150879,3.088498830795288,0.0,31.869019156304176,23040.0
-8.538623809814453,-11.719389915466309,3.180765151977539,0.0,37.98112665193244,23040.0
-8.504035949707031,-11.708459854125977,3.2044241428375244,0.0,45.146418307207924,23040.0
-8.492287635803223,-11.724143981933594,3.231856346130371,0.0,28.738526711370255,23040.0
-8.437246322631836,-11.664850234985352,3.22760009765625,0.0,53.16078822038887,23040.0
-8.414546966552734,-11.719511032104492,3.3049635887145996,0.0,41.14899321788705,23040.0
-8.395315170288086,-11.729047775268555,3.3337337970733643,0.0,66.97242765658532,23040.0
-8.441373825073242,-11.798213958740234,3.3568389415740967,0.0,23.401438754920537,23040.0
-8.506250381469727,-11.827425003051758,3.321176767349243,0.0,57.73214130531233,23040.0
-8.522720336914062,-11.877659797668457,3.3549370765686035,0.0,31.780106211506045,23040.0
-8.592912673950195,-11.925477027893066,3.332563638687134,0.0,44.53079729206561,23040.0
-8.56356143951416,-11.913488388061523,3.349926471710205,0.0,35.14482252486543,23040.0
-8.458684921264648,-11.812557220458984,3.3538708686828613,0.0,51.388967857253945,23040.0
-8.568496704101562,-11.903181076049805,3.334681272506714,0.0,36.83842358141459,23040.0
-8.670475006103516,-12.016714096069336,3.346242904663086,0.0,32.84129824001837,23040.0
-8.53024959564209,-11.974868774414062,3.444622039794922,0.0,53.0019778113442,23040.0
-8.646069526672363,-12.049046516418457,3.4029736518859863,0.0,40.15608950145089,23040.0
-8.58513355255127,-12.014347076416016,3.429213523864746,0.0,38.46916277948769,23040.0
-8.543964385986328,-11.936363220214844,3.3924038410186768,0.0,37.860818096735805,23040.0
-8.3552885055542,-11.752842903137207,3.3975582122802734,0.0,64.35569642685043,23040.0
-8.17414379119873,-11.608105659484863,3.4339590072631836,0.0,68.22323451442406,23040.0
-8.426676750183105,-11.8095121383667,3.382831573486328,0.0,45.95254496475784,23040.0
-8.522884368896484,-11.862266540527344,3.339381217956543,0.0,94.70169963026754,23040.0
-8.458767890930176,-11.843527793884277,3.3847622871398926,0.0,67.29629632394798,23040.0
-8.356151580810547,-11.749100685119629,3.392951726913452,0.0,48.14013864383122,23040.0
-8.184219360351562,-11.534162521362305,3.349945306777954,0.0,53.37119622135745,23040.0
-7.888350963592529,-11.237091064453125,3.3487374782562256,0.0,86.86107297889576,23040.0
-7.8728108406066895,-11.216150283813477,3.34333872795105,0.0,64.47261071224952,23040.0
-8.043334007263184,-11.382625579833984,3.3392927646636963,0.0,45.662006980570624,23040.0
-8.230746269226074,-11.571876525878906,3.341130256652832,0.0,44.351257663645264,23040.0
-8.193246841430664,-11.49006462097168,3.296818971633911,0.0,35.33769851188402,23040.0
-8.173263549804688,-11.46664047241211,3.29337739944458,0.0,43.830167221761336,23040.0
-8.24541187286377,-11.557190895080566,3.311779022216797,0.0,64.1710653082757,23040.0
-7.972976207733154,-11.30141830444336,3.3284411430358887,0.0,73.85003158944794,23040.0
-8.121553421020508,-11.38652515411377,3.264969825744629,0.0,44.46311403463904,23040.0
-8.149548530578613,-11.33626651763916,3.186716079711914,0.0,46.062369195238205,23040.0
-8.15886402130127,-11.300947189331055,3.142080068588257,0.0,51.903436863443176,23040.0
-8.198363304138184,-11.39128303527832,3.192922353744507,0.0,26.540760568292132,23040.0
-8.043238639831543,-11.238321304321289,3.1950879096984863,0.0,54.68701974305704,23040.0
-8.418679237365723,-11.534051895141602,3.115372657775879,0.0,27.4057159432528,23040.0
-8.260062217712402,-11.421930313110352,3.1618685722351074,0.0,38.14006430110015,23040.0
-8.488035202026367,-11.584880828857422,3.0968475341796875,0.0,19.3370230955101,23040.0
-8.344632148742676,-11.5074462890625,3.1628146171569824,0.0,60.06090439437665,23040.0
-8.443742752075195,-11.497870445251465,3.0541269779205322,0.0,57.15679122991242,23040.0
-8.521735191345215,-11.607662200927734,3.0859286785125732,0.0,52.631240919943316,23040.0
-7.959321975708008,-11.200916290283203,3.241591691970825,0.0,73.45340346153672,23040.0
-8.186812400817871,-11.43879222869873,3.2519781589508057,0.0,29.33009956399745,23040.0
-8.438501358032227,-11.567039489746094,3.128537654876709,0.0,71.36901562031846,23040.0
-8.543498039245605,-11.748201370239258,3.204702377319336,0.0,28.667467254575826,23040.0
-8.367745399475098,-11.594276428222656,3.226529359817505,0.0,69.55534648838103,23040.0
-8.445180892944336,-11.684097290039062,3.238917112350464,0.0,40.50024370670548,23040.0
-8.422256469726562,-11.662833213806152,3.2405741214752197,0.0,39.00684306104508,23040.0
-8.316184043884277,-11.58167552947998,3.265493392944336,0.0,21.7905132814692,23040.0
-8.389060020446777,-11.620182037353516,3.231121063232422,0.0,42.20023698912263,23040.0
-8.328361511230469,-11.608247756958008,3.2798869609832764,0.0,22.001460458674874,23040.0
-8.151530265808105,-11.412510871887207,3.260979175567627,0.0,47.39728740772117,23040.0
-8.145309448242188,-11.411333084106445,3.2660257816314697,0.0,43.89913450268044,23040.0
-8.239449501037598,-11.503884315490723,3.2644362449645996,0.0,48.96859843092514,23040.0
-8.013984680175781,-11.283727645874023,3.269742727279663,0.0,54.296998076576365,23040.0
-7.569928169250488,-10.865013122558594,3.295088291168213,0.0,60.981857304556435,23040.0
-7.5314459800720215,-10.770055770874023,3.238609790802002,0.0,57.231071016788505,23040.0
-8.017462730407715,-11.203083992004395,3.185621500015259,0.0,35.017517027090015,23040.0
-7.907284259796143,-11.16315746307373,3.255873918533325,0.0,55.84679294007452,23040.0
-8.090398788452148,-11.258585929870605,3.1681878566741943,0.0,45.73158450929298,23040.0
-7.910956382751465,-11.0751371383667,3.164180278778076,0.0,72.92516813338078,23040.0
-8.182785987854004,-11.35416316986084,3.171380043029785,0.0,48.102440234711544,23040.0
-6.728550910949707,-10.212944984436035,3.4843950271606445,0.0,141.79916270074895,23040.0
-7.972187519073486,-11.203863143920898,3.2316763401031494,0.0,125.36675026493859,23040.0
-8.12191390991211,-11.401631355285645,3.2797210216522217,0.0,68.2083137666529,23040.0
-7.7558207511901855,-11.119641304016113,3.3638195991516113,0.0,84.09832915126755,23040.0
-8.348552703857422,-11.509485244750977,3.16093111038208,0.0,24.301107580314785,23040.0
-8.009406089782715,-11.163636207580566,3.154229164123535,0.0,55.80799992416337,23040.0
-8.316534996032715,-11.365744590759277,3.049212694168091,0.0,34.97948352884717,23040.0
-8.289408683776855,-11.42357063293457,3.1341590881347656,0.0,51.83423519441695,23040.0
-8.318610191345215,-11.4278564453125,3.109246253967285,0.0,45.33852788821537,23040.0
-8.362495422363281,-11.390830039978027,3.0283334255218506,0.0,44.19117274727363,23040.0
-8.429388999938965,-11.475967407226562,3.046577215194702,0.0,46.62412656964192,23040.0
-8.179925918579102,-11.348310470581055,3.1683874130249023,0.0,72.77514750482968,23040.0
-8.007888793945312,-11.243078231811523,3.235189199447632,0.0,67.54829738745678,23040.0
-8.372841835021973,-11.494529724121094,3.1216862201690674,0.0,48.83249864996312,23040.0
-8.47510814666748,-11.595626831054688,3.120518922805786,0.0,47.598315751220525,23040.0
-8.25755786895752,-11.49829387664795,3.2407336235046387,0.0,49.781840956191466,23040.0
-8.261697769165039,-11.548364639282227,3.2866625785827637,0.0,55.78296804632013,23040.0
-8.54665756225586,-11.705232620239258,3.1585803031921387,0.0,33.53971433954876,23040.0
-8.40389633178711,-11.58609390258789,3.1821980476379395,0.0,30.498512098639015,23040.0
-8.488602638244629,-11.62849235534668,3.1398918628692627,0.0,32.40528826892959,23040.0
-8.393532752990723,-11.60662841796875,3.2130985260009766,0.0,31.755534827086404,23040.0
-8.362117767333984,-11.561683654785156,3.199565887451172,0.0,40.645249240661116,23040.0
-8.047642707824707,-11.2704496383667,3.2228074073791504,0.0,62.23621286324983,23040.0
-7.652215480804443,-10.877816200256348,3.225602626800537,0.0,72.51275920726926,23040.0
-7.23984432220459,-10.549887657165527,3.3100435733795166,0.0,64.68129409891687,23040.0
-7.462547302246094,-10.747424125671387,3.2848775386810303,0.0,128.55838906325457,23040.0
-7.206584453582764,-10.503291130065918,3.296708583831787,0.0,185.19114057138563,23040.0
-2.465285301208496,-6.188068866729736,3.7227823734283447,0.0,494.52364075428113,23040.0
-0.9048153162002563,-4.067851543426514,3.1630361080169678,0.0,228.855023349169,23040.0
-1.9191972017288208,-5.014121055603027,3.094923973083496,0.0,160.72626103532755,23040.0
-4.005109786987305,-7.042286396026611,3.037174701690674,0.0,151.47514475529212,23040.0
-4.738283157348633,-7.841404914855957,3.103123664855957,0.0,92.59083913996541,23040.0
-3.944544553756714,-7.110414505004883,3.1658735275268555,0.0,124.4052031346261,23040.0
-3.742722272872925,-6.741456985473633,2.9987359046936035,0.0,140.95392475764294,23040.0
-5.094890117645264,-7.708375453948975,2.61348819732666,0.0,64.32112702714727,23040.0
-4.399208068847656,-6.941927909851074,2.5427191257476807,0.0,73.82834626163232,23040.0
-4.071040630340576,-6.54180383682251,2.4707629680633545,0.0,62.70834677411886,23040.0
-3.7652065753936768,-6.212428569793701,2.4472224712371826,0.0,53.30983380910947,23040.0
-3.736273765563965,-6.0353684425354,2.299095630645752,0.0,60.8879078249575,23040.0
-3.723921775817871,-5.981318473815918,2.2573983669281006,0.0,61.88438995602243,23040.0
-3.818392515182495,-6.056289196014404,2.2378971576690674,0.0,40.770739111108085,23040.0
-4.0905232429504395,-6.2486891746521,2.158167600631714,0.0,36.00563026805395,23040.0
-4.153266906738281,-6.236039161682129,2.082773447036743,0.0,47.00907331555632,23040.0
-4.397625923156738,-6.460007190704346,2.06238055229187,0.0,39.548484690821304,23040.0
-4.696121692657471,-6.701766014099121,2.005643844604492,0.0,33.15552560099758,23040.0
-4.879428863525391,-6.867574214935303,1.9881463050842285,0.0,35.00861890926903,23040.0
-4.960305690765381,-6.9825921058654785,2.0222864151000977,0.0,39.21733319200238,23040.0
-5.118475914001465,-7.09289026260376,1.974412202835083,0.0,35.89890177389269,23040.0
-5.039618015289307,-7.070336818695068,2.0307183265686035,0.0,37.71725146050642,23040.0
-5.02834939956665,-7.066006660461426,2.0376574993133545,0.0,42.93764617366714,23040.0
-5.122866630554199,-7.14594841003418,2.023081064224243,0.0,45.98016060938315,23040.0
-5.371739864349365,-7.375789165496826,2.0040454864501953,0.0,36.69651004233834,23040.0
-5.777795314788818,-7.693385601043701,1.9155914783477783,0.0,25.44655127047341,23040.0
-5.6830010414123535,-7.630588054656982,1.9475901126861572,0.0,21.602043904930987,23040.0
-5.817535400390625,-7.740765571594238,1.9232310056686401,0.0,28.517363005768683,23040.0
-5.824150085449219,-7.743326187133789,1.9191731214523315,0.0,31.89007761590731,23040.0
-5.879428386688232,-7.843382358551025,1.9639546871185303,0.0,29.605456020147887,23040.0
-6.0177001953125,-8.009212493896484,1.9915152788162231,0.0,28.62883859607332,23040.0
-6.110837936401367,-8.178450584411621,2.067613124847412,0.0,30.10707240777722,23040.0
-6.326724052429199,-8.39457893371582,2.0678532123565674,0.0,18.64873261783961,23040.0
-6.381575584411621,-8.50517749786377,2.1236000061035156,0.0,18.883740728535663,23040.0
-6.41766881942749,-8.578367233276367,2.1606979370117188,0.0,22.82631350262049,23040.0
-6.364352226257324,-8.59391975402832,2.229570150375366,0.0,26.50394282927462,23040.0
-6.491131782531738,-8.729141235351562,2.2380104064941406,0.0,24.74263434149798,23040.0
-6.747783184051514,-8.970799446105957,2.22301983833313,0.0,20.201842313970594,23040.0
-6.821986198425293,-9.083492279052734,2.261504650115967,0.0,16.30515429184789,23040.0
-7.012503623962402,-9.31419849395752,2.3016912937164307,0.0,22.30290012374756,23040.0
-7.036890506744385,-9.416810989379883,2.3799211978912354,0.0,27.465238752614795,23040.0
-7.211826801300049,-9.633027076721191,2.4212026596069336,0.0,20.195100254879662,23040.0
-7.236673831939697,-9.683135032653809,2.446460247039795,0.0,16.392515465223276,23040.0
-7.394306182861328,-9.859701156616211,2.465397357940674,0.0,18.290624650353195,23040.0
-7.356890678405762,-9.933084487915039,2.5761961936950684,0.0,17.34264488751912,23040.0
-7.389895439147949,-10.045960426330566,2.656062126159668,0.0,20.157417450702976,23040.0
-7.577437877655029,-10.271316528320312,2.693878412246704,0.0,22.203358128154083,23040.0
-7.599963188171387,-10.344854354858398,2.744887590408325,0.0,13.760141326964247,23040.0
-7.716170310974121,-10.521455764770508,2.8052866458892822,0.0,20.0318882075633,23040.0
-7.811311721801758,-10.656554222106934,2.845242738723755,0.0,20.746754830633094,23040.0
-7.867790222167969,-10.772109985351562,2.904320001602173,0.0,15.467307490604153,23040.0
-7.935044288635254,-10.935629844665527,3.0005829334259033,0.0,16.37453811779688,23040.0
-8.151020050048828,-11.109972953796387,2.958953619003296,0.0,24.292431864967753,23040.0
-8.080098152160645,-11.112509727478027,3.03241229057312,0.0,23.858028838587558,23040.0
-8.033167839050293,-11.13386058807373,3.100693702697754,0.0,19.534430818892034,23040.0
-8.107481956481934,-11.282426834106445,3.1749441623687744,0.0,21.517312758073746,23040.0
-8.123845100402832,-11.34207534790039,3.218228816986084,0.0,44.20426315294344,23040.0
-8.205222129821777,-11.419201850891113,3.2139787673950195,0.0,15.830924943165181,23040.0
-8.19304370880127,-11.466256141662598,3.273209571838379,0.0,19.893393843618608,23040.0
-8.270476341247559,-11.523680686950684,3.253206491470337,0.0,20.01312443917412,23040.0
-8.25490665435791,-11.582403182983398,3.327496290206909,0.0,41.45819075501315,23040.0
-8.251320838928223,-11.608291625976562,3.356968879699707,0.0,22.990493398879206,23040.0
-8.240716934204102,-11.624869346618652,3.38415265083313,0.0,23.42480981736577,23040.0
-8.186274528503418,-11.555825233459473,3.369548797607422,0.0,25.93287170313469,23040.0
-8.154712677001953,-11.576316833496094,3.421602487564087,0.0,21.62858630948758,23040.0
-8.297465324401855,-11.657326698303223,3.3598599433898926,0.0,34.20959154403757,23040.0
-8.300569534301758,-11.645662307739258,3.3450894355773926,0.0,44.7097950679001,23040.0
-8.265846252441406,-11.623045921325684,3.3572001457214355,0.0,46.31386454501971,23040.0
-8.041613578796387,-11.441534996032715,3.3999242782592773,0.0,44.666882172534706,23040.0
-8.048935890197754,-11.368926048278809,3.319990634918213,0.0,48.42051296088813,23040.0
-7.700780391693115,-10.960687637329102,3.2599036693573,0.0,55.67493202882978,23040.0
-7.659081935882568,-10.822592735290527,3.1635138988494873,0.0,53.39058920656223,23040.0
-7.303317070007324,-10.48242473602295,3.1791059970855713,0.0,43.88577594388684,23040.0
-6.990609169006348,-10.091570854187012,3.100959539413452,0.0,33.821410988030884,23040.0
-6.7880072593688965,-9.911171913146973,3.123163938522339,0.0,28.763066058345373,23040.0
-6.801845073699951,-9.89581298828125,3.0939645767211914,0.0,29.179614145723917,23040.0
-6.9294753074646,-10.000884056091309,3.0714077949523926,0.0,25.140409617736758,23040.0
-7.182480812072754,-10.201289176940918,3.0188097953796387,0.0,24.716077058420684,23040.0
-7.225074768066406,-10.254111289978027,3.0290350914001465,0.0,29.20540395358411,23040.0
-7.387135982513428,-10.369983673095703,2.9828474521636963,0.0,31.335589504181772,23040.0
-7.527022838592529,-10.514659881591797,2.987636089324951,0.0,29.53992460259187,23040.0
-7.315558433532715,-10.385778427124023,3.0702216625213623,0.0,44.099769993047275,23040.0
-6.905537128448486,-10.042879104614258,3.137343406677246,0.0,48.02717853539129,23040.0
-6.600677490234375,-9.785314559936523,3.1846346855163574,0.0,41.64889812976485,23040.0
-6.99486780166626,-10.09805965423584,3.1031925678253174,0.0,38.71173693315971,23040.0
-7.309422016143799,-10.296741485595703,2.987321376800537,0.0,48.65823837416976,23040.0
-7.3790106773376465,-10.36423397064209,2.9852261543273926,0.0,38.167777928164135,23040.0
-7.634735584259033,-10.532102584838867,2.8973677158355713,0.0,29.985583310752908,23040.0
-7.72921085357666,-10.566099166870117,2.8368873596191406,0.0,22.695559852895062,23040.0
-7.712061405181885,-10.550841331481934,2.838780403137207,0.0,28.840288156299998,23040.0
-7.756434440612793,-10.545528411865234,2.789093255996704,0.0,27.456710783729275,23040.0
-7.597961902618408,-10.402423858642578,2.8044607639312744,0.0,25.617808488030715,23040.0
-7.601969242095947,-10.343093872070312,2.741122007369995,0.0,22.44474595936347,23040.0
-7.658055782318115,-10.35930061340332,2.701242685317993,0.0,21.635372337633108,23040.0
-7.730186462402344,-10.47010612487793,2.7399206161499023,0.0,18.13290544512285,23040.0
-7.89373254776001,-10.616193771362305,2.7224621772766113,0.0,19.817192789697113,23040.0
-7.742210388183594,-10.588127136230469,2.845918893814087,0.0,35.92062360282718,23040.0
-7.638623237609863,-10.506526947021484,2.8679046630859375,0.0,44.07525392086153,23040.0
-7.610800743103027,-10.564668655395508,2.953866481781006,0.0,36.97653069544842,23040.0
-7.790127754211426,-10.723433494567871,2.933305501937866,0.0,27.887042122419146,23040.0
-7.6467204093933105,-10.611414909362793,2.9646918773651123,0.0,41.482536303095515,23040.0
-7.782690525054932,-10.754764556884766,2.972074270248413,0.0,44.241770510980245,23040.0
-7.899598598480225,-10.864191055297852,2.9645938873291016,0.0,30.589893770936,23040.0
-7.918079376220703,-10.967181205749512,3.0491020679473877,0.0,26.572900774999624,23040.0
-7.849031448364258,-10.934444427490234,3.085414409637451,0.0,32.02234066416145,23040.0
-8.12419319152832,-11.096842765808105,2.972651481628418,0.0,24.369134728590687,23040.0
-8.101469039916992,-11.10859489440918,3.0071210861206055,0.0,22.601716284698632,23040.0
-8.045551300048828,-11.109660148620605,3.0641095638275146,0.0,27.18460363447133,23040.0
-8.078116416931152,-11.100618362426758,3.022505044937134,0.0,30.159586638313588,23040.0
-8.164244651794434,-11.217296600341797,3.053054094314575,0.0,20.25688139059655,23040.0
-8.20185661315918,-11.254384994506836,3.052528142929077,0.0,22.759480631910936,23040.0
-8.313264846801758,-11.412056922912598,3.0987892150878906,0.0,29.270239333990606,23040.0
-8.26628303527832,-11.375055313110352,3.108774185180664,0.0,28.764866055491332,23040.0
-8.425573348999023,-11.5764799118042,3.15090274810791,0.0,25.513698741200805,23040.0
-8.433855056762695,-11.550390243530273,3.116529941558838,0.0,20.452268615098916,23040.0
-8.43690299987793,-11.61386489868164,3.1769583225250244,0.0,24.67590224907134,23040.0
-8.5294771194458,-11.737517356872559,3.208043336868286,0.0,20.371449548095416,23040.0
-8.453022956848145,-11.68979263305664,3.236766815185547,0.0,23.554675916374418,23040.0
-8.482203483581543,-11.73008918762207,3.247886896133423,0.0,25.885674487302396,23040.0
-8.502917289733887,-11.736870765686035,3.23395037651062,0.0,20.07513428685784,23040.0
-8.628071784973145,-11.902202606201172,3.274129629135132,0.0,23.536374102290097,23040.0
-8.57738971710205,-11.9083890914917,3.330998659133911,0.0,19.039859344214687,23040.0
-8.72938346862793,-12.066137313842773,3.3367583751678467,0.0,18.28484851812814,23040.0
-8.530481338500977,-11.912799835205078,3.3823156356811523,0.0,24.827674832071843,23040.0
-8.621529579162598,-11.997754096984863,3.3762288093566895,0.0,16.93988167050462,23040.0
-8.633424758911133,-12.00477123260498,3.371347665786743,0.0,24.31672575922816,23040.0
-8.658788681030273,-12.050846099853516,3.3920559883117676,0.0,25.42588957616286,23040.0
-8.56552505493164,-11.984308242797852,3.4187870025634766,0.0,20.45792708906277,23040.0
-8.545138359069824,-11.982813835144043,3.4376728534698486,0.0,31.365522997743504,23040.0
-8.609968185424805,-12.036669731140137,3.4267046451568604,0.0,23.15808537737458,23040.0
-8.640755653381348,-12.053668975830078,3.412916421890259,0.0,45.434675549165796,23040.0
-8.712451934814453,-12.123635292053223,3.411180257797241,0.0,20.42397508513235,23040.0
-8.718670845031738,-12.15026569366455,3.4315924644470215,0.0,44.61407206257284,23040.0
-8.853897094726562,-12.254500389099121,3.4006011486053467,0.0,36.89086380672347,23040.0
-8.838733673095703,-12.290227890014648,3.451493978500366,0.0,22.492996300381407,23040.0
-8.675333976745605,-12.145417213439941,3.4700798988342285,0.0,35.475962567420986,23040.0
-8.592891693115234,-12.076398849487305,3.4835028648376465,0.0,29.754435929723616,23040.0
-8.79167366027832,-12.230424880981445,3.438748836517334,0.0,29.014404247519042,23040.0
-8.529211044311523,-12.072798728942871,3.5435872077941895,0.0,37.89521831492491,23040.0
-8.607015609741211,-12.106131553649902,3.499117612838745,0.0,32.08620217556239,23040.0
-8.768061637878418,-12.218525886535645,3.450462579727173,0.0,35.22443144391017,23040.0
-8.566272735595703,-12.100570678710938,3.5343003273010254,0.0,23.106150178860588,23040.0
-8.597647666931152,-12.075888633728027,3.4782371520996094,0.0,18.46852114928303,23040.0
-8.643396377563477,-12.163445472717285,3.5200467109680176,0.0,21.573554830911473,23040.0
-8.67598819732666,-12.152617454528809,3.4766290187835693,0.0,35.76914144454565,23040.0
-8.612753868103027,-12.097838401794434,3.4850831031799316,0.0,49.65788114645453,23040.0
-8.589761734008789,-12.075698852539062,3.4859426021575928,0.0,39.71964151884951,23040.0
-8.622684478759766,-12.096332550048828,3.473649024963379,0.0,32.81041218461599,23040.0
-8.70210075378418,-12.112587928771973,3.410489559173584,0.0,36.262068071873934,23040.0
-8.470830917358398,-11.933295249938965,3.46246600151062,0.0,39.09805061446726,23040.0
-8.624648094177246,-12.034058570861816,3.409410238265991,0.0,35.99637482566418,23040.0
-8.715600967407227,-12.08119010925293,3.3655893802642822,0.0,22.28547177703638,23040.0
-8.652055740356445,-12.116660118103027,3.4646058082580566,0.0,28.79918816595912,23040.0
-8.733139038085938,-12.154953002929688,3.42181658744812,0.0,33.94673097207356,23040.0
-8.65026569366455,-12.082448959350586,3.432182550430298,0.0,29.87923084301691,23040.0
-8.667021751403809,-12.074468612670898,3.4074490070343018,0.0,35.69267635510318,23040.0
-8.586670875549316,-12.082073211669922,3.495396852493286,0.0,42.68466059609674,23040.0
-8.589228630065918,-12.065059661865234,3.4758317470550537,0.0,48.813905521034066,23040.0
-8.500020027160645,-12.004899978637695,3.5048794746398926,0.0,39.19761143845567,23040.0
-8.515034675598145,-11.984265327453613,3.469229221343994,0.0,35.065206065188484,23040.0
-8.470978736877441,-11.981335639953613,3.510352849960327,0.0,33.00484375611299,23040.0
-8.664027214050293,-12.06944751739502,3.4054198265075684,0.0,28.311185907927467,23040.0
-8.503948211669922,-11.966669082641602,3.462719678878784,0.0,26.990250740858222,23040.0
-8.620805740356445,-12.023868560791016,3.4030609130859375,0.0,19.509845789119563,23040.0
-8.665404319763184,-12.038928031921387,3.373522996902466,0.0,24.08604395352351,23040.0
-8.558565139770508,-11.984160423278809,3.425593376159668,0.0,24.26790523205565,23040.0
-8.589442253112793,-11.990494728088379,3.401050090789795,0.0,30.710531660108632,23040.0
-8.701103210449219,-11.997363090515137,3.296259641647339,0.0,32.49928168297908,23040.0
-8.519699096679688,-11.813720703125,3.294019937515259,0.0,52.88711440866948,23040.0
-8.447565078735352,-11.762798309326172,3.3152313232421875,0.0,35.53436932347265,23040.0
-8.502128601074219,-11.87763500213623,3.375505208969116,0.0,72.0702057130002,23040.0
-8.281164169311523,-11.743958473205566,3.462794303894043,0.0,75.49814300174938,23040.0
-8.381335258483887,-11.734053611755371,3.3527159690856934,0.0,53.3890929039511,23040.0
-8.274699211120605,-11.63471794128418,3.360018014907837,0.0,75.10275171809327,23040.0
-8.611092567443848,-11.940128326416016,3.3290395736694336,0.0,38.32974753491064,23040.0
-8.203495979309082,-11.605603218078613,3.402104377746582,0.0,111.20995895774153,23040.0
-8.440393447875977,-11.79146957397461,3.3510756492614746,0.0,71.48395534072539,23040.0
-8.615737915039062,-11.914711952209473,3.298970937728882,0.0,50.5861767793721,23040.0
-8.378905296325684,-11.765013694763184,3.3861045837402344,0.0,66.55061744134457,23040.0
-8.503893852233887,-11.842202186584473,3.338308334350586,0.0,40.23955992647151,23040.0
-8.166505813598633,-11.644941329956055,3.4784321784973145,0.0,70.95605648248534,23040.0
-8.184207916259766,-11.658483505249023,3.474278450012207,0.0,45.629750866411754,23040.0
-8.083206176757812,-11.483797073364258,3.4005892276763916,0.0,115.62428229250114,23040.0
-8.160284042358398,-11.42912769317627,3.268841505050659,0.0,131.12346628585294,23040.0
-8.009492874145508,-11.328243255615234,3.3187479972839355,0.0,76.5235491742103,23040.0
-7.672652721405029,-11.060256958007812,3.3876070976257324,0.0,79.25296604721943,23040.0
-7.44729471206665,-10.72059154510498,3.2732958793640137,0.0,74.99464088804929,23040.0
-6.744065284729004,-10.131057739257812,3.3869965076446533,0.0,80.28959795399011,23040.0
-6.568359851837158,-9.986001968383789,3.4176440238952637,0.0,61.440711540168415,23040.0
-6.920501708984375,-10.173014640808105,3.252513885498047,0.0,44.730973295510005,23040.0
-6.790855407714844,-10.148344993591309,3.357487201690674,0.0,41.59674561484586,23040.0
-7.052811145782471,-10.259489059448242,3.2066805362701416,0.0,46.32579502067008,23040.0
-7.001347541809082,-10.200316429138184,3.198969602584839,0.0,51.69800143834854,23040.0
-7.06324577331543,-10.253915786743164,3.190671682357788,0.0,50.14304911016621,23040.0
-7.223685264587402,-10.366230964660645,3.1425442695617676,0.0,52.51329849572225,23040.0
-7.419363975524902,-10.538558959960938,3.119194507598877,0.0,44.15768696188971,23040.0
-7.584728240966797,-10.699572563171387,3.114844799041748,0.0,40.766964513893996,23040.0
-7.446499824523926,-10.525382995605469,3.078880548477173,0.0,41.31945496584397,23040.0
-7.343259811401367,-10.409409523010254,3.0661492347717285,0.0,32.53708748115655,23040.0
-7.419441223144531,-10.437893867492676,3.018450975418091,0.0,28.705438448482354,23040.0
-7.514552593231201,-10.375959396362305,2.8614087104797363,0.0,32.333619828649624,23040.0
-7.517918109893799,-10.350434303283691,2.8325157165527344,0.0,28.755562245373294,23040.0
-7.566802978515625,-10.417542457580566,2.8507392406463623,0.0,26.549252783314536,23040.0
-7.67563533782959,-10.429479598999023,2.75384521484375,0.0,23.35888910477204,23040.0
-7.823852062225342,-10.484456062316895,2.6606009006500244,0.0,26.73613510343384,23040.0
-7.766558647155762,-10.504432678222656,2.73787784576416,0.0,25.979010927931792,23040.0
-7.782806873321533,-10.51827621459961,2.735469341278076,0.0,32.91094620852668,23040.0
-7.992228031158447,-10.686336517333984,2.6941096782684326,0.0,27.088023358103065,23040.0
-7.947521209716797,-10.631485939025879,2.6839635372161865,0.0,21.250696141958585,23040.0
-7.953085899353027,-10.685288429260254,2.732201099395752,0.0,19.727071407556366,23040.0
-8.138083457946777,-10.847199440002441,2.7091169357299805,0.0,20.330239834895973,23040.0
-7.981549263000488,-10.834949493408203,2.853398561477661,0.0,28.178445610501477,23040.0
-7.972297668457031,-10.860273361206055,2.887977361679077,0.0,29.824696847779236,23040.0
-7.849592208862305,-10.832467079162598,2.982872247695923,0.0,35.3799343714899,23040.0
-7.916872024536133,-10.920669555664062,3.003796339035034,0.0,25.84445971821467,23040.0
-8.036887168884277,-11.001874923706055,2.964987277984619,0.0,40.95974945020484,23040.0
-8.184330940246582,-11.206894874572754,3.0225675106048584,0.0,22.687157443784663,23040.0
-8.264266967773438,-11.300131797790527,3.0358643531799316,0.0,24.35852553227208,23040.0
-8.24417495727539,-11.327071189880371,3.0828936100006104,0.0,31.74493153515426,23040.0
-8.360175132751465,-11.431242942810059,3.0710716247558594,0.0,23.064066248651017,23040.0
-8.46445369720459,-11.474770545959473,3.010317087173462,0.0,32.40803603181406,23040.0
-8.490952491760254,-11.51771068572998,3.0267624855041504,0.0,32.48348641528083,23040.0
-8.450702667236328,-11.56151294708252,3.1108078956604004,0.0,27.857133099686127,23040.0
-8.41386604309082,-11.575882911682129,3.1620194911956787,0.0,34.44869432090693,23040.0
-8.535369873046875,-11.696172714233398,3.1608011722564697,0.0,25.48366445042443,23040.0
-8.459831237792969,-11.659720420837402,3.1998910903930664,0.0,24.225496845225333,23040.0
-8.61083698272705,-11.798661231994629,3.1878252029418945,0.0,18.48663691924487,23040.0
-8.670726776123047,-11.88970947265625,3.2189836502075195,0.0,32.558161607970995,23040.0
-8.637561798095703,-11.929636001586914,3.2920799255371094,0.0,36.11723749533107,23040.0
-8.831260681152344,-12.072757720947266,3.241497755050659,0.0,22.92467965343171,23040.0
-8.718104362487793,-11.985042572021484,3.266937255859375,0.0,30.69040084831704,23040.0
-8.750144958496094,-12.070277214050293,3.3201348781585693,0.0,18.763070988869135,23040.0
-8.64383316040039,-12.020849227905273,3.3770158290863037,0.0,40.49112780301982,23040.0
-8.752019882202148,-12.140534400939941,3.3885138034820557,0.0,24.754368372890614,23040.0
-8.67347526550293,-12.054327964782715,3.3808536529541016,0.0,39.31151734967761,23040.0
-8.665704727172852,-12.024170875549316,3.358469247817993,0.0,55.943629906435206,23040.0
-8.665685653686523,-12.129151344299316,3.463470697402954,0.0,34.80716598750723,23040.0
-8.780722618103027,-12.159465789794922,3.3787424564361572,0.0,63.83868107601217,23040.0
-8.797078132629395,-12.191956520080566,3.3948800563812256,0.0,37.68672494787272,23040.0
-8.468162536621094,-11.945331573486328,3.477170467376709,0.0,69.60258583174479,23040.0
-8.772586822509766,-12.201053619384766,3.428468942642212,0.0,34.806383202996095,23040.0
-8.555673599243164,-12.053624153137207,3.4979543685913086,0.0,80.26255944369869,23040.0
-8.957670211791992,-12.36300277709961,3.405332326889038,0.0,28.965390527635417,23040.0
-8.669821739196777,-12.114218711853027,3.44439959526062,0.0,70.22618062355474,23040.0
-8.742472648620605,-12.284285545349121,3.541814088821411,0.0,28.931432989916637,23040.0
-8.198975563049316,-11.768040657043457,3.5690643787384033,0.0,107.08628709700432,23040.0
-8.955957412719727,-12.438109397888184,3.4821488857269287,0.0,22.650487243666323,23040.0
-8.61767864227295,-12.09975814819336,3.4820799827575684,0.0,78.61888043913565,23040.0
-8.837311744689941,-12.284013748168945,3.446702480316162,0.0,34.58823408428569,23040.0
-8.572172164916992,-12.064477920532227,3.492305278778076,0.0,91.60594985286181,23040.0
-8.716836929321289,-12.196414947509766,3.4795780181884766,0.0,55.320630819381755,23040.0
-8.399863243103027,-11.870091438293457,3.4702279567718506,0.0,83.12220653246922,23040.0
-8.622119903564453,-11.990394592285156,3.3682734966278076,0.0,72.79678705289588,23040.0
-8.79805850982666,-12.225666999816895,3.4276108741760254,0.0,56.02864243433755,23040.0
-8.58821964263916,-12.073297500610352,3.4850807189941406,0.0,73.96377587246359,23040.0
-8.86567497253418,-12.25670051574707,3.3910231590270996,0.0,43.79015883578565,23040.0
-8.677908897399902,-12.087135314941406,3.4092230796813965,0.0,63.88446758564497,23040.0
-8.812219619750977,-12.231164932250977,3.4189460277557373,0.0,21.171549562969513,23040.0
-8.674126625061035,-12.124917030334473,3.450787305831909,0.0,71.10180652790511,23040.0
-8.992110252380371,-12.361119270324707,3.369006395339966,0.0,16.509186446978845,23040.0
-8.862337112426758,-12.24417495727539,3.3818421363830566,0.0,44.796694636647466,23040.0
-8.727494239807129,-12.258143424987793,3.530651807785034,0.0,28.34092538186264,23040.0
-8.763331413269043,-12.195826530456543,3.4324958324432373,0.0,45.30128570775611,23040.0
-8.930338859558105,-12.36067008972168,3.430330753326416,0.0,23.096715916014826,23040.0
-8.836069107055664,-12.303955078125,3.467885732650757,0.0,39.2467462190328,23040.0
-8.736176490783691,-12.287604331970215,3.551431179046631,0.0,22.926204393351888,23040.0
-8.80484390258789,-12.3231201171875,3.5182816982269287,0.0,35.034670893037834,23040.0
-8.76548957824707,-12.29666519165039,3.531175374984741,0.0,27.061459593257165,23040.0
-8.859374046325684,-12.337997436523438,3.4786264896392822,0.0,21.20804195860147,23040.0
-8.732008934020996,-12.277844429016113,3.5458359718322754,0.0,55.546664579736685,23040.0
-8.531920433044434,-12.027518272399902,3.495598316192627,0.0,84.37201874357027,23040.0
-8.675518035888672,-12.10803508758545,3.432515859603882,0.0,62.00834669231162,23040.0
-8.666930198669434,-12.13998794555664,3.4730656147003174,0.0,44.29073879769294,23040.0
-8.441021919250488,-11.959237098693848,3.518216609954834,0.0,44.01759571535522,23040.0
-8.268034934997559,-11.721875190734863,3.4538424015045166,0.0,106.2152760981405,23040.0
-8.219100952148438,-11.66028118133545,3.4411799907684326,0.0,82.11613744376166,23040.0
-8.398889541625977,-11.912612915039062,3.5137226581573486,0.0,42.332295200880594,23040.0
-8.249479293823242,-11.805672645568848,3.556192636489868,0.0,67.85974817807157,23040.0
-8.432023048400879,-11.91534423828125,3.483322858810425,0.0,36.239900050299156,23040.0
-8.36541748046875,-11.835747718811035,3.4703288078308105,0.0,53.50126122697695,23040.0
-8.323445320129395,-11.78714370727539,3.4636950492858887,0.0,50.796665317372344,23040.0
-8.151355743408203,-11.665273666381836,3.51391863822937,0.0,71.38888663172135,23040.0
-7.9898552894592285,-11.567378997802734,3.5775249004364014,0.0,64.54143914804149,23040.0
-8.090413093566895,-11.628900527954102,3.5384864807128906,0.0,70.46810723506621,23040.0
-8.237237930297852,-11.729877471923828,3.492640972137451,0.0,51.22362522942913,23040.0
-8.15670108795166,-11.616740226745605,3.460035800933838,0.0,40.82943066681462,23040.0
-8.368556022644043,-11.809679985046387,3.4411230087280273,0.0,41.960554155246086,23040.0
-8.307783126831055,-11.66783332824707,3.3600497245788574,0.0,33.50869678276213,23040.0
-8.321946144104004,-11.58240032196045,3.260457754135132,0.0,32.81349082783735,23040.0
-8.419012069702148,-11.631912231445312,3.2128994464874268,0.0,30.326149432068156,23040.0
-8.428284645080566,-11.59782886505127,3.169536590576172,0.0,28.066081535425987,23040.0
-8.545169830322266,-11.71717357635498,3.1720056533813477,0.0,32.27369253736116,23040.0
-8.675026893615723,-11.754619598388672,3.07959246635437,0.0,24.040579019083623,23040.0
-8.579360008239746,-11.731988906860352,3.152629852294922,0.0,22.387506179803616,23040.0
-8.592415809631348,-11.773228645324707,3.1808156967163086,0.0,31.832746905150202,23040.0
-8.44080924987793,-11.688955307006836,3.2481486797332764,0.0,41.945370822946245,23040.0
-8.38278579711914,-11.658514022827148,3.275728464126587,0.0,42.359634519162825,23040.0
-8.348520278930664,-11.614287376403809,3.265770196914673,0.0,39.816845954340074,23040.0
-8.402382850646973,-11.70363998413086,3.3012535572052,0.0,35.83313534887464,23040.0
-8.435912132263184,-11.740545272827148,3.304631471633911,0.0,32.7601299627881,23040.0
-8.227920532226562,-11.568374633789062,3.340454339981079,0.0,45.22978146667647,23040.0
-8.265600204467773,-11.58185863494873,3.316260814666748,0.0,41.62451009742087,23040.0
-8.286704063415527,-11.58659839630127,3.299891948699951,0.0,29.584074355434392,23040.0
-8.141743659973145,-11.40988540649414,3.2681424617767334,0.0,48.674315847620115,23040.0
-8.3715181350708,-11.615900039672852,3.24438214302063,0.0,26.271843775450478,23040.0
-8.125570297241211,-11.493793487548828,3.3682258129119873,0.0,59.0726399307576,23040.0
-7.719781398773193,-11.156295776367188,3.4365170001983643,0.0,107.62031467650503,23040.0
-7.899302959442139,-11.269055366516113,3.369750738143921,0.0,68.9004615085858,23040.0
-7.360023498535156,-10.676671028137207,3.316648006439209,0.0,127.8360407381527,23040.0
-8.090417861938477,-11.350062370300293,3.2596418857574463,0.0,58.8846015129035,23040.0
-7.670557498931885,-11.010126113891602,3.339571237564087,0.0,137.76580676814825,23040.0
-7.626919269561768,-10.929686546325684,3.302767515182495,0.0,114.84856440986893,23040.0
-6.304316997528076,-9.523894309997559,3.219578742980957,0.0,196.57487601671517,23040.0
-4.079113960266113,-7.381105422973633,3.3019931316375732,0.0,175.93064054994548,23040.0
-5.171670436859131,-8.451231956481934,3.279564380645752,0.0,96.53810355196637,23040.0
-6.699925899505615,-9.86039924621582,3.160470962524414,0.0,70.70908097209411,23040.0
-6.18569278717041,-9.393508911132812,3.207817554473877,0.0,108.2915636936732,23040.0
-6.510493755340576,-9.622185707092285,3.11169171333313,0.0,81.00696916717897,23040.0
-6.466963768005371,-9.530034065246582,3.0630712509155273,0.0,60.69939136518692,23040.0
-6.136759281158447,-9.135295867919922,2.9985344409942627,0.0,49.7977361285044,23040.0
-6.100078105926514,-9.0275297164917,2.9274494647979736,0.0,48.74347656724268,23040.0
-6.25967264175415,-9.085307121276855,2.825636148452759,0.0,59.25574867367817,23040.0
-6.843998432159424,-9.691380500793457,2.847383737564087,0.0,43.76426041805364,23040.0
-7.1629958152771,-10.042047500610352,2.8790509700775146,0.0,37.258230623612604,23040.0
-6.992202281951904,-9.862010955810547,2.8698105812072754,0.0,62.247954924524656,23040.0
-6.702980041503906,-9.575783729553223,2.8728060722351074,0.0,64.89351238268308,23040.0
-7.0811944007873535,-9.864992141723633,2.78379487991333,0.0,44.97022066667303,23040.0
-7.30543327331543,-10.051748275756836,2.7463114261627197,0.0,48.16317553457123,23040.0
-7.269148826599121,-9.980216026306152,2.7110648155212402,0.0,50.740773283168444,23040.0
-7.391170024871826,-10.074810981750488,2.6836373805999756,0.0,40.572164936926654,23040.0
-7.449926853179932,-10.161664962768555,2.7117345333099365,0.0,36.240354778736986,23040.0
-7.514866352081299,-10.24580192565918,2.7309327125549316,0.0,49.543741670644444,23040.0
-7.338685989379883,-10.130616188049316,2.791926622390747,0.0,52.20174907328879,23040.0
-7.312076091766357,-10.152081489562988,2.8400027751922607,0.0,34.41882094924441,23040.0
-7.470951557159424,-10.29161262512207,2.820664882659912,0.0,41.45579101740105,23040.0
-7.507035255432129,-10.321697235107422,2.814662456512451,0.0,53.74463982535222,23040.0
-7.605853080749512,-10.415912628173828,2.810060739517212,0.0,44.98368708010399,23040.0
-7.622213363647461,-10.469416618347168,2.8472025394439697,0.0,36.05959521910459,23040.0
-7.740271091461182,-10.562774658203125,2.8225033283233643,0.0,39.992517403204374,23040.0
-7.659905433654785,-10.535481452941895,2.875577211380005,0.0,53.44458488381864,23040.0
-7.95665979385376,-10.822860717773438,2.8662023544311523,0.0,36.15758999859945,23040.0
-8.037507057189941,-10.876969337463379,2.839463233947754,0.0,25.703297504277817,23040.0
-7.926533222198486,-10.85663890838623,2.9301021099090576,0.0,34.27227352212509,23040.0
-7.983672618865967,-10.882461547851562,2.898790121078491,0.0,39.565410352486396,23040.0
-7.983551502227783,-10.925360679626465,2.9418084621429443,0.0,39.402539958377396,23040.0
-8.023245811462402,-10.885684967041016,2.862441062927246,0.0,22.889749672420002,23040.0
-8.04423713684082,-10.973076820373535,2.928840160369873,0.0,39.13771508936659,23040.0
-8.249763488769531,-11.192420959472656,2.942657470703125,0.0,43.698389595411584,23040.0
-8.110138893127441,-11.1964111328125,3.086273431777954,0.0,48.455188198401025,23040.0
-7.807602882385254,-10.963250160217285,3.155642032623291,0.0,60.955633825630436,23040.0
-8.271506309509277,-11.315552711486816,3.044048309326172,0.0,74.03210992341003,23040.0
-8.161367416381836,-11.300930976867676,3.139559507369995,0.0,50.535643757744715,23040.0
-8.1177978515625,-11.34693717956543,3.2291371822357178,0.0,45.85199535719111,23040.0
-7.989803791046143,-11.256658554077148,3.2668561935424805,0.0,33.117682703083496,23040.0
-8.340149879455566,-11.567231178283691,3.2270822525024414,0.0,44.902118011598674,23040.0
-8.395840644836426,-11.603827476501465,3.207990884780884,0.0,28.236373081379828,23040.0
-8.371318817138672,-11.61302375793457,3.2417049407958984,0.0,47.340084997609424,23040.0
-8.410229682922363,-11.647637367248535,3.2374107837677,0.0,31.099888942930004,23040.0
-8.345322608947754,-11.568719863891602,3.2233991622924805,0.0,36.20694809358211,23040.0
-8.226638793945312,-11.461791038513184,3.2351505756378174,0.0,34.23196501528164,23040.0
-8.219377517700195,-11.425337791442871,3.2059617042541504,0.0,33.67417633196972,23040.0
-8.089279174804688,-11.363799095153809,3.2745187282562256,0.0,36.32953223734008,23040.0
-8.165617942810059,-11.420766830444336,3.255147933959961,0.0,32.8386931645898,23040.0
-8.318414688110352,-11.536652565002441,3.2182326316833496,0.0,30.19753886809636,23040.0
-8.429242134094238,-11.644193649291992,3.2149503231048584,0.0,27.38171902457469,23040.0
-8.33788013458252,-11.614212036132812,3.2763350009918213,0.0,34.39845625727958,23040.0
-8.437551498413086,-11.690792083740234,3.253241539001465,0.0,25.666647603520616,23040.0
-8.460631370544434,-11.751936912536621,3.2913029193878174,0.0,19.595179441814818,23040.0
-8.56507396697998,-11.829041481018066,3.2639684677124023,0.0,25.479399574913884,23040.0
-8.536019325256348,-11.80164909362793,3.265630006790161,0.0,35.61892676223025,23040.0
-8.339995384216309,-11.679972648620605,3.339975595474243,0.0,45.10058314194024,23040.0
-8.347969055175781,-11.675092697143555,3.3271217346191406,0.0,35.61663474336027,23040.0
-8.286208152770996,-11.664679527282715,3.378471851348877,0.0,39.38090237578846,23040.0
-8.13598346710205,-11.545578002929688,3.409594774246216,0.0,33.963291336688364,23040.0
-8.316422462463379,-11.668534278869629,3.35211181640625,0.0,29.219267440172782,23040.0
-8.395439147949219,-11.7123441696167,3.316908359527588,0.0,39.18400405615534,23040.0
-8.339314460754395,-11.69009017944336,3.3507792949676514,0.0,24.376298824501873,23040.0
-8.5250825881958,-11.835224151611328,3.3101413249969482,0.0,34.55064653998702,23040.0
-8.585684776306152,-11.850286483764648,3.2646002769470215,0.0,19.399986250910466,23040.0
-8.575407028198242,-11.874061584472656,3.298654556274414,0.0,28.149170992088184,23040.0
-8.447687149047852,-11.749186515808105,3.301494598388672,0.0,22.214876667708566,23040.0
-8.474861145019531,-11.707494735717773,3.2326323986053467,0.0,20.890929761495066,23040.0
-8.386423110961914,-11.673744201660156,3.2873246669769287,0.0,23.106521636384983,23040.0
-8.394359588623047,-11.694794654846191,3.3004343509674072,0.0,17.870380757565364,23040.0
-8.486637115478516,-11.765360832214355,3.278724431991577,0.0,21.239493775925343,23040.0
-8.6295747756958,-11.890400886535645,3.2608273029327393,0.0,19.40844074111028,23040.0
-8.553385734558105,-11.885879516601562,3.3324897289276123,0.0,14.075726656043312,23040.0
-8.728137016296387,-12.000611305236816,3.272475242614746,0.0,17.62765109410465,23040.0
-8.733009338378906,-12.027009963989258,3.294001579284668,0.0,17.082279373994023,23040.0
-8.758111953735352,-12.139455795288086,3.38134503364563,0.0,22.639718643642468,23040.0
-8.693326950073242,-12.053970336914062,3.360642433166504,0.0,31.89514807058177,23040.0
-8.686722755432129,-12.080119132995605,3.39339542388916,0.0,26.12963690655954,23040.0
-8.6016206741333,-12.045479774475098,3.4438557624816895,0.0,28.017343780284477,23040.0
-8.436519622802734,-11.908554077148438,3.4720332622528076,0.0,51.97680918565576,23040.0
-8.31489372253418,-11.815497398376465,3.5006039142608643,0.0,38.30839134947025,23040.0
-8.274791717529297,-11.76533031463623,3.4905381202697754,0.0,66.34276865947355,23040.0
-8.511923789978027,-11.944414138793945,3.4324896335601807,0.0,46.24388959344728,23040.0
-8.490094184875488,-11.900877952575684,3.4107825756073,0.0,36.18993894691758,23040.0
-8.413763046264648,-11.839557647705078,3.4257900714874268,0.0,52.2236682075244,23040.0
-8.657819747924805,-12.014530181884766,3.356710910797119,0.0,30.983277859863996,23040.0
-8.37409782409668,-11.731727600097656,3.3576314449310303,0.0,43.9598222594572,23040.0
-8.41426944732666,-11.773635864257812,3.3593664169311523,0.0,39.30284211345966,23040.0
-8.31908130645752,-11.716985702514648,3.397900104522705,0.0,43.75797057730434,23040.0
-8.11962604522705,-11.504088401794434,3.384460687637329,0.0,44.344853040386226,23040.0
-8.02897834777832,-11.397882461547852,3.368903160095215,0.0,45.87611788371984,23040.0
-7.790085792541504,-11.175690650939941,3.385606288909912,0.0,50.50480856450749,23040.0
-8.001267433166504,-11.339682579040527,3.338411569595337,0.0,41.404524280812595,23040.0
-7.965045928955078,-11.365524291992188,3.4004757404327393,0.0,35.37459367001861,23040.0
-7.986245155334473,-11.365781784057617,3.3795385360717773,0.0,36.90565609549568,23040.0
-8.011666297912598,-11.36374282836914,3.3520755767822266,0.0,34.78482513760368,23040.0
-7.845214366912842,-11.269429206848145,3.4242143630981445,0.0,29.136656630031897,23040.0
-8.168155670166016,-11.58935832977295,3.4212019443511963,0.0,27.63263658161994,23040.0
-8.337189674377441,-11.727425575256348,3.3902363777160645,0.0,27.970523405782078,23040.0
-8.445691108703613,-11.810659408569336,3.3649706840515137,0.0,26.405224869548068,23040.0
-8.467225074768066,-11.85562515258789,3.388402223587036,0.0,32.49414839117716,23040.0
-8.360544204711914,-11.79216480255127,3.431626319885254,0.0,35.66509799526746,23040.0
-8.336617469787598,-11.735244750976562,3.3986237049102783,0.0,34.67712452704647,23040.0
-8.446599960327148,-11.821860313415527,3.375260353088379,0.0,32.67736942760219,23040.0
-8.60149097442627,-11.90782356262207,3.3063340187072754,0.0,31.90514153793227,23040.0
-8.577486991882324,-11.866597175598145,3.289111614227295,0.0,23.370125438219404,23040.0
-8.49964427947998,-11.809181213378906,3.3095340728759766,0.0,30.195325883993984,23040.0
-8.443987846374512,-11.726139068603516,3.282149314880371,0.0,32.687867003820344,23040.0
-8.48093032836914,-11.692987442016602,3.212062358856201,0.0,24.38421469736696,23040.0
-8.501541137695312,-11.735547065734863,3.234001398086548,0.0,26.705539509515532,23040.0
-8.669045448303223,-11.88650131225586,3.2174551486968994,0.0,21.06298607695805,23040.0
-8.651379585266113,-11.932356834411621,3.280977725982666,0.0,23.244706480825123,23040.0
-8.664606094360352,-11.909757614135742,3.245151996612549,0.0,23.643034137105584,23040.0
-8.635184288024902,-11.949687004089355,3.3144989013671875,0.0,27.385766875340416,23040.0
-8.725204467773438,-12.02139663696289,3.296189785003662,0.0,27.83649997004427,23040.0
-8.77869701385498,-12.057209968566895,3.2785112857818604,0.0,30.08145056078842,23040.0
-8.706504821777344,-12.047954559326172,3.341451644897461,0.0,18.84962130413597,23040.0
-8.889039993286133,-12.1978178024292,3.3087775707244873,0.0,22.24655783622152,23040.0
-8.833521842956543,-12.170692443847656,3.337167978286743,0.0,17.386246374379148,23040.0
-8.884424209594727,-12.186080932617188,3.3016583919525146,0.0,18.318573719435648,23040.0
-8.842005729675293,-12.166077613830566,3.3240742683410645,0.0,23.082619228903123,23040.0
-8.936543464660645,-12.221138954162598,3.284597158432007,0.0,19.993181063001984,23040.0
-8.832560539245605,-12.21112060546875,3.378563165664673,0.0,26.54481864057853,23040.0
-8.955960273742676,-12.286152839660645,3.330195426940918,0.0,12.611359916974662,23040.0
-9.004730224609375,-12.37905502319336,3.374326229095459,0.0,20.38319596767187,23040.0
-8.880331039428711,-12.289884567260742,3.409553289413452,0.0,26.16052103315425,23040.0
-8.881545066833496,-12.33350944519043,3.4519622325897217,0.0,22.201702922219177,23040.0
-8.96006965637207,-12.437745094299316,3.4776771068573,0.0,33.785354168561604,23040.0
-8.82940673828125,-12.326810836791992,3.4974002838134766,0.0,35.2585207336823,23040.0
-8.984291076660156,-12.443092346191406,3.45880126953125,0.0,35.95086360412976,23040.0
-9.11850357055664,-12.541975975036621,3.423470973968506,0.0,25.474417717864508,23040.0
-9.000693321228027,-12.446577072143555,3.445882558822632,0.0,26.6134329079398,23040.0
-8.940038681030273,-12.4685640335083,3.5285229682922363,0.0,15.378104474517391,23040.0
-8.992891311645508,-12.541963577270508,3.5490732192993164,0.0,20.899830018294764,23040.0
-9.013640403747559,-12.547832489013672,3.5341899394989014,0.0,19.87574983735916,23040.0
-9.10771369934082,-12.60711669921875,3.4994051456451416,0.0,21.586043307745268,23040.0
-9.16250228881836,-12.675052642822266,3.512551784515381,0.0,25.843490284805995,23040.0
-9.098835945129395,-12.627076148986816,3.52824068069458,0.0,28.35728157469737,23040.0
-9.139650344848633,-12.647192001342773,3.5075409412384033,0.0,22.60327332105883,23040.0
-9.111055374145508,-12.65955924987793,3.548499584197998,0.0,21.94510921506095,23040.0
-9.072330474853516,-12.644824028015137,3.572492837905884,0.0,16.79082678458064,23040.0
-9.144792556762695,-12.690699577331543,3.5459072589874268,0.0,27.539114733005185,23040.0
-9.049415588378906,-12.666352272033691,3.6169376373291016,0.0,17.585533341005455,23040.0
-9.167616844177246,-12.724751472473145,3.557133197784424,0.0,32.15730322070533,23040.0
-9.137929916381836,-12.737923622131348,3.5999934673309326,0.0,31.222840081351297,23040.0
-9.20060920715332,-12.762413024902344,3.561807870864868,0.0,14.059280985758031,23040.0
-9.140356063842773,-12.707404136657715,3.5670504570007324,0.0,31.971787708467577,23040.0
-9.17878246307373,-12.75084114074707,3.5720577239990234,0.0,19.067074349126607,23040.0
-9.141579627990723,-12.726089477539062,3.58450984954834,0.0,20.337256274006403,23040.0
-9.295125007629395,-12.879610061645508,3.584484577178955,0.0,31.25447103080036,23040.0
-9.189505577087402,-12.769262313842773,3.5797579288482666,0.0,29.12978661793921,23040.0
-9.218938827514648,-12.784404754638672,3.5654680728912354,0.0,30.502134622043634,23040.0
-9.28562068939209,-12.842729568481445,3.557105779647827,0.0,25.757197763551428,23040.0
-9.206758499145508,-12.820236206054688,3.6134769916534424,0.0,28.045986765504235,23040.0
-9.034162521362305,-12.710956573486328,3.676795721054077,0.0,40.78632998999497,23040.0
-9.232969284057617,-12.78967571258545,3.5567126274108887,0.0,18.165641594803073,23040.0
-9.208528518676758,-12.80433177947998,3.595804214477539,0.0,46.294449854853184,23040.0
-9.298417091369629,-12.840730667114258,3.5423104763031006,0.0,18.305281062361118,23040.0
-9.143603324890137,-12.75175666809082,3.608154296875,0.0,57.4509896799215,23040.0
-9.185318946838379,-12.747663497924805,3.5623419284820557,0.0,39.02582625648247,23040.0
-9.118489265441895,-12.771978378295898,3.653493642807007,0.0,37.03945650000321,23040.0
-9.184988975524902,-12.788095474243164,3.6031103134155273,0.0,49.075009322036905,23040.0
-9.137100219726562,-12.797099113464355,3.659999370574951,0.0,16.470420148645278,23040.0
-9.262581825256348,-12.809615135192871,3.547032356262207,0.0,32.99881023178761,23040.0
-9.267094612121582,-12.850836753845215,3.5837440490722656,0.0,32.91074801653408,23040.0
-9.165117263793945,-12.805397033691406,3.640281915664673,0.0,54.008434701576476,23040.0
-9.250798225402832,-12.820890426635742,3.5700883865356445,0.0,26.27042059779963,23040.0
-9.143651008605957,-12.78980541229248,3.6461572647094727,0.0,51.588220306792785,23040.0
-9.217677116394043,-12.85190200805664,3.6342265605926514,0.0,53.16253800411309,23040.0
-9.350174903869629,-12.94579029083252,3.595616340637207,0.0,34.43189882759363,23040.0
-9.058394432067871,-12.65477466583252,3.5963802337646484,0.0,63.94562210657046,23040.0
-9.329628944396973,-12.922257423400879,3.5926320552825928,0.0,30.524703881088133,23040.0
-9.0213623046875,-12.662577629089355,3.6412110328674316,0.0,89.17378700531916,23040.0
-9.273598670959473,-12.840849876403809,3.5672566890716553,0.0,41.169180096880275,23040.0
-9.13286304473877,-12.700255393981934,3.567394733428955,0.0,68.90892570043633,23040.0
-9.03021240234375,-12.737946510314941,3.7077322006225586,0.0,61.979182780207,23040.0
-9.154115676879883,-12.795798301696777,3.641679525375366,0.0,67.51428981891992,23040.0
-9.257933616638184,-12.788910865783691,3.5309784412384033,0.0,74.82454888537626,23040.0
-9.135839462280273,-12.778203964233398,3.6423637866973877,0.0,48.08092502833215,23040.0
-8.886985778808594,-12.538549423217773,3.651563882827759,0.0,83.53887648266121,23040.0
-9.230209350585938,-12.788525581359863,3.558314323425293,0.0,48.44783108860465,23040.0
-8.941832542419434,-12.50035285949707,3.558522939682007,0.0,77.36962585903187,23040.0
-9.32863998413086,-12.884140014648438,3.5555033683776855,0.0,34.735856663033985,23040.0
-8.895011901855469,-12.487486839294434,3.59247088432312,0.0,91.54357422811599,23040.0
-9.184032440185547,-12.737517356872559,3.553483009338379,0.0,62.94635911342288,23040.0
-8.868948936462402,-12.422703742980957,3.5537564754486084,0.0,80.07363591473366,23040.0
-9.177115440368652,-12.788872718811035,3.6117560863494873,0.0,49.01420167388935,23040.0
-8.982767105102539,-12.54474925994873,3.5619826316833496,0.0,88.40326588701818,23040.0
-9.3021240234375,-12.84453010559082,3.542400360107422,0.0,52.19354708068678,23040.0
-8.931862831115723,-12.487425804138184,3.555567502975464,0.0,78.42013749362098,23040.0
-9.243034362792969,-12.812749862670898,3.5697100162506104,0.0,43.357043610009256,23040.0
-8.965248107910156,-12.53089714050293,3.5656471252441406,0.0,89.37503274579325,23040.0
-9.099244117736816,-12.71792984008789,3.618683099746704,0.0,54.96952808951544,23040.0
-9.012823104858398,-12.524994850158691,3.5121734142303467,0.0,82.37245734891367,23040.0
-9.196309089660645,-12.777831077575684,3.5815253257751465,0.0,60.85104483111872,23040.0
-8.794428825378418,-12.399382591247559,3.6049537658691406,0.0,117.33622837432364,23040.0
-9.141019821166992,-12.675813674926758,3.534794330596924,0.0,56.18636775022716,23040.0
-8.929922103881836,-12.455289840698242,3.5253686904907227,0.0,93.02352905581745,23040.0
-9.077777862548828,-12.627711296081543,3.5499284267425537,0.0,78.15687362929674,23040.0
-8.688658714294434,-12.232110977172852,3.5434529781341553,0.0,132.41619830658897,23040.0
-8.521522521972656,-12.115416526794434,3.5938940048217773,0.0,100.25386393264357,23040.0
-8.73117733001709,-12.15662956237793,3.4254536628723145,0.0,97.6874404814204,23040.0
-8.639752388000488,-12.133489608764648,3.4937357902526855,0.0,123.81100961141826,23040.0
-7.497549057006836,-11.151507377624512,3.653960943222046,0.0,155.04750368609922,23040.0
-7.9574151039123535,-11.576251983642578,3.6188385486602783,0.0,104.97270590143164,23040.0
-8.164907455444336,-11.674734115600586,3.509826421737671,0.0,89.42473541482146,23040.0
-8.011088371276855,-11.518316268920898,3.5072262287139893,0.0,111.80677220176105,23040.0
-4.4424543380737305,-8.264139175415039,3.821686029434204,0.0,268.3939672706842,23040.0
-4.635660648345947,-8.341251373291016,3.7055883407592773,0.0,249.49181717371965,23040.0
-0.7837823033332825,-4.250001430511475,3.466219425201416,0.0,650.6463348900509,23040.0
3.4365148544311523,-0.5442693829536438,3.9807844161987305,0.0,308.87311633423525,23040.0
6.61833381652832,1.827197790145874,4.791137218475342,0.0,222.2256461234217,23040.0
2.485658884048462,-1.2785897254943848,3.7642476558685303,0.0,177.97513107191992,23040.0
0.1826479583978653,-3.097959280014038,3.2806084156036377,0.0,120.7001628826467,23040.0
-1.2663623094558716,-4.177989482879639,2.911627769470215,0.0,76.56706415775513,23040.0
-1.4846657514572144,-4.193808078765869,2.7091424465179443,0.0,69.33371058976962,23040.0
-1.5817220211029053,-4.135385036468506,2.5536625385284424,0.0,59.55518717974306,23040.0
-1.6087092161178589,-4.123842239379883,2.5151312351226807,0.0,55.045849452048124,23040.0
-2.0103676319122314,-4.28429651260376,2.2739291191101074,0.0,39.11969377209736,23040.0
-2.0688865184783936,-4.159556865692139,2.090670585632324,0.0,28.750499017011016,23040.0
-2.0000035762786865,-3.949150562286377,1.9491472244262695,0.0,38.184598155557936,23040.0
-2.107544183731079,-3.9371073246002197,1.8295625448226929,0.0,37.32824452639278,23040.0
-2.259139060974121,-4.015575408935547,1.7564363479614258,0.0,26.445547263332532,23040.0
-2.331496238708496,-4.018672466278076,1.6871764659881592,0.0,19.766532742883204,23040.0
-2.4899215698242188,-4.140746593475342,1.6508255004882812,0.0,21.761766592834984,23040.0
-2.5357964038848877,-4.08392858505249,1.5481321811676025,0.0,21.132475873447444,23040.0
-2.801950693130493,-4.290221691131592,1.4882707595825195,0.0,19.18549793402492,23040.0
-3.000089406967163,-4.405996322631836,1.4059067964553833,0.0,15.27680116354739,23040.0
-3.1491754055023193,-4.496298789978027,1.3471229076385498,0.0,14.0418468762459,23040.0
-3.2504353523254395,-4.555872440338135,1.3054373264312744,0.0,17.341648850426267,23040.0
-3.333303213119507,-4.65560245513916,1.322300910949707,0.0,20.062943227274953,23040.0
-3.53814959526062,-4.812752723693848,1.274603247642517,0.0,15.662778010115453,23040.0
-3.6430985927581787,-4.959529876708984,1.316429615020752,0.0,12.20455426390149,23040.0
-3.6363844871520996,-4.9815144538879395,1.3451322317123413,0.0,14.462470804040606,23040.0
-3.843724250793457,-5.191731929779053,1.3480088710784912,0.0,17.33787115703798,23040.0
-3.939420223236084,-5.348310470581055,1.4088890552520752,0.0,14.907305639148191,23040.0
-4.013556480407715,-5.4106855392456055,1.3971307277679443,0.0,13.844030359002693,23040.0
-4.133519172668457,-5.521777153015137,1.3882582187652588,0.0,16.703900084576286,23040.0
-4.142056465148926,-5.56032657623291,1.4182718992233276,0.0,16.873710929724176,23040.0
-4.382231712341309,-5.777815818786621,1.3955824375152588,0.0,11.825297817878292,23040.0
-4.318799018859863,-5.729161262512207,1.4103609323501587,0.0,13.461391261005787,23040.0
-4.419983386993408,-5.828646659851074,1.4086627960205078,0.0,15.068532562294406,23040.0
-4.488551616668701,-5.906561851501465,1.4180102348327637,0.0,11.993436737735038,23040.0
-4.630840301513672,-6.0463690757751465,1.4155280590057373,0.0,12.51343912845592,23040.0
-4.647883892059326,-6.055867671966553,1.407981276512146,0.0,13.474179713221295,23040.0
-4.7159576416015625,-6.143329620361328,1.427371859550476,0.0,10.268126729661923,23040.0
-4.726714134216309,-6.197660446166992,1.4709465503692627,0.0,11.11177822962697,23040.0
-4.987211227416992,-6.437125205993652,1.4499133825302124,0.0,12.688343241079169,23040.0
-4.965938091278076,-6.482792854309082,1.5168514251708984,0.0,12.172168879663722,23040.0
-5.092075824737549,-6.5668253898620605,1.4747495651245117,0.0,10.394919350183448,23040.0
-5.086797714233398,-6.611167907714844,1.5243693590164185,0.0,9.769628181539042,23040.0
-5.1845903396606445,-6.739584922790527,1.5549930334091187,0.0,9.333678157106666,23040.0
-5.159230709075928,-6.742633819580078,1.5834048986434937,0.0,8.250271866470536,23040.0
-5.27054500579834,-6.879610061645508,1.6090662479400635,0.0,10.025578173639893,23040.0
-5.2940545082092285,-6.934247016906738,1.6401901245117188,0.0,9.156776987255745,23040.0
-5.365479946136475,-7.005742073059082,1.6402618885040283,0.0,12.27474209926995,23040.0
-5.353231906890869,-7.030182361602783,1.676951289176941,0.0,9.45610302318816,23040.0
-5.531124591827393,-7.2036309242248535,1.6725069284439087,0.0,13.681547011547114,23040.0
-5.563595294952393,-7.290456771850586,1.7268637418746948,0.0,12.520272152298704,23040.0
-5.494607925415039,-7.273392677307129,1.7787857055664062,0.0,10.50246050222413,23040.0
-5.652034282684326,-7.431909084320068,1.7798734903335571,0.0,9.591409499222006,23040.0
-5.7291436195373535,-7.49997615814209,1.7708323001861572,0.0,11.240688703875685,23040.0
-5.689513683319092,-7.547617435455322,1.8581030368804932,0.0,8.884613530336344,23040.0
-5.77951717376709,-7.588244438171387,1.8087278604507446,0.0,14.576459775630086,23040.0
-5.843128681182861,-7.706869125366211,1.8637417554855347,0.0,20.974943488018916,23040.0
-5.776110649108887,-7.702725410461426,1.926613688468933,0.0,13.393534264882424,23040.0
-5.992727279663086,-7.836578369140625,1.84385085105896,0.0,33.71527308913096,23040.0
-5.790483474731445,-7.736358642578125,1.9458755254745483,0.0,39.3228436060103,23040.0
-5.884452819824219,-7.786179065704346,1.9017279148101807,0.0,58.769090897244055,23040.0
-5.983913898468018,-7.9557318687438965,1.9718170166015625,0.0,70.69293788504714,23040.0
-5.94410514831543,-7.879515171051025,1.9354108572006226,0.0,54.57779149995663,23040.0
-6.0470805168151855,-8.080133438110352,2.033052444458008,0.0,10.718321475469937,23040.0
-5.883283615112305,-8.022626876831055,2.1393468379974365,0.0,47.281110952690874,23040.0
-5.903467655181885,-7.980072021484375,2.076603412628174,0.0,73.4290645100196,23040.0
-5.9686102867126465,-8.072036743164062,2.1034274101257324,0.0,78.11228522455417,23040.0
-6.145488739013672,-8.2753324508667,2.129845142364502,0.0,36.89980732684027,23040.0
-6.157541275024414,-8.31227970123291,2.1547372341156006,0.0,23.733853572006016,23040.0
-6.073599815368652,-8.237655639648438,2.1640563011169434,0.0,19.489146335949485,23040.0
-6.113441467285156,-8.213376998901367,2.099936008453369,0.0,35.601257795803456,23040.0
-5.891007423400879,-8.105855941772461,2.214848041534424,0.0,57.592221950928256,23040.0
-5.627309322357178,-7.826253414154053,2.198943614959717,0.0,72.92919019957348,23040.0
-5.890640735626221,-8.14865493774414,2.258017063140869,0.0,46.35045709463423,23040.0
-6.018484115600586,-8.19068717956543,2.1722044944763184,0.0,28.805195245596362,23040.0
-5.902590751647949,-8.06634521484375,2.1637542247772217,0.0,42.93436520030944,23040.0
-5.835177421569824,-8.154376983642578,2.3191990852355957,0.0,34.34841372061277,23040.0
-5.361755847930908,-7.625178337097168,2.263423442840576,0.0,66.00401484784796,23040.0
-5.080869674682617,-7.414284706115723,2.333415985107422,0.0,242.14782014305942,23040.0
-3.584878921508789,-5.813338279724121,2.228461742401123,0.0,116.07032809187562,23040.0
-4.9608154296875,-7.158768653869629,2.197955369949341,0.0,74.49262718723891,23040.0
1.404380440711975,-1.414284110069275,2.8186655044555664,0.0,292.0605869760837,23040.0
-0.9088648557662964,-3.443666696548462,2.5348010063171387,0.0,181.35969579425637,23040.0
-2.1846654415130615,-4.449596881866455,2.264932155609131,0.0,109.3290894067777,23040.0
-1.3331832885742188,-3.8483524322509766,2.5151689052581787,0.0,185.24824856943113,23040.0
-1.2511212825775146,-3.4403254985809326,2.1892049312591553,0.0,100.62969024015243,23040.0
-1.363893747329712,-3.3844189643859863,2.0205259323120117,0.0,69.44079419768721,23040.0
-1.5525240898132324,-3.675015687942505,2.1224911212921143,0.0,48.33897716257885,23040.0
-1.5943515300750732,-3.7015864849090576,2.107234477996826,0.0,46.30554537492243,23040.0
-1.5803512334823608,-3.594292640686035,2.0139424800872803,0.0,57.108913139055126,23040.0
-1.7412680387496948,-3.6307220458984375,1.889452576637268,0.0,58.00790055881868,23040.0
-1.9607226848602295,-3.776259660720825,1.8155369758605957,0.0,30.137949862031384,23040.0
-2.2281837463378906,-3.9618191719055176,1.733635425567627,0.0,41.881029988972266,23040.0
-2.421117067337036,-4.07623291015625,1.6551151275634766,0.0,46.253710422162484,23040.0
-2.6980671882629395,-4.245349407196045,1.547282099723816,0.0,25.536984661206272,23040.0
-2.7830941677093506,-4.289029598236084,1.5059349536895752,0.0,18.518118600380006,23040.0
-2.8369250297546387,-4.296944618225098,1.4600204229354858,0.0,22.59810942943624,23040.0
-2.8219141960144043,-4.282580375671387,1.4606657028198242,0.0,24.79282526224884,23040.0
-2.983562469482422,-4.429588317871094,1.4460252523422241,0.0,23.553579680280215,23040.0
-3.0752577781677246,-4.459002494812012,1.3837426900863647,0.0,18.051332276792415,23040.0
-3.1051878929138184,-4.498954772949219,1.39376699924469,0.0,14.824712606450488,23040.0
-3.2584123611450195,-4.593469619750977,1.3350576162338257,0.0,18.592503914624142,23040.0
-3.2601068019866943,-4.560854911804199,1.3007473945617676,0.0,20.23866231542287,23040.0
-3.324781894683838,-4.590696334838867,1.2659152746200562,0.0,18.559175554637253,23040.0
-3.364607095718384,-4.662092208862305,1.2974843978881836,0.0,15.933633821202177,23040.0
-3.406533718109131,-4.725671291351318,1.319136142730713,0.0,14.077011874349935,23040.0
-3.578038454055786,-4.849368572235107,1.2713290452957153,0.0,15.862403859432998,23040.0
-3.6328015327453613,-4.906038284301758,1.2732371091842651,0.0,17.03376658151369,23040.0
-3.68082332611084,-4.998062610626221,1.3172401189804077,0.0,13.256560806981689,23040.0
-3.7913410663604736,-5.114042282104492,1.3227009773254395,0.0,10.651435784251916,23040.0
-3.7912700176239014,-5.106834411621094,1.3155640363693237,0.0,11.855302614640037,23040.0
-3.883798599243164,-5.169544696807861,1.285746693611145,0.0,12.8058481366461,23040.0
-3.803908586502075,-5.167036533355713,1.3631291389465332,0.0,11.71627005149144,23040.0
-3.902487277984619,-5.260454177856445,1.3579648733139038,0.0,8.966070241619589,23040.0
-4.014232158660889,-5.374156475067139,1.359925389289856,0.0,9.485558277767025,23040.0
-4.071802139282227,-5.426437854766846,1.3546369075775146,0.0,10.987926393005667,23040.0
-4.119345664978027,-5.490448474884033,1.371103286743164,0.0,10.306822713380111,23040.0
-4.098019599914551,-5.485723495483398,1.3877028226852417,0.0,8.767092831939173,23040.0
-4.062410354614258,-5.4761643409729,1.4137557744979858,0.0,8.807959747232065,23040.0
-4.3340163230896,-5.761733531951904,1.4277172088623047,0.0,7.992089610431365,23040.0
-4.2577619552612305,-5.718471050262451,1.4607101678848267,0.0,8.956745443572458,23040.0
-4.403518199920654,-5.839521408081055,1.4360041618347168,0.0,8.988007641351277,23040.0
-4.325734615325928,-5.7910237312316895,1.465288758277893,0.0,7.4880652220414845,23040.0
-4.49679708480835,-5.9606804847717285,1.4638828039169312,0.0,6.675671828341575,23040.0
-4.566784381866455,-6.018521308898926,1.4517345428466797,0.0,7.795758660226598,23040.0
-4.566615581512451,-6.048375129699707,1.4817596673965454,0.0,7.848296266657811,23040.0
-4.67491340637207,-6.1785502433776855,1.5036373138427734,0.0,8.257957866884697,23040.0
-4.67729377746582,-6.1851420402526855,1.5078487396240234,0.0,8.864321820686087,23040.0
-4.71124792098999,-6.22960090637207,1.5183532238006592,0.0,7.7775030084345405,23040.0
-4.681320667266846,-6.2650017738342285,1.583681344985962,0.0,8.04620376347767,23040.0
-4.708025932312012,-6.307451248168945,1.5994222164154053,0.0,8.154353703451411,23040.0
-4.769561767578125,-6.3876261711120605,1.6180647611618042,0.0,7.146799819118076,23040.0
-4.998366355895996,-6.570404529571533,1.5720378160476685,0.0,8.049584592376098,23040.0
-4.936161041259766,-6.577127933502197,1.6409672498703003,0.0,8.299442592526937,23040.0
-5.021900177001953,-6.6996588706970215,1.677760362625122,0.0,6.53878262267142,23040.0
-5.069134712219238,-6.766352653503418,1.6972167491912842,0.0,11.274237866727903,23040.0
-5.093236446380615,-6.814387798309326,1.7211495637893677,0.0,8.481899571494571,23040.0
-5.206717491149902,-6.905600547790527,1.6988831758499146,0.0,12.007321308539776,23040.0
-5.160773754119873,-6.91114616394043,1.7503719329833984,0.0,10.619641134462903,23040.0
-5.247533798217773,-7.026759147644043,1.7792260646820068,0.0,7.9666366231839465,23040.0
-5.214598178863525,-7.0268635749816895,1.8122678995132446,0.0,5.54568649126004,23040.0
-5.304635047912598,-7.150854587554932,1.8462200164794922,0.0,8.474377901717014,23040.0
-5.458155155181885,-7.279400825500488,1.8212456703186035,0.0,6.697026729807192,23040.0
-5.472805976867676,-7.322135925292969,1.8493270874023438,0.0,16.918375698965892,23040.0
-5.314601421356201,-7.2284979820251465,1.9138977527618408,0.0,12.15894237271393,23040.0
-5.4839935302734375,-7.39396858215332,1.9099735021591187,0.0,11.772380316001126,23040.0
-5.572957515716553,-7.481832027435303,1.908873200416565,0.0,23.9245714220761,23040.0
-5.469667434692383,-7.411631107330322,1.9419643878936768,0.0,24.859638886185607,23040.0
-5.6125688552856445,-7.5257439613342285,1.9131754636764526,0.0,6.988186136362013,23040.0
-5.5518622398376465,-7.53581428527832,1.9839496612548828,0.0,38.00891417134208,23040.0
-5.500002384185791,-7.422139644622803,1.9221359491348267,0.0,56.185045222351214,23040.0
-5.676692008972168,-7.635085105895996,1.9583932161331177,0.0,15.6938115036412,23040.0
-5.5603556632995605,-7.564986705780029,2.0046308040618896,0.0,52.672732288214476,23040.0
-5.3380303382873535,-7.321351528167725,1.9833205938339233,0.0,66.03088779870427,23040.0
-5.714508056640625,-7.748483657836914,2.033975124359131,0.0,7.767639191669718,23040.0
-5.6265435218811035,-7.634116172790527,2.007570505142212,0.0,73.6084183251194,23040.0
-5.51420259475708,-7.519277572631836,2.0050761699676514,0.0,60.762685111599275,23040.0
-5.759125232696533,-7.777628421783447,2.0185015201568604,0.0,40.49571664165159,23040.0
-5.239320755004883,-7.287805080413818,2.0484814643859863,0.0,111.60526179700904,23040.0
-5.682124614715576,-7.660276889801025,1.9781522750854492,0.0,52.685196924167194,23040.0
-5.424950122833252,-7.456092834472656,2.0311453342437744,0.0,59.2624221933097,23040.0
-5.735738754272461,-7.784857749938965,2.049116611480713,0.0,35.944498640630016,23040.0
-5.726279258728027,-7.735374450683594,2.0090956687927246,0.0,59.78775091087125,23040.0
-5.786211967468262,-7.793483257293701,2.0072708129882812,0.0,32.10215601477374,23040.0
-5.658484935760498,-7.71486759185791,2.056382656097412,0.0,44.18696401105272,23040.0
-5.936055660247803,-7.9648756980896,2.028820753097534,0.0,10.295588041371273,23040.0
-5.736255645751953,-7.773247718811035,2.0369927883148193,0.0,61.417858903210146,23040.0
-5.996304512023926,-8.057559967041016,2.06125545501709,0.0,14.42381118485044,23040.0
-5.784186363220215,-7.844216346740723,2.060032367706299,0.0,47.754476731595595,23040.0
-6.098877429962158,-8.181499481201172,2.082622528076172,0.0,6.789302471920237,23040.0
-5.792910575866699,-7.949477672576904,2.1565654277801514,0.0,62.50676432460723,23040.0
-6.017631530761719,-8.144726753234863,2.127094268798828,0.0,22.229766342030153,23040.0
-5.883880615234375,-8.052229881286621,2.168346881866455,0.0,43.66894956121909,23040.0
-6.070553779602051,-8.27670669555664,2.206150770187378,0.0,22.963326838926495,23040.0
-6.0083327293396,-8.244154930114746,2.2358205318450928,0.0,36.821172516608186,23040.0
-6.09778356552124,-8.324673652648926,2.226888418197632,0.0,30.750590844130592,23040.0
-6.134471893310547,-8.416354179382324,2.2818832397460938,0.0,19.094009992144464,23040.0
-6.127216815948486,-8.446986198425293,2.319770097732544,0.0,31.864482352663195,23040.0
-6.188435077667236,-8.533480644226074,2.34504771232605,0.0,9.998243288981064,23040.0
-6.150332927703857,-8.463407516479492,2.313075542449951,0.0,37.95325319456635,23040.0
-6.269969463348389,-8.58615493774414,2.3161845207214355,0.0,16.054845886347508,23040.0
-6.165106773376465,-8.550348281860352,2.385242223739624,0.0,32.29552537407786,23040.0
-6.1542487144470215,-8.533799171447754,2.379551410675049,0.0,40.01500435838886,23040.0
-6.215861797332764,-8.67032241821289,2.454458236694336,0.0,6.525273834342041,23040.0
-6.205837726593018,-8.669824600219727,2.46398663520813,0.0,40.45406996793129,23040.0
-6.309321880340576,-8.71609878540039,2.4067769050598145,0.0,39.09016515351632,23040.0
-6.342770099639893,-8.80068302154541,2.4579153060913086,0.0,10.717776124468482,23040.0
-6.275792121887207,-8.776925086975098,2.501133680343628,0.0,21.801021414129202,23040.0
-6.136761665344238,-8.70055103302002,2.5637869834899902,0.0,20.786377638339264,23040.0
-6.347607612609863,-8.84766674041748,2.5000600814819336,0.0,15.057701381763438,23040.0
-6.234736442565918,-8.775291442871094,2.540558338165283,0.0,66.29664175315509,23040.0
-5.824337959289551,-8.373172760009766,2.5488333702087402,0.0,85.61302636798328,23040.0
-6.36335563659668,-8.907997131347656,2.54464054107666,0.0,22.027848593405704,23040.0
-5.996971130371094,-8.613941192626953,2.6169705390930176,0.0,87.09395040128491,23040.0
-5.477402687072754,-7.9122633934021,2.434861183166504,0.0,107.40773144360855,23040.0
-6.347113132476807,-8.845931053161621,2.4988181591033936,0.0,36.80015201439125,23040.0
-4.531845569610596,-7.1643242835998535,2.632477045059204,0.0,224.8204136763551,23040.0
-4.778229236602783,-7.170825958251953,2.392594337463379,0.0,99.4268590064294,23040.0
-3.8594512939453125,-6.284678936004639,2.4252281188964844,0.0,92.45607732583018,23040.0
-4.86180305480957,-7.191670894622803,2.329868793487549,0.0,59.198772063388525,23040.0
-5.745939254760742,-8.119975090026855,2.3740386962890625,0.0,31.936733244723715,23040.0
-4.257312774658203,-6.792285919189453,2.5349695682525635,0.0,139.075104883346,23040.0
-5.597201347351074,-7.8564677238464355,2.259268045425415,0.0,28.97767836357423,23040.0
-5.438594341278076,-7.563075065612793,2.1244821548461914,0.0,33.13598807930952,23040.0
-5.099258899688721,-7.126472473144531,2.0272140502929688,0.0,40.178280580556994,23040.0
-5.0429911613464355,-7.087444305419922,2.0444536209106445,0.0,36.70164900161773,23040.0
-5.4644598960876465,-7.4685540199279785,2.004094362258911,0.0,27.590590152904426,23040.0
-5.682637691497803,-7.678050518035889,1.9954122304916382,0.0,29.401941640417053,23040.0
-5.369321823120117,-7.411245346069336,2.0419232845306396,0.0,59.26571887094859,23040.0
-5.497066497802734,-7.550796985626221,2.0537304878234863,0.0,45.37701222794045,23040.0
-5.830232620239258,-7.807667255401611,1.9774341583251953,0.0,32.95501609101926,23040.0
-5.635746479034424,-7.63931131362915,2.0035674571990967,0.0,46.62147279082767,23040.0
-5.753364562988281,-7.769557476043701,2.016193389892578,0.0,35.69465028215154,23040.0
-5.956374168395996,-7.959063529968262,2.002692937850952,0.0,25.247636094460947,23040.0
-5.906449317932129,-7.986914157867432,2.0804638862609863,0.0,45.99158787614104,23040.0
-5.723592281341553,-7.90476131439209,2.1811721324920654,0.0,55.44351137180775,23040.0
-6.002729415893555,-8.18336009979248,2.1806297302246094,0.0,26.266714646685575,23040.0
-6.034632682800293,-8.246402740478516,2.211770534515381,0.0,39.403910232330524,23040.0
-6.02629280090332,-8.21263599395752,2.1863420009613037,0.0,51.803126748618375,23040.0
-6.160198211669922,-8.39891529083252,2.2387144565582275,0.0,31.63347491858263,23040.0
-6.225872039794922,-8.531913757324219,2.3060431480407715,0.0,28.03116401890937,23040.0
-6.083695411682129,-8.452605247497559,2.3689112663269043,0.0,47.055488346791755,23040.0
-6.305048942565918,-8.669380187988281,2.364333152770996,0.0,32.462798193363945,23040.0
-6.325218200683594,-8.680915832519531,2.355698585510254,0.0,25.51704999175683,23040.0
-6.3163743019104,-8.71556282043457,2.3991875648498535,0.0,28.30691326360113,23040.0
-6.368694305419922,-8.796438217163086,2.4277472496032715,0.0,26.49839319570212,23040.0
-6.290144920349121,-8.815679550170898,2.5255329608917236,0.0,29.160108328948528,23040.0
-6.414963245391846,-8.95293140411377,2.5379695892333984,0.0,20.187874804957573,23040.0
-6.461985111236572,-8.986577987670898,2.5245940685272217,0.0,21.24000222420362,23040.0
-6.399058818817139,-8.966222763061523,2.5671615600585938,0.0,24.22790767594357,23040.0
-6.491572380065918,-9.106645584106445,2.61507248878479,0.0,18.59971069228363,23040.0
-6.429222106933594,-9.063475608825684,2.6342554092407227,0.0,23.201065976489115,23040.0
-6.480328559875488,-9.149486541748047,2.6691601276397705,0.0,19.91300543640703,23040.0
-6.521731853485107,-9.159345626831055,2.6376137733459473,0.0,23.373219467516453,23040.0
-6.484663963317871,-9.167817115783691,2.6831517219543457,0.0,13.495288395620287,23040.0
-6.546967029571533,-9.205881118774414,2.658914566040039,0.0,17.473529881738447,23040.0
-6.445794105529785,-9.16397762298584,2.7181832790374756,0.0,22.365817640452203,23040.0
-6.539729595184326,-9.237732887268066,2.6980066299438477,0.0,37.234762469095024,23040.0
-6.434819221496582,-9.139302253723145,2.7044854164123535,0.0,34.15768603731181,23040.0
-6.616583824157715,-9.276703834533691,2.660115957260132,0.0,26.540014938237643,23040.0
-6.349959373474121,-9.102922439575195,2.752964496612549,0.0,66.72557536313388,23040.0
-6.485054969787598,-9.144306182861328,2.659247398376465,0.0,40.32223695723526,23040.0
-6.636026382446289,-9.29127311706543,2.655247688293457,0.0,30.840721102691873,23040.0
-6.318509101867676,-9.022419929504395,2.7039096355438232,0.0,76.2246636058212,23040.0
-6.443752765655518,-9.099842071533203,2.6560916900634766,0.0,36.99170407128745,23040.0
-6.50144100189209,-9.11606502532959,2.614623785018921,0.0,41.956399606173285,23040.0
-6.357276916503906,-9.027185440063477,2.6699063777923584,0.0,69.6597514691494,23040.0
-6.613159656524658,-9.208909034729004,2.595747947692871,0.0,25.012963389600674,23040.0
-6.541213035583496,-9.194354057312012,2.6531383991241455,0.0,34.34895043040651,23040.0
-6.523346424102783,-9.18904972076416,2.665703773498535,0.0,41.117317133777966,23040.0
-6.672552585601807,-9.318379402160645,2.6458261013031006,0.0,10.198003670875316,23040.0
-6.567323207855225,-9.185501098632812,2.6181766986846924,0.0,36.754238275702114,23040.0
-6.682796955108643,-9.31777286529541,2.634977102279663,0.0,25.27704053335075,23040.0
-6.669205665588379,-9.342345237731934,2.673142194747925,0.0,23.24988668324521,23040.0
-6.644389629364014,-9.25516414642334,2.610774040222168,0.0,47.93317299449169,23040.0
-6.71500301361084,-9.447282791137695,2.7322776317596436,0.0,17.41295697612066,23040.0
-6.682710647583008,-9.38200569152832,2.69929838180542,0.0,38.923922412937856,23040.0
-6.717952251434326,-9.381001472473145,2.663048028945923,0.0,41.391064841076364,23040.0
-6.715336322784424,-9.447287559509277,2.731955051422119,0.0,11.427757682678013,23040.0
-6.574647903442383,-9.3316011428833,2.7569522857666016,0.0,52.10853404213933,23040.0
-6.575763702392578,-9.334540367126465,2.758777618408203,0.0,50.9926335542081,23040.0
-6.771138668060303,-9.506278038024902,2.7351393699645996,0.0,15.07768610136967,23040.0
-6.672577381134033,-9.46105670928955,2.788478374481201,0.0,35.53681730992579,23040.0
-6.575882911682129,-9.319765090942383,2.7438814640045166,0.0,54.79658714456018,23040.0
-6.738656997680664,-9.523103713989258,2.7844464778900146,0.0,39.61835219866566,23040.0
-6.879169940948486,-9.602006912231445,2.7228384017944336,0.0,8.258540019340778,23040.0
-6.765081882476807,-9.499137878417969,2.7340567111968994,0.0,25.52967595314335,23040.0
-6.825040817260742,-9.603010177612305,2.7779693603515625,0.0,31.44921418974506,23040.0
-6.76791524887085,-9.595157623291016,2.8272407054901123,0.0,28.88786785960115,23040.0
-6.7522454261779785,-9.594672203063965,2.8424274921417236,0.0,23.80792794870301,23040.0
-6.79278564453125,-9.618168830871582,2.8253800868988037,0.0,6.798848469369214,23040.0
-6.823036193847656,-9.60582160949707,2.782785177230835,0.0,27.953889595724824,23040.0
-6.728392124176025,-9.608786582946777,2.880391836166382,0.0,41.12671133201108,23040.0
-6.826488494873047,-9.652822494506836,2.826334238052368,0.0,36.024492234627495,23040.0
-6.776973247528076,-9.635478019714355,2.858506202697754,0.0,23.94330481880706,23040.0
-6.903169631958008,-9.725347518920898,2.822175979614258,0.0,17.923677029070106,23040.0
-6.874664306640625,-9.708684921264648,2.834023952484131,0.0,18.862824007412836,23040.0
-6.618172645568848,-9.538163185119629,2.9199917316436768,0.0,74.5142689926577,23040.0
-6.066431999206543,-8.93403148651123,2.86759877204895,0.0,108.51240565900557,23040.0
-6.555506229400635,-9.462173461914062,2.9066693782806396,0.0,93.09757859131389,23040.0
-6.719151020050049,-9.522889137268066,2.803739070892334,0.0,61.65503468888572,23040.0
-6.919378757476807,-9.725051879882812,2.805673360824585,0.0,21.59672608769155,23040.0
-6.764212608337402,-9.636479377746582,2.8722686767578125,0.0,60.30327331928551,23040.0
-6.5427727699279785,-9.299881935119629,2.7571070194244385,0.0,75.9130952593985,23040.0
-6.986154556274414,-9.790822982788086,2.8046677112579346,0.0,12.772246887877936,23040.0
-6.503045082092285,-9.349784851074219,2.846740961074829,0.0,106.27417627434244,23040.0
-6.1912970542907715,-8.983003616333008,2.7917048931121826,0.0,93.1798383843537,23040.0
-6.711522102355957,-9.394515037536621,2.6829943656921387,0.0,62.98601078158669,23040.0
-5.836474418640137,-8.691427230834961,2.854952096939087,0.0,172.2837967327781,23040.0
-6.304681301116943,-8.975375175476074,2.67069149017334,0.0,86.90213908437802,23040.0
-6.133723735809326,-8.802230834960938,2.6685078144073486,0.0,86.85732033836985,23040.0
-6.671591758728027,-9.44092845916748,2.769338846206665,0.0,59.23928095394742,23040.0
-6.391543388366699,-9.201788902282715,2.8102469444274902,0.0,96.12127825541383,23040.0
-6.600337505340576,-9.260743141174316,2.660402536392212,0.0,56.59932417088659,23040.0
-6.40229606628418,-9.077750205993652,2.675457000732422,0.0,64.84612743691771,23040.0
-6.832705974578857,-9.533295631408691,2.7005858421325684,0.0,36.92271557417356,23040.0
-6.740686893463135,-9.450671195983887,2.7099859714508057,0.0,67.3396694023035,23040.0
-6.863645553588867,-9.526215553283691,2.6625702381134033,0.0,34.67936791613253,23040.0
-6.810792922973633,-9.477652549743652,2.666860342025757,0.0,42.019235254647505,23040.0
-6.937196731567383,-9.614700317382812,2.677504777908325,0.0,38.18063310133724,23040.0
-6.9350666999816895,-9.687121391296387,2.7520575523376465,0.0,25.027097571873735,23040.0
-6.900123596191406,-9.669157028198242,2.769035577774048,0.0,38.118629243687444,23040.0
-7.037435531616211,-9.811614036560059,2.774179220199585,0.0,17.566900722582474,23040.0
-6.988876819610596,-9.789839744567871,2.8009605407714844,0.0,28.79390220420805,23040.0
-6.996926307678223,-9.82738971710205,2.8304619789123535,0.0,31.03882288285829,23040.0
-6.961478233337402,-9.867902755737305,2.906423330307007,0.0,25.118148850147012,23040.0
-7.033637046813965,-9.902697563171387,2.8690602779388428,0.0,47.70400668785826,23040.0
-6.97760534286499,-9.845468521118164,2.8678643703460693,0.0,42.374871177499344,23040.0
-6.984253406524658,-9.874491691589355,2.890240430831909,0.0,47.7349439363768,23040.0
-6.828333377838135,-9.855701446533203,3.027367115020752,0.0,83.56762172897706,23040.0
-7.076170444488525,-10.01160717010498,2.9354398250579834,0.0,35.73425962089478,23040.0
-6.9996209144592285,-9.952150344848633,2.952529191970825,0.0,55.82914864350341,23040.0
-6.842792987823486,-9.923500061035156,3.08070707321167,0.0,85.04568372893814,23040.0
-7.156674385070801,-10.171049118041992,3.0143723487854004,0.0,24.957944636143218,23040.0
-7.032729148864746,-10.034161567687988,3.001434326171875,0.0,49.6489632629825,23040.0
-7.128169536590576,-10.148926734924316,3.0207502841949463,0.0,54.85138159427155,23040.0
-7.2188897132873535,-10.21738052368164,2.998491048812866,0.0,12.224713511022893,23040.0
-7.125391483306885,-10.098493576049805,2.9731061458587646,0.0,42.00385320535661,23040.0
-7.181162357330322,-10.163716316223145,2.9825527667999268,0.0,40.59178368652556,23040.0
-7.236274719238281,-10.213114738464355,2.9768404960632324,0.0,8.707432054432175,23040.0
-7.194138050079346,-10.162023544311523,2.967886447906494,0.0,34.955067796840595,23040.0
-7.239130973815918,-10.244553565979004,3.0054190158843994,0.0,27.00382865030597,23040.0
-7.307531833648682,-10.324172973632812,3.016637086868286,0.0,15.142139825045106,23040.0
-7.172440052032471,-10.227761268615723,3.0553195476531982,0.0,36.61384310908928,23040.0
-7.3718953132629395,-10.364070892333984,2.9921743869781494,0.0,26.635643595928162,23040.0
-7.254018306732178,-10.343894004821777,3.0898773670196533,0.0,21.685130180228786,23040.0
-7.24069356918335,-10.25938606262207,3.018691062927246,0.0,48.52084596328804,23040.0
-7.380826950073242,-10.408827781677246,3.0280001163482666,0.0,27.75311688551765,23040.0
-7.304976940155029,-10.406122207641602,3.1011407375335693,0.0,39.58258670231291,23040.0
-7.058685302734375,-10.150988578796387,3.0923047065734863,0.0,61.95963870244934,23040.0
-7.285832405090332,-10.4043550491333,3.1185224056243896,0.0,20.840728421450795,23040.0
-7.020993232727051,-10.207857131958008,3.1868631839752197,0.0,77.04160852711455,23040.0
-6.912695407867432,-9.999791145324707,3.0870914459228516,0.0,78.97365099283843,23040.0
-7.311155319213867,-10.346418380737305,3.0352609157562256,0.0,37.82636916319758,23040.0
-6.590976238250732,-9.718459129333496,3.127485513687134,0.0,136.60077197505967,23040.0
-6.957630634307861,-9.972498893737793,3.014871120452881,0.0,74.14369019226525,23040.0
-6.870468616485596,-9.848833084106445,2.9783661365509033,0.0,76.35183594426049,23040.0
-6.959741115570068,-10.042399406433105,3.0826575756073,0.0,92.13772147289534,23040.0
-7.316338539123535,-10.34921646118164,3.0328783988952637,0.0,23.143281501477958,23040.0
-6.930535793304443,-9.9422607421875,3.0117249488830566,0.0,64.47269212977916,23040.0
-7.350453853607178,-10.2957181930542,2.945262908935547,0.0,21.979493062640007,23040.0
-6.908639907836914,-9.966718673706055,3.0580763816833496,0.0,85.79982279756074,23040.0
-7.394521236419678,-10.341259956359863,2.9467406272888184,0.0,17.30460983153042,23040.0
-7.1677985191345215,-10.03608512878418,2.86828351020813,0.0,59.30436657781396,23040.0
-7.373335838317871,-10.325176239013672,2.95184063911438,0.0,14.660865078382164,23040.0
-7.292795181274414,-10.284695625305176,2.9918975830078125,0.0,54.39260875341407,23040.0
-7.466562271118164,-10.40394115447998,2.9373772144317627,0.0,10.414872628641637,23040.0
-7.288675785064697,-10.196703910827637,2.9080281257629395,0.0,44.076985979727716,23040.0
-7.448792934417725,-10.394659996032715,2.9458658695220947,0.0,15.001248244150059,23040.0
-7.294328689575195,-10.332537651062012,3.03821063041687,0.0,59.352600201977424,23040.0
-7.534947395324707,-10.488601684570312,2.953655242919922,0.0,28.903494510971953,23040.0
-7.387121677398682,-10.437996864318848,3.0508744716644287,0.0,31.195922651166033,23040.0
-7.557206153869629,-10.618119239807129,3.0609140396118164,0.0,18.71248746791844,23040.0
-7.497213363647461,-10.618630409240723,3.121413469314575,0.0,29.14485235823428,23040.0
-7.521137714385986,-10.578363418579102,3.0572268962860107,0.0,27.155788316878713,23040.0
-7.532421112060547,-10.651490211486816,3.119069814682007,0.0,16.522925935197172,23040.0
-7.56856632232666,-10.726266860961914,3.157703399658203,0.0,19.816121835937846,23040.0
-7.556398391723633,-10.72121810913086,3.164821147918701,0.0,10.279753246435089,23040.0
-7.605751037597656,-10.71833324432373,3.1125807762145996,0.0,11.809643328223917,23040.0
-7.515387058258057,-10.710782051086426,3.195396900177002,0.0,11.2448652762352,23040.0
-7.680736064910889,-10.83701229095459,3.156276226043701,0.0,16.730475040298852,23040.0
-7.650379657745361,-10.849303245544434,3.1989223957061768,0.0,9.46535577642586,23040.0
-7.687530994415283,-10.865026473999023,3.1774981021881104,0.0,19.38389001909034,23040.0
-7.649752616882324,-10.839457511901855,3.189702272415161,0.0,27.679049467243107,23040.0
-7.688222885131836,-10.91190242767334,3.22367787361145,0.0,29.0281143211214,23040.0
-7.608922481536865,-10.827071189880371,3.218151569366455,0.0,23.671510030834458,23040.0
-7.595807075500488,-10.872893333435059,3.277086019515991,0.0,23.883115134793904,23040.0
-7.542686462402344,-10.819518089294434,3.2768337726593018,0.0,61.60129566742392,23040.0
-7.52770471572876,-10.739858627319336,3.2121543884277344,0.0,62.2255109047654,23040.0
-7.761425018310547,-11.013431549072266,3.2520053386688232,0.0,13.045086635627777,23040.0
-7.592926025390625,-10.879358291625977,3.2864346504211426,0.0,56.13225766440076,23040.0
-7.555644989013672,-10.737115859985352,3.181469678878784,0.0,46.93286684072594,23040.0
-7.776214599609375,-10.976099014282227,3.1998863220214844,0.0,24.58429713955133,23040.0
-7.302862644195557,-10.6438570022583,3.340993642807007,0.0,84.87940638068197,23040.0
-7.442049980163574,-10.618338584899902,3.1762888431549072,0.0,69.5700096201805,23040.0
-7.75088357925415,-10.93681812286377,3.1859354972839355,0.0,28.359872207553416,23040.0
-7.221883296966553,-10.521482467651367,3.29959774017334,0.0,106.5574186429528,23040.0
-7.404521942138672,-10.593419075012207,3.1888957023620605,0.0,63.73365526739909,23040.0
-7.471769332885742,-10.675718307495117,3.203946828842163,0.0,54.19427021856992,23040.0
-7.159857273101807,-10.45551586151123,3.295654058456421,0.0,106.3269396590864,23040.0
-7.59356689453125,-10.736884117126465,3.1433169841766357,0.0,45.501619813650485,23040.0
-7.565291881561279,-10.679837226867676,3.1145429611206055,0.0,55.79429557971975,23040.0
-7.473746299743652,-10.692952156066895,3.219203472137451,0.0,60.10025177852141,23040.0
-7.695603370666504,-10.863717079162598,3.168111562728882,0.0,41.263018325394505,23040.0
-7.406204700469971,-10.600923538208008,3.194716453552246,0.0,59.05993115398211,23040.0
-7.689395427703857,-10.8231782913208,3.133781671524048,0.0,34.51228503115397,23040.0
-7.372625827789307,-10.60454273223877,3.2319142818450928,0.0,78.01890567580557,23040.0
-7.785322189331055,-10.92278003692627,3.137455940246582,0.0,15.852978395292498,23040.0
-7.516113758087158,-10.64098072052002,3.124865770339966,0.0,49.39476028796543,23040.0
-7.790725231170654,-10.942055702209473,3.1513304710388184,0.0,16.142574684728412,23040.0
-7.6831746101379395,-10.853615760803223,3.1704423427581787,0.0,43.655051823162744,23040.0
-7.751842021942139,-10.92343807220459,3.1715962886810303,0.0,22.915192513621783,23040.0
-7.74248743057251,-10.922049522399902,3.1795623302459717,0.0,29.932106889133777,23040.0
-7.813825607299805,-11.033084869384766,3.219259023666382,0.0,26.202083041522382,23040.0
-7.762814521789551,-10.996478080749512,3.2336649894714355,0.0,34.57397964306184,23040.0
-7.712380409240723,-10.916768074035645,3.2043848037719727,0.0,52.728868828857934,23040.0
-7.801187992095947,-11.0892972946167,3.2881085872650146,0.0,25.598778673658526,23040.0
-7.793689727783203,-11.09277057647705,3.2990777492523193,0.0,24.871415147083198,23040.0
-7.897625923156738,-11.13839340209961,3.240764617919922,0.0,16.199369688553947,23040.0
-7.959320545196533,-11.185688972473145,3.2263641357421875,0.0,28.633509638602668,23040.0
-7.955616474151611,-11.202738761901855,3.2471208572387695,0.0,30.424104738701345,23040.0
-7.952544689178467,-11.234993934631348,3.2824504375457764,0.0,13.658118815656904,23040.0
-7.811163902282715,-11.129958152770996,3.3187947273254395,0.0,30.31154250786115,23040.0
-8.02508544921875,-11.307061195373535,3.281973361968994,0.0,24.85722967372242,23040.0
-7.834474086761475,-11.20152473449707,3.367048501968384,0.0,49.55503083571395,23040.0
-7.782954216003418,-11.059226036071777,3.2762694358825684,0.0,63.39953982144461,23040.0
-7.943224906921387,-11.28683090209961,3.343606948852539,0.0,46.267088256327696,23040.0
-7.90399694442749,-11.247118949890137,3.3431193828582764,0.0,38.38512184269589,23040.0
-7.868008613586426,-11.238747596740723,3.370739459991455,0.0,22.145492197237928,23040.0
-7.965871810913086,-11.268921852111816,3.3030481338500977,0.0,24.958405917147413,23040.0
-7.906355857849121,-11.275345802307129,3.368990659713745,0.0,33.623606734238756,23040.0
-7.921953201293945,-11.28658676147461,3.364637613296509,0.0,32.83647467632301,23040.0
-7.979978561401367,-11.287284851074219,3.3073062896728516,0.0,27.56374380865646,23040.0
-7.994064807891846,-11.37363052368164,3.3795650005340576,0.0,15.145251964722652,23040.0
-8.013055801391602,-11.348264694213867,3.335212469100952,0.0,31.526557526742245,23040.0
-7.975751876831055,-11.294029235839844,3.318281650543213,0.0,45.459673288892624,23040.0
-7.975638389587402,-11.329585075378418,3.353947639465332,0.0,37.202785857567925,23040.0
-8.096040725708008,-11.429430961608887,3.3333871364593506,0.0,18.11538108038347,23040.0
-8.08283519744873,-11.399019241333008,3.3161840438842773,0.0,27.442273746323036,23040.0
-8.02983283996582,-11.384149551391602,3.3543169498443604,0.0,36.324850688562684,23040.0
-8.128539085388184,-11.429350852966309,3.3008131980895996,0.0,25.833998849916792,23040.0
-8.041385650634766,-11.385751724243164,3.3443660736083984,0.0,22.31036100205276,23040.0
-7.918371677398682,-11.29671573638916,3.378342390060425,0.0,57.55123674818975,23040.0
-7.777493476867676,-11.079137802124023,3.301647186279297,0.0,75.91772675301947,23040.0
-8.021778106689453,-11.393856048583984,3.372076988220215,0.0,26.29168626938391,23040.0
-7.894367694854736,-11.24838638305664,3.354017734527588,0.0,78.04287612739438,23040.0
-7.418084144592285,-10.759376525878906,3.3412907123565674,0.0,104.5931199021932,23040.0
-8.113604545593262,-11.448688507080078,3.335088014602661,0.0,36.931413670588505,23040.0
-7.871821880340576,-11.281794548034668,3.409972906112671,0.0,69.86023763142263,23040.0
-7.744290351867676,-11.059940338134766,3.3156487941741943,0.0,74.86027796195182,23040.0
-8.094603538513184,-11.384345054626465,3.289742946624756,0.0,25.592434259506916,23040.0
-7.704021453857422,-11.075969696044922,3.371952533721924,0.0,91.5276555598793,23040.0
-7.9547119140625,-11.252264976501465,3.2975566387176514,0.0,52.285348766280194,23040.0
-8.093979835510254,-11.32024097442627,3.2262628078460693,0.0,45.653088830063425,23040.0
-7.740084648132324,-11.106461524963379,3.3663761615753174,0.0,70.19708042022907,23040.0
-8.216537475585938,-11.454197883605957,3.237661123275757,0.0,14.63685010103604,23040.0
-7.9080328941345215,-11.13909912109375,3.2310688495635986,0.0,58.81125606993522,23040.0
-8.092286109924316,-11.388251304626465,3.2959673404693604,0.0,26.558556552877683,23040.0
-7.797581195831299,-11.148298263549805,3.3507189750671387,0.0,62.741613793339155,23040.0
-7.876562595367432,-11.123631477355957,3.247068166732788,0.0,63.37794019479593,23040.0
-8.11550521850586,-11.344342231750488,3.228837728500366,0.0,31.933889778677898,23040.0
-8.055731773376465,-11.383506774902344,3.32777738571167,0.0,60.65403011118045,23040.0
-8.248456001281738,-11.535985946655273,3.287526845932007,0.0,18.60458788122697,23040.0
-8.14631175994873,-11.435274124145508,3.288957118988037,0.0,33.71327095030174,23040.0
-8.175392150878906,-11.52234172821045,3.346949577331543,0.0,9.750719344663297,23040.0
-8.156646728515625,-11.501152992248535,3.3445041179656982,0.0,44.13579339507191,23040.0
-8.095890045166016,-11.464590072631836,3.3686978816986084,0.0,33.48206942670465,23040.0
-8.167315483093262,-11.517951011657715,3.350635051727295,0.0,28.300329486851577,23040.0
-8.250444412231445,-11.59662914276123,3.346186637878418,0.0,54.59493167928866,23040.0
-8.194028854370117,-11.562795639038086,3.368765354156494,0.0,28.457979408062467,23040.0
-8.272102355957031,-11.637938499450684,3.3658366203308105,0.0,29.906274316675766,23040.0
-8.191911697387695,-11.611367225646973,3.4194552898406982,0.0,48.63397922257656,23040.0
-8.043004989624023,-11.469770431518555,3.4267663955688477,0.0,55.01052352817858,23040.0
-8.132784843444824,-11.550179481506348,3.4173946380615234,0.0,67.54618579887705,23040.0
-8.0282621383667,-11.428951263427734,3.4006893634796143,0.0,72.41859015281914,23040.0
-8.192131996154785,-11.610904693603516,3.4187703132629395,0.0,66.1663869146112,23040.0
-8.396302223205566,-11.763139724731445,3.3668372631073,0.0,23.30280091064214,23040.0
-8.248808860778809,-11.669012069702148,3.420206069946289,0.0,59.91005569960624,23040.0
-7.670379638671875,-11.16612434387207,3.495744466781616,0.0,125.60930852775815,23040.0
-7.334212303161621,-10.732207298278809,3.397991895675659,0.0,126.78814297137805,23040.0
-8.148978233337402,-11.5346040725708,3.3856258392333984,0.0,30.10430236784002,23040.0
-7.277248859405518,-10.704306602478027,3.4270551204681396,0.0,156.82940172403752,23040.0
-7.442799091339111,-10.753479957580566,3.3106801509857178,0.0,114.86710549356707,23040.0
-7.971930503845215,-11.291271209716797,3.319340944290161,0.0,62.33253780075977,23040.0
-7.420902729034424,-10.80858325958252,3.3876793384552,0.0,122.23942516558068,23040.0
-8.10282039642334,-11.41010570526123,3.3072845935821533,0.0,18.274603812894142,23040.0
-7.8276143074035645,-10.988481521606445,3.160867929458618,0.0,78.09952026839363,23040.0
-8.133363723754883,-11.35887336730957,3.2255072593688965,0.0,24.750423659259635,23040.0
-8.08187198638916,-11.254952430725098,3.1730782985687256,0.0,67.72456451862814,23040.0
-8.173498153686523,-11.380518913269043,3.207014560699463,0.0,11.869054940030013,23040.0
-8.156676292419434,-11.280540466308594,3.123863697052002,0.0,55.0996276803271,23040.0
-8.253150939941406,-11.422491073608398,3.1693413257598877,0.0,21.478132940037185,23040.0
-8.01254653930664,-11.231054306030273,3.2185075283050537,0.0,53.089994689063076,23040.0
-8.168404579162598,-11.35785961151123,3.189457893371582,0.0,30.406303216289817,23040.0
-8.051880836486816,-11.142868995666504,3.0909905433654785,0.0,61.83519379836055,23040.0
-8.31928825378418,-11.429851531982422,3.110565185546875,0.0,37.435404969951726,23040.0
-8.049278259277344,-11.311502456665039,3.262223243713379,0.0,55.52161624683363,23040.0
-8.231451034545898,-11.42534065246582,3.1938867568969727,0.0,43.79575174562912,23040.0
-8.22372817993164,-11.438348770141602,3.2146174907684326,0.0,40.58406318600979,23040.0
-8.083008766174316,-11.401997566223145,3.318988800048828,0.0,66.48144130967808,23040.0
-8.27773380279541,-11.55250072479248,3.274768114089966,0.0,28.051338070934946,23040.0
-8.29330062866211,-11.53860092163086,3.24530291557312,0.0,54.99917468764688,23040.0
-8.34138011932373,-11.666481018066406,3.3250975608825684,0.0,25.684004280554344,23040.0
-8.194663047790527,-11.605998039245605,3.4113337993621826,0.0,54.90555755501346,23040.0
-8.27989387512207,-11.63340950012207,3.353518009185791,0.0,37.44989614981721,23040.0
-8.256689071655273,-11.657461166381836,3.400773525238037,0.0,40.65849168656008,23040.0
-8.03018569946289,-11.49351692199707,3.4633305072784424,0.0,74.43090743759785,23040.0
-8.400127410888672,-11.75301742553711,3.3528892993927,0.0,25.30176562319319,23040.0
-8.092619895935059,-11.462989807128906,3.3703699111938477,0.0,65.37528589088294,23040.0
-8.388114929199219,-11.791497230529785,3.403376579284668,0.0,33.8686898648161,23040.0
-8.359548568725586,-11.732881546020508,3.3733325004577637,0.0,45.952955521201524,23040.0
-8.166768074035645,-11.625794410705566,3.4590258598327637,0.0,49.48885250483341,23040.0
-8.188642501831055,-11.672957420349121,3.4843130111694336,0.0,62.14016400830159,23040.0
-8.063244819641113,-11.562840461730957,3.4995944499969482,0.0,85.8214312195655,23040.0
-8.052397727966309,-11.475014686584473,3.422614574432373,0.0,74.60292178912191,23040.0
-8.230024337768555,-11.616140365600586,3.386115550994873,0.0,68.70554894766092,23040.0
-8.046756744384766,-11.50831127166748,3.461552143096924,0.0,102.71482718100471,23040.0
-8.23792839050293,-11.653834342956543,3.4159088134765625,0.0,53.25130990204698,23040.0
-8.163835525512695,-11.555647850036621,3.3918142318725586,0.0,73.86356422676705,23040.0
-8.029540061950684,-11.528571128845215,3.4990298748016357,0.0,83.21167347474365,23040.0
-8.180524826049805,-11.57176399230957,3.3912384510040283,0.0,61.6132474532368,23040.0
-8.092056274414062,-11.42635726928711,3.334301710128784,0.0,67.21063967000403,23040.0
-8.186423301696777,-11.543119430541992,3.356693744659424,0.0,70.96814878558858,23040.0
-8.312541007995605,-11.675450325012207,3.362908363342285,0.0,46.68158307524072,23040.0
-8.15172290802002,-11.405765533447266,3.254040241241455,0.0,63.964819043667596,23040.0
-8.372788429260254,-11.686116218566895,3.31333065032959,0.0,26.94560433932364,23040.0
-7.980006217956543,-11.34509563446045,3.3650882244110107,0.0,90.85626934098678,23040.0
-8.326083183288574,-11.710577011108398,3.3844916820526123,0.0,29.93256830644723,23040.0
-8.057247161865234,-11.327351570129395,3.2701005935668945,0.0,69.25324855567156,23040.0
-8.279687881469727,-11.5904541015625,3.3107669353485107,0.0,34.48688540950713,23040.0
-8.116698265075684,-11.491802215576172,3.375105142593384,0.0,68.7046696335942,23040.0
-8.197416305541992,-11.529691696166992,3.332275629043579,0.0,37.332444022083465,23040.0
-8.305123329162598,-11.572663307189941,3.267537832260132,0.0,49.92402486873004,23040.0
-8.239645957946777,-11.571173667907715,3.331526279449463,0.0,63.8480439975598,23040.0
-8.27927017211914,-11.606518745422363,3.3272480964660645,0.0,47.153562922865476,23040.0
-8.40322494506836,-11.618330001831055,3.215099811553955,0.0,43.14221241150324,23040.0
-8.335664749145508,-11.637163162231445,3.301499128341675,0.0,43.33826084018015,23040.0
-8.483329772949219,-11.788286209106445,3.304955005645752,0.0,38.01812105154168,23040.0
-8.421866416931152,-11.755403518676758,3.3335344791412354,0.0,35.77154970685952,23040.0
-8.435958862304688,-11.772351264953613,3.3363935947418213,0.0,31.66035003540622,23040.0
-8.40160083770752,-11.771718978881836,3.3701162338256836,0.0,43.47234334693629,23040.0
-8.48267650604248,-11.891631126403809,3.4089555740356445,0.0,19.891795696905323,23040.0
-8.384033203125,-11.81143569946289,3.427403688430786,0.0,48.38186664681052,23040.0
-8.51085090637207,-11.872419357299805,3.361570119857788,0.0,28.181049245429396,23040.0
-8.537980079650879,-11.885719299316406,3.3477373123168945,0.0,30.417035624473865,23040.0
-8.638776779174805,-12.012639999389648,3.3738620281219482,0.0,37.175642317603035,23040.0
-8.47490406036377,-11.893978118896484,3.419076442718506,0.0,30.735210577446292,23040.0
-8.419260025024414,-11.933295249938965,3.5140342712402344,0.0,26.831857973391667,23040.0
-8.31884479522705,-11.888630867004395,3.569784164428711,0.0,49.25044061232384,23040.0
-8.3231201171875,-11.810296058654785,3.4871740341186523,0.0,56.45105237142207,23040.0
-8.425493240356445,-11.894909858703613,3.4694182872772217,0.0,54.10434527092942,23040.0
-8.619998931884766,-12.043890953063965,3.4238929748535156,0.0,24.38499946651768,23040.0
-8.490789413452148,-12.040363311767578,3.549572706222534,0.0,38.54960011446151,23040.0
-8.454145431518555,-11.969151496887207,3.5150084495544434,0.0,48.47769346533442,23040.0
-8.322043418884277,-11.952875137329102,3.630833864212036,0.0,62.364879566961605,23040.0
-8.534927368164062,-12.055625915527344,3.5207014083862305,0.0,53.513983501923796,23040.0
-8.295828819274902,-11.872681617736816,3.576852798461914,0.0,67.63205654670205,23040.0
-8.41767692565918,-11.970563888549805,3.552886724472046,0.0,61.40562212603375,23040.0
-8.48178768157959,-12.049412727355957,3.5676283836364746,0.0,28.42035440500924,23040.0
-8.423955917358398,-11.887642860412598,3.4636902809143066,0.0,69.61099188027903,23040.0
-8.379840850830078,-11.965973854064941,3.5861310958862305,0.0,51.56150241213689,23040.0
-8.537679672241211,-12.067228317260742,3.529548168182373,0.0,35.470289908544835,23040.0
-8.50454044342041,-12.005178451538086,3.5006392002105713,0.0,50.2004433017443,23040.0
-8.58671760559082,-12.075783729553223,3.4890716075897217,0.0,35.61307407340246,23040.0
-8.453598022460938,-11.999406814575195,3.5458099842071533,0.0,44.387039977287586,23040.0
-8.389276504516602,-11.876383781433105,3.487107753753662,0.0,64.7729067550942,23040.0
-8.570144653320312,-12.06818962097168,3.4980483055114746,0.0,32.28838987248541,23040.0
-8.156219482421875,-11.7444486618042,3.5882294178009033,0.0,108.26697424470791,23040.0
-8.444270133972168,-11.900293350219727,3.4560203552246094,0.0,71.05706398145583,23040.0
-8.262823104858398,-11.680018424987793,3.4171931743621826,0.0,89.8335472662828,23040.0
-8.144440650939941,-11.740391731262207,3.595952033996582,0.0,104.94179417132709,23040.0
-8.423378944396973,-11.916362762451172,3.4929826259613037,0.0,48.673360232437815,23040.0
-8.13277530670166,-11.600214004516602,3.467440128326416,0.0,96.25702647455364,23040.0
-8.48780345916748,-11.978132247924805,3.490328073501587,0.0,58.079674602051185,23040.0
-8.183207511901855,-11.720417976379395,3.53721284866333,0.0,103.76130956541056,23040.0
-8.189200401306152,-11.62430191040039,3.435098648071289,0.0,85.17620233395225,23040.0
-8.180316925048828,-11.62563705444336,3.445319890975952,0.0,78.43345837388064,23040.0
-8.18067741394043,-11.649015426635742,3.468334913253784,0.0,98.28875528653334,23040.0
-8.42112922668457,-11.814825057983398,3.3936922550201416,0.0,60.39738724650322,23040.0
-8.205801963806152,-11.540871620178223,3.3350679874420166,0.0,90.08577087918258,23040.0
-8.395282745361328,-11.823019981384277,3.4277381896972656,0.0,62.04306009099037,23040.0
-8.02357292175293,-11.455547332763672,3.4319722652435303,0.0,107.09606467585338,23040.0
-7.893895626068115,-11.24506664276123,3.3511698246002197,0.0,97.2697679957995,23040.0
-8.060850143432617,-11.37535285949707,3.314502716064453,0.0,92.71550749443942,23040.0
-7.610943794250488,-11.093323707580566,3.4823782444000244,0.0,145.69598526877178,23040.0
-7.908721923828125,-11.2527494430542,3.3440284729003906,0.0,100.1678102509259,23040.0
-7.77423095703125,-10.976713180541992,3.2024834156036377,0.0,106.86332615925656,23040.0
-7.377647399902344,-10.619711875915527,3.2420670986175537,0.0,123.41171711465519,23040.0
-8.085583686828613,-11.351787567138672,3.2662038803100586,0.0,93.24407493398918,23040.0
-7.508080959320068,-10.802274703979492,3.2941956520080566,0.0,138.63702594851802,23040.0
-7.932006359100342,-11.088449478149414,3.1564416885375977,0.0,87.81927303516835,23040.0
-7.262732028961182,-10.409643173217773,3.1469125747680664,0.0,117.50953240137345,23040.0
-7.890026092529297,-11.101227760314941,3.2112011909484863,0.0,87.1533180389096,23040.0
-6.589400768280029,-9.976491928100586,3.3870911598205566,0.0,176.93957732941573,23040.0
-7.200160026550293,-10.468650817871094,3.268493413925171,0.0,107.5603890898023,23040.0
-7.60680627822876,-10.690949440002441,3.0841400623321533,0.0,77.91480484631829,23040.0
-7.174718379974365,-10.230530738830566,3.05580997467041,0.0,101.32333319373771,23040.0
-6.2293829917907715,-9.271262168884277,3.041882276535034,0.0,113.89942570575958,23040.0
-7.5818867683410645,-10.5223970413208,2.940511703491211,0.0,90.17844819373782,23040.0
-7.340563774108887,-10.312581062316895,2.972015380859375,0.0,68.92921748416268,23040.0
-7.444005489349365,-10.397623062133789,2.9536190032958984,0.0,86.9207072188614,23040.0
-7.139786243438721,-10.15694808959961,3.0171639919281006,0.0,68.72965561208322,23040.0
-7.570011615753174,-10.629297256469727,3.0592892169952393,0.0,56.0159904711708,23040.0
-7.413586616516113,-10.515299797058105,3.1017110347747803,0.0,73.68913332816398,23040.0
-7.162179946899414,-10.312010765075684,3.149827718734741,0.0,63.72801724611797,23040.0
-7.297347545623779,-10.376531600952148,3.079183578491211,0.0,48.797414567115986,23040.0
-7.429312705993652,-10.422246932983398,2.9929349422454834,0.0,50.656755216402885,23040.0
-7.605754852294922,-10.585280418395996,2.9795284271240234,0.0,48.35727808985066,23040.0
-7.590590476989746,-10.59164047241211,3.001051187515259,0.0,48.70417694472458,23040.0
-7.822427749633789,-10.777256965637207,2.9548285007476807,0.0,39.30327527449238,23040.0
-7.756461143493652,-10.69205093383789,2.935593605041504,0.0,43.37752966239759,23040.0
-7.676692008972168,-10.635929107666016,2.9592316150665283,0.0,39.69458455913821,23040.0
-7.930437088012695,-10.906204223632812,2.9757673740386963,0.0,35.42494693563405,23040.0
-7.748434066772461,-10.78970718383789,3.0412750244140625,0.0,62.364118732280545,23040.0
-7.998324394226074,-11.042295455932617,3.04396915435791,0.0,31.800897371775235,23040.0
-8.026111602783203,-11.063231468200684,3.0371198654174805,0.0,48.56943140418698,23040.0
-8.014575958251953,-11.180566787719727,3.1659955978393555,0.0,33.22884179789048,23040.0
-7.754074573516846,-11.031397819519043,3.27732515335083,0.0,57.2558654554368,23040.0
-8.074685096740723,-11.265031814575195,3.1903486251831055,0.0,37.29967618986234,23040.0
-8.075481414794922,-11.235979080200195,3.160494089126587,0.0,44.475250057017995,23040.0
-8.207953453063965,-11.413969993591309,3.2060184478759766,0.0,39.674495367568724,23040.0
-8.278221130371094,-11.505863189697266,3.2276391983032227,0.0,32.41740277501102,23040.0
-8.143110275268555,-11.397878646850586,3.2547669410705566,0.0,30.02381023036106,23040.0
-8.254416465759277,-11.481477737426758,3.227062702178955,0.0,29.64899787536952,23040.0
-8.252608299255371,-11.534927368164062,3.282318353652954,0.0,30.887397273202218,23040.0
-8.348803520202637,-11.670063018798828,3.3212575912475586,0.0,28.022574119884712,23040.0
-8.406657218933105,-11.719584465026855,3.3129281997680664,0.0,34.08391872548273,23040.0
-8.410815238952637,-11.733234405517578,3.322417974472046,0.0,42.732457629321395,23040.0
-8.299510955810547,-11.66139030456543,3.36187744140625,0.0,46.89212970701965,23040.0
-8.417859077453613,-11.842461585998535,3.4245996475219727,0.0,35.61369243053448,23040.0
-8.311609268188477,-11.77120590209961,3.4595961570739746,0.0,47.654147135758436,23040.0
-8.230520248413086,-11.584244728088379,3.35372257232666,0.0,63.07082846699077,23040.0
-8.495811462402344,-11.919967651367188,3.424154758453369,0.0,29.54478794514112,23040.0
-8.33549976348877,-11.822091102600098,3.4865877628326416,0.0,63.40266227805363,23040.0
-8.227548599243164,-11.599960327148438,3.3724138736724854,0.0,76.84277637215466,23040.0
-8.454021453857422,-11.944738388061523,3.4907171726226807,0.0,22.253919173806327,23040.0
-8.001598358154297,-11.592621803283691,3.591024875640869,0.0,87.54254723570013,23040.0
-8.344079971313477,-11.783025741577148,3.4389448165893555,0.0,64.30656601536433,23040.0
-8.351567268371582,-11.817374229431152,3.4658076763153076,0.0,37.52892384059422,23040.0
-8.121241569519043,-11.680468559265137,3.559227466583252,0.0,91.43542141468372,23040.0
-8.534615516662598,-12.002811431884766,3.4681968688964844,0.0,41.8524297361572,23040.0
-8.263982772827148,-11.722887992858887,3.458907127380371,0.0,68.92103257052665,23040.0
-8.373846054077148,-11.913415908813477,3.539569139480591,0.0,66.54829173145973,23040.0
-8.099873542785645,-11.69701099395752,3.5971381664276123,0.0,105.87270896258426,23040.0
-7.64508056640625,-11.072565078735352,3.4274885654449463,0.0,105.61550783146569,23040.0
-8.409867286682129,-11.834202766418457,3.4243338108062744,0.0,70.69364321895753,23040.0
-7.648244857788086,-11.283023834228516,3.6347765922546387,0.0,146.42176720742333,23040.0
-8.251116752624512,-11.659960746765137,3.4088447093963623,0.0,82.29124002682752,23040.0
-7.754130840301514,-11.118013381958008,3.3638830184936523,0.0,104.65057529619638,23040.0
-8.287704467773438,-11.788514137268066,3.50080943107605,0.0,82.93076347100045,23040.0
-7.297591686248779,-10.916362762451172,3.6187729835510254,0.0,176.85260453691612,23040.0
-6.996896743774414,-10.381057739257812,3.3841583728790283,0.0,120.00149055906206,23040.0
-6.911868572235107,-10.21896743774414,3.3070969581604004,0.0,119.28228550920315,23040.0
-8.17247200012207,-11.587525367736816,3.4150521755218506,0.0,85.86636852825629,23040.0
-6.532150745391846,-10.12433910369873,3.5921897888183594,0.0,212.97569492284595,23040.0
-7.842844009399414,-11.152505874633789,3.3096611499786377,0.0,79.4441699234789,23040.0
-7.070511341094971,-10.291146278381348,3.220632314682007,0.0,104.0009394150125,23040.0
-7.066033363342285,-10.48503589630127,3.419001340866089,0.0,220.55802807092368,23040.0
-7.602149963378906,-10.731389045715332,3.1292386054992676,0.0,81.00556185302,23040.0
-7.893553256988525,-11.035361289978027,3.1418073177337646,0.0,65.610449382597,23040.0
-7.85024356842041,-11.134611129760742,3.2843685150146484,0.0,80.25416948506641,23040.0
-7.92071008682251,-11.05125904083252,3.1305503845214844,0.0,82.32680708401456,23040.0
-7.885838508605957,-11.007485389709473,3.1216495037078857,0.0,50.47143504001773,23040.0
-7.765681266784668,-10.801937103271484,3.0362534523010254,0.0,68.21751915656458,23040.0
-8.03095817565918,-11.151988983154297,3.1210336685180664,0.0,50.07583844317467,23040.0
-8.115362167358398,-11.271920204162598,3.156555414199829,0.0,58.297133380587674,23040.0
-7.910200119018555,-11.152114868164062,3.2419145107269287,0.0,71.7983869049266,23040.0
-8.173136711120605,-11.350337028503418,3.177196502685547,0.0,43.340862438926244,23040.0
-8.200069427490234,-11.270902633666992,3.0708351135253906,0.0,55.54496028035003,23040.0
-8.097622871398926,-11.204113006591797,3.1064870357513428,0.0,48.84328781627894,23040.0
-8.143280982971191,-11.333755493164062,3.190469264984131,0.0,52.60143522586164,23040.0
-8.356183052062988,-11.551620483398438,3.1954345703125,0.0,54.89601985422244,23040.0
-8.187874794006348,-11.499053001403809,3.3111746311187744,0.0,58.61843529523368,23040.0
-8.37167739868164,-11.612455368041992,3.2407779693603516,0.0,49.62997494055164,23040.0
-8.415736198425293,-11.690093040466309,3.274360418319702,0.0,51.52877682576673,23040.0
-8.509190559387207,-11.853899002075195,3.3447048664093018,0.0,42.13905269825075,23040.0
-8.333414077758789,-11.753193855285645,3.4197847843170166,0.0,65.82699978409524,23040.0
-8.457667350769043,-11.840527534484863,3.3828625679016113,0.0,37.805324009812026,23040.0
-8.349265098571777,-11.744279861450195,3.3950161933898926,0.0,64.15426613121129,23040.0
-8.513640403747559,-12.014641761779785,3.500999689102173,0.0,26.838099167563957,23040.0
-8.36203384399414,-11.874735832214355,3.512702465057373,0.0,72.72338340578153,23040.0
-8.60680103302002,-12.087539672851562,3.480736255645752,0.0,28.86483543104703,23040.0
-8.49368953704834,-11.998616218566895,3.5049283504486084,0.0,57.77256284611289,23040.0
-8.741602897644043,-12.197243690490723,3.455641984939575,0.0,25.240110362560397,23040.0
-8.624722480773926,-12.144363403320312,3.5196380615234375,0.0,53.956225581675554,23040.0
-8.725377082824707,-12.218011856079102,3.4926414489746094,0.0,29.52731806403265,23040.0
-8.578206062316895,-12.10051441192627,3.522305965423584,0.0,52.651383143405916,23040.0
-8.693400382995605,-12.285685539245605,3.5922892093658447,0.0,27.727051418456586,23040.0
-8.608169555664062,-12.196112632751465,3.587949514389038,0.0,55.083988328250534,23040.0
-8.716156005859375,-12.260941505432129,3.5447888374328613,0.0,34.26213477431951,23040.0
-8.735485076904297,-12.281960487365723,3.5464766025543213,0.0,34.751618901615785,23040.0
-8.76121997833252,-12.342937469482422,3.581716537475586,0.0,37.73611095096373,23040.0
-8.637603759765625,-12.246761322021484,3.6091556549072266,0.0,54.62916217427547,23040.0
-8.605986595153809,-12.189176559448242,3.5831871032714844,0.0,56.64782486892649,23040.0
-8.625189781188965,-12.241411209106445,3.616217613220215,0.0,45.484587218085245,23040.0
-8.539983749389648,-12.205219268798828,3.665234088897705,0.0,70.70939140922042,23040.0
-8.795716285705566,-12.378170013427734,3.5824575424194336,0.0,41.23559071761917,23040.0
-8.501130104064941,-12.055620193481445,3.554490566253662,0.0,77.54927732347467,23040.0
-8.772199630737305,-12.333250999450684,3.5610554218292236,0.0,29.318812693449157,23040.0
-8.38603401184082,-12.09122085571289,3.7051873207092285,0.0,93.76308890823013,23040.0
-8.565144538879395,-12.194258689880371,3.629115104675293,0.0,58.07671263908281,23040.0
-8.534564018249512,-12.087717056274414,3.553156852722168,0.0,85.48847420129258,23040.0
-8.565454483032227,-12.198448181152344,3.632990837097168,0.0,86.70782944632417,23040.0
-8.045470237731934,-11.769181251525879,3.7237114906311035,0.0,122.59800110179762,23040.0
-7.849376201629639,-11.463696479797363,3.614316701889038,0.0,113.41252277539992,23040.0
-7.92868709564209,-11.450474739074707,3.521785259246826,0.0,115.2711519322069,23040.0
-8.20827865600586,-11.813277244567871,3.604996681213379,0.0,112.77785342050451,23040.0
-7.821868419647217,-11.462604522705078,3.6407365798950195,0.0,144.26764704465785,23040.0
-8.154255867004395,-11.547472953796387,3.393216609954834,0.0,103.55910802884145,23040.0
-7.500548839569092,-10.90294361114502,3.4023942947387695,0.0,129.05525684762543,23040.0
-8.464313507080078,-11.91911506652832,3.454803228378296,0.0,70.13862983110506,23040.0
-6.838325500488281,-10.489089965820312,3.6507670879364014,0.0,190.29561960301845,23040.0
-8.288530349731445,-11.678515434265137,3.389988422393799,0.0,65.52418898365156,23040.0
-7.1184773445129395,-10.40559196472168,3.287114143371582,0.0,126.06757953739539,23040.0
-7.80616569519043,-11.145101547241211,3.3389346599578857,0.0,83.0209413583523,23040.0
-7.520963668823242,-11.005578994750977,3.484612464904785,0.0,130.16025657974924,23040.0
-7.655545234680176,-11.067198753356934,3.4116530418395996,0.0,113.19948744404438,23040.0
-7.913748741149902,-11.053805351257324,3.1400539875030518,0.0,81.81552519968254,23040.0
-6.987591743469238,-10.22407341003418,3.236480474472046,0.0,110.86400894814896,23040.0
-7.610865116119385,-10.831329345703125,3.2204620838165283,0.0,85.54965643646452,23040.0
-7.906795978546143,-11.194363594055176,3.287569284439087,0.0,94.00940289589491,23040.0
-7.3838791847229,-10.742785453796387,3.35890531539917,0.0,125.22580274444722,23040.0
-7.803560256958008,-10.993842124938965,3.1902809143066406,0.0,77.3167716796015,23040.0
-7.89031457901001,-10.936689376831055,3.046372175216675,0.0,80.75259921946721,23040.0
-7.455716133117676,-10.584304809570312,3.1285924911499023,0.0,92.91881932788036,23040.0
-7.893927097320557,-10.984509468078613,3.0905799865722656,0.0,67.60475982416246,23040.0
-7.919876575469971,-11.093366622924805,3.1734917163848877,0.0,80.07436926307379,23040.0
-7.715060710906982,-10.921265602111816,3.2062032222747803,0.0,100.50937832959457,23040.0
-8.040677070617676,-11.069024085998535,3.0283453464508057,0.0,68.51918207389686,23040.0
-8.033105850219727,-11.039999961853027,3.0068907737731934,0.0,72.38159935430109,23040.0
-7.833189010620117,-10.888392448425293,3.055203676223755,0.0,86.47619442584303,23040.0
-7.95684289932251,-11.09864330291748,3.141798257827759,0.0,72.18703539416849,23040.0
-8.051362037658691,-11.22594928741455,3.174590826034546,0.0,90.36755010805605,23040.0
-7.821465969085693,-11.046432495117188,3.2249698638916016,0.0,97.32084405202785,23040.0
-7.975132942199707,-11.088279724121094,3.113147735595703,0.0,72.58124953650314,23040.0
-7.935140132904053,-11.005669593811035,3.070528268814087,0.0,76.41754573077985,23040.0
-8.002579689025879,-11.137388229370117,3.1348087787628174,0.0,80.38484711158901,23040.0
-8.096485137939453,-11.291967391967773,3.195479393005371,0.0,77.0336543251044,23040.0
-8.273561477661133,-11.492473602294922,3.2189104557037354,0.0,60.62316519937858,23040.0
-8.389605522155762,-11.60425853729248,3.214655637741089,0.0,65.58693614586129,23040.0
-8.234320640563965,-11.436346054077148,3.2020246982574463,0.0,66.3606256709931,23040.0
-8.29780101776123,-11.472908973693848,3.175105094909668,0.0,66.48995915590676,23040.0
-8.224350929260254,-11.49364948272705,3.269296646118164,0.0,63.82264801856621,23040.0
-8.216779708862305,-11.515033721923828,3.2982540130615234,0.0,70.86624585991409,23040.0
-8.198748588562012,-11.586008071899414,3.3872618675231934,0.0,83.84218981167946,23040.0
-8.313594818115234,-11.660078048706055,3.3464815616607666,0.0,70.15876439986549,23040.0
-8.174333572387695,-11.506820678710938,3.332486391067505,0.0,70.57624522805843,23040.0
-8.395262718200684,-11.67322063446045,3.277958869934082,0.0,63.36855857039555,23040.0
-8.391193389892578,-11.69282341003418,3.301631450653076,0.0,61.616078936822866,23040.0
-8.2546968460083,-11.64649772644043,3.391801595687866,0.0,88.21760205464936,23040.0
-8.449605941772461,-11.804826736450195,3.3552212715148926,0.0,71.45262997036214,23040.0
-8.356877326965332,-11.701062202453613,3.3441836833953857,0.0,68.93595158825194,23040.0
-8.358396530151367,-11.702244758605957,3.3438496589660645,0.0,62.815066581664404,23040.0
-8.571972846984863,-11.962958335876465,3.3909881114959717,0.0,51.2595494660203,23040.0
-8.216287612915039,-11.663761138916016,3.447474241256714,0.0,95.88703440595364,23040.0
-8.21462631225586,-11.57044792175293,3.3558197021484375,0.0,77.82713597659166,23040.0
-8.296263694763184,-11.64983081817627,3.353566884994507,0.0,77.56011828634445,23040.0
-8.431090354919434,-11.831061363220215,3.399970054626465,0.0,92.05887379868192,23040.0
-8.654973983764648,-12.048869132995605,3.3938934803009033,0.0,45.98130935162625,23040.0
-8.433524131774902,-11.862969398498535,3.429447650909424,0.0,63.414534034966195,23040.0
-8.49053955078125,-11.975187301635742,3.4846482276916504,0.0,56.35489505405749,23040.0
-8.589869499206543,-12.103986740112305,3.5141167640686035,0.0,49.362694207806314,23040.0
-8.683773040771484,-12.039055824279785,3.3552815914154053,0.0,46.2939842305169,23040.0
-8.579422950744629,-12.044395446777344,3.4649689197540283,0.0,38.88209629510047,23040.0
-8.672401428222656,-12.092095375061035,3.4196932315826416,0.0,36.635423063031865,23040.0
-8.633258819580078,-12.095902442932129,3.462639808654785,0.0,44.21460435442484,23040.0
-8.824625968933105,-12.260065078735352,3.4354376792907715,0.0,34.77399984193924,23040.0
-8.756560325622559,-12.176392555236816,3.4198310375213623,0.0,34.5698020991014,23040.0
-8.648346900939941,-12.171842575073242,3.523491144180298,0.0,30.365906285665325,23040.0
-8.684002876281738,-12.168990135192871,3.4849891662597656,0.0,33.652797342543735,23040.0
-8.721098899841309,-12.223893165588379,3.502790689468384,0.0,27.54183549595799,23040.0
-8.90925121307373,-12.357142448425293,3.4478955268859863,0.0,28.020366521024666,23040.0
-8.725594520568848,-12.256505966186523,3.5309133529663086,0.0,40.430312900778546,23040.0
-8.705429077148438,-12.244048118591309,3.538618326187134,0.0,43.864240016423985,23040.0
-8.880675315856934,-12.40277099609375,3.5220947265625,0.0,36.7889680978539,23040.0
-8.751484870910645,-12.363637924194336,3.6121559143066406,0.0,55.04400148809082,23040.0
-8.821846961975098,-12.43285083770752,3.6110005378723145,0.0,29.263606569938087,23040.0
-8.832047462463379,-12.386394500732422,3.554347515106201,0.0,34.69208337095532,23040.0
-8.96422004699707,-12.517704010009766,3.5534844398498535,0.0,26.301412837557763,23040.0
-8.739832878112793,-12.371752738952637,3.6319193840026855,0.0,38.583869753304114,23040.0
-8.885777473449707,-12.44811725616455,3.5623409748077393,0.0,41.40211768028669,23040.0
-8.795631408691406,-12.456356048583984,3.66072416305542,0.0,29.0563211441457,23040.0
-8.798609733581543,-12.493877410888672,3.695268154144287,0.0,41.84719872434304,23040.0
-8.8409423828125,-12.456437110900879,3.6154935359954834,0.0,29.968922307707274,23040.0
-8.973311424255371,-12.510231018066406,3.5369222164154053,0.0,37.212728434580406,23040.0
-8.828048706054688,-12.476858139038086,3.6488099098205566,0.0,43.408946361348704,23040.0
-8.932707786560059,-12.535747528076172,3.6030399799346924,0.0,30.88477819165172,23040.0
-8.783408164978027,-12.40101146697998,3.617602825164795,0.0,42.173567320223256,23040.0
-8.933541297912598,-12.555538177490234,3.6219980716705322,0.0,24.66942768999504,23040.0
-8.83035659790039,-12.523136138916016,3.6927812099456787,0.0,60.214853480990776,23040.0
-8.910608291625977,-12.575753211975098,3.6651411056518555,0.0,30.6954104559556,23040.0
-9.054670333862305,-12.653374671936035,3.5987069606781006,0.0,34.53434374065583,23040.0
-8.914875984191895,-12.546051979064941,3.6311731338500977,0.0,24.539350385056725,23040.0
-9.02129077911377,-12.638593673706055,3.617295980453491,0.0,27.84254805461018,23040.0
-8.992376327514648,-12.62230110168457,3.6299242973327637,0.0,19.990503511059643,23040.0
-8.941864967346191,-12.625243186950684,3.6833810806274414,0.0,48.638733663677016,23040.0
-8.97507381439209,-12.604181289672852,3.6291043758392334,0.0,34.223660725322496,23040.0
-8.889679908752441,-12.571167945861816,3.681487798690796,0.0,41.245373507870625,23040.0
-8.952445983886719,-12.66988754272461,3.7174384593963623,0.0,37.283865667679436,23040.0
-8.773955345153809,-12.542451858520508,3.7684946060180664,0.0,46.06202098562559,23040.0
-8.910829544067383,-12.578577041625977,3.6677463054656982,0.0,44.75489215542764,23040.0
-8.75520133972168,-12.45201587677002,3.6968140602111816,0.0,53.52612508530316,23040.0
-8.8734130859375,-12.595213890075684,3.721796989440918,0.0,58.98098893376482,23040.0
-8.77468490600586,-12.480453491210938,3.705766201019287,0.0,53.095371213577856,23040.0
-8.86194896697998,-12.524834632873535,3.662885904312134,0.0,47.49007521312778,23040.0
-8.809653282165527,-12.529464721679688,3.719810724258423,0.0,64.57771976441533,23040.0
-8.953927993774414,-12.636003494262695,3.682075023651123,0.0,61.97399456100784,23040.0
-8.820638656616211,-12.45298957824707,3.6323492527008057,0.0,69.47477414975162,23040.0
-8.929535865783691,-12.544524192810059,3.6149885654449463,0.0,54.58813799979957,23040.0
-8.501718521118164,-12.261207580566406,3.7594900131225586,0.0,100.70911828122847,23040.0
-8.79133415222168,-12.43181324005127,3.6404762268066406,0.0,85.87403225067041,23040.0
-8.745726585388184,-12.359195709228516,3.6134674549102783,0.0,84.43116318504579,23040.0
-8.813791275024414,-12.43382740020752,3.62003755569458,0.0,87.70244146690756,23040.0
-8.456659317016602,-12.173894882202148,3.7172350883483887,0.0,110.31690014119684,23040.0
-8.683755874633789,-12.30147933959961,3.617724657058716,0.0,92.62079597060371,23040.0
-8.22830581665039,-11.833229064941406,3.6049258708953857,0.0,113.36834460146073,23040.0
-8.763951301574707,-12.318130493164062,3.554180860519409,0.0,85.93263814804125,23040.0
-7.579371452331543,-11.379901885986328,3.800530433654785,0.0,190.70654941073212,23040.0
-8.386494636535645,-11.937156677246094,3.5506622791290283,0.0,107.65376721421335,23040.0
-7.684102535247803,-11.137384414672852,3.4532792568206787,0.0,138.8579616826236,23040.0
-8.719127655029297,-12.248788833618164,3.5296614170074463,0.0,80.52001662128616,23040.0
-7.091509819030762,-10.817700386047363,3.7261881828308105,0.0,200.38823103557294,23040.0
-8.461424827575684,-11.890527725219727,3.429097890853882,0.0,78.48068906179498,23040.0
-7.869967460632324,-11.249058723449707,3.379091501235962,0.0,109.98063156706854,23040.0
-8.328587532043457,-11.743895530700684,3.415313482284546,0.0,86.27294097992898,23040.0
-8.500347137451172,-11.896753311157227,3.3964054584503174,0.0,85.95266655446457,23040.0
-8.183581352233887,-11.553305625915527,3.3697218894958496,0.0,87.03511113224155,23040.0
-8.517844200134277,-11.809521675109863,3.291675567626953,0.0,66.40489323728792,23040.0
-8.415884017944336,-11.753957748413086,3.3380696773529053,0.0,96.84818404668925,23040.0
-8.714700698852539,-11.982887268066406,3.2681844234466553,0.0,36.034831485423595,23040.0
-8.531936645507812,-11.77078628540039,3.238849639892578,0.0,71.86135525324545,23040.0
-8.673807144165039,-12.010282516479492,3.336475372314453,0.0,34.96902299959548,23040.0
-8.464594841003418,-11.807585716247559,3.3429884910583496,0.0,80.23415825340821,23040.0
-8.774040222167969,-12.0745210647583,3.3004798889160156,0.0,54.394814513401975,23040.0
-8.627655029296875,-11.887479782104492,3.2598235607147217,0.0,55.24359883107631,23040.0
-8.66966438293457,-11.957062721252441,3.287400722503662,0.0,56.29588463429862,23040.0
-8.666898727416992,-12.025816917419434,3.358919382095337,0.0,62.79405871349292,23040.0
-8.832182884216309,-12.154624938964844,3.322442054748535,0.0,52.43115121377334,23040.0
-8.919988632202148,-12.247224807739258,3.3272345066070557,0.0,37.327317000324264,23040.0
-8.879034042358398,-12.24526596069336,3.366234064102173,0.0,44.81958646947022,23040.0
-8.827454566955566,-12.291606903076172,3.4641549587249756,0.0,39.23476788319579,23040.0
-8.90021800994873,-12.344931602478027,3.4447124004364014,0.0,40.60634008986891,23040.0
-9.003292083740234,-12.44262981414795,3.439338445663452,0.0,35.09521390583987,23040.0
-8.99197006225586,-12.545997619628906,3.554028034210205,0.0,34.07587580581053,23040.0
-9.080081939697266,-12.651077270507812,3.5709943771362305,0.0,23.21362132687197,23040.0
-8.966043472290039,-12.52037525177002,3.5543301105499268,0.0,32.31479384484466,23040.0
-8.91126537322998,-12.501914978027344,3.590648651123047,0.0,35.66584236155598,23040.0
-8.917632102966309,-12.57090950012207,3.6532812118530273,0.0,33.30471175435563,23040.0
-9.051629066467285,-12.736257553100586,3.684629201889038,0.0,29.502214129595124,23040.0
-8.977840423583984,-12.63960075378418,3.661759376525879,0.0,50.40438006859687,23040.0
-8.99036979675293,-12.668828964233398,3.678461790084839,0.0,21.079850483940806,23040.0
-9.000625610351562,-12.62600326538086,3.625378131866455,0.0,42.30278573506296,23040.0
-9.086421012878418,-12.734269142150879,3.6478466987609863,0.0,39.62705713445332,23040.0
-8.825764656066895,-12.580595016479492,3.7548303604125977,0.0,53.09804771092814,23040.0
-9.022839546203613,-12.703513145446777,3.680680990219116,0.0,39.80989113631406,23040.0
-8.988739013671875,-12.675134658813477,3.6863951683044434,0.0,42.94552267516419,23040.0
-8.99648666381836,-12.735899925231934,3.7394113540649414,0.0,35.674076243319014,23040.0
-9.021269798278809,-12.76089096069336,3.7396202087402344,0.0,43.57050336506226,23040.0
-8.876057624816895,-12.630522727966309,3.7544641494750977,0.0,42.142662022214175,23040.0
-9.097162246704102,-12.797212600708008,3.7000508308410645,0.0,41.017652878214086,23040.0
-8.860564231872559,-12.661090850830078,3.8005261421203613,0.0,77.27468101030387,23040.0
-8.787750244140625,-12.506242752075195,3.718496322631836,0.0,82.22516055012876,23040.0
-8.997345924377441,-12.757102012634277,3.7597553730010986,0.0,41.08101342210343,23040.0
-8.880496978759766,-12.669112205505371,3.788616895675659,0.0,88.75493200401579,23040.0
-8.96284294128418,-12.726608276367188,3.763763427734375,0.0,65.59889557773944,23040.0
-8.843624114990234,-12.507201194763184,3.663576602935791,0.0,71.56151570605792,23040.0
-8.837868690490723,-12.581160545349121,3.7432916164398193,0.0,67.44363516886261,23040.0
-8.755136489868164,-12.46917724609375,3.7140390872955322,0.0,85.63449383664721,23040.0
-8.966032981872559,-12.607295989990234,3.6412627696990967,0.0,60.670968626035304,23040.0
-8.751970291137695,-12.435874938964844,3.683906078338623,0.0,70.55275598003372,23040.0
-8.852235794067383,-12.635815620422363,3.7835824489593506,0.0,69.25157899906165,23040.0
-8.865110397338867,-12.564428329467773,3.6993165016174316,0.0,77.10518942573256,23040.0
-8.843928337097168,-12.481338500976562,3.6374056339263916,0.0,80.9467217097428,23040.0
-9.103776931762695,-12.77290153503418,3.6691250801086426,0.0,57.46377902154492,23040.0
-8.709426879882812,-12.475127220153809,3.765699625015259,0.0,91.54782692643047,23040.0
-8.731990814208984,-12.394408226013184,3.6624159812927246,0.0,84.91926323107658,23040.0
-8.798849105834961,-12.469844818115234,3.670992136001587,0.0,68.80073005732505,23040.0
-8.655316352844238,-12.419346809387207,3.7640316486358643,0.0,105.82315731576708,23040.0
-8.85239028930664,-12.51166820526123,3.6592767238616943,0.0,68.80357343869862,23040.0
-8.814722061157227,-12.3631591796875,3.548436403274536,0.0,78.70221557258468,23040.0
-8.978694915771484,-12.54938793182373,3.5706942081451416,0.0,65.66585374154995,23040.0
-8.805573463439941,-12.501043319702148,3.6954705715179443,0.0,77.4180793327386,23040.0
-8.995804786682129,-12.507760047912598,3.511955738067627,0.0,67.89598733266534,23040.0
-8.891629219055176,-12.535112380981445,3.643484115600586,0.0,57.86995498249219,23040.0
-8.826576232910156,-12.458585739135742,3.6320135593414307,0.0,89.01502920523167,23040.0
-9.052756309509277,-12.695990562438965,3.6432316303253174,0.0,31.795555578195355,23040.0
-8.845428466796875,-12.454724311828613,3.609294891357422,0.0,75.95952634717031,23040.0
-8.984345436096191,-12.668087005615234,3.6837422847747803,0.0,47.173740712917876,23040.0
-8.883590698242188,-12.575034141540527,3.6914401054382324,0.0,88.04431112117888,23040.0
-8.848684310913086,-12.451729774475098,3.6030452251434326,0.0,82.51188220094913,23040.0
-8.758421897888184,-12.35882568359375,3.6004035472869873,0.0,86.14268597936436,23040.0
-8.533191680908203,-12.3297758102417,3.796584129333496,0.0,120.42661848573057,23040.0
-8.651342391967773,-12.418441772460938,3.767099380493164,0.0,107.50035616805367,23040.0
-8.47339916229248,-12.065776824951172,3.592374086380005,0.0,104.50092813099464,23040.0
-8.63376235961914,-12.240938186645508,3.607177495956421,0.0,82.31785407411347,23040.0
-8.202510833740234,-11.956260681152344,3.753748893737793,0.0,171.776823158902,23040.0
-8.93946361541748,-12.566387176513672,3.6269257068634033,0.0,60.10193182682338,23040.0
-8.742935180664062,-12.343955039978027,3.601022720336914,0.0,99.58650220038346,23040.0
-8.994461059570312,-12.602648735046387,3.608189105987549,0.0,54.63468445990786,23040.0
-8.872310638427734,-12.528833389282227,3.6565215587615967,0.0,95.28420757022941,23040.0
-8.841581344604492,-12.391241073608398,3.5496602058410645,0.0,75.89434648393238,23040.0
-8.918295860290527,-12.484294891357422,3.5660014152526855,0.0,72.70723754866914,23040.0
-8.847978591918945,-12.504121780395508,3.656135082244873,0.0,80.89603313970716,23040.0
-8.926691055297852,-12.576847076416016,3.650156021118164,0.0,62.82843689257845,23040.0
-8.871443748474121,-12.475492477416992,3.6040499210357666,0.0,64.1679003552826,23040.0
-8.933512687683105,-12.538735389709473,3.605229616165161,0.0,62.94220154514362,23040.0
-8.85500431060791,-12.567282676696777,3.7122747898101807,0.0,73.49795849916593,23040.0
-8.844812393188477,-12.544770240783691,3.6999566555023193,0.0,92.97888902203246,23040.0
-8.976766586303711,-12.614823341369629,3.638056516647339,0.0,49.61163066849835,23040.0
-8.960457801818848,-12.501336097717285,3.5408780574798584,0.0,69.38975441593257,23040.0
-9.103941917419434,-12.759602546691895,3.655661106109619,0.0,39.90486079391422,23040.0
-8.907408714294434,-12.62452220916748,3.717118263244629,0.0,77.73881574836227,23040.0
-9.130961418151855,-12.741728782653809,3.610769033432007,0.0,42.96014254815505,23040.0
-9.033919334411621,-12.612899780273438,3.5789811611175537,0.0,75.9640428397881,23040.0
-8.956758499145508,-12.72535514831543,3.76859188079834,0.0,59.88757872121592,23040.0
-9.180280685424805,-12.857033729553223,3.676755428314209,0.0,28.381807915953196,23040.0
-9.114099502563477,-12.79485034942627,3.680753231048584,0.0,43.69600469014871,23040.0
-9.161190032958984,-12.857245445251465,3.6960554122924805,0.0,25.417759086872636,23040.0
-9.168567657470703,-12.858013153076172,3.689445734024048,0.0,38.222561947816594,23040.0
-9.120728492736816,-12.829462051391602,3.7087321281433105,0.0,33.88505599466425,23040.0
-9.200874328613281,-12.937907218933105,3.7370364665985107,0.0,26.509025398114066,23040.0
-9.279207229614258,-12.989296913146973,3.710087299346924,0.0,31.964461308632927,23040.0
-9.280160903930664,-13.014291763305664,3.734131097793579,0.0,29.02047762372602,23040.0
-9.141478538513184,-12.882147789001465,3.7406721115112305,0.0,48.982229134734595,23040.0
-8.97489070892334,-12.726359367370605,3.751467227935791,0.0,66.40799881050148,23040.0
-9.15945816040039,-12.927194595336914,3.76773738861084,0.0,20.620491253262436,23040.0
-8.899381637573242,-12.686442375183105,3.7870609760284424,0.0,94.2930973884686,23040.0
-8.896747589111328,-12.629137992858887,3.732388734817505,0.0,75.73623565073162,23040.0
-9.0612154006958,-12.812621116638184,3.7514071464538574,0.0,61.76763541509514,23040.0
-8.549169540405273,-12.494775772094727,3.9456074237823486,0.0,127.46693227532302,23040.0
-9.077492713928223,-12.810895919799805,3.7334015369415283,0.0,64.98945112962586,23040.0
-9.067058563232422,-12.82354736328125,3.7564899921417236,0.0,53.05242039123007,23040.0
-8.955713272094727,-12.82844352722168,3.872727870941162,0.0,77.74467670143764,23040.0
-9.165193557739258,-12.978919982910156,3.8137245178222656,0.0,31.38748393566814,23040.0
-8.964694023132324,-12.696915626525879,3.732224464416504,0.0,80.06559811116364,23040.0
-9.163036346435547,-12.93552017211914,3.772481679916382,0.0,68.0567087819996,23040.0
-9.217981338500977,-12.946192741394043,3.7282111644744873,0.0,62.6600174324288,23040.0
-8.925256729125977,-12.615103721618652,3.689847469329834,0.0,85.63882237822219,23040.0
-9.19585132598877,-12.909728050231934,3.7138729095458984,0.0,33.36170543164498,23040.0
-8.993515014648438,-12.790170669555664,3.796657085418701,0.0,86.92886178384227,23040.0
-9.180663108825684,-12.890124320983887,3.7094597816467285,0.0,44.09290819035403,23040.0
-8.958548545837402,-12.6621675491333,3.7036259174346924,0.0,75.59267980922864,23040.0
-9.125786781311035,-12.867050170898438,3.7412633895874023,0.0,84.29784050037999,23040.0
-9.151345252990723,-12.926980018615723,3.7756309509277344,0.0,27.7963055288906,23040.0
-9.069665908813477,-12.784600257873535,3.7149360179901123,0.0,73.13882195135344,23040.0
-9.165444374084473,-12.937503814697266,3.772063970565796,0.0,36.216388689168646,23040.0
-9.077502250671387,-12.90599250793457,3.828490972518921,0.0,55.733924215646574,23040.0
-9.27718448638916,-12.958680152893066,3.681495428085327,0.0,50.10172185683191,23040.0
-9.234155654907227,-12.947792053222656,3.713632822036743,0.0,54.56392752739072,23040.0
-8.987106323242188,-12.814992904663086,3.827885627746582,0.0,106.47307355118886,23040.0
-9.282380104064941,-13.051841735839844,3.769463539123535,0.0,47.442108180561846,23040.0
-9.143123626708984,-12.8401460647583,3.697025775909424,0.0,66.44187975374267,23040.0
-9.141127586364746,-12.97450065612793,3.8333730697631836,0.0,76.53171453507113,23040.0
-9.207682609558105,-13.015783309936523,3.8080966472625732,0.0,51.79941560197727,23040.0
-9.170711517333984,-12.874515533447266,3.7038073539733887,0.0,70.32657783675599,23040.0
-9.311162948608398,-13.013504981994629,3.702345132827759,0.0,39.78900142375572,23040.0
-9.08611011505127,-12.868546485900879,3.7824361324310303,0.0,78.91269329269208,23040.0
-9.252641677856445,-12.992792129516602,3.74014949798584,0.0,54.26332287898383,23040.0
-8.947773933410645,-12.698901176452637,3.7511250972747803,0.0,86.79636426838736,23040.0
-9.115776062011719,-12.96146011352539,3.845686435699463,0.0,73.08714068851067,23040.0
-8.956523895263672,-12.806869506835938,3.8503432273864746,0.0,93.74633668875279,23040.0
-8.808745384216309,-12.573657035827637,3.7649104595184326,0.0,111.07437776425085,23040.0
-9.3336820602417,-13.095589637756348,3.7619032859802246,0.0,41.03386282336399,23040.0
-8.537171363830566,-12.456045150756836,3.9188787937164307,0.0,156.23912647766042,23040.0
-8.518108367919922,-12.246816635131836,3.728708267211914,0.0,121.00424886288147,23040.0
-9.070984840393066,-12.754674911499023,3.683692693710327,0.0,83.76956743295179,23040.0
-7.487663269042969,-11.547440528869629,4.059776306152344,0.0,216.90749629789838,23040.0
-8.961493492126465,-12.617383003234863,3.65588641166687,0.0,80.29865915028375,23040.0
-8.476418495178223,-12.159668922424316,3.683253765106201,0.0,108.42853932701664,23040.0
-8.997026443481445,-12.73342514038086,3.736396551132202,0.0,87.29316727490611,23040.0
-9.040404319763184,-12.765702247619629,3.7252962589263916,0.0,51.00928330066917,23040.0
-9.042563438415527,-12.655354499816895,3.612790822982788,0.0,64.70877074907858,23040.0
-9.077412605285645,-12.77527141571045,3.6978585720062256,0.0,42.86122744737554,23040.0
-9.079947471618652,-12.785701751708984,3.7057487964630127,0.0,47.17898977232913,23040.0
-9.100421905517578,-12.7351713180542,3.634747266769409,0.0,42.40548759725114,23040.0
-9.270153999328613,-12.841854095458984,3.571699619293213,0.0,41.580592240151404,23040.0
-9.131400108337402,-12.794282913208008,3.6628801822662354,0.0,66.10356736732886,23040.0
-9.253600120544434,-12.905925750732422,3.652322292327881,0.0,47.981656650024995,23040.0
-9.177698135375977,-12.802836418151855,3.625138998031616,0.0,45.80868449763875,23040.0
-9.275267601013184,-12.93359661102295,3.6583316326141357,0.0,38.1653471466887,23040.0
-9.319488525390625,-12.957385063171387,3.637892246246338,0.0,50.256792267969416,23040.0
-9.20835018157959,-12.874367713928223,3.6660196781158447,0.0,42.780219949089755,23040.0
-9.15882396697998,-12.89519214630127,3.7363665103912354,0.0,30.988111279359078,23040.0
-9.165413856506348,-12.944604873657227,3.779193162918091,0.0,53.172557647811004,23040.0
-9.34718132019043,-13.05090045928955,3.703721046447754,0.0,45.94116404294028,23040.0
-9.415128707885742,-13.117984771728516,3.7028536796569824,0.0,30.292431223214376,23040.0
-9.273250579833984,-13.040225982666016,3.766972064971924,0.0,50.95668411807174,23040.0
-9.260631561279297,-13.01738166809082,3.7567522525787354,0.0,41.59078877648692,23040.0
-9.341032028198242,-13.054656028747559,3.7136220932006836,0.0,50.53538931980704,23040.0
-8.977944374084473,-12.885283470153809,3.9073407649993896,0.0,89.8016940586371,23040.0
-9.352789878845215,-13.180342674255371,3.827547550201416,0.0,58.1667191311617,23040.0
-9.082425117492676,-12.873506546020508,3.7910797595977783,0.0,73.75393756823607,23040.0
-9.37962532043457,-13.131510734558105,3.7518835067749023,0.0,48.52475887540764,23040.0
-8.762269020080566,-12.66526985168457,3.9029996395111084,0.0,122.76750903612276,23040.0
-8.830939292907715,-12.657136917114258,3.8261961936950684,0.0,93.432338595931,23040.0
-9.107912063598633,-12.924002647399902,3.8160898685455322,0.0,76.57062765086789,23040.0
-8.623038291931152,-12.592711448669434,3.9696710109710693,0.0,134.2043821483507,23040.0
-9.302895545959473,-13.082488059997559,3.7795932292938232,0.0,46.795097432089506,23040.0
-8.74306583404541,-12.537931442260742,3.7948622703552246,0.0,103.20424197876034,23040.0
-9.29965591430664,-13.105599403381348,3.805943012237549,0.0,47.119126546465644,23040.0
-8.27341079711914,-12.268991470336914,3.9955763816833496,0.0,163.90115240107048,23040.0
-8.50928783416748,-12.248808860778809,3.7395222187042236,0.0,136.1590985614693,23040.0
-8.797033309936523,-12.553303718566895,3.7562716007232666,0.0,104.05329312899865,23040.0
-7.875816345214844,-11.907410621643066,4.031594276428223,0.0,202.02548113379737,23040.0
-9.122045516967773,-12.868592262268066,3.746547222137451,0.0,68.68267641422653,23040.0
-8.761573791503906,-12.364684104919434,3.6031124591827393,0.0,96.52457396562319,23040.0
-9.085371971130371,-12.780963897705078,3.6955885887145996,0.0,65.54023164579627,23040.0
-8.259583473205566,-12.046424865722656,3.7868380546569824,0.0,183.97808046262583,23040.0
-8.82703971862793,-12.43138313293457,3.6043450832366943,0.0,90.7700455270771,23040.0
-8.399617195129395,-12.007800102233887,3.6081840991973877,0.0,123.05350008702291,23040.0
-8.994230270385742,-12.653172492980957,3.6589412689208984,0.0,84.03607194228964,23040.0
-8.37978744506836,-12.188300132751465,3.808514356613159,0.0,148.29594682693735,23040.0
-8.913904190063477,-12.506084442138672,3.592182159423828,0.0,80.23229641137533,23040.0
-8.50322151184082,-12.060088157653809,3.556868076324463,0.0,114.72967636614177,23040.0
-8.982062339782715,-12.677658081054688,3.6955976486206055,0.0,60.119841713517296,23040.0
-8.897574424743652,-12.564160346984863,3.6665866374969482,0.0,93.84632265849349,23040.0
-9.00733470916748,-12.62801742553711,3.620685577392578,0.0,63.791074946755906,23040.0
-8.959692001342773,-12.539047241210938,3.579357624053955,0.0,75.59140899600372,23040.0
-9.02814769744873,-12.747029304504395,3.7188801765441895,0.0,68.621881420779,23040.0
-9.050848007202148,-12.752737998962402,3.701895236968994,0.0,69.71655647455529,23040.0
-9.1561279296875,-12.802349090576172,3.64622163772583,0.0,56.91832578438553,23040.0
-9.016791343688965,-12.631360054016113,3.61456561088562,0.0,71.42301300044183,23040.0
-9.24897575378418,-12.909554481506348,3.660574436187744,0.0,48.41534645294684,23040.0
-8.991943359375,-12.787211418151855,3.795267105102539,0.0,87.49408139728709,23040.0
-9.303284645080566,-12.99974250793457,3.696458578109741,0.0,49.4376412213,23040.0
-9.187747955322266,-12.800162315368652,3.6124136447906494,0.0,71.4796024432501,23040.0
-9.215558052062988,-12.833352088928223,3.617800235748291,0.0,60.32248516216385,23040.0
-9.072844505310059,-12.896903038024902,3.8240575790405273,0.0,64.72701640661609,23040.0
-9.069334983825684,-12.83507251739502,3.7657392024993896,0.0,95.57074565941022,23040.0
-9.016610145568848,-12.7423095703125,3.7256991863250732,0.0,70.13697604486654,23040.0
-8.974050521850586,-12.672395706176758,3.698349714279175,0.0,91.47317944183825,23040.0
-9.086344718933105,-12.97889232635498,3.8925466537475586,0.0,69.2073909662683,23040.0
-8.997971534729004,-12.839587211608887,3.8416178226470947,0.0,96.79394138753962,23040.0
-8.945353507995605,-12.70266342163086,3.7573115825653076,0.0,87.83478838475246,23040.0
-9.154627799987793,-12.888505935668945,3.7338778972625732,0.0,71.76344748597927,23040.0
-9.099955558776855,-12.958932876586914,3.858975887298584,0.0,85.37147749368195,23040.0
-9.238679885864258,-13.094655990600586,3.8559770584106445,0.0,58.16440167392088,23040.0
-9.180146217346191,-12.934974670410156,3.7548274993896484,0.0,69.84992116223523,23040.0
-9.315529823303223,-13.08552360534668,3.7699897289276123,0.0,50.889244437382274,23040.0
-9.354262351989746,-13.166072845458984,3.81181263923645,0.0,54.637509699226065,23040.0
-9.317926406860352,-13.14508056640625,3.827155828475952,0.0,38.42393505586791,23040.0
-9.354246139526367,-13.13494873046875,3.780702829360962,0.0,43.34138083657958,23040.0
-9.374463081359863,-13.160111427307129,3.785649538040161,0.0,35.20062745306259,23040.0
-9.40928840637207,-13.1878662109375,3.778582811355591,0.0,43.769161048457384,23040.0
-9.397773742675781,-13.244057655334473,3.8462815284729004,0.0,40.9379372675703,23040.0
-9.36500358581543,-13.165434837341309,3.800435781478882,0.0,37.57855406911684,23040.0
-9.361607551574707,-13.173439025878906,3.811833620071411,0.0,40.91756568221174,23040.0
-9.390990257263184,-13.2562255859375,3.865234613418579,0.0,49.80228260672613,23040.0
-9.412047386169434,-13.324698448181152,3.9126524925231934,0.0,35.223707211011344,23040.0
-9.318296432495117,-13.144704818725586,3.826406955718994,0.0,60.111557314925285,23040.0
-9.513185501098633,-13.375625610351562,3.862441301345825,0.0,20.09317686884618,23040.0
-9.043281555175781,-13.06128978729248,4.018013954162598,0.0,98.93938006295676,23040.0
-9.399856567382812,-13.218348503112793,3.8184926509857178,0.0,67.04787603653963,23040.0
-9.239450454711914,-13.0930814743042,3.8536274433135986,0.0,76.29364667514461,23040.0
-8.997506141662598,-12.991966247558594,3.994459629058838,0.0,101.02413238315401,23040.0
-9.317885398864746,-13.194140434265137,3.876258611679077,0.0,61.40066429595851,23040.0
-9.033873558044434,-12.8641996383667,3.8303277492523193,0.0,93.16799622904288,23040.0
-9.400559425354004,-13.25705337524414,3.8564958572387695,0.0,54.230420619211685,23040.0
-8.878852844238281,-12.86603832244873,3.9871888160705566,0.0,129.59521107464022,23040.0
-9.278887748718262,-13.1937255859375,3.914839744567871,0.0,47.39648040441558,23040.0
-9.15837287902832,-12.982148170471191,3.823777675628662,0.0,85.96659464526641,23040.0
-9.374663352966309,-13.22673225402832,3.8520700931549072,0.0,51.17009474262017,23040.0
-9.302907943725586,-13.18134880065918,3.8784477710723877,0.0,61.16940489866417,23040.0
-9.328276634216309,-13.197702407836914,3.8694210052490234,0.0,43.375369999354874,23040.0
-9.395646095275879,-13.196321487426758,3.800680160522461,0.0,54.46539534368728,23040.0
-9.409829139709473,-13.245691299438477,3.8358652591705322,0.0,46.38887501283559,23040.0
-9.501323699951172,-13.284638404846191,3.783310651779175,0.0,36.25502980282524,23040.0
-9.384933471679688,-13.25916862487793,3.874234676361084,0.0,54.735440692470014,23040.0
-9.45470142364502,-13.306273460388184,3.8515727519989014,0.0,46.00105189593435,23040.0
-9.552961349487305,-13.327632904052734,3.774674892425537,0.0,43.680707261903116,23040.0
-9.496503829956055,-13.33044147491455,3.83393931388855,0.0,40.57416312277052,23040.0
-9.37297534942627,-13.279748916625977,3.9067718982696533,0.0,37.74778613882957,23040.0
-9.470024108886719,-13.384369850158691,3.9143428802490234,0.0,47.259723363664854,23040.0
-9.647125244140625,-13.469537734985352,3.8224127292633057,0.0,23.637703079498525,23040.0
-9.472375869750977,-13.3370943069458,3.8647117614746094,0.0,43.97944581553807,23040.0
-9.482889175415039,-13.34022331237793,3.857327938079834,0.0,50.57203155610399,23040.0
-9.603911399841309,-13.46109390258789,3.8571865558624268,0.0,33.11302326698452,23040.0
-9.577560424804688,-13.412662506103516,3.8351070880889893,0.0,55.71921642489651,23040.0
-9.53541374206543,-13.451166152954102,3.9157521724700928,0.0,40.722148293416026,23040.0
-9.271993637084961,-13.198331832885742,3.9263360500335693,0.0,89.16822826806856,23040.0
-9.25426197052002,-13.081308364868164,3.8270463943481445,0.0,92.64156843958322,23040.0
-9.463077545166016,-13.39074420928955,3.927666187286377,0.0,58.557406019262906,23040.0
-8.7211275100708,-12.687149047851562,3.9660229682922363,0.0,153.07742462191152,23040.0
-8.435693740844727,-12.353137016296387,3.917440176010132,0.0,137.82861949435485,23040.0
-9.055281639099121,-12.921807289123535,3.866525650024414,0.0,89.51467610528461,23040.0
-7.458935737609863,-11.560758590698242,4.101822853088379,0.0,239.47938824746572,23040.0
-9.213951110839844,-13.000626564025879,3.7866742610931396,0.0,84.1575976923779,23040.0
-7.3082756996154785,-11.165857315063477,3.8575825691223145,0.0,185.08382339778078,23040.0
-9.013986587524414,-12.818930625915527,3.8049418926239014,0.0,83.51607692412229,23040.0
-7.36030387878418,-11.403336524963379,4.043031692504883,0.0,233.30337667100062,23040.0
-8.854028701782227,-12.614472389221191,3.7604410648345947,0.0,83.81913379856802,23040.0
-7.996288299560547,-11.688220024108887,3.6919312477111816,0.0,124.8902822382429,23040.0
-8.894185066223145,-12.504329681396484,3.610142707824707,0.0,73.60537900315182,23040.0
-8.324079513549805,-12.098498344421387,3.774414300918579,0.0,141.9291734088962,23040.0
-8.857848167419434,-12.513742446899414,3.6558949947357178,0.0,79.64648899810794,23040.0
-8.616066932678223,-12.201130867004395,3.585063934326172,0.0,96.52845333771116,23040.0
-8.744247436523438,-12.30612564086914,3.561879873275757,0.0,89.1609203956069,23040.0
-8.713461875915527,-12.422614097595215,3.7091519832611084,0.0,96.01825782711406,23040.0
-8.145940780639648,-11.884235382080078,3.738298177719116,0.0,139.8051106734251,23040.0
-8.73983383178711,-12.286559104919434,3.5467257499694824,0.0,77.91578976194536,23040.0
-8.108612060546875,-11.5985689163208,3.4899532794952393,0.0,111.66968000134406,23040.0
-8.700175285339355,-12.223006248474121,3.5228350162506104,0.0,79.34492999469434,23040.0
-8.334436416625977,-12.075006484985352,3.740572214126587,0.0,135.42228663370634,23040.0
-8.33388900756836,-11.983719825744629,3.649833917617798,0.0,129.55886471391864,23040.0
-8.320451736450195,-11.904074668884277,3.5836246013641357,0.0,105.59166093096393,23040.0
-7.644489765167236,-11.225066184997559,3.580578327178955,0.0,130.50124476739737,23040.0
-8.94408130645752,-12.457680702209473,3.513601064682007,0.0,64.58406064855544,23040.0
-8.144522666931152,-11.913618087768555,3.7690954208374023,0.0,142.81186316786616,23040.0
-8.701109886169434,-12.287654876708984,3.5865414142608643,0.0,93.81917435762823,23040.0
-8.85588264465332,-12.340970993041992,3.48508882522583,0.0,73.87205442450883,23040.0
-8.284929275512695,-11.79845905303955,3.5135295391082764,0.0,105.68315507105207,23040.0
-8.987488746643066,-12.559172630310059,3.571685791015625,0.0,56.0010883385295,23040.0
-8.435565948486328,-12.192489624023438,3.7569260597229004,0.0,105.69613963393813,23040.0
-8.676054000854492,-12.31997299194336,3.6439201831817627,0.0,101.17056420679529,23040.0
-9.073760032653809,-12.633394241333008,3.5596320629119873,0.0,49.84378588054515,23040.0
-8.23784065246582,-11.820016860961914,3.5821752548217773,0.0,105.6884487955246,23040.0
-8.965293884277344,-12.503073692321777,3.53778076171875,0.0,67.71587480850529,23040.0
-8.652935028076172,-12.431300163269043,3.7783684730529785,0.0,85.87477247665949,23040.0
-7.668804168701172,-11.488293647766113,3.8194892406463623,0.0,168.23846247909447,23040.0
-9.212881088256836,-12.822651863098145,3.609769582748413,0.0,41.83731732820298,23040.0
-7.894147872924805,-11.54840087890625,3.654258966445923,0.0,110.45886551280341,23040.0
-8.163530349731445,-11.709521293640137,3.545994281768799,0.0,102.52750367920687,23040.0
-9.147591590881348,-12.72198486328125,3.5743908882141113,0.0,50.520176721459656,23040.0
-8.198636054992676,-12.068363189697266,3.869725227355957,0.0,127.97154750360305,23040.0
-8.266600608825684,-12.144026756286621,3.877426862716675,0.0,111.68260323178595,23040.0
-8.91952896118164,-12.563701629638672,3.644172430038452,0.0,70.79059311196835,23040.0
-8.033758163452148,-11.648055076599121,3.614298105239868,0.0,113.71877119607555,23040.0
-8.733537673950195,-12.274886131286621,3.541351556777954,0.0,76.95483145008905,23040.0
-9.141947746276855,-12.740900039672852,3.598956346511841,0.0,68.0157258923554,23040.0
-8.446459770202637,-12.185806274414062,3.7393479347229004,0.0,132.31293809228765,23040.0
-9.067560195922852,-12.70337963104248,3.6358206272125244,0.0,53.52219724431868,23040.0
-8.967466354370117,-12.530608177185059,3.5631489753723145,0.0,83.72600907784721,23040.0
-8.8550443649292,-12.46554946899414,3.6105082035064697,0.0,80.49707601606075,23040.0
-9.103486061096191,-12.793900489807129,3.6904137134552,0.0,50.3843960020664,23040.0
-8.561415672302246,-12.301604270935059,3.7401862144470215,0.0,119.52467666313188,23040.0
-9.089473724365234,-12.761041641235352,3.67156720161438,0.0,50.343243618697436,23040.0
-8.67625617980957,-12.285133361816406,3.608879566192627,0.0,87.97656994567248,23040.0
-8.550524711608887,-12.194419860839844,3.643895149230957,0.0,95.85547246858962,23040.0
-9.25104808807373,-12.908720970153809,3.6576716899871826,0.0,41.49683445652655,23040.0
-8.500650405883789,-12.390668869018555,3.8900187015533447,0.0,115.64624467746995,23040.0
-8.548747062683105,-12.424246788024902,3.875500202178955,0.0,120.1914508749535,23040.0
-9.25014591217041,-12.929277420043945,3.679128408432007,0.0,53.66552550527706,23040.0
-8.232808113098145,-11.924598693847656,3.691788673400879,0.0,108.78682847547178,23040.0
-8.798644065856934,-12.489951133728027,3.6913092136383057,0.0,77.26055063891702,23040.0
-9.1892671585083,-12.976607322692871,3.787341356277466,0.0,52.70728330460354,23040.0
-8.867531776428223,-12.715417861938477,3.8478853702545166,0.0,91.20087100014518,23040.0
-9.171077728271484,-12.95019817352295,3.779125928878784,0.0,54.76834213514875,23040.0
-9.16450023651123,-12.880619049072266,3.716120719909668,0.0,56.87600258247666,23040.0
-9.096261978149414,-12.789774894714355,3.6935102939605713,0.0,68.31065678763474,23040.0
-9.250595092773438,-13.030003547668457,3.779406785964966,0.0,38.99052334516067,23040.0
-9.293493270874023,-13.024628639221191,3.7311339378356934,0.0,63.41495834577981,23040.0
-9.452139854431152,-13.216360092163086,3.7642126083374023,0.0,41.41504549303781,23040.0
-9.421979904174805,-13.158084869384766,3.736103057861328,0.0,41.60295853255222,23040.0
-9.37561321258545,-13.128032684326172,3.752419948577881,0.0,46.29227990011388,23040.0
-9.322403907775879,-13.180599212646484,3.858194351196289,0.0,42.18407388149799,23040.0
-9.176322937011719,-13.033723831176758,3.8573992252349854,0.0,81.46093981071591,23040.0
-9.284200668334961,-13.139594078063965,3.855395793914795,0.0,37.40213693960762,23040.0
-9.164392471313477,-12.928003311157227,3.7636125087738037,0.0,73.47256480947317,23040.0
-9.236188888549805,-13.073798179626465,3.8376057147979736,0.0,57.84228729643358,23040.0
-9.277739524841309,-13.22926139831543,3.9515225887298584,0.0,50.281643435732846,23040.0
-9.137016296386719,-13.048540115356445,3.911526918411255,0.0,97.61456825759691,23040.0
-9.485581398010254,-13.32901382446289,3.8434343338012695,0.0,41.51328176941845,23040.0
-9.176371574401855,-13.011490821838379,3.835118532180786,0.0,78.84209872742025,23040.0
-9.388046264648438,-13.234240531921387,3.8461968898773193,0.0,49.02602638833351,23040.0
-9.385286331176758,-13.320093154907227,3.934804916381836,0.0,58.158512564128834,23040.0
-9.425052642822266,-13.292847633361816,3.867792844772339,0.0,70.6318714013987,23040.0
-9.457136154174805,-13.33187484741211,3.874736785888672,0.0,47.35348967184747,23040.0
-9.21690845489502,-13.047584533691406,3.8306756019592285,0.0,80.7726901886358,23040.0
-9.45911693572998,-13.361075401306152,3.901962995529175,0.0,40.914896354703366,23040.0
-9.177206993103027,-13.116631507873535,3.9394259452819824,0.0,100.30350728918086,23040.0
-9.303792953491211,-13.184197425842285,3.880396842956543,0.0,74.33192128589221,23040.0
-8.873372077941895,-12.717214584350586,3.8438422679901123,0.0,107.14281825619062,23040.0
-9.051125526428223,-12.854920387268066,3.8037936687469482,0.0,92.9552441419329,23040.0
-9.19383430480957,-13.152202606201172,3.958366870880127,0.0,92.43470143716497,23040.0
-8.473612785339355,-12.474946022033691,4.00132942199707,0.0,150.55982881807358,23040.0
-9.388711929321289,-13.198928833007812,3.810220718383789,0.0,55.76444276034293,23040.0
-8.278878211975098,-12.05968952178955,3.780813694000244,0.0,130.77352401869294,23040.0
-9.263248443603516,-13.002986907958984,3.7397358417510986,0.0,76.4888896702117,23040.0
-8.917083740234375,-12.82349681854248,3.9064137935638428,0.0,119.35772882182533,23040.0
-8.646788597106934,-12.581697463989258,3.9349122047424316,0.0,130.52552436242416,23040.0
-9.23973560333252,-13.026171684265137,3.78643798828125,0.0,64.99701361579226,23040.0
-8.250907897949219,-12.010234832763672,3.7593257427215576,0.0,126.84654948443873,23040.0
-9.249174118041992,-12.93454360961914,3.685372829437256,0.0,67.03228489759573,23040.0
-8.938763618469238,-12.812349319458008,3.873589515686035,0.0,103.76997696766378,23040.0
-8.03648567199707,-12.010478019714355,3.973989963531494,0.0,165.21461808712408,23040.0
-9.265623092651367,-12.960450172424316,3.6948249340057373,0.0,56.62236045741856,23040.0
-8.053243637084961,-11.761701583862305,3.7084617614746094,0.0,126.6579698187436,23040.0
-8.69655704498291,-12.383275985717773,3.686720132827759,0.0,88.9001621615648,23040.0
-9.174874305725098,-12.98173713684082,3.806861639022827,0.0,56.2027775080556,23040.0
-7.942874431610107,-11.888343811035156,3.9454691410064697,0.0,167.39062850955736,23040.0
-9.319862365722656,-13.050960540771484,3.731098175048828,0.0,47.53925729081914,23040.0
-8.72736644744873,-12.432601928710938,3.7052347660064697,0.0,91.3041618730511,23040.0
-8.322097778320312,-12.01679801940918,3.694701910018921,0.0,109.57452358698978,23040.0
-9.345633506774902,-12.971131324768066,3.6254985332489014,0.0,47.38072982998635,23040.0
-8.896926879882812,-12.661701202392578,3.764775276184082,0.0,97.97736076507974,23040.0
-8.257518768310547,-12.138556480407715,3.8810367584228516,0.0,131.42308010022177,23040.0
-9.496663093566895,-13.15347671508789,3.6568171977996826,0.0,36.47768799429933,23040.0
-8.601845741271973,-12.33496379852295,3.733119487762451,0.0,102.53300174251686,23040.0
-8.6625337600708,-12.298851013183594,3.6363165378570557,0.0,95.9075345531213,23040.0
-9.232183456420898,-13.014962196350098,3.7827792167663574,0.0,40.68776854051862,23040.0
-8.387946128845215,-12.281004905700684,3.8930561542510986,0.0,134.391192642225,23040.0
-8.858065605163574,-12.666157722473145,3.8080923557281494,0.0,91.47172265467884,23040.0
-9.046212196350098,-12.769654273986816,3.723440647125244,0.0,72.26558312292087,23040.0
-8.237322807312012,-11.944621086120605,3.707296848297119,0.0,108.86914197341027,23040.0
-8.729482650756836,-12.479936599731445,3.750459909439087,0.0,84.13284452425572,23040.0
-9.285030364990234,-13.050618171691895,3.7655858993530273,0.0,61.295825442015655,23040.0
-8.115006446838379,-12.016331672668457,3.9013254642486572,0.0,147.95611056337108,23040.0
-9.06251049041748,-12.8137788772583,3.751265048980713,0.0,73.28884862189076,23040.0
-8.807031631469727,-12.47818374633789,3.6711511611938477,0.0,82.00647913590778,23040.0
-8.092208862304688,-11.8184814453125,3.7262699604034424,0.0,112.33947466490126,23040.0
-8.756925582885742,-12.463549613952637,3.7066266536712646,0.0,76.8809767765027,23040.0
-8.946955680847168,-12.761449813842773,3.814493179321289,0.0,101.94300056268298,23040.0
-7.691349983215332,-11.6221923828125,3.930847406387329,0.0,170.76793893302855,23040.0
-9.158904075622559,-12.91039752960205,3.751495599746704,0.0,52.938805015153186,23040.0
-8.081076622009277,-11.80490493774414,3.7238285541534424,0.0,105.90136137184422,23040.0
-7.916109085083008,-11.547707557678223,3.6315982341766357,0.0,107.8003232562756,23040.0
-8.60869026184082,-12.351485252380371,3.7427921295166016,0.0,66.01803488022777,23040.0
-8.945636749267578,-12.65302562713623,3.707390785217285,0.0,84.5709398977396,23040.0
-7.618363380432129,-11.44714069366455,3.828777313232422,0.0,162.7619157170074,23040.0
-8.76583480834961,-12.46646499633789,3.700631618499756,0.0,86.88890211970467,23040.0
-8.848502159118652,-12.51339340209961,3.664896011352539,0.0,79.36222406520184,23040.0
-8.00130558013916,-11.663102149963379,3.6617956161499023,0.0,103.51392915123162,23040.0
-7.990331172943115,-11.67629623413086,3.685964584350586,0.0,96.71775910955945,23040.0
-8.792200088500977,-12.476810455322266,3.684610605239868,0.0,69.85358411710371,23040.0
-8.853132247924805,-12.620453834533691,3.767320394515991,0.0,84.82492178155982,23040.0
-7.734486103057861,-11.546202659606934,3.8117120265960693,0.0,156.30176412139662,23040.0
-8.656590461730957,-12.257966995239258,3.60137677192688,0.0,78.73730509745039,23040.0
-8.373128890991211,-11.969486236572266,3.596358299255371,0.0,98.43662613087368,23040.0
-8.329145431518555,-11.873876571655273,3.5447301864624023,0.0,75.14110022602883,23040.0
-8.328831672668457,-12.016189575195312,3.6873576641082764,0.0,69.72646982092209,23040.0
-8.734574317932129,-12.471739768981934,3.737165689468384,0.0,71.61123975245758,23040.0
-8.26997184753418,-12.063075065612793,3.793102979660034,0.0,111.4251433612477,23040.0
-8.194005966186523,-11.838452339172363,3.6444454193115234,0.0,113.36161305671966,23040.0
-8.818336486816406,-12.35763931274414,3.539304256439209,0.0,77.06039496522143,23040.0
-8.207979202270508,-11.750492095947266,3.5425150394439697,0.0,94.10827773847532,23040.0
-7.57972526550293,-11.118407249450684,3.53867769241333,0.0,103.58376270134309,23040.0
-7.914134502410889,-11.487557411193848,3.57342267036438,0.0,77.82009173163726,23040.0
-8.60142993927002,-12.190471649169922,3.5890438556671143,0.0,61.44556401809016,23040.0
-8.917058944702148,-12.537277221679688,3.6202239990234375,0.0,62.72956375687919,23040.0
-7.835834980010986,-11.54370403289795,3.7078661918640137,0.0,121.74601939618887,23040.0
-8.367157936096191,-11.97912883758545,3.6119704246520996,0.0,77.1677978094774,23040.0
-8.38461971282959,-11.951985359191895,3.5673699378967285,0.0,82.66330215272313,23040.0
-8.177389144897461,-11.677262306213379,3.4998745918273926,0.0,81.9234112131827,23040.0
-7.665092468261719,-11.293365478515625,3.628272771835327,0.0,85.98206984512467,23040.0
-7.266376972198486,-11.030998229980469,3.7646210193634033,0.0,89.78647080983224,23040.0
-7.680489540100098,-11.561429977416992,3.880938768386841,0.0,99.64946597097337,23040.0
-7.729459762573242,-11.445180892944336,3.7157208919525146,0.0,113.80346113752043,23040.0
-7.3282084465026855,-10.889588356018066,3.5613770484924316,0.0,112.88300604270388,23040.0
-7.38010311126709,-10.975707054138184,3.595606803894043,0.0,87.64914838003946,23040.0
-6.96219539642334,-10.514009475708008,3.5518107414245605,0.0,101.90928430821678,23040.0
-7.092433452606201,-10.530197143554688,3.437761068344116,0.0,107.71511236312158,23040.0
-6.989969253540039,-10.492384910583496,3.5024149417877197,0.0,87.7408293736095,23040.0
-6.521218299865723,-10.214316368103027,3.693099021911621,0.0,138.51152666791734,23040.0
-7.153721809387207,-10.802165031433105,3.648444652557373,0.0,70.63696558017682,23040.0
-7.598429203033447,-11.122358322143555,3.5239295959472656,0.0,84.66760639941747,23040.0
-7.965822219848633,-11.388344764709473,3.4225213527679443,0.0,70.24131949985261,23040.0
-7.296717166900635,-10.713446617126465,3.4167277812957764,0.0,90.0475084981063,23040.0
-7.4063720703125,-10.82051944732666,3.4141452312469482,0.0,64.57010519389462,23040.0
-7.751034736633301,-11.066139221191406,3.3151042461395264,0.0,70.82495990315842,23040.0
-7.826661586761475,-11.074132919311523,3.2474679946899414,0.0,73.49244821325541,23040.0
-7.994832515716553,-11.235081672668457,3.240250587463379,0.0,59.318640352727705,23040.0
-7.788949012756348,-11.076032638549805,3.2870874404907227,0.0,60.294024825895875,23040.0
-7.583659648895264,-11.009820938110352,3.4261651039123535,0.0,114.07653349980629,23040.0
-5.936736583709717,-9.66069507598877,3.723959445953369,0.0,173.50273182818188,23040.0
-3.876403570175171,-7.801406383514404,3.9250028133392334,0.0,213.18434041839828,23040.0
-6.872006416320801,-10.516016006469727,3.6440110206604004,0.0,93.52937878404481,23040.0
-7.077508449554443,-10.441000938415527,3.3634910583496094,0.0,76.94371843690351,23040.0
-5.951237201690674,-9.227950096130371,3.276711940765381,0.0,83.77096516707398,23040.0
-5.728603839874268,-8.878637313842773,3.1500349044799805,0.0,97.57517848676403,23040.0
-5.608071327209473,-8.690851211547852,3.082780361175537,0.0,84.28691533254074,23040.0
-5.615510940551758,-8.61106014251709,2.9955458641052246,0.0,78.70134468050561,23040.0
-5.930409908294678,-8.88535213470459,2.954941511154175,0.0,74.4769113559577,23040.0
-6.4471755027771,-9.361532211303711,2.914357900619507,0.0,52.052818196352575,23040.0
-6.707025051116943,-9.594867706298828,2.8878417015075684,0.0,86.39094054723496,23040.0
-6.343408107757568,-9.266414642333984,2.923009157180786,0.0,55.42154356635345,23040.0
-5.653170108795166,-8.748797416687012,3.0956242084503174,0.0,83.36714749469691,23040.0
-5.895811080932617,-8.937129974365234,3.0413215160369873,0.0,54.377772429532854,23040.0
-6.788354396820068,-9.602035522460938,2.813681125640869,0.0,57.14765026546509,23040.0
-6.749827861785889,-9.577939987182617,2.8281121253967285,0.0,43.82885087103477,23040.0
-6.736004829406738,-9.501052856445312,2.7650458812713623,0.0,54.10768536576474,23040.0
-6.917037487030029,-9.666563987731934,2.7495243549346924,0.0,38.308722031656515,23040.0
-6.57834005355835,-9.47939395904541,2.901054620742798,0.0,91.03978613733013,23040.0
-6.970477104187012,-9.721478462219238,2.751002550125122,0.0,32.15131306770713,23040.0
-7.1507744789123535,-9.843694686889648,2.692920684814453,0.0,56.150682007134705,23040.0
-7.215918064117432,-9.973101615905762,2.75718355178833,0.0,37.10121076484273,23040.0
-7.307527542114258,-10.057708740234375,2.7501792907714844,0.0,64.73198732412688,23040.0
-7.1295695304870605,-9.89623737335205,2.766666889190674,0.0,81.44981804416702,23040.0
-7.359651565551758,-10.105477333068848,2.7458267211914062,0.0,21.28590457708064,23040.0
-7.198237895965576,-10.111672401428223,2.9134371280670166,0.0,104.56673301364299,23040.0
-7.451355457305908,-10.260063171386719,2.8087046146392822,0.0,48.33547464169936,23040.0
-7.649658203125,-10.467632293701172,2.817976236343384,0.0,44.03088317539698,23040.0
-7.692691326141357,-10.631381034851074,2.9386894702911377,0.0,56.1460799578194,23040.0
-7.70789909362793,-10.712027549743652,3.0041255950927734,0.0,61.351400300076826,23040.0
-7.8883957862854,-10.924304008483887,3.035909652709961,0.0,24.761642621706986,23040.0
-8.014325141906738,-11.025537490844727,3.011211395263672,0.0,34.51859548661017,23040.0
-8.022601127624512,-11.113053321838379,3.090451717376709,0.0,18.80012333935148,23040.0
-8.113677978515625,-11.212224960327148,3.098545551300049,0.0,20.2097767301393,23040.0
-8.204859733581543,-11.358406066894531,3.153547763824463,0.0,24.988772872817552,23040.0
-8.266942977905273,-11.429211616516113,3.1622657775878906,0.0,21.352490323224174,23040.0
-8.291688919067383,-11.485852241516113,3.1941640377044678,0.0,22.451349071646668,23040.0
-8.299667358398438,-11.56473159790039,3.265063762664795,0.0,24.83626216392187,23040.0
-8.397773742675781,-11.645102500915527,3.2473270893096924,0.0,21.943805029911342,23040.0
-8.457531929016113,-11.717382431030273,3.2598514556884766,0.0,24.566994189197146,23040.0
-8.6444673538208,-11.873075485229492,3.2286102771759033,0.0,27.711185976947295,23040.0
-8.578726768493652,-11.920178413391113,3.341456413269043,0.0,17.76869159824646,23040.0
-8.617929458618164,-11.993372917175293,3.3754398822784424,0.0,32.0112922819971,23040.0
-8.571635246276855,-12.00236988067627,3.4307315349578857,0.0,37.81695115452807,23040.0
-8.681069374084473,-12.107222557067871,3.426152229309082,0.0,25.80658138981376,23040.0
-8.675125122070312,-12.106340408325195,3.431213617324829,0.0,29.39209653237412,23040.0
-8.695268630981445,-12.167396545410156,3.472127914428711,0.0,40.18589870573339,23040.0
-8.83211898803711,-12.349145889282227,3.51702618598938,0.0,18.011056833504057,23040.0
-8.717042922973633,-12.291661262512207,3.5746233463287354,0.0,37.309220284686404,23040.0
-8.866168022155762,-12.429758071899414,3.563588857650757,0.0,34.514901540735124,23040.0
-8.9181547164917,-12.470362663269043,3.552205801010132,0.0,24.037215441576343,23040.0
-8.991080284118652,-12.54178237915039,3.550699472427368,0.0,39.91553006168541,23040.0
-8.95089340209961,-12.597687721252441,3.6467959880828857,0.0,31.51515806936787,23040.0
-9.005318641662598,-12.646340370178223,3.641021490097046,0.0,24.762209063707843,23040.0
-9.010992050170898,-12.632963180541992,3.6219723224639893,0.0,26.195179433137987,23040.0
-9.148018836975098,-12.73092269897461,3.5829052925109863,0.0,23.93282541227989,23040.0
-8.963995933532715,-12.69331169128418,3.7293179035186768,0.0,21.085810818345582,23040.0
-9.1388578414917,-12.808088302612305,3.669229745864868,0.0,29.620137141902163,23040.0
-9.231389999389648,-12.858269691467285,3.6268856525421143,0.0,19.72481956973435,23040.0
-9.213053703308105,-12.861552238464355,3.64849853515625,0.0,19.317112330319386,23040.0
-9.159829139709473,-12.896721839904785,3.736891269683838,0.0,19.00794553563279,23040.0
-9.227163314819336,-12.922405242919922,3.6952385902404785,0.0,23.351189122220326,23040.0
-9.275163650512695,-12.986519813537598,3.711354970932007,0.0,15.873713704726038,23040.0
-9.128166198730469,-12.89541244506836,3.7672462463378906,0.0,25.898292158686996,23040.0
-9.252426147460938,-12.993230819702148,3.740802049636841,0.0,24.43105132831877,23040.0
-9.316646575927734,-13.116188049316406,3.7995455265045166,0.0,17.846113374885583,23040.0
-9.301380157470703,-13.09642219543457,3.7950429916381836,0.0,27.1024735725277,23040.0
-9.222853660583496,-13.049528121948242,3.8266751766204834,0.0,15.473957305230762,23040.0
-9.279973983764648,-13.070775032043457,3.7907981872558594,0.0,26.028167115173716,23040.0
-9.351176261901855,-13.156712532043457,3.805532455444336,0.0,13.77478072240448,23040.0
-9.300542831420898,-13.117602348327637,3.8170626163482666,0.0,27.993436777391608,23040.0
-9.390223503112793,-13.204618453979492,3.8143935203552246,0.0,15.573762789733816,23040.0
-9.363615989685059,-13.156880378723145,3.7932660579681396,0.0,33.739503819278724,23040.0
-9.36534309387207,-13.234728813171387,3.86938214302063,0.0,28.317295460805045,23040.0
-9.444026947021484,-13.274295806884766,3.8302690982818604,0.0,18.657463178145566,23040.0
-9.313015937805176,-13.183243751525879,3.8702287673950195,0.0,24.13491009434847,23040.0
-9.375367164611816,-13.223529815673828,3.848158836364746,0.0,31.942642254918834,23040.0
-9.389575958251953,-13.2778959274292,3.8883216381073,0.0,32.14630336833798,23040.0
-9.323710441589355,-13.225737571716309,3.9020283222198486,0.0,48.901443089922765,23040.0
-9.42667293548584,-13.3304443359375,3.9037675857543945,0.0,26.667601216205465,23040.0
-9.397550582885742,-13.286169052124023,3.8886189460754395,0.0,33.97405512405089,23040.0
-9.498882293701172,-13.325420379638672,3.826535940170288,0.0,26.79182897240843,23040.0
-9.435693740844727,-13.310975074768066,3.87528133392334,0.0,38.214776961993316,23040.0
-9.395837783813477,-13.308856964111328,3.913015842437744,0.0,25.138474695355526,23040.0
-9.622950553894043,-13.434578895568848,3.811627149581909,0.0,26.628081580550443,23040.0
-9.508024215698242,-13.362085342407227,3.854055881500244,0.0,18.13876056707921,23040.0
-9.588604927062988,-13.431640625,3.8430328369140625,0.0,25.08347414147214,23040.0
-9.661718368530273,-13.481807708740234,3.820093870162964,0.0,21.913377111454075,23040.0
-9.551040649414062,-13.399358749389648,3.848320484161377,0.0,21.226415269000928,23040.0
-9.461423873901367,-13.408703804016113,3.9472808837890625,0.0,32.8191049786257,23040.0
-9.418242454528809,-13.368961334228516,3.9507155418395996,0.0,21.501829425627918,23040.0
-9.556686401367188,-13.445263862609863,3.888577938079834,0.0,20.366942003181073,23040.0
-9.620471954345703,-13.516470909118652,3.895998477935791,0.0,15.789976247928351,23040.0
-9.601052284240723,-13.490413665771484,3.8893611431121826,0.0,16.589002167407504,23040.0
-9.690801620483398,-13.5389404296875,3.848140239715576,0.0,15.161766217119759,23040.0
-9.57324504852295,-13.468070030212402,3.8948233127593994,0.0,19.368050735494723,23040.0
-9.71986198425293,-13.541696548461914,3.82183575630188,0.0,14.789134721825608,23040.0
-9.632015228271484,-13.535837173461914,3.9038190841674805,0.0,11.175785052047482,23040.0
-9.678743362426758,-13.557392120361328,3.8786492347717285,0.0,19.828456698903132,23040.0
-9.534549713134766,-13.51550579071045,3.980954885482788,0.0,11.834151998852072,23040.0
-9.660472869873047,-13.596073150634766,3.9356014728546143,0.0,29.195995023997735,23040.0
-9.71102237701416,-13.618000984191895,3.906982421875,0.0,30.431186283816402,23040.0
-9.73217487335205,-13.656716346740723,3.9245445728302,0.0,11.250017064594857,23040.0
-9.65980052947998,-13.572432518005371,3.9126274585723877,0.0,24.487508332901708,23040.0
-9.50310230255127,-13.506139755249023,4.0030388832092285,0.0,14.283934971216404,23040.0
-9.530303955078125,-13.471403121948242,3.941100835800171,0.0,44.19960627395838,23040.0
-9.745189666748047,-13.654305458068848,3.9091172218322754,0.0,47.730357424015935,23040.0
-9.606545448303223,-13.590987205505371,3.9844439029693604,0.0,38.52941838681221,23040.0
-9.597143173217773,-13.593047142028809,3.995897054672241,0.0,28.19842228862545,23040.0
-9.67314624786377,-13.645212173461914,3.972059726715088,0.0,29.723023638780248,23040.0
-9.66218090057373,-13.63658618927002,3.97440242767334,0.0,25.518872361274795,23040.0
-9.777812004089355,-13.69076919555664,3.9129559993743896,0.0,38.47742162193436,23040.0
-9.739114761352539,-13.673779487609863,3.934659481048584,0.0,31.223266408663193,23040.0
-9.805377006530762,-13.734670639038086,3.929297924041748,0.0,37.59366345784262,23040.0
-9.78445816040039,-13.72201156616211,3.937551498413086,0.0,30.64313759672828,23040.0
-9.741385459899902,-13.729857444763184,3.988473892211914,0.0,14.442291758837463,23040.0
-9.736083984375,-13.67481517791748,3.938734292984009,0.0,25.647810674374874,23040.0
-9.712520599365234,-13.719897270202637,4.007377624511719,0.0,28.124793269435965,23040.0
-9.744294166564941,-13.690618515014648,3.9463250637054443,0.0,23.545300542746286,23040.0
-9.713159561157227,-13.668279647827148,3.9551191329956055,0.0,42.072305393343186,23040.0
-9.734138488769531,-13.703278541564941,3.9691379070281982,0.0,38.013556336582404,23040.0
-9.776772499084473,-13.744848251342773,3.9680747985839844,0.0,18.606426054799762,23040.0
-9.81351089477539,-13.771760940551758,3.9582526683807373,0.0,34.05472712862434,23040.0
-9.805582046508789,-13.756000518798828,3.9504199028015137,0.0,38.671479039616315,23040.0
-9.689001083374023,-13.699219703674316,4.010220050811768,0.0,39.03279603627207,23040.0
-9.838622093200684,-13.76828384399414,3.929666757583618,0.0,28.720439174522134,23040.0
-9.766510963439941,-13.709662437438965,3.9431536197662354,0.0,38.31629741391654,23040.0
-9.564574241638184,-13.668216705322266,4.103644371032715,0.0,33.285754201735955,23040.0
-9.698342323303223,-13.71783447265625,4.019489765167236,0.0,59.15676966387991,23040.0
-9.786702156066895,-13.718782424926758,3.9320831298828125,0.0,37.157462181109075,23040.0
-9.788971900939941,-13.762975692749023,3.9740054607391357,0.0,36.413741552588114,23040.0
-9.756270408630371,-13.720076560974121,3.963801145553589,0.0,61.67726164022212,23040.0
-9.659557342529297,-13.68675708770752,4.027196407318115,0.0,40.13247260432304,23040.0
-9.793486595153809,-13.789827346801758,3.9963467121124268,0.0,31.13373019138844,23040.0
-9.8497896194458,-13.818090438842773,3.968301773071289,0.0,46.46019514972384,23040.0
-9.819350242614746,-13.822705268859863,4.003352642059326,0.0,30.063780351339563,23040.0
-9.785752296447754,-13.720439910888672,3.934687376022339,0.0,64.52468516578871,23040.0
-9.637800216674805,-13.668965339660645,4.031166076660156,0.0,71.11016494484593,23040.0
-9.813530921936035,-13.786622047424316,3.9730947017669678,0.0,19.64100882503098,23040.0
-9.725996017456055,-13.66547679901123,3.9394822120666504,0.0,55.68751293061193,23040.0
-9.728288650512695,-13.769037246704102,4.040748596191406,0.0,48.74348407971608,23040.0
-9.822674751281738,-13.810202598571777,3.9875245094299316,0.0,19.616634511535597,23040.0
-9.783364295959473,-13.79283618927002,4.009477138519287,0.0,26.15540782914036,23040.0
-9.912169456481934,-13.873479843139648,3.961311101913452,0.0,30.225970827185975,23040.0
-9.789326667785645,-13.779643058776855,3.9903154373168945,0.0,49.15985569443768,23040.0
-9.613381385803223,-13.6487398147583,4.03536319732666,0.0,57.75547955120444,23040.0
-9.925081253051758,-13.887762069702148,3.9626832008361816,0.0,30.2053593817533,23040.0
-9.595532417297363,-13.671377182006836,4.075839042663574,0.0,61.07031468787833,23040.0
-9.84333324432373,-13.81266975402832,3.969331979751587,0.0,62.71630974440584,23040.0
-9.552308082580566,-13.59130573272705,4.0389933586120605,0.0,75.87786703399128,23040.0
-9.892053604125977,-13.898917198181152,4.006868839263916,0.0,28.967808176303883,23040.0
-9.754050254821777,-13.795324325561523,4.041278839111328,0.0,63.222136961628856,23040.0
-9.83505630493164,-13.83285903930664,3.9978041648864746,0.0,61.222629372350944,23040.0
-9.819600105285645,-13.833624839782715,4.014026641845703,0.0,22.72986789784203,23040.0
-9.734284400939941,-13.770995140075684,4.036713600158691,0.0,35.38019837017225,23040.0
-9.80908489227295,-13.751310348510742,3.942225456237793,0.0,49.49489352556077,23040.0
-9.838277816772461,-13.824020385742188,3.985743522644043,0.0,44.28981231320694,23040.0
-9.884631156921387,-13.881391525268555,3.9967613220214844,0.0,45.11467859820554,23040.0
-9.850488662719727,-13.850309371948242,3.9998152256011963,0.0,19.295369292940535,23040.0
-9.752375602722168,-13.772318840026855,4.01994514465332,0.0,45.05765165076992,23040.0
-9.961797714233398,-13.900178909301758,3.9383811950683594,0.0,44.93295919444318,23040.0
-9.915461540222168,-13.9297456741333,4.014284133911133,0.0,30.71847112462783,23040.0
-9.808353424072266,-13.841607093811035,4.0332512855529785,0.0,33.03068495316406,23040.0
-9.727782249450684,-13.803008079528809,4.0752272605896,0.0,40.578436068488266,23040.0
-9.996319770812988,-13.965646743774414,3.9693281650543213,0.0,63.660872293135256,23040.0
-9.87214183807373,-13.896622657775879,4.024481773376465,0.0,56.91116237183359,23040.0
-9.950685501098633,-13.946956634521484,3.9962682723999023,0.0,49.063479666307295,23040.0
-9.869582176208496,-13.900063514709473,4.030481815338135,0.0,51.058685882135045,23040.0
-9.965249061584473,-13.968008041381836,4.002756595611572,0.0,47.75605595273228,23040.0
-9.9227294921875,-13.955634117126465,4.032907962799072,0.0,33.81743595727545,23040.0
-9.956511497497559,-13.962541580200195,4.006028175354004,0.0,46.39925164920659,23040.0
-9.734878540039062,-13.813858032226562,4.078976154327393,0.0,48.069471331882944,23040.0
-9.828441619873047,-13.90974235534668,4.081301212310791,0.0,35.13190465298674,23040.0
-9.772693634033203,-13.868005752563477,4.095314979553223,0.0,55.688731330952656,23040.0
-9.869592666625977,-13.892166137695312,4.022574424743652,0.0,64.24593570642483,23040.0
-9.833539962768555,-13.846147537231445,4.01260232925415,0.0,60.11100443767476,23040.0
-9.803457260131836,-13.888213157653809,4.084754943847656,0.0,47.690106821149946,23040.0
-9.897735595703125,-13.94514274597168,4.047412872314453,0.0,44.78158997530124,23040.0
-9.860345840454102,-13.915775299072266,4.055431365966797,0.0,73.79335941852132,23040.0
-9.92731761932373,-13.946847915649414,4.019532680511475,0.0,66.41483630631733,23040.0
-9.888813972473145,-13.957581520080566,4.068769454956055,0.0,32.70575252474728,23040.0
-9.91681957244873,-13.972787857055664,4.055972099304199,0.0,30.207440089688678,23040.0
-9.869163513183594,-13.91223430633545,4.043070316314697,0.0,56.31997967023657,23040.0
-9.815362930297852,-13.917503356933594,4.102137088775635,0.0,67.37836001910597,23040.0
-9.930400848388672,-13.942026138305664,4.011627197265625,0.0,58.20353360115623,23040.0
-9.966849327087402,-14.005512237548828,4.038662910461426,0.0,29.609070665915905,23040.0
-9.762961387634277,-13.896185874938965,4.13322639465332,0.0,69.58131553970125,23040.0
-9.750837326049805,-13.834521293640137,4.083683490753174,0.0,83.81885762349881,23040.0
-9.881819725036621,-13.918743133544922,4.036922931671143,0.0,57.36846709500305,23040.0
-9.929739952087402,-13.944722175598145,4.014981269836426,0.0,29.922792646623673,23040.0
-9.935636520385742,-13.964189529418945,4.028554439544678,0.0,68.3243616912906,23040.0
-9.840716361999512,-13.900872230529785,4.060157775878906,0.0,66.3355818295134,23040.0
-9.917598724365234,-13.979090690612793,4.061495780944824,0.0,31.932294524158106,23040.0
-9.760645866394043,-13.902674674987793,4.142031669616699,0.0,53.989463773307385,23040.0
-9.86938190460205,-13.958877563476562,4.089492321014404,0.0,54.85947493466374,23040.0
-9.96298885345459,-13.976707458496094,4.013722896575928,0.0,54.87968043185292,23040.0
-9.82438850402832,-13.92774772644043,4.103358268737793,0.0,39.06753260774207,23040.0
-9.965237617492676,-14.0125150680542,4.04727840423584,0.0,31.318565233289398,23040.0
-9.997625350952148,-14.011356353759766,4.013727188110352,0.0,22.8365063794808,23040.0
-9.994372367858887,-14.0156888961792,4.0213117599487305,0.0,23.835373045991528,23040.0
-9.748942375183105,-13.858098983764648,4.109158039093018,0.0,46.11073905354319,23040.0
-9.85440444946289,-13.968612670898438,4.114208221435547,0.0,36.09045434560522,23040.0
-9.717480659484863,-13.830766677856445,4.113287448883057,0.0,45.19511622958626,23040.0
-9.798664093017578,-13.911681175231934,4.113021373748779,0.0,50.537634140673596,23040.0
-9.773008346557617,-13.903825759887695,4.130820274353027,0.0,64.5678840005874,23040.0
-9.871489524841309,-13.941428184509277,4.069937229156494,0.0,81.48553910787595,23040.0
-9.778820037841797,-13.827527046203613,4.048709392547607,0.0,79.46354275385696,23040.0
-9.894750595092773,-13.931320190429688,4.036571502685547,0.0,52.20598831326533,23040.0
-9.76659107208252,-13.888489723205566,4.121899604797363,0.0,60.79373758916299,23040.0
-9.85100269317627,-13.94332504272461,4.092324256896973,0.0,68.86390421218505,23040.0
-9.863808631896973,-13.879237174987793,4.015425682067871,0.0,73.39872381272744,23040.0
-9.933653831481934,-13.948514938354492,4.01486349105835,0.0,51.71501818398095,23040.0
-9.803336143493652,-13.919617652893066,4.116280555725098,0.0,70.7584159372498,23040.0
-9.853033065795898,-13.891448020935059,4.0384135246276855,0.0,62.25618926515772,23040.0
-9.884679794311523,-13.91968822479248,4.035007953643799,0.0,55.85196279820862,23040.0
-9.975318908691406,-14.036477088928223,4.061154365539551,0.0,62.51828578255898,23040.0
-9.743219375610352,-13.818988800048828,4.075764179229736,0.0,67.43387508127236,23040.0
-9.705997467041016,-13.697832107543945,3.9918344020843506,0.0,74.7260785404702,23040.0
-9.73120403289795,-13.847870826721191,4.1166582107543945,0.0,64.49300385825907,23040.0
-9.805384635925293,-13.950191497802734,4.144808769226074,0.0,55.01227800202977,23040.0
-9.791377067565918,-13.833940505981445,4.042560577392578,0.0,64.3037435190063,23040.0
-9.992067337036133,-13.976706504821777,3.9846384525299072,0.0,47.32484986902576,23040.0
-9.837486267089844,-13.924778938293457,4.087296962738037,0.0,54.343566043017866,23040.0
-9.816287994384766,-13.846878051757812,4.030589580535889,0.0,65.51071307297215,23040.0
-9.955790519714355,-14.008214950561523,4.052427768707275,0.0,52.91008740393431,23040.0
-9.702255249023438,-13.75780200958252,4.055537700653076,0.0,82.62755863033743,23040.0
-9.998185157775879,-14.049150466918945,4.050971031188965,0.0,42.54162039564587,23040.0
-9.922774314880371,-13.926519393920898,4.003746509552002,0.0,68.08367345768552,23040.0
-9.915939331054688,-13.921380996704102,4.005446910858154,0.0,64.4772045273966,23040.0
-9.874835968017578,-13.948429107666016,4.073591232299805,0.0,42.39539987426366,23040.0
-9.937862396240234,-13.96033763885498,4.022470951080322,0.0,45.637808670955685,23040.0
-9.967340469360352,-14.024373054504395,4.05703067779541,0.0,51.00814629107617,23040.0
-9.91242790222168,-13.96001148223877,4.047584533691406,0.0,51.25377869430601,23040.0
-10.015109062194824,-14.08403205871582,4.06892204284668,0.0,36.932675769084966,23040.0
-10.069677352905273,-14.085220336914062,4.015541076660156,0.0,39.994232646549605,23040.0
-10.137948036193848,-14.143091201782227,4.005145072937012,0.0,29.239224143337783,23040.0
-9.988513946533203,-14.014787673950195,4.026272296905518,0.0,53.42201679958599,23040.0
-9.905901908874512,-13.976176261901855,4.070274353027344,0.0,39.044944624127304,23040.0
-10.03195571899414,-14.076696395874023,4.044739246368408,0.0,38.15180112812941,23040.0
-9.801753997802734,-13.88255500793457,4.080792427062988,0.0,79.63910321403716,23040.0
-9.954560279846191,-14.039920806884766,4.085358142852783,0.0,51.139725619885915,23040.0
-10.034504890441895,-14.115562438964844,4.081057548522949,0.0,35.12843231778762,23040.0
-10.046724319458008,-14.119140625,4.072418689727783,0.0,38.35553640275355,23040.0
-10.14305591583252,-14.166844367980957,4.0237860679626465,0.0,34.0166002834031,23040.0
-9.943428993225098,-14.098137855529785,4.15470552444458,0.0,47.06582086041446,23040.0
-9.883563041687012,-13.981023788452148,4.097464084625244,0.0,67.8496372830334,23040.0
-9.369882583618164,-13.522604942321777,4.152727127075195,0.0,100.45658469816395,23040.0
-10.030975341796875,-14.123235702514648,4.092257499694824,0.0,48.67094339145855,23040.0
-9.61783504486084,-13.793828964233398,4.175991058349609,0.0,84.29726518103803,23040.0
-9.760132789611816,-13.784173965454102,4.024037837982178,0.0,119.78532898559202,23040.0
-9.657222747802734,-13.78353500366211,4.126314163208008,0.0,105.28630874827793,23040.0
-10.06187629699707,-14.049392700195312,3.987518310546875,0.0,32.108623715388774,23040.0
-9.74787712097168,-13.771976470947266,4.024096965789795,0.0,90.92642600062297,23040.0
-9.439409255981445,-13.565757751464844,4.126347064971924,0.0,126.9462809518804,23040.0
-9.92408561706543,-14.012395858764648,4.088311195373535,0.0,52.625641170293356,23040.0
-9.829670906066895,-13.88784408569336,4.0581746101379395,0.0,66.50852323704702,23040.0
-9.857687950134277,-13.869744300842285,4.012056827545166,0.0,98.75141607221714,23040.0
-9.834846496582031,-13.831214904785156,3.9963693618774414,0.0,90.47989268201236,23040.0
-10.01098346710205,-14.050272941589355,4.039291858673096,0.0,39.12186494894271,23040.0
-9.510563850402832,-13.655524253845215,4.144958972930908,0.0,102.56576123330181,23040.0
-9.82819652557373,-13.803460121154785,3.975266456604004,0.0,68.42112258164777,23040.0
-9.799578666687012,-13.798871994018555,3.999295711517334,0.0,56.281808537567564,23040.0
-9.988607406616211,-14.012328147888184,4.023720741271973,0.0,39.09090655473269,23040.0
-9.860817909240723,-13.913887977600098,4.053065776824951,0.0,54.124810432771966,23040.0
-9.977550506591797,-14.055432319641113,4.077880382537842,0.0,41.874253932288944,23040.0
-9.970279693603516,-13.971476554870605,4.001193523406982,0.0,56.1568830849796,23040.0
-9.71802043914795,-13.722976684570312,4.004953861236572,0.0,76.14770976355086,23040.0
-9.992186546325684,-14.019951820373535,4.027766704559326,0.0,33.42349751346936,23040.0
-9.853379249572754,-13.91315746307373,4.059771537780762,0.0,69.94365354305309,23040.0
-10.041781425476074,-14.033430099487305,3.9916446208953857,0.0,55.56370452831532,23040.0
-10.167478561401367,-14.143465042114258,3.9759905338287354,0.0,44.81739629761603,23040.0
-9.890128135681152,-14.008248329162598,4.11812162399292,0.0,59.788455129054796,23040.0
-9.885102272033691,-13.894450187683105,4.009347915649414,0.0,81.81025450287292,23040.0
-9.860737800598145,-13.969794273376465,4.1090569496154785,0.0,95.83792204602838,23040.0
-9.130075454711914,-13.344453811645508,4.2143778800964355,0.0,161.6716112935792,23040.0
-9.089787483215332,-13.14651107788086,4.056718826293945,0.0,123.78679021976286,23040.0
-9.678092002868652,-13.718733787536621,4.040640830993652,0.0,116.18543106228712,23040.0
-8.622526168823242,-12.836206436157227,4.213683605194092,0.0,205.90219067743053,23040.0
-9.293853759765625,-13.241829872131348,3.9479784965515137,0.0,137.26752871740027,23040.0
-9.653676986694336,-13.685149192810059,4.031472682952881,0.0,92.67645963615857,23040.0
-7.99393367767334,-12.221245765686035,4.227309703826904,0.0,226.2898251665017,23040.0
-9.446642875671387,-13.420830726623535,3.9741899967193604,0.0,115.62585534404052,23040.0
-7.6939616203308105,-11.745596885681152,4.051634788513184,0.0,192.30741482605012,23040.0
-9.532999992370605,-13.405961036682129,3.8729631900787354,0.0,90.61307005057353,23040.0
-8.128477096557617,-12.228419303894043,4.09993839263916,0.0,204.87769089568818,23040.0
-9.466025352478027,-13.377837181091309,3.9118130207061768,0.0,90.45261332267621,23040.0
-8.78360366821289,-12.728387832641602,3.944786548614502,0.0,148.650775005679,23040.0
-9.470239639282227,-13.342564582824707,3.8723201751708984,0.0,88.65895251293686,23040.0
-8.985578536987305,-12.817299842834473,3.831721067428589,0.0,147.85323690035173,23040.0
-8.752985954284668,-12.527825355529785,3.7748405933380127,0.0,110.25181468517972,23040.0
-8.865334510803223,-12.609244346618652,3.7439117431640625,0.0,134.9127911857899,23040.0
-9.26586627960205,-13.082252502441406,3.816384792327881,0.0,108.61356162155002,23040.0
-8.911864280700684,-12.733985900878906,3.8221211433410645,0.0,146.8138669159419,23040.0
-9.083253860473633,-12.81944751739502,3.736191749572754,0.0,96.98737736067301,23040.0
-8.794567108154297,-12.447425842285156,3.6528584957122803,0.0,132.13789182659022,23040.0
-9.276935577392578,-13.090764999389648,3.813828229904175,0.0,101.44797528172985,23040.0
-7.7344794273376465,-11.65506362915039,3.920579671859741,0.0,204.09347682288234,23040.0
-9.17674446105957,-12.882789611816406,3.7060484886169434,0.0,106.03879340793289,23040.0
-8.284867286682129,-12.015600204467773,3.7307355403900146,0.0,153.93980357951583,23040.0
-9.025967597961426,-12.714622497558594,3.6886532306671143,0.0,101.18210316166763,23040.0
-9.133346557617188,-12.820791244506836,3.6874468326568604,0.0,122.07430725987585,23040.0
-9.149009704589844,-12.86855697631836,3.719548225402832,0.0,79.67442001616811,23040.0
-9.05863094329834,-12.77138900756836,3.7127573490142822,0.0,93.63384659371322,23040.0
-9.40649700164795,-13.047468185424805,3.64097261428833,0.0,63.82849200917726,23040.0
-8.903091430664062,-12.625200271606445,3.7221078872680664,0.0,120.51516553744328,23040.0
-9.411033630371094,-13.035425186157227,3.6243929862976074,0.0,63.20134360384982,23040.0
-8.944001197814941,-12.562127113342285,3.618126392364502,0.0,89.520618905498,23040.0
-9.31884765625,-12.875802040100098,3.5569567680358887,0.0,71.92014462746586,23040.0
-9.532103538513184,-13.235482215881348,3.703381061553955,0.0,53.589389642747754,23040.0
-9.298104286193848,-13.020575523376465,3.72247314453125,0.0,84.23569371646447,23040.0
-9.609272003173828,-13.310700416564941,3.7014224529266357,0.0,50.92250525702626,23040.0
-9.524096488952637,-13.199959754943848,3.6758623123168945,0.0,57.086732145354624,23040.0
-9.659746170043945,-13.298239707946777,3.6384944915771484,0.0,52.564432246647556,23040.0
-9.611681938171387,-13.366544723510742,3.7548649311065674,0.0,64.60511473783313,23040.0
-9.582079887390137,-13.352316856384277,3.770240545272827,0.0,73.684174950651,23040.0
-9.439119338989258,-13.13035774230957,3.691235303878784,0.0,82.81103234252089,23040.0
-9.394661903381348,-13.099201202392578,3.704542398452759,0.0,91.24918838778031,23040.0
-9.611139297485352,-13.461858749389648,3.850717782974243,0.0,64.42820779163995,23040.0
-9.36445140838623,-13.26736831665039,3.9029154777526855,0.0,103.4534476089697,23040.0
-9.71451473236084,-13.550431251525879,3.835916757583618,0.0,59.12037028594273,23040.0
-9.587220191955566,-13.39812183380127,3.810899496078491,0.0,77.75214634453914,23040.0
-9.684966087341309,-13.571693420410156,3.886725902557373,0.0,68.05292772977417,23040.0
-9.729379653930664,-13.593810081481934,3.8644299507141113,0.0,78.69317736104067,23040.0
-9.708295822143555,-13.529290199279785,3.820995330810547,0.0,67.1197119945084,23040.0
-9.631674766540527,-13.522561073303223,3.890888214111328,0.0,76.98732543421801,23040.0
-9.425867080688477,-13.488994598388672,4.063127517700195,0.0,90.55646445482091,23040.0
-9.457243919372559,-13.491312980651855,4.034069538116455,0.0,99.55564655997536,23040.0
-9.60793685913086,-13.570746421813965,3.962815761566162,0.0,78.06900712667525,23040.0
-9.432124137878418,-13.40728759765625,3.9751651287078857,0.0,99.75716359240589,23040.0
-9.873676300048828,-13.800780296325684,3.9271016120910645,0.0,65.15350886787031,23040.0
-9.618821144104004,-13.632843971252441,4.0140252113342285,0.0,107.67668671877534,23040.0
-9.83140754699707,-13.844566345214844,4.013162612915039,0.0,57.10535159013093,23040.0
-9.604639053344727,-13.59364128112793,3.989001750946045,0.0,100.4063922258425,23040.0
-9.741064071655273,-13.789987564086914,4.04892635345459,0.0,70.84589212249207,23040.0
-9.624308586120605,-13.650280952453613,4.025973796844482,0.0,92.16637220564076,23040.0
-9.418487548828125,-13.429728507995605,4.011241436004639,0.0,99.97992316990006,23040.0
-9.593118667602539,-13.628844261169434,4.0357255935668945,0.0,88.6870673985367,23040.0
-9.743633270263672,-13.765554428100586,4.021919250488281,0.0,94.58589730076129,23040.0
-9.775762557983398,-13.767065048217773,3.991302251815796,0.0,91.23718745285291,23040.0
-9.762407302856445,-13.755842208862305,3.9934325218200684,0.0,75.66477801813497,23040.0
-9.774774551391602,-13.793204307556152,4.0184326171875,0.0,88.18316671771204,23040.0
-9.641340255737305,-13.731744766235352,4.090404510498047,0.0,83.03895727954863,23040.0
-9.55379581451416,-13.564697265625,4.010905742645264,0.0,106.8817394186835,23040.0
-9.481457710266113,-13.482115745544434,4.0006608963012695,0.0,92.5015077211309,23040.0
-9.667720794677734,-13.668829917907715,4.00111198425293,0.0,92.83296942912189,23040.0
-9.425929069519043,-13.495766639709473,4.069839000701904,0.0,120.52249806204799,23040.0
-9.801568031311035,-13.731719017028809,3.930152654647827,0.0,80.91388776524269,23040.0
-9.354546546936035,-13.250539779663086,3.8959953784942627,0.0,104.94169409789282,23040.0
-9.689640045166016,-13.613371849060059,3.9237351417541504,0.0,85.15324116417733,23040.0
-8.822210311889648,-12.93978500366211,4.117572784423828,0.0,185.8705485095276,23040.0
-8.973926544189453,-13.036453247070312,4.062527656555176,0.0,136.5273916358904,23040.0
-8.135080337524414,-12.115477561950684,3.9803967475891113,0.0,181.9600745725036,23040.0
-8.705156326293945,-12.679000854492188,3.9738399982452393,0.0,132.70390003192855,23040.0
-9.176069259643555,-13.153143882751465,3.977071523666382,0.0,147.0859698238725,23040.0
-9.147260665893555,-13.098651885986328,3.951387643814087,0.0,128.70543588339328,23040.0
-8.99669361114502,-12.807668685913086,3.8109781742095947,0.0,114.8100074135191,23040.0
-8.938882827758789,-12.805679321289062,3.866795539855957,0.0,116.27419165549921,23040.0
-8.764391899108887,-12.730757713317871,3.9663665294647217,0.0,136.1860597908062,23040.0
-8.362381935119629,-12.314742088317871,3.9523582458496094,0.0,165.1769730868955,23040.0
-8.749878883361816,-12.450667381286621,3.7007861137390137,0.0,110.21460487016385,23040.0
-8.140349388122559,-11.895018577575684,3.7546701431274414,0.0,137.8536473639884,23040.0
-9.014951705932617,-12.685248374938965,3.6702935695648193,0.0,91.24278057179409,23040.0
-9.07591724395752,-12.770999908447266,3.69508695602417,0.0,116.1386056873327,23040.0
-8.729869842529297,-12.482772827148438,3.752899169921875,0.0,119.52691385177967,23040.0
-9.23990249633789,-12.912516593933105,3.6726183891296387,0.0,71.9962291185134,23040.0
-9.044184684753418,-12.714027404785156,3.669840097427368,0.0,99.5608783854552,23040.0
-9.242569923400879,-12.909546852111816,3.666977882385254,0.0,66.3237276711857,23040.0
-9.137186050415039,-12.806501388549805,3.6693122386932373,0.0,127.20914562204753,23040.0
-8.883892059326172,-12.573530197143555,3.6896347999572754,0.0,123.71201202886574,23040.0
-9.271952629089355,-12.861913681030273,3.5899620056152344,0.0,77.58737712108642,23040.0
-8.516390800476074,-12.195623397827148,3.6792361736297607,0.0,120.74615512861115,23040.0
-8.983656883239746,-12.64220142364502,3.6585419178009033,0.0,84.47876892344703,23040.0
-9.196921348571777,-12.926545143127441,3.7296297550201416,0.0,92.69302798922395,23040.0
-9.198979377746582,-13.013045310974121,3.814067840576172,0.0,85.48846878997571,23040.0
-9.257257461547852,-13.00708293914795,3.749823570251465,0.0,68.35202358951982,23040.0
-9.466541290283203,-13.172713279724121,3.70617413520813,0.0,61.062769008456854,23040.0
-9.366019248962402,-13.108084678649902,3.7420687675476074,0.0,63.631306075607235,23040.0
-9.183084487915039,-12.965438842773438,3.7823565006256104,0.0,89.1736824342554,23040.0
-9.33222484588623,-13.026351928710938,3.694124937057495,0.0,65.44605668072256,23040.0
-9.131373405456543,-12.91027545928955,3.778900384902954,0.0,75.92612486994241,23040.0
-9.547103881835938,-13.324854850769043,3.7777490615844727,0.0,62.25806205748484,23040.0
-9.249088287353516,-13.091758728027344,3.842667579650879,0.0,75.20757101868146,23040.0
-9.453598976135254,-13.341851234436035,3.888244867324829,0.0,70.98269515946164,23040.0
-9.598456382751465,-13.440388679504395,3.8419363498687744,0.0,53.29601949756737,23040.0
-9.577042579650879,-13.484208106994629,3.9071669578552246,0.0,65.39452779827889,23040.0
-9.620487213134766,-13.492412567138672,3.871929168701172,0.0,48.267824637784024,23040.0
-9.568699836730957,-13.440837860107422,3.872138738632202,0.0,71.2847727824656,23040.0
-9.662909507751465,-13.567301750183105,3.9043893814086914,0.0,42.04142217990691,23040.0
-9.572420120239258,-13.459205627441406,3.8867835998535156,0.0,69.52780970730359,23040.0
-9.754942893981934,-13.65626335144043,3.90132212638855,0.0,41.448330034330844,23040.0
-9.75937557220459,-13.6747407913208,3.9153692722320557,0.0,62.64479433943106,23040.0
-9.669663429260254,-13.629279136657715,3.959615468978882,0.0,53.18230869513045,23040.0
-9.554764747619629,-13.578609466552734,4.023845195770264,0.0,68.69085823571616,23040.0
-9.904546737670898,-13.859230041503906,3.9546871185302734,0.0,40.00813435405563,23040.0
-9.751609802246094,-13.696189880371094,3.9445834159851074,0.0,51.48852892076078,23040.0
-9.75245475769043,-13.700715065002441,3.948258399963379,0.0,43.29055551460054,23040.0
-9.921357154846191,-13.855761528015137,3.9344074726104736,0.0,35.06790655453812,23040.0
-9.929313659667969,-13.926629066467285,3.9973158836364746,0.0,36.24086710510879,23040.0
-9.896506309509277,-13.927184104919434,4.030677795410156,0.0,34.8700337983841,23040.0
-9.823698997497559,-13.906827926635742,4.083130359649658,0.0,37.93504196929802,23040.0
-9.796003341674805,-13.875289916992188,4.079283237457275,0.0,46.314153601027805,23040.0
-9.914361953735352,-13.926538467407227,4.012173175811768,0.0,41.58746780648334,23040.0
-9.876057624816895,-13.947904586791992,4.071849822998047,0.0,30.694246988339074,23040.0
-10.011122703552246,-14.00335693359375,3.992238759994507,0.0,42.076833097306,23040.0
-9.938279151916504,-13.965340614318848,4.027060508728027,0.0,30.303780834698607,23040.0
-9.928167343139648,-14.03002643585205,4.101859092712402,0.0,44.4162092737619,23040.0
-10.070919036865234,-14.113746643066406,4.042828559875488,0.0,31.093418870524303,23040.0
-9.958733558654785,-14.040444374084473,4.081712245941162,0.0,37.630131345669014,23040.0
-9.877243995666504,-14.017173767089844,4.139927387237549,0.0,38.64131687194855,23040.0
-10.088960647583008,-14.16081428527832,4.07185173034668,0.0,31.20776804961545,23040.0
-10.01462459564209,-14.070061683654785,4.055436134338379,0.0,37.025917419145784,23040.0
-10.078060150146484,-14.145076751708984,4.0670166015625,0.0,36.34252470298386,23040.0
-10.021251678466797,-14.12303638458252,4.10178279876709,0.0,34.62222665449956,23040.0
-9.942277908325195,-14.068862915039062,4.126585006713867,0.0,46.92629423507788,23040.0
-10.044546127319336,-14.1673002243042,4.12275505065918,0.0,40.72896409515172,23040.0
-10.08554458618164,-14.197689056396484,4.112139701843262,0.0,45.05958958173469,23040.0
-10.006685256958008,-14.169867515563965,4.16318416595459,0.0,42.41711031477482,23040.0
-10.068281173706055,-14.199954986572266,4.1316704750061035,0.0,33.7473062166201,23040.0
-10.023005485534668,-14.16735553741455,4.144344806671143,0.0,33.33270566239601,23040.0
-10.193219184875488,-14.245705604553223,4.052485942840576,0.0,33.99313273157889,23040.0
-10.020861625671387,-14.175662994384766,4.15479850769043,0.0,35.95543928352909,23040.0
-10.016595840454102,-14.145707130432129,4.12911319732666,0.0,35.80433009973075,23040.0
-10.051061630249023,-14.127164840698242,4.0760955810546875,0.0,46.05722707652065,23040.0
-10.091724395751953,-14.25418472290039,4.162460803985596,0.0,34.17795609276524,23040.0
-10.072202682495117,-14.216619491577148,4.144419193267822,0.0,50.981398424814174,23040.0
-10.121695518493652,-14.205007553100586,4.083305358886719,0.0,42.35451520066172,23040.0
-10.09347152709961,-14.21606159210205,4.1225905418396,0.0,51.88201974261931,23040.0
-9.975460052490234,-14.20634937286377,4.230893135070801,0.0,41.357121431494,23040.0
-10.083185195922852,-14.197956085205078,4.114771842956543,0.0,53.2969650613632,23040.0
-10.105779647827148,-14.187395095825195,4.0816168785095215,0.0,49.783424908983015,23040.0
-10.122477531433105,-14.261356353759766,4.138882160186768,0.0,56.97922140672071,23040.0
-10.26138687133789,-14.35229206085205,4.090904235839844,0.0,55.68358843602313,23040.0
-10.22470474243164,-14.347350120544434,4.122646808624268,0.0,40.83077737103519,23040.0
-10.154974937438965,-14.277372360229492,4.122400760650635,0.0,60.67783502057689,23040.0
-10.112485885620117,-14.304535865783691,4.192045211791992,0.0,43.62896445978012,23040.0
-10.183308601379395,-14.314576148986816,4.131267070770264,0.0,55.33678721948725,23040.0
-10.117674827575684,-14.258197784423828,4.140525817871094,0.0,59.896279432662375,23040.0
-10.262320518493652,-14.358752250671387,4.096437454223633,0.0,32.71988123160614,23040.0
-10.165274620056152,-14.327200889587402,4.161927700042725,0.0,54.319181844630045,23040.0
-10.181634902954102,-14.362486839294434,4.180851459503174,0.0,30.372989459345302,23040.0
-10.062989234924316,-14.234493255615234,4.17150354385376,0.0,49.8701444046491,23040.0
-10.167113304138184,-14.327437400817871,4.160321235656738,0.0,36.16245610762476,23040.0
-10.216429710388184,-14.31537914276123,4.098947048187256,0.0,54.41005725176511,23040.0
-10.109859466552734,-14.249967575073242,4.140110015869141,0.0,45.618054204198195,23040.0
-10.1055269241333,-14.240885734558105,4.135359764099121,0.0,54.56158014333797,23040.0
-9.924729347229004,-14.120502471923828,4.195772171020508,0.0,81.00315821588235,23040.0
-10.132135391235352,-14.289545059204102,4.157411575317383,0.0,48.081135579783414,23040.0
-9.862357139587402,-14.050383567810059,4.188027858734131,0.0,82.94977553912447,23040.0
-10.107361793518066,-14.274757385253906,4.16740083694458,0.0,60.57948590536783,23040.0
-9.924979209899902,-14.127074241638184,4.202094078063965,0.0,98.07311962237287,23040.0
-9.90086841583252,-14.015593528747559,4.11472749710083,0.0,83.43004232506766,23040.0
-9.881453514099121,-14.046093940734863,4.164639472961426,0.0,101.94916193956492,23040.0
-10.062349319458008,-14.211341857910156,4.148987770080566,0.0,87.51932506021232,23040.0
-9.99416732788086,-14.19329833984375,4.199129104614258,0.0,60.16984779659353,23040.0
-9.821623802185059,-13.946298599243164,4.124675273895264,0.0,96.66112940454747,23040.0
-10.133648872375488,-14.273375511169434,4.139727592468262,0.0,55.57277448853835,23040.0
-9.77156925201416,-13.963401794433594,4.191831111907959,0.0,110.44760015389187,23040.0
-9.954313278198242,-14.0920991897583,4.137791156768799,0.0,57.32381239495128,23040.0
-9.642492294311523,-13.758513450622559,4.116023540496826,0.0,107.40225552524359,23040.0
-9.902490615844727,-14.062005996704102,4.159517288208008,0.0,69.98406393251604,23040.0
-9.890731811523438,-14.011005401611328,4.120274066925049,0.0,105.75384281302485,23040.0
-9.954821586608887,-14.087531089782715,4.132712364196777,0.0,64.53840109198167,23040.0
-9.990564346313477,-14.078606605529785,4.088040828704834,0.0,82.51695934696407,23040.0
-9.982702255249023,-14.057607650756836,4.074901580810547,0.0,75.5542868119023,23040.0
-9.98423957824707,-14.096631050109863,4.112387657165527,0.0,80.27643504772435,23040.0
-10.010029792785645,-14.05826187133789,4.0482330322265625,0.0,85.73095704186731,23040.0
-10.073362350463867,-14.189603805541992,4.116244316101074,0.0,58.775082662514016,23040.0
-9.831832885742188,-14.039046287536621,4.207214832305908,0.0,100.92675687392061,23040.0
-10.157963752746582,-14.258634567260742,4.100667953491211,0.0,44.928238970308435,23040.0
-9.881827354431152,-13.961190223693848,4.07935905456543,0.0,95.82562630184658,23040.0
-10.170217514038086,-14.248597145080566,4.0783772468566895,0.0,46.323723515198296,23040.0
-9.718997955322266,-13.911428451538086,4.1924285888671875,0.0,114.605776137263,23040.0
-10.058183670043945,-14.243233680725098,4.185046195983887,0.0,52.242107100715565,23040.0
-9.811772346496582,-13.96441650390625,4.152640342712402,0.0,96.32751794880105,23040.0
-10.030961036682129,-14.210127830505371,4.179169654846191,0.0,55.31451095013015,23040.0
-9.893207550048828,-14.0775146484375,4.184305191040039,0.0,88.4486384828603,23040.0
-10.10110092163086,-14.258208274841309,4.157111644744873,0.0,56.35886014555724,23040.0
-9.892621994018555,-14.069994926452637,4.177372455596924,0.0,76.46270513772903,23040.0
-10.09123420715332,-14.246192932128906,4.154959201812744,0.0,61.06231334703952,23040.0
-10.010631561279297,-14.187374114990234,4.176736831665039,0.0,80.62078024655773,23040.0
-10.107756614685059,-14.24183464050293,4.134078502655029,0.0,57.88223770153879,23040.0
-10.187370300292969,-14.307906150817871,4.120536804199219,0.0,78.02183923790226,23040.0
-10.296104431152344,-14.377640724182129,4.08153772354126,0.0,63.91202236855622,23040.0
-10.272211074829102,-14.37181282043457,4.099599361419678,0.0,68.09676532640451,23040.0
-10.17392349243164,-14.299728393554688,4.125811576843262,0.0,61.52414620203677,23040.0
-10.222037315368652,-14.334466934204102,4.112431049346924,0.0,61.98647201965517,23040.0
-10.332963943481445,-14.45838737487793,4.125419616699219,0.0,49.57758350387031,23040.0
-10.04100513458252,-14.245805740356445,4.204799175262451,0.0,68.51937073339903,23040.0
-10.046975135803223,-14.204668045043945,4.157694339752197,0.0,69.79729193279589,23040.0
-9.992389678955078,-14.201872825622559,4.209488391876221,0.0,68.16299765539252,23040.0
-9.837575912475586,-14.111775398254395,4.274205207824707,0.0,94.21360046721145,23040.0
-10.012864112854004,-14.229703903198242,4.216839790344238,0.0,80.71677180583833,23040.0
-9.779173851013184,-13.97662353515625,4.197444915771484,0.0,91.90268913439787,23040.0
-10.05650520324707,-14.229601860046387,4.173092842102051,0.0,78.1406134716684,23040.0
-9.933069229125977,-14.171390533447266,4.238324165344238,0.0,99.76965018363433,23040.0
-10.054298400878906,-14.283867835998535,4.229569911956787,0.0,53.676038376427805,23040.0
-9.968347549438477,-14.172709465026855,4.204365253448486,0.0,94.8948210980644,23040.0
-10.17570686340332,-14.373159408569336,4.197453022003174,0.0,39.75899912843361,23040.0
-10.00164794921875,-14.222649574279785,4.221000671386719,0.0,83.16278020004592,23040.0
-10.325859069824219,-14.426240921020508,4.100384712219238,0.0,41.84007851807014,23040.0
-9.865683555603027,-14.037015914916992,4.171332359313965,0.0,87.3270316254548,23040.0
-10.181940078735352,-14.371591567993164,4.18964958190918,0.0,33.81613628169939,23040.0
-9.876317977905273,-14.080803871154785,4.204484939575195,0.0,110.94779315550429,23040.0
-10.09097671508789,-14.285683631896973,4.194705963134766,0.0,63.81256299065172,23040.0
-10.186639785766602,-14.334765434265137,4.148123264312744,0.0,67.20664196810787,23040.0
-9.952524185180664,-14.1332368850708,4.180717468261719,0.0,100.24961385371228,23040.0
-10.170182228088379,-14.284628868103027,4.114443778991699,0.0,58.74529502272586,23040.0
-9.509896278381348,-13.674535751342773,4.164638519287109,0.0,126.35969666053153,23040.0
-9.95244026184082,-14.119406700134277,4.166964530944824,0.0,66.03809173281749,23040.0
-9.773839950561523,-14.033170700073242,4.259331703186035,0.0,118.95054413644324,23040.0
-10.07670783996582,-14.226929664611816,4.150223255157471,0.0,67.4705007409191,23040.0
-10.073580741882324,-14.193215370178223,4.119632244110107,0.0,84.46878836168025,23040.0
-9.533417701721191,-13.777388572692871,4.243963718414307,0.0,110.27510688649947,23040.0
-9.827492713928223,-14.00155258178711,4.174059867858887,0.0,101.69228748123395,23040.0
-9.008699417114258,-13.179200172424316,4.170498371124268,0.0,134.61407630041413,23040.0
-9.464621543884277,-13.55211353302002,4.087491035461426,0.0,123.42270279859495,23040.0
-9.605348587036133,-13.798928260803223,4.193575859069824,0.0,115.4182950061412,23040.0
-9.507060050964355,-13.690176963806152,4.183116912841797,0.0,120.93517352456473,23040.0
-9.936366081237793,-13.97008228302002,4.033717155456543,0.0,79.74414021907977,23040.0
-9.925835609436035,-13.951379776000977,4.025543689727783,0.0,86.19767491772987,23040.0
-9.717016220092773,-13.77234172821045,4.0553297996521,0.0,106.17078653083134,23040.0
-9.579477310180664,-13.667695045471191,4.0882110595703125,0.0,109.90776914757893,23040.0
-9.43384075164795,-13.480818748474121,4.046977996826172,0.0,115.13003560938711,23040.0
-9.220198631286621,-13.339532852172852,4.119336128234863,0.0,120.42422457319414,23040.0
-9.6841402053833,-13.715875625610352,4.031733512878418,0.0,88.1850383093603,23040.0
-9.572649002075195,-13.717522621154785,4.1448750495910645,0.0,113.89959871764772,23040.0
-9.659061431884766,-13.723664283752441,4.064602375030518,0.0,82.08833241922234,23040.0
-9.960269927978516,-13.95718002319336,3.996910572052002,0.0,66.25610345830647,23040.0
-9.604706764221191,-13.644601821899414,4.039895057678223,0.0,86.77882553917578,23040.0
-9.737229347229004,-13.798994064331055,4.06176233291626,0.0,69.52661135544012,23040.0
-9.722147941589355,-13.702672958374023,3.9805264472961426,0.0,68.86381300779486,23040.0
-9.50574779510498,-13.499876976013184,3.9941246509552,0.0,91.26676106215696,23040.0
-9.895849227905273,-13.901081085205078,4.005229949951172,0.0,64.1423939236958,23040.0
-9.714386940002441,-13.787521362304688,4.073129177093506,0.0,85.82783162407534,23040.0
-9.596229553222656,-13.665349960327148,4.069120407104492,0.0,47.17249119159697,23040.0
-9.30675983428955,-13.424142837524414,4.11738395690918,0.0,176.58460926467285,23040.0
-8.727450370788574,-12.940584182739258,4.213132858276367,0.0,152.20285499879742,23040.0
-8.25486946105957,-12.632890701293945,4.378018379211426,0.0,145.20786974337835,23040.0
-9.012389183044434,-13.017691612243652,4.0053019523620605,0.0,144.70016171725106,23040.0
-7.9923834800720215,-12.061423301696777,4.069036483764648,0.0,147.18271196541727,23040.0
-8.59538459777832,-12.702401161193848,4.107016563415527,0.0,88.15233023242965,23040.0
-9.121806144714355,-13.053202629089355,3.931398630142212,0.0,85.78343319207222,23040.0
-9.079001426696777,-13.03495979309082,3.9559574127197266,0.0,74.71436223741838,23040.0
-9.169072151184082,-13.040748596191406,3.8716790676116943,0.0,67.1501415797301,23040.0
-8.978049278259277,-13.06159496307373,4.083543300628662,0.0,57.4506726939252,23040.0
-8.252384185791016,-12.440433502197266,4.188051700592041,0.0,113.08422685093952,23040.0
-8.614493370056152,-12.697711944580078,4.083219051361084,0.0,86.31712699310428,23040.0
-8.947541236877441,-12.884248733520508,3.9367103576660156,0.0,71.64359929403214,23040.0
-8.863458633422852,-12.720129013061523,3.8566699028015137,0.0,71.86082330652464,23040.0
-8.79273796081543,-12.588753700256348,3.7960188388824463,0.0,67.06484371374366,23040.0
-8.907279968261719,-12.6366548538208,3.729377269744873,0.0,62.19889893849295,23040.0
-8.5777587890625,-12.371749877929688,3.7939908504486084,0.0,62.61303772586507,23040.0
-8.873820304870605,-12.602924346923828,3.7291066646575928,0.0,67.36198598736893,23040.0
-8.77408504486084,-12.535358428955078,3.7612721920013428,0.0,47.87581701371594,23040.0
-9.021675109863281,-12.713937759399414,3.692265510559082,0.0,87.48730885900635,23040.0
-8.760597229003906,-12.634235382080078,3.873638153076172,0.0,91.98009135023052,23040.0
-8.808952331542969,-12.689417839050293,3.8804640769958496,0.0,85.40892112622761,23040.0
-8.936574935913086,-12.738916397094727,3.802342414855957,0.0,99.30133609663805,23040.0
-9.124645233154297,-13.03628921508789,3.911639451980591,0.0,99.21397179117723,23040.0
-8.532023429870605,-12.47953987121582,3.9475178718566895,0.0,168.58074595407885,23040.0
-8.584258079528809,-12.299365043640137,3.715101480484009,0.0,108.64853125301788,23040.0
-7.560789585113525,-11.377853393554688,3.8170671463012695,0.0,140.82088597425704,23040.0
-8.932299613952637,-12.709099769592285,3.776799440383911,0.0,132.12220266962493,23040.0
-8.822052001953125,-12.662041664123535,3.839991331100464,0.0,129.4062674409666,23040.0
-8.764668464660645,-12.494356155395508,3.7296903133392334,0.0,111.51284764663455,23040.0
-8.95862865447998,-12.61274242401123,3.654115915298462,0.0,90.33290235066029,23040.0
-8.931468963623047,-12.647807121276855,3.7163381576538086,0.0,108.10672995088153,23040.0
-8.76113510131836,-12.574141502380371,3.8130042552948,0.0,115.48296254704128,23040.0
-8.953152656555176,-12.72424030303955,3.7710838317871094,0.0,113.2193269501364,23040.0
-9.02332878112793,-12.660881996154785,3.6375536918640137,0.0,101.13790732501627,23040.0
-9.258030891418457,-12.962724685668945,3.7046916484832764,0.0,71.8665839633927,23040.0
-9.070171356201172,-12.76807689666748,3.6979074478149414,0.0,126.14649367846789,23040.0
-9.40538501739502,-13.181126594543457,3.7757415771484375,0.0,57.03589424406926,23040.0
-9.481167793273926,-13.0794677734375,3.598299264907837,0.0,104.51251749788551,23040.0
-9.560354232788086,-13.145058631896973,3.5847065448760986,0.0,66.47173724801713,23040.0
-9.259074211120605,-12.93885612487793,3.679776668548584,0.0,99.93075701447738,23040.0
-9.498312950134277,-13.272241592407227,3.7739248275756836,0.0,75.5739922051256,23040.0
-9.524518013000488,-13.230542182922363,3.706023931503296,0.0,80.11887444366492,23040.0
-9.661700248718262,-13.354780197143555,3.69307804107666,0.0,77.7922521404309,23040.0
-9.756122589111328,-13.51502513885498,3.7588984966278076,0.0,51.96600713850361,23040.0
-9.497777938842773,-13.279366493225098,3.7815890312194824,0.0,93.78551414011419,23040.0
-9.930026054382324,-13.702457427978516,3.772432804107666,0.0,29.626441190448745,23040.0
-9.667695045471191,-13.490714073181152,3.8230228424072266,0.0,86.99097461631136,23040.0
-9.902585983276367,-13.758561134338379,3.8559787273406982,0.0,38.58976502162437,23040.0
-9.70016860961914,-13.611225128173828,3.911057949066162,0.0,81.07243428626576,23040.0
-9.821196556091309,-13.755969047546387,3.934767246246338,0.0,46.6519615254959,23040.0
-10.074349403381348,-13.895929336547852,3.821579694747925,0.0,61.010075551632006,23040.0
-9.890040397644043,-13.88705825805664,3.9970204830169678,0.0,55.2796480572528,23040.0
-9.918550491333008,-13.9533052444458,4.034759998321533,0.0,57.68887355073341,23040.0
-9.887853622436523,-13.915120124816895,4.027270317077637,0.0,49.13905776528276,23040.0
-9.87928295135498,-13.960058212280273,4.080770015716553,0.0,39.05239117398632,23040.0
-9.992281913757324,-14.003005981445312,4.010721206665039,0.0,46.221839039733595,23040.0
-10.093274116516113,-14.10844898223877,4.015182018280029,0.0,26.383154647417346,23040.0
-10.056352615356445,-14.088449478149414,4.032101154327393,0.0,48.6722103112159,23040.0
-10.069528579711914,-14.096602439880371,4.027070045471191,0.0,36.33955372932088,23040.0
-10.138952255249023,-14.183462142944336,4.044507026672363,0.0,34.65332954996824,23040.0
-10.099688529968262,-14.20586109161377,4.106173515319824,0.0,45.88270261005999,23040.0
-10.20743179321289,-14.32141399383545,4.113979339599609,0.0,24.868315644943454,23040.0
-10.097245216369629,-14.261557579040527,4.164308071136475,0.0,39.78369766270176,23040.0
-10.09571361541748,-14.239672660827637,4.143953800201416,0.0,29.491811877258655,23040.0
-10.22501277923584,-14.351530075073242,4.126518249511719,0.0,40.04275031711514,23040.0
-10.28118896484375,-14.365803718566895,4.084616661071777,0.0,30.720621279279094,23040.0
-10.201869010925293,-14.35618782043457,4.15432071685791,0.0,38.365246745300404,23040.0
-10.182782173156738,-14.375473022460938,4.192688465118408,0.0,49.06641002195775,23040.0
-10.189510345458984,-14.34388542175293,4.154375076293945,0.0,23.02212039696993,23040.0
-10.17654800415039,-14.3109130859375,4.134360313415527,0.0,47.42787781360573,23040.0
-10.235411643981934,-14.43255615234375,4.197144985198975,0.0,29.39329191306647,23040.0
-10.187569618225098,-14.402321815490723,4.214749813079834,0.0,34.93965713096243,23040.0
-10.194767951965332,-14.396964073181152,4.202200412750244,0.0,39.26807896060864,23040.0
-10.256966590881348,-14.402957916259766,4.145991802215576,0.0,27.114649823986245,23040.0
-10.201952934265137,-14.36475944519043,4.162809371948242,0.0,26.859868683178114,23040.0
-10.20310115814209,-14.441383361816406,4.238281726837158,0.0,31.536350797171618,23040.0
-10.274530410766602,-14.455862998962402,4.181340217590332,0.0,25.01699339882192,23040.0
-10.312146186828613,-14.499053001403809,4.186910152435303,0.0,27.320105667252953,23040.0
-10.263023376464844,-14.47457504272461,4.211549282073975,0.0,26.2484599211445,23040.0
-10.17361068725586,-14.42516803741455,4.25155782699585,0.0,30.769079507364335,23040.0
-10.38276195526123,-14.54574203491211,4.1629815101623535,0.0,28.255281131714103,23040.0
-10.24604606628418,-14.474349021911621,4.228304862976074,0.0,25.465216799753467,23040.0
-10.242188453674316,-14.5003080368042,4.258121967315674,0.0,31.625846323393528,23040.0
-10.2031888961792,-14.446061134338379,4.242871284484863,0.0,52.81104709706031,23040.0
-10.309782981872559,-14.521236419677734,4.211456775665283,0.0,41.43580050876142,23040.0
-10.254286766052246,-14.510141372680664,4.255858421325684,0.0,35.79043511031471,23040.0
-10.274079322814941,-14.51285171508789,4.238768100738525,0.0,49.27644084876037,23040.0
-10.33932876586914,-14.504632949829102,4.165305137634277,0.0,53.37844253237259,23040.0
-10.22433853149414,-14.452692031860352,4.228353500366211,0.0,52.81221372065829,23040.0
-10.278655052185059,-14.539978981018066,4.261326789855957,0.0,55.58657384034367,23040.0
-10.337142944335938,-14.578943252563477,4.241804599761963,0.0,51.74694120167712,23040.0
-10.235020637512207,-14.494384765625,4.259363651275635,0.0,47.97667692531296,23040.0
-10.18040657043457,-14.425721168518066,4.245316028594971,0.0,68.67724261704527,23040.0
-10.361662864685059,-14.58208179473877,4.22041654586792,0.0,51.50363172918338,23040.0
-10.209455490112305,-14.449604034423828,4.240142822265625,0.0,64.95301515610512,23040.0
-10.138077735900879,-14.3400297164917,4.201955318450928,0.0,78.9997370199819,23040.0
-10.170892715454102,-14.470453262329102,4.299561023712158,0.0,54.50535803419218,23040.0
-10.112748146057129,-14.363747596740723,4.250997066497803,0.0,105.02585166704431,23040.0
-10.310298919677734,-14.491561889648438,4.181264400482178,0.0,54.85719181459745,23040.0
-10.174640655517578,-14.40058422088623,4.225946426391602,0.0,90.6718844870013,23040.0
-10.384078979492188,-14.557019233703613,4.172940731048584,0.0,52.1556921777722,23040.0
-10.240659713745117,-14.426140785217285,4.185482501983643,0.0,79.61918050557615,23040.0
-10.123382568359375,-14.281686782836914,4.158308029174805,0.0,93.46361375184183,23040.0
-10.33911418914795,-14.534546852111816,4.195431709289551,0.0,64.60630885156193,23040.0
-9.88271713256836,-14.166983604431152,4.284267902374268,0.0,124.29544894135209,23040.0
-9.966190338134766,-14.191351890563965,4.225161075592041,0.0,102.28287899129965,23040.0
-9.953217506408691,-14.144633293151855,4.191412925720215,0.0,122.6591075191889,23040.0
-9.792136192321777,-14.107123374938965,4.314985752105713,0.0,141.75441328164555,23040.0
-9.677014350891113,-13.883174896240234,4.206161022186279,0.0,146.3595644598712,23040.0
-9.371827125549316,-13.564766883850098,4.192936420440674,0.0,136.29702932504938,23040.0
-9.481687545776367,-13.692388534545898,4.210701942443848,0.0,174.99219474210898,23040.0
-9.06251335144043,-13.382498741149902,4.319984436035156,0.0,195.87242721142584,23040.0
-9.330941200256348,-13.444463729858398,4.113528251647949,0.0,172.21346523300554,23040.0
-8.890236854553223,-13.03957748413086,4.149346828460693,0.0,174.85014116620732,23040.0
-9.028726577758789,-13.173924446105957,4.145191669464111,0.0,228.56476650996,23040.0
-9.298563003540039,-13.377228736877441,4.078670501708984,0.0,178.49022656120923,23040.0
-8.735029220581055,-12.791082382202148,4.056051731109619,0.0,165.04414673023828,23040.0
-8.974992752075195,-12.976167678833008,4.0011725425720215,0.0,141.69190756672236,23040.0
-9.135764122009277,-13.128584861755371,3.9928228855133057,0.0,172.16104994021424,23040.0
-9.064168930053711,-13.147062301635742,4.082894325256348,0.0,155.45689594777343,23040.0
-9.022649765014648,-13.071822166442871,4.049168109893799,0.0,153.43017100040126,23040.0
-9.329031944274902,-13.197705268859863,3.868675708770752,0.0,114.33815936080173,23040.0
-9.384048461914062,-13.271859169006348,3.887812376022339,0.0,126.43906143257105,23040.0
-9.280227661132812,-13.155434608459473,3.8752057552337646,0.0,141.64166426448364,23040.0
-9.50605297088623,-13.355430603027344,3.8493804931640625,0.0,99.92197366209308,23040.0
-9.505183219909668,-13.307960510253906,3.8027727603912354,0.0,104.46293328481416,23040.0
-9.161629676818848,-13.016783714294434,3.8551571369171143,0.0,102.65043101224897,23040.0
-9.670929908752441,-13.473465919494629,3.802537441253662,0.0,78.7131547028089,23040.0
-9.579957008361816,-13.407889366149902,3.8279333114624023,0.0,109.69508540883324,23040.0
-9.75268268585205,-13.60400390625,3.8513200283050537,0.0,77.38589819247568,23040.0
-9.872567176818848,-13.677775382995605,3.805208444595337,0.0,67.02396599330893,23040.0
-9.617218971252441,-13.43973159790039,3.8225131034851074,0.0,80.26618225933998,23040.0
-9.873708724975586,-13.761163711547852,3.8874568939208984,0.0,60.45049590283895,23040.0
-9.674548149108887,-13.544626235961914,3.8700761795043945,0.0,78.97506076802236,23040.0
-9.907699584960938,-13.730951309204102,3.823254108428955,0.0,61.24534042980499,23040.0
-9.953256607055664,-13.817322731018066,3.864067316055298,0.0,47.030746331251684,23040.0
-9.759509086608887,-13.647685050964355,3.8881773948669434,0.0,73.78147511720424,23040.0
-9.98990535736084,-13.896309852600098,3.906399965286255,0.0,60.76473063235062,23040.0
-9.983953475952148,-13.895560264587402,3.9116098880767822,0.0,71.0661338436083,23040.0
-9.881994247436523,-13.919899940490723,4.037906169891357,0.0,73.98109415811734,23040.0
-10.162903785705566,-14.154326438903809,3.991417407989502,0.0,47.87138072442969,23040.0
-10.088889122009277,-14.047908782958984,3.9590179920196533,0.0,61.127299156533006,23040.0
-10.187108993530273,-14.226408958435059,4.039303779602051,0.0,38.18892015869551,23040.0
-9.8590087890625,-13.926901817321777,4.067894458770752,0.0,82.84024807955561,23040.0
-10.184551239013672,-14.217352867126465,4.032805919647217,0.0,37.47488410393129,23040.0
-9.837906837463379,-13.909310340881348,4.071403503417969,0.0,80.34028014406837,23040.0
-10.128212928771973,-14.186376571655273,4.058164596557617,0.0,62.90110868780603,23040.0
-10.059906959533691,-14.167985916137695,4.108078479766846,0.0,70.05177577037117,23040.0
-10.097549438476562,-14.257230758666992,4.159677028656006,0.0,60.097839988908916,23040.0
-10.180610656738281,-14.249528884887695,4.068920135498047,0.0,49.530790399380784,23040.0
-10.141152381896973,-14.215862274169922,4.074702739715576,0.0,62.36481459119281,23040.0
-9.930404663085938,-14.109918594360352,4.179513454437256,0.0,102.4215662476307,23040.0
-9.919576644897461,-14.135114669799805,4.2155327796936035,0.0,91.09694575150608,23040.0
-9.916922569274902,-14.077314376831055,4.160390853881836,0.0,92.60570075144727,23040.0
-9.791515350341797,-13.936532020568848,4.145013332366943,0.0,96.3344362073609,23040.0
-10.144667625427246,-14.296707153320312,4.152041435241699,0.0,72.72972543250268,23040.0
-10.126748085021973,-14.271347045898438,4.144593715667725,0.0,77.72381682435949,23040.0
-10.110376358032227,-14.253317832946777,4.142944812774658,0.0,69.03500001720049,23040.0
-10.093649864196777,-14.215814590454102,4.122166156768799,0.0,64.91268251070393,23040.0
-10.061370849609375,-14.234038352966309,4.172672748565674,0.0,69.10841703325744,23040.0
-9.890300750732422,-14.048624992370605,4.158323764801025,0.0,90.26276038544398,23040.0
-10.135565757751465,-14.271227836608887,4.135665416717529,0.0,54.66676536834526,23040.0
-9.984221458435059,-14.105138778686523,4.120917320251465,0.0,86.77890849064377,23040.0
-10.208394050598145,-14.326395988464355,4.117996692657471,0.0,50.04871053025822,23040.0
-10.091887474060059,-14.266968727111816,4.175077438354492,0.0,63.072213245401564,23040.0
-10.212818145751953,-14.345830917358398,4.133013725280762,0.0,53.587458418453785,23040.0
-10.136066436767578,-14.350488662719727,4.214416980743408,0.0,47.49241799305076,23040.0
-10.094385147094727,-14.328588485717773,4.234205722808838,0.0,63.60034265842679,23040.0
-10.21929931640625,-14.384175300598145,4.1648759841918945,0.0,65.7412828686101,23040.0
-10.272115707397461,-14.408900260925293,4.136788845062256,0.0,54.835195651137454,23040.0
-10.206125259399414,-14.356401443481445,4.150275707244873,0.0,58.717845185376326,23040.0
-10.230646133422852,-14.420628547668457,4.189981460571289,0.0,48.62065813934516,23040.0
-10.2671480178833,-14.475165367126465,4.2080183029174805,0.0,46.092330945475595,23040.0
-10.376785278320312,-14.518569946289062,4.141781806945801,0.0,44.07578103363238,23040.0
-10.311905860900879,-14.45166301727295,4.139759540557861,0.0,49.546011031103994,23040.0
-10.274866104125977,-14.494695663452148,4.219831466674805,0.0,55.376584384890656,23040.0
-10.332489967346191,-14.563091278076172,4.230597972869873,0.0,58.524896157728236,23040.0
-10.316609382629395,-14.4796142578125,4.1630048751831055,0.0,54.46948120455549,23040.0
-10.257808685302734,-14.4350004196167,4.177194595336914,0.0,41.581666041780856,23040.0
-10.292738914489746,-14.459057807922363,4.166314601898193,0.0,51.50684317667446,23040.0
-10.306377410888672,-14.524054527282715,4.217679500579834,0.0,36.869167121852385,23040.0
-10.34695816040039,-14.516931533813477,4.169971466064453,0.0,61.30709985637252,23040.0
-10.284610748291016,-14.499512672424316,4.214900016784668,0.0,43.56019780917325,23040.0
-10.049626350402832,-14.349910736083984,4.300280570983887,0.0,93.82920508822163,23040.0
-10.30047607421875,-14.499428749084473,4.198951721191406,0.0,55.062846052437024,23040.0
-10.071683883666992,-14.232990264892578,4.161304473876953,0.0,97.1279089356292,23040.0
-10.399497032165527,-14.52491283416748,4.1254143714904785,0.0,65.08136254679914,23040.0
-10.104842185974121,-14.34011459350586,4.2352728843688965,0.0,105.40314811572871,23040.0
-10.198895454406738,-14.398791313171387,4.19989538192749,0.0,97.72076820054991,23040.0
-10.195728302001953,-14.418075561523438,4.222348213195801,0.0,81.18076267695551,23040.0
-9.97154426574707,-14.238869667053223,4.267326354980469,0.0,119.68716307282898,23040.0
-10.231261253356934,-14.503698348999023,4.2724385261535645,0.0,80.36773966542061,23040.0
-10.295982360839844,-14.422009468078613,4.1260271072387695,0.0,103.50929226089853,23040.0
-10.274903297424316,-14.472710609436035,4.197802543640137,0.0,71.69625793191287,23040.0
-10.285913467407227,-14.415627479553223,4.1297125816345215,0.0,101.29155265038567,23040.0
-10.351985931396484,-14.50155258178711,4.149565696716309,0.0,82.13951708322433,23040.0
-10.170400619506836,-14.342077255249023,4.1716694831848145,0.0,92.53240510893828,23040.0
-10.179795265197754,-14.371851921081543,4.192053318023682,0.0,89.53360812756284,23040.0
-10.214811325073242,-14.476922035217285,4.262109279632568,0.0,87.86086085602086,23040.0
-10.185651779174805,-14.393365859985352,4.207712173461914,0.0,103.05274905204539,23040.0
-10.27075481414795,-14.401162147521973,4.13040828704834,0.0,88.38383519729211,23040.0
-10.120206832885742,-14.285507202148438,4.165304183959961,0.0,98.41779845064679,23040.0
-10.163788795471191,-14.385010719299316,4.221218585968018,0.0,109.73239376012732,23040.0
-10.095903396606445,-14.285197257995605,4.189290523529053,0.0,122.59991306112803,23040.0
-9.781412124633789,-14.007390975952148,4.225980281829834,0.0,128.47920740719692,23040.0
-10.275800704956055,-14.455052375793457,4.1792521476745605,0.0,75.86653699150445,23040.0
-9.94204330444336,-14.180909156799316,4.238863468170166,0.0,134.40062253075533,23040.0
-10.359533309936523,-14.48417854309082,4.124641418457031,0.0,85.05586020287872,23040.0
-9.924609184265137,-14.113486289978027,4.188873767852783,0.0,112.9107595918074,23040.0
-10.234493255615234,-14.413114547729492,4.1786208152771,0.0,80.83883449904283,23040.0
-10.008034706115723,-14.230440139770508,4.222410202026367,0.0,113.69947287282453,23040.0
-10.311700820922852,-14.476988792419434,4.165289402008057,0.0,79.9353587197098,23040.0
-10.008219718933105,-14.167020797729492,4.158796310424805,0.0,101.84020921180786,23040.0
-10.281180381774902,-14.476167678833008,4.1949896812438965,0.0,68.24187721884964,23040.0
-9.730310440063477,-14.0047025680542,4.274391174316406,0.0,141.1942526473207,23040.0
-10.360631942749023,-14.540939331054688,4.180302143096924,0.0,74.89794618257724,23040.0
-9.826827049255371,-14.032660484313965,4.20583438873291,0.0,120.15108760506075,23040.0
-10.191189765930176,-14.343830108642578,4.152636528015137,0.0,77.7792304351693,23040.0
-9.971037864685059,-14.207870483398438,4.236834526062012,0.0,123.6240039166849,23040.0
-10.239754676818848,-14.443472862243652,4.203720569610596,0.0,71.59787301301887,23040.0
-10.075618743896484,-14.237558364868164,4.16193962097168,0.0,91.84351146399513,23040.0
-10.143253326416016,-14.39208698272705,4.2488298416137695,0.0,69.57542619523551,23040.0
-10.263775825500488,-14.42338752746582,4.159610748291016,0.0,81.33273853100604,23040.0
-10.246582984924316,-14.415656089782715,4.169071674346924,0.0,78.48998033554965,23040.0
-10.186970710754395,-14.334260940551758,4.147287368774414,0.0,73.93629935079606,23040.0
-10.147372245788574,-14.274436950683594,4.127065181732178,0.0,85.5505173505941,23040.0
-10.29122257232666,-14.503510475158691,4.212290287017822,0.0,67.12789229162911,23040.0
-10.061739921569824,-14.246407508850098,4.184662342071533,0.0,113.10426828161121,23040.0
-10.408760070800781,-14.49406623840332,4.085305213928223,0.0,65.36163550209758,23040.0
-9.927303314208984,-14.11705207824707,4.189743518829346,0.0,101.27313237706313,23040.0
-10.216506004333496,-14.445749282836914,4.229239463806152,0.0,78.16197777120614,23040.0
-10.232991218566895,-14.384175300598145,4.151187896728516,0.0,92.93785604785056,23040.0
-10.269383430480957,-14.38513469696045,4.115753650665283,0.0,71.39507692602709,23040.0
-10.160106658935547,-14.307600975036621,4.147494792938232,0.0,88.83123120404282,23040.0
-10.394013404846191,-14.5672025680542,4.1731858253479,0.0,60.20031986615719,23040.0
-10.132149696350098,-14.34125804901123,4.209105014801025,0.0,92.99438562276261,23040.0
-10.255609512329102,-14.48192310333252,4.22631311416626,0.0,48.988588408801526,23040.0
-10.372663497924805,-14.48388957977295,4.111220836639404,0.0,78.59737977315531,23040.0
-10.411706924438477,-14.621790885925293,4.210082054138184,0.0,46.2032891882544,23040.0
-10.357705116271973,-14.531959533691406,4.174258708953857,0.0,80.20492448840679,23040.0
-10.519545555114746,-14.7299165725708,4.210370063781738,0.0,36.099335438241035,23040.0
-10.304421424865723,-14.48780345916748,4.183383941650391,0.0,85.71691028322824,23040.0
-10.541220664978027,-14.772321701049805,4.231101989746094,0.0,47.6234247524943,23040.0
-10.324030876159668,-14.558798789978027,4.234766483306885,0.0,81.59420974767676,23040.0
-10.452512741088867,-14.631353378295898,4.178840160369873,0.0,58.092671580406375,23040.0
-10.367045402526855,-14.609737396240234,4.242694854736328,0.0,77.56387415012627,23040.0
-10.443241119384766,-14.698100090026855,4.254857540130615,0.0,60.69764078619704,23040.0
-10.360732078552246,-14.586523056030273,4.225794315338135,0.0,78.81088787920109,23040.0
-10.327563285827637,-14.582999229431152,4.255440711975098,0.0,60.092461222475016,23040.0
-10.471783638000488,-14.65722370147705,4.1854424476623535,0.0,79.60457769572096,23040.0
-10.49185562133789,-14.7470703125,4.255216598510742,0.0,58.31766109636586,23040.0
-10.384700775146484,-14.695303916931152,4.310604572296143,0.0,78.68317967638899,23040.0
-10.380487442016602,-14.62190055847168,4.241415977478027,0.0,72.28648231669696,23040.0
-10.392650604248047,-14.684069633483887,4.291417121887207,0.0,67.29437437385877,23040.0
-10.475425720214844,-14.77619457244873,4.300774097442627,0.0,68.71187074783998,23040.0
-10.452644348144531,-14.72431468963623,4.271673202514648,0.0,62.50233443452514,23040.0
-10.470620155334473,-14.720962524414062,4.250341415405273,0.0,66.32847259594939,23040.0
-10.380130767822266,-14.73689079284668,4.356761455535889,0.0,65.07202080417251,23040.0
-10.414989471435547,-14.754212379455566,4.339221000671387,0.0,63.14946715725574,23040.0
-10.554998397827148,-14.81867790222168,4.263680458068848,0.0,66.15627821901583,23040.0
-10.450627326965332,-14.751452445983887,4.30082893371582,0.0,70.67175553985334,23040.0
-10.505562782287598,-14.7958402633667,4.290278434753418,0.0,53.97318109550705,23040.0
-10.36766529083252,-14.732328414916992,4.364663124084473,0.0,84.63022558557479,23040.0
-10.4757080078125,-14.795475006103516,4.319773197174072,0.0,53.18430126057221,23040.0
-10.300585746765137,-14.572608947753906,4.27202844619751,0.0,90.72571525570733,23040.0
-10.49779987335205,-14.824395179748535,4.32659387588501,0.0,62.38674586493862,23040.0
-10.154267311096191,-14.48375129699707,4.329483509063721,0.0,108.4817857639508,23040.0
-10.465798377990723,-14.70920181274414,4.243403911590576,0.0,74.17347550070689,23040.0
-10.08174991607666,-14.383670806884766,4.301923751831055,0.0,107.74970651578329,23040.0
-10.348608016967773,-14.643783569335938,4.295171737670898,0.0,92.31678641382027,23040.0
-10.22172737121582,-14.54572868347168,4.323999881744385,0.0,113.9279066171002,23040.0
-10.196209907531738,-14.502062797546387,4.305857181549072,0.0,99.70442854785499,23040.0
-10.292912483215332,-14.562400817871094,4.269492149353027,0.0,112.29230275574916,23040.0
-10.446382522583008,-14.767333030700684,4.320950508117676,0.0,77.5762569581754,23040.0
-10.264796257019043,-14.520222663879395,4.255430221557617,0.0,113.24508620366355,23040.0
-10.296393394470215,-14.540613174438477,4.244217395782471,0.0,90.47050702042307,23040.0
-10.272668838500977,-14.541337013244629,4.2686686515808105,0.0,120.6135273493591,23040.0
-10.11747932434082,-14.462592124938965,4.345113754272461,0.0,119.90246070080433,23040.0
-10.062907218933105,-14.317672729492188,4.254762649536133,0.0,130.31779702250842,23040.0
-10.27355670928955,-14.473845481872559,4.20028829574585,0.0,95.43590892222521,23040.0
-10.241853713989258,-14.503621101379395,4.2617716789245605,0.0,126.0904047641921,23040.0
-10.39493179321289,-14.698091506958008,4.303164482116699,0.0,89.09740749953077,23040.0
-10.259977340698242,-14.498865127563477,4.238888740539551,0.0,111.05253171990405,23040.0
-10.224923133850098,-14.468368530273438,4.24344539642334,0.0,92.90017880799034,23040.0
-10.191461563110352,-14.454024314880371,4.262564182281494,0.0,121.81727023153019,23040.0
-10.022377014160156,-14.331873893737793,4.309494495391846,0.0,120.58346707667057,23040.0
-10.074642181396484,-14.326094627380371,4.251450061798096,0.0,121.71740697766096,23040.0
-9.89872932434082,-14.160024642944336,4.261298179626465,0.0,120.99870451011785,23040.0
-9.922062873840332,-14.246026992797852,4.323966026306152,0.0,151.50159743005514,23040.0
-10.004857063293457,-14.37298583984375,4.368120193481445,0.0,108.40718279721416,23040.0
-9.789166450500488,-14.019640922546387,4.23047399520874,0.0,146.38813536733068,23040.0
-10.004724502563477,-14.185812950134277,4.181090354919434,0.0,101.87684963321183,23040.0
-9.845108032226562,-14.116988182067871,4.271880149841309,0.0,151.09325205710616,23040.0
-10.02283000946045,-14.33584213256836,4.313004970550537,0.0,109.49202421230558,23040.0
-9.877148628234863,-14.147543907165527,4.270391464233398,0.0,126.88428459651755,23040.0
-9.86685562133789,-14.073981285095215,4.207128047943115,0.0,108.5360204239128,23040.0
-10.132960319519043,-14.352570533752441,4.219611167907715,0.0,103.29735631046978,23040.0
-9.683028221130371,-14.011956214904785,4.328927993774414,0.0,136.19500577443046,23040.0
-10.28131103515625,-14.419805526733398,4.138497352600098,0.0,91.06163066461532,23040.0
-9.708606719970703,-13.888595581054688,4.179992198944092,0.0,127.03384984716286,23040.0
-10.38401985168457,-14.548091888427734,4.164076328277588,0.0,67.40622829928806,23040.0
-9.862103462219238,-14.065229415893555,4.203121662139893,0.0,153.06433269780095,23040.0
-10.310408592224121,-14.470882415771484,4.160472393035889,0.0,61.3582748414244,23040.0
-9.556193351745605,-13.745586395263672,4.189393043518066,0.0,122.1145453998315,23040.0
-10.486479759216309,-14.61717414855957,4.130696773529053,0.0,48.42077628001734,23040.0
-9.499372482299805,-13.766936302185059,4.267563343048096,0.0,147.99164870590207,23040.0
-10.39082145690918,-14.595300674438477,4.204478740692139,0.0,46.606564315992884,23040.0
-10.197748184204102,-14.316781997680664,4.119032382965088,0.0,91.72210531169847,23040.0
-10.221436500549316,-14.35406494140625,4.132627964019775,0.0,72.92266568314524,23040.0
-10.359496116638184,-14.532869338989258,4.17336893081665,0.0,64.52955748541925,23040.0
-10.212077140808105,-14.442338943481445,4.230264663696289,0.0,83.11900520074097,23040.0
-10.387508392333984,-14.577102661132812,4.18959903717041,0.0,51.37659659630556,23040.0
-10.27318286895752,-14.485505104064941,4.2123212814331055,0.0,74.59263354190279,23040.0
-10.465025901794434,-14.69314956665039,4.2281270027160645,0.0,37.40203591341566,23040.0
-10.361176490783691,-14.567955017089844,4.206776142120361,0.0,83.66977515283986,23040.0
-10.408943176269531,-14.691855430603027,4.282915115356445,0.0,36.160536601302645,23040.0
-10.40589427947998,-14.595141410827637,4.18924617767334,0.0,64.77602760044786,23040.0
-10.471192359924316,-14.647919654846191,4.176726341247559,0.0,55.998919977588315,23040.0
-10.383772850036621,-14.63410758972168,4.250336647033691,0.0,61.03297827381747,23040.0
-10.602538108825684,-14.797972679138184,4.195438861846924,0.0,47.84484798574657,23040.0
-10.460095405578613,-14.689987182617188,4.229892730712891,0.0,56.43058392085026,23040.0
-10.560395240783691,-14.816429138183594,4.256034851074219,0.0,52.910801971410926,23040.0
-10.45431900024414,-14.736889839172363,4.282570838928223,0.0,62.58500909029257,23040.0
-10.471587181091309,-14.803059577941895,4.331471920013428,0.0,62.59402301619307,23040.0
-10.468198776245117,-14.800780296325684,4.332582950592041,0.0,48.92099489364159,23040.0
-10.12839126586914,-14.491559982299805,4.363166332244873,0.0,85.06506902387319,23040.0
-10.57294750213623,-14.90744400024414,4.33449125289917,0.0,36.54108605266244,23040.0
-10.171425819396973,-14.542898178100586,4.371471405029297,0.0,98.64220270912753,23040.0
-10.656293869018555,-14.922484397888184,4.266185283660889,0.0,41.89640377250995,23040.0
-10.442231178283691,-14.700013160705566,4.257784843444824,0.0,75.95751561726836,23040.0
-10.640724182128906,-14.938080787658691,4.297356128692627,0.0,34.28433299692113,23040.0
-10.214710235595703,-14.579367637634277,4.364658832550049,0.0,94.71645414796468,23040.0
-10.382264137268066,-14.629040718078613,4.246774196624756,0.0,79.21585642135807,23040.0
-10.325173377990723,-14.680912017822266,4.355739593505859,0.0,64.39274962585868,23040.0
-10.515609741210938,-14.849629402160645,4.334019184112549,0.0,58.309870467206466,23040.0
-10.287957191467285,-14.674101829528809,4.386139392852783,0.0,65.54402795171738,23040.0
-10.476383209228516,-14.834190368652344,4.357808589935303,0.0,46.527981496819656,23040.0
-10.491504669189453,-14.760854721069336,4.269350051879883,0.0,72.58616872888271,23040.0
-10.68460464477539,-14.948592185974121,4.263986587524414,0.0,40.21258284410736,23040.0
-10.379122734069824,-14.702186584472656,4.323066711425781,0.0,87.43433849671167,23040.0
-10.666616439819336,-14.95181655883789,4.285204887390137,0.0,45.67616890540737,23040.0
-10.476052284240723,-14.804606437683105,4.328551769256592,0.0,56.93568963155266,23040.0
-10.668160438537598,-14.968326568603516,4.300163269042969,0.0,42.135044637583135,23040.0
-10.634737014770508,-14.95397663116455,4.3192362785339355,0.0,45.96786438493234,23040.0
-10.621515274047852,-14.95433235168457,4.332813739776611,0.0,34.28468533547002,23040.0
-10.60911750793457,-14.915425300598145,4.3063063621521,0.0,49.48690153287806,23040.0
-10.63846206665039,-15.011785507202148,4.3733229637146,0.0,53.87956019668929,23040.0
-10.62175464630127,-14.980671882629395,4.358914375305176,0.0,44.620816855393706,23040.0
-10.536198616027832,-14.879629135131836,4.343430995941162,0.0,54.992601227193866,23040.0
-10.648932456970215,-14.983613014221191,4.334676265716553,0.0,38.6600183037166,23040.0
-10.592164039611816,-14.973124504089355,4.380957126617432,0.0,59.200635362243446,23040.0
-10.609025955200195,-15.006305694580078,4.397276878356934,0.0,48.37067775215645,23040.0
-10.534183502197266,-14.92553424835205,4.391350746154785,0.0,58.254424433115986,23040.0
-10.41435718536377,-14.814404487609863,4.400050640106201,0.0,61.51968763838772,23040.0
-10.599752426147461,-14.972443580627441,4.372690200805664,0.0,58.69957819560858,23040.0
-10.48344898223877,-14.909605979919434,4.426156520843506,0.0,72.93117878458304,23040.0
-10.420814514160156,-14.778146743774414,4.357335567474365,0.0,85.85833426925949,23040.0
-10.464146614074707,-14.914055824279785,4.449908256530762,0.0,60.172641082258224,23040.0
-10.601921081542969,-14.970072746276855,4.368153095245361,0.0,72.72791551211843,23040.0
-10.65418815612793,-15.012479782104492,4.358288288116455,0.0,62.949892889328275,23040.0
-10.504045486450195,-14.875405311584473,4.371355056762695,0.0,69.59811746461106,23040.0
-10.530516624450684,-14.940934181213379,4.410415172576904,0.0,60.49381033686055,23040.0
-10.45643424987793,-14.8584566116333,4.402022838592529,0.0,92.451942958186,23040.0
-10.541913986206055,-14.922096252441406,4.380184173583984,0.0,65.56544430237504,23040.0
-10.394885063171387,-14.73796558380127,4.343082904815674,0.0,88.61575656199018,23040.0
-10.531060218811035,-14.908190727233887,4.377131462097168,0.0,84.82319456056358,23040.0
-10.422720909118652,-14.835147857666016,4.412424564361572,0.0,79.84752311762956,23040.0
-10.266867637634277,-14.677507400512695,4.410634517669678,0.0,89.22936192471654,23040.0
-10.568025588989258,-14.891682624816895,4.323660373687744,0.0,75.74185522866236,23040.0
-10.434585571289062,-14.875492095947266,4.440906524658203,0.0,79.20861803843388,23040.0
-10.399054527282715,-14.806782722473145,4.407726287841797,0.0,92.67285050923611,23040.0
-10.615477561950684,-14.975180625915527,4.3597002029418945,0.0,62.52130475574096,23040.0
-10.611043930053711,-14.995503425598145,4.384460926055908,0.0,71.2509060349916,23040.0
-10.53676700592041,-14.923547744750977,4.386777877807617,0.0,71.3004247473492,23040.0
-10.479470252990723,-14.894888877868652,4.415421009063721,0.0,78.74327771097386,23040.0
-10.445613861083984,-14.796161651611328,4.350545883178711,0.0,80.27985620329834,23040.0
-10.594563484191895,-14.988962173461914,4.394394397735596,0.0,78.9605750509335,23040.0
-10.398344039916992,-14.856789588928223,4.458442687988281,0.0,97.7632903732707,23040.0
-10.437176704406738,-14.79595947265625,4.35877799987793,0.0,95.71753021289683,23040.0
-10.519835472106934,-14.906198501586914,4.386369705200195,0.0,73.6987888260169,23040.0
-10.51943302154541,-14.891592979431152,4.372167587280273,0.0,98.40023978400077,23040.0
-10.343913078308105,-14.778173446655273,4.434263229370117,0.0,100.15336332587633,23040.0
-10.31141185760498,-14.691017150878906,4.379603385925293,0.0,101.35052689396169,23040.0
-10.575346946716309,-14.909783363342285,4.33443546295166,0.0,90.77505798387133,23040.0
-10.123245239257812,-14.647988319396973,4.5247416496276855,0.0,125.49530496550501,23040.0
-10.477578163146973,-14.86536979675293,4.387794017791748,0.0,102.68317736899908,23040.0
-10.021782875061035,-14.433385848999023,4.411601543426514,0.0,118.92008855144155,23040.0
-10.414326667785645,-14.764077186584473,4.349753379821777,0.0,100.16860819300533,23040.0
-9.981904029846191,-14.460342407226562,4.478435039520264,0.0,149.28323187968437,23040.0
-10.360390663146973,-14.72690200805664,4.366515636444092,0.0,107.82576199271877,23040.0
-10.168529510498047,-14.480559349060059,4.312028884887695,0.0,122.67344207451471,23040.0
-10.299394607543945,-14.67343521118164,4.3740410804748535,0.0,103.60045590284928,23040.0
-10.102032661437988,-14.519888877868652,4.417853355407715,0.0,134.1764185249471,23040.0
-10.149497032165527,-14.547083854675293,4.397584915161133,0.0,95.39750267507802,23040.0
-9.52535629272461,-13.849390029907227,4.324028968811035,0.0,148.02485238590734,23040.0
-10.157557487487793,-14.53708267211914,4.379528999328613,0.0,120.09703982272035,23040.0
-9.404677391052246,-13.789534568786621,4.384857654571533,0.0,193.61447598693937,23040.0
-9.790188789367676,-14.09217357635498,4.30198335647583,0.0,145.31730759503233,23040.0
-9.805951118469238,-14.025659561157227,4.219707012176514,0.0,129.508755465584,23040.0
-10.16319751739502,-14.403047561645508,4.239852428436279,0.0,131.37465021453266,23040.0
-9.851290702819824,-14.280999183654785,4.42970609664917,0.0,112.89165602359203,23040.0
-10.254207611083984,-14.531744003295898,4.2775373458862305,0.0,87.07516460563322,23040.0
-10.095453262329102,-14.39374828338623,4.298295021057129,0.0,72.95583960197558,23040.0
-10.172995567321777,-14.468184471130371,4.295185089111328,0.0,83.55190776871939,23040.0
-10.310953140258789,-14.583556175231934,4.272602558135986,0.0,92.75047276140594,23040.0
-9.973282814025879,-14.256690979003906,4.283409118652344,0.0,114.8930784019648,23040.0
-9.553994178771973,-13.845887184143066,4.291893482208252,0.0,137.7396194145548,23040.0
-9.828965187072754,-14.108368873596191,4.279406547546387,0.0,103.86855962982604,23040.0
-9.846664428710938,-14.178489685058594,4.331825256347656,0.0,150.1452928340991,23040.0
-10.333701133728027,-14.539162635803223,4.2054619789123535,0.0,87.41195958786511,23040.0
-10.135417938232422,-14.313949584960938,4.178531169891357,0.0,97.6237731888454,23040.0
-10.281152725219727,-14.521439552307129,4.240286827087402,0.0,76.25260607548131,23040.0
-10.389678955078125,-14.640055656433105,4.2503790855407715,0.0,79.8784425538943,23040.0
-10.227066993713379,-14.49563217163086,4.268562316894531,0.0,82.32248133247603,23040.0
-10.44129467010498,-14.607173919677734,4.165872573852539,0.0,65.18351903525618,23040.0
-10.210735321044922,-14.43746566772461,4.22673225402832,0.0,87.99516243356784,23040.0
-10.486910820007324,-14.679224967956543,4.192318916320801,0.0,68.94717551806427,23040.0
-10.335357666015625,-14.617461204528809,4.282102584838867,0.0,101.63566766334024,23040.0
-10.481440544128418,-14.735633850097656,4.254191875457764,0.0,67.92033526614757,23040.0
-10.090638160705566,-14.368250846862793,4.277617454528809,0.0,101.34987050208949,23040.0
-10.558396339416504,-14.797632217407227,4.239232063293457,0.0,73.25856181167894,23040.0
-10.098087310791016,-14.427274703979492,4.329189777374268,0.0,134.13963536235838,23040.0
-10.32240104675293,-14.65887451171875,4.33647346496582,0.0,90.46386670928698,23040.0
-10.31291389465332,-14.5824613571167,4.269550323486328,0.0,101.57397303450637,23040.0
-10.33128547668457,-14.645928382873535,4.314644813537598,0.0,92.59834346428254,23040.0
-10.444975852966309,-14.790273666381836,4.345293998718262,0.0,87.23698132338532,23040.0
-10.20557975769043,-14.580907821655273,4.375330448150635,0.0,110.76180583828851,23040.0
-10.477300643920898,-14.778278350830078,4.300976753234863,0.0,66.77224535274426,23040.0
-10.42321491241455,-14.712701797485352,4.289483547210693,0.0,86.56646896462601,23040.0
-10.363953590393066,-14.758264541625977,4.394311904907227,0.0,82.51736182289736,23040.0
-10.483704566955566,-14.771584510803223,4.28787899017334,0.0,100.35817834430726,23040.0
-10.466866493225098,-14.804511070251465,4.337646961212158,0.0,66.32071949814892,23040.0
-10.365202903747559,-14.663166046142578,4.297962665557861,0.0,93.51400064943284,23040.0
-10.644140243530273,-14.979047775268555,4.33490514755249,0.0,67.99877654363512,23040.0
-10.468270301818848,-14.8084077835083,4.340143203735352,0.0,99.72936470649034,23040.0
-10.53036117553711,-14.856779098510742,4.326416492462158,0.0,74.63743260828448,23040.0
-10.527124404907227,-14.87230396270752,4.34517765045166,0.0,79.22256693056775,23040.0
-10.454085350036621,-14.870294570922852,4.416207313537598,0.0,93.67792678300651,23040.0
-10.52865982055664,-14.849918365478516,4.321262836456299,0.0,79.7928253570699,23040.0
-10.486817359924316,-14.830957412719727,4.344139575958252,0.0,72.31785482305389,23040.0
-10.56407642364502,-14.947945594787598,4.383874416351318,0.0,76.85944676088492,23040.0
-10.5213623046875,-14.983723640441895,4.462357044219971,0.0,57.87693780680345,23040.0
-10.54679012298584,-14.929717063903809,4.382925033569336,0.0,78.72208286396003,23040.0
-10.550642013549805,-14.988810539245605,4.438167095184326,0.0,49.35994580759673,23040.0
-10.54210376739502,-14.908905982971191,4.366801738739014,0.0,67.54851086765913,23040.0
-10.682467460632324,-15.051937103271484,4.369467735290527,0.0,59.85967933565129,23040.0
-10.4434175491333,-14.841776847839355,4.398360252380371,0.0,81.7748814895057,23040.0
-10.638693809509277,-15.07050609588623,4.431811332702637,0.0,53.23063825767405,23040.0
-10.680235862731934,-15.017776489257812,4.3375444412231445,0.0,66.2176272935311,23040.0
-10.61119556427002,-15.003145217895508,4.391951560974121,0.0,57.206351738354414,23040.0
-10.72869873046875,-15.118925094604492,4.390223979949951,0.0,50.631352127661685,23040.0
-10.640229225158691,-15.045709609985352,4.405478477478027,0.0,49.694163233947,23040.0
-10.556087493896484,-14.987574577331543,4.431487560272217,0.0,51.74493855406497,23040.0
-10.617546081542969,-15.087794303894043,4.470247745513916,0.0,71.03997469865523,23040.0
-10.45018196105957,-14.95671272277832,4.506535530090332,0.0,61.39635586423822,23040.0
-10.567203521728516,-15.002386093139648,4.435181140899658,0.0,61.93994897251503,23040.0
-10.627771377563477,-15.04656982421875,4.418797016143799,0.0,64.87629732348896,23040.0
-10.606805801391602,-15.054462432861328,4.447661399841309,0.0,59.09218878838872,23040.0
-10.56684398651123,-15.027530670166016,4.460690498352051,0.0,83.37645983845722,23040.0
-10.456146240234375,-14.881999015808105,4.425854682922363,0.0,72.95879691421493,23040.0
-10.517130851745605,-14.908132553100586,4.3909993171691895,0.0,87.85482899799626,23040.0
-10.487146377563477,-14.953743934631348,4.466598987579346,0.0,87.08949830053884,23040.0
-10.33422565460205,-14.814375877380371,4.480146884918213,0.0,109.02443833999024,23040.0
-10.35488224029541,-14.77098274230957,4.416102409362793,0.0,90.70735516895735,23040.0
-10.467689514160156,-14.869970321655273,4.40227746963501,0.0,78.2100656990554,23040.0
-10.605591773986816,-15.025314331054688,4.419719219207764,0.0,76.21825871953494,23040.0
-10.591713905334473,-14.991930961608887,4.400219917297363,0.0,65.69564602270255,23040.0
-10.56639575958252,-15.007401466369629,4.44100284576416,0.0,60.46346317016967,23040.0
-10.707159042358398,-15.113560676574707,4.406399726867676,0.0,57.16576952113593,23040.0
-10.459149360656738,-14.964011192321777,4.504868030548096,0.0,75.00810149143695,23040.0
-10.575065612792969,-14.971229553222656,4.396164417266846,0.0,69.370563799822,23040.0
-10.251045227050781,-14.708505630493164,4.457464694976807,0.0,89.98007913321221,23040.0
-10.568961143493652,-15.016907691955566,4.447944641113281,0.0,67.18562339474376,23040.0
-10.683451652526855,-15.0871000289917,4.403650760650635,0.0,62.64863238090887,23040.0
-10.573821067810059,-14.96944808959961,4.395630836486816,0.0,78.2883945074949,23040.0
-10.723174095153809,-15.118359565734863,4.395183563232422,0.0,52.17837039471059,23040.0
-10.59739875793457,-15.052740097045898,4.4553399085998535,0.0,61.11609000722145,23040.0
-10.6842622756958,-15.095144271850586,4.410880088806152,0.0,60.72328354217173,23040.0
-10.52131462097168,-15.016942024230957,4.495631694793701,0.0,57.939521706459374,23040.0
-10.759400367736816,-15.151756286621094,4.3923540115356445,0.0,45.03501007956826,23040.0
-10.657174110412598,-15.094488143920898,4.437311172485352,0.0,49.96420398857263,23040.0
-10.610834121704102,-15.038488388061523,4.427652835845947,0.0,58.29077609232023,23040.0
-10.64939022064209,-15.143927574157715,4.4945387840271,0.0,53.28592651699159,23040.0
-10.499492645263672,-15.00855827331543,4.509065628051758,0.0,75.36623123494203,23040.0
-10.610345840454102,-15.074106216430664,4.463760852813721,0.0,65.34316542075814,23040.0
-10.659908294677734,-15.118450164794922,4.458538055419922,0.0,46.12368490431354,23040.0
-10.663064002990723,-15.089179039001465,4.426117897033691,0.0,58.10603925799583,23040.0
-10.671415328979492,-15.154763221740723,4.483345985412598,0.0,51.73519957025254,23040.0
-10.713153839111328,-15.189020156860352,4.475863456726074,0.0,51.43317722282058,23040.0
-10.609761238098145,-15.096624374389648,4.486866474151611,0.0,66.04187485612714,23040.0
-10.53503704071045,-15.059343338012695,4.524310111999512,0.0,69.52038574963477,23040.0
-10.677103042602539,-15.134628295898438,4.457521438598633,0.0,60.26695678638173,23040.0
-10.655892372131348,-15.103727340698242,4.447830677032471,0.0,66.48153500929902,23040.0
-10.76888656616211,-15.159954071044922,4.391063690185547,0.0,66.5859571447175,23040.0
-10.33601188659668,-14.856837272644043,4.520829677581787,0.0,99.46759930516583,23040.0
-10.83525276184082,-15.213704109191895,4.378451347351074,0.0,71.24943753710622,23040.0
-10.345938682556152,-14.799753189086914,4.453816890716553,0.0,104.6378527046867,23040.0
-10.653035163879395,-15.070571899414062,4.417532444000244,0.0,82.50804572254997,23040.0
-10.144210815429688,-14.720510482788086,4.576305389404297,0.0,137.56699480062974,23040.0
-10.444692611694336,-14.892620086669922,4.447932720184326,0.0,95.47235020879917,23040.0
-10.532047271728516,-15.007429122924805,4.475379943847656,0.0,98.12888053921382,23040.0
-10.320870399475098,-14.828895568847656,4.50802755355835,0.0,106.15648481207435,23040.0
-10.486698150634766,-14.896910667419434,4.410214900970459,0.0,114.46751596595382,23040.0
-10.145702362060547,-14.606400489807129,4.460694789886475,0.0,113.29315455737024,23040.0
-10.275660514831543,-14.716301918029785,4.440639495849609,0.0,123.06276538602279,23040.0
-9.292757987976074,-13.850967407226562,4.558210849761963,0.0,206.11526211389338,23040.0
-10.350042343139648,-14.785987854003906,4.435940742492676,0.0,110.75483475939212,23040.0
-9.582653999328613,-13.975045204162598,4.392391681671143,0.0,154.5418444324778,23040.0
-10.41627311706543,-14.739768028259277,4.323493480682373,0.0,100.48726266962,23040.0
-9.902812004089355,-14.334412574768066,4.431601524353027,0.0,179.78005271770687,23040.0
-10.424778938293457,-14.761189460754395,4.336410999298096,0.0,106.41202964234043,23040.0
-9.901101112365723,-14.237326622009277,4.336226463317871,0.0,156.32926811673508,23040.0
-10.413365364074707,-14.801493644714355,4.388125419616699,0.0,84.6854823677001,23040.0
-10.079015731811523,-14.503610610961914,4.424588203430176,0.0,134.53133086802623,23040.0
-10.119434356689453,-14.426944732666016,4.307511329650879,0.0,118.2056382734912,23040.0
-10.12699031829834,-14.504867553710938,4.377881050109863,0.0,97.9508458052869,23040.0
-10.432554244995117,-14.778427124023438,4.345877647399902,0.0,92.68628397680371,23040.0
-10.331153869628906,-14.69182014465332,4.360665798187256,0.0,102.03859253241794,23040.0
-10.304890632629395,-14.651193618774414,4.346298694610596,0.0,89.8817114780207,23040.0
-9.9454984664917,-14.258398056030273,4.312899589538574,0.0,131.0460739509772,23040.0
-10.509984970092773,-14.791800498962402,4.281813144683838,0.0,82.00263569537111,23040.0
-8.771248817443848,-13.1788911819458,4.407647609710693,0.0,240.46406767808466,23040.0
-9.73004150390625,-14.03939437866211,4.309352397918701,0.0,137.88671863975864,23040.0
-9.14022445678711,-13.47458267211914,4.334357738494873,0.0,151.52336956467903,23040.0
-10.22549819946289,-14.507513046264648,4.282013893127441,0.0,111.76710970048167,23040.0
-10.012117385864258,-14.376872062683105,4.364751815795898,0.0,128.43228860644987,23040.0
-10.25081729888916,-14.582695960998535,4.331881046295166,0.0,86.3148775374083,23040.0
-10.175915718078613,-14.521788597106934,4.3458733558654785,0.0,97.28030811757928,23040.0
-10.461541175842285,-14.698907852172852,4.23736572265625,0.0,83.53525004364768,23040.0
-10.043420791625977,-14.356670379638672,4.313252925872803,0.0,112.39676215617116,23040.0
-10.299062728881836,-14.56370735168457,4.264644145965576,0.0,86.82684816686123,23040.0
-9.893401145935059,-14.154313087463379,4.260914325714111,0.0,116.67443924145196,23040.0
-9.763689994812012,-14.113566398620605,4.349875450134277,0.0,107.12401063620169,23040.0
-10.156071662902832,-14.490124702453613,4.334060192108154,0.0,114.37582792578011,23040.0
-10.248208045959473,-14.505769729614258,4.257556915283203,0.0,113.50331214141025,23040.0
-10.211557388305664,-14.500240325927734,4.288680553436279,0.0,98.04377123801909,23040.0
-10.516111373901367,-14.759085655212402,4.2429728507995605,0.0,85.63442423255692,23040.0
-9.997800827026367,-14.348031044006348,4.350222110748291,0.0,116.01859445794963,23040.0
-10.290217399597168,-14.529637336730957,4.239415645599365,0.0,96.11969017487911,23040.0
-10.413923263549805,-14.619965553283691,4.206043720245361,0.0,65.24095255308967,23040.0
-9.974138259887695,-14.276223182678223,4.30208158493042,0.0,107.15718621171035,23040.0
-10.278997421264648,-14.57768440246582,4.298685073852539,0.0,73.37193314020762,23040.0
-10.357900619506836,-14.664856910705566,4.306960582733154,0.0,97.60187064594055,23040.0
-10.275687217712402,-14.613824844360352,4.338138103485107,0.0,89.64709661527449,23040.0
-10.449716567993164,-14.6604642868042,4.210746765136719,0.0,88.51877965867801,23040.0
-10.310402870178223,-14.63314437866211,4.322742462158203,0.0,93.35325321545622,23040.0
-9.708050727844238,-14.168251991271973,4.460200309753418,0.0,170.85847267050787,23040.0
-9.128384590148926,-13.634077072143555,4.505691051483154,0.0,172.75273424219066,23040.0
-9.656399726867676,-13.966023445129395,4.309624195098877,0.0,141.92367787140887,23040.0
-8.17001724243164,-12.594084739685059,4.424071788787842,0.0,192.6035639478329,23040.0
-10.010931015014648,-14.312804222106934,4.301871299743652,0.0,88.28725353408574,23040.0
-9.19295883178711,-13.571324348449707,4.378365993499756,0.0,201.8811519130095,23040.0
-10.055497169494629,-14.3600435256958,4.3045501708984375,0.0,62.40590916268485,23040.0
-9.538543701171875,-13.796175003051758,4.257636070251465,0.0,130.70111956131117,23040.0
-9.874893188476562,-14.154000282287598,4.279111862182617,0.0,97.04180589101901,23040.0
-7.533312797546387,-12.055863380432129,4.522546291351318,0.0,237.63500386691936,23040.0
-9.479790687561035,-13.765914916992188,4.286125183105469,0.0,104.8318779853076,23040.0
-9.030627250671387,-13.196301460266113,4.165676593780518,0.0,142.5970185456206,23040.0
-8.709303855895996,-12.917105674743652,4.207798480987549,0.0,151.1174919614028,23040.0
-9.82976245880127,-13.962658882141113,4.132894992828369,0.0,61.80169881881548,23040.0
-9.404302597045898,-13.58648681640625,4.182182312011719,0.0,139.53282453858773,23040.0
-9.767765045166016,-13.881651878356934,4.113881587982178,0.0,62.173833892965064,23040.0
-9.018714904785156,-13.213847160339355,4.195130825042725,0.0,93.9987142498637,23040.0
-9.646787643432617,-13.733135223388672,4.086343765258789,0.0,71.1612384239808,23040.0
-9.73141098022461,-13.91180419921875,4.180394649505615,0.0,96.15976960843665,23040.0
-8.917224884033203,-13.186188697814941,4.2689642906188965,0.0,155.54428637309138,23040.0
-9.848075866699219,-13.908074378967285,4.060000419616699,0.0,59.588890103200605,23040.0
-9.630745887756348,-13.681270599365234,4.050524711608887,0.0,95.21576681373597,23040.0
-9.849568367004395,-13.942205429077148,4.092634677886963,0.0,68.42045854845657,23040.0
-10.031279563903809,-14.104135513305664,4.072856426239014,0.0,55.54587606359235,23040.0
-10.074480056762695,-14.178049087524414,4.103573799133301,0.0,62.607173562086906,23040.0
-9.909220695495605,-14.020623207092285,4.111400127410889,0.0,54.52315242844436,23040.0
-9.763792037963867,-13.854290008544922,4.090494632720947,0.0,72.52367486173495,23040.0
-10.00786018371582,-14.142867088317871,4.13500452041626,0.0,45.15904534558372,23040.0
-10.226153373718262,-14.34385871887207,4.11770486831665,0.0,70.28087466468874,23040.0
-10.25402545928955,-14.416197776794434,4.162169933319092,0.0,56.67439871561468,23040.0
-10.25741195678711,-14.390180587768555,4.132770538330078,0.0,59.241390265725904,23040.0
-10.138544082641602,-14.33674430847168,4.198204040527344,0.0,73.69137136607068,23040.0
-9.72312068939209,-14.018933296203613,4.295819282531738,0.0,82.30984338211245,23040.0
-10.109332084655762,-14.377483367919922,4.2681498527526855,0.0,58.959474116933926,23040.0
-10.04294204711914,-14.19906234741211,4.156120300292969,0.0,90.61694063793325,23040.0
-9.935022354125977,-14.137898445129395,4.202880382537842,0.0,81.73853286766591,23040.0
-10.265707969665527,-14.507240295410156,4.241534233093262,0.0,53.128184060718496,23040.0
-10.148162841796875,-14.448776245117188,4.300615310668945,0.0,70.99049706521498,23040.0
-10.284429550170898,-14.537359237670898,4.252929210662842,0.0,46.77763975519956,23040.0
-10.246941566467285,-14.517985343933105,4.271042346954346,0.0,53.07558632334046,23040.0
-10.246563911437988,-14.547415733337402,4.300854682922363,0.0,62.73801582409708,23040.0
-9.788131713867188,-14.135649681091309,4.347518444061279,0.0,116.47397350694068,23040.0
-10.041854858398438,-14.355960845947266,4.3141069412231445,0.0,73.98915587827453,23040.0
-10.064896583557129,-14.27916145324707,4.214267730712891,0.0,95.36769933133276,23040.0
-10.341558456420898,-14.562068939208984,4.220510005950928,0.0,58.434350207784234,23040.0
-10.088677406311035,-14.3912353515625,4.302553176879883,0.0,95.33346134912041,23040.0
-10.152837753295898,-14.4706449508667,4.317805290222168,0.0,81.9402162031812,23040.0
-9.749296188354492,-14.08417797088623,4.334879398345947,0.0,104.01979152419399,23040.0
-10.112478256225586,-14.396865844726562,4.284388065338135,0.0,93.1024156503289,23040.0
-10.357829093933105,-14.657907485961914,4.30007791519165,0.0,76.65982542458505,23040.0
-10.184186935424805,-14.517485618591309,4.33329963684082,0.0,113.41832460021529,23040.0
-10.300704956054688,-14.59154987335205,4.290843963623047,0.0,62.33428518624626,23040.0
-10.10271167755127,-14.349244117736816,4.246537685394287,0.0,101.23158345570039,23040.0
-10.37897777557373,-14.640153884887695,4.261178016662598,0.0,58.72701243756371,23040.0
-9.6924467086792,-14.003042221069336,4.31059455871582,0.0,145.09996089417928,23040.0
-10.167491912841797,-14.378470420837402,4.210975646972656,0.0,95.19065591946476,23040.0
-9.463902473449707,-13.72179126739502,4.257884502410889,0.0,119.07503669081424,23040.0
-10.033591270446777,-14.232890129089355,4.199301719665527,0.0,86.3853040271673,23040.0
-10.07955265045166,-14.381701469421387,4.302150249481201,0.0,98.15402968822058,23040.0
-10.200658798217773,-14.455431938171387,4.254773139953613,0.0,87.1900380545086,23040.0
-10.309834480285645,-14.5629301071167,4.253089904785156,0.0,56.00603850200366,23040.0
-10.261072158813477,-14.556161880493164,4.29509162902832,0.0,73.76155136960026,23040.0
-9.99215316772461,-14.345895767211914,4.353736877441406,0.0,89.07954556796675,23040.0
-8.680733680725098,-13.158936500549316,4.478206157684326,0.0,182.20895081155967,23040.0
-10.272217750549316,-14.454269409179688,4.18204927444458,0.0,67.62142519250177,23040.0
-8.409428596496582,-12.685383796691895,4.275953769683838,0.0,180.8687691339339,23040.0
-8.844974517822266,-13.095182418823242,4.250207424163818,0.0,143.23287349174979,23040.0
-9.708552360534668,-13.957542419433594,4.248994827270508,0.0,127.28021397841408,23040.0
-9.220085144042969,-13.513829231262207,4.293740272521973,0.0,180.2108310473459,23040.0
-9.566030502319336,-13.752985000610352,4.186958312988281,0.0,113.7859403727536,23040.0
-9.09058952331543,-13.271295547485352,4.180704593658447,0.0,149.18953161752745,23040.0
-9.668643951416016,-13.911036491394043,4.242393493652344,0.0,112.48168144788215,23040.0
-9.005306243896484,-13.355021476745605,4.349708080291748,0.0,160.4175626393573,23040.0
-9.26279067993164,-13.498604774475098,4.235811710357666,0.0,148.23783201216415,23040.0
-9.861669540405273,-13.951562881469727,4.0898942947387695,0.0,76.62775275893264,23040.0
-9.388236045837402,-13.439876556396484,4.051637649536133,0.0,131.98410885723447,23040.0
-9.93189811706543,-13.994853973388672,4.062952518463135,0.0,63.145929370958065,23040.0
-9.6231050491333,-13.751001358032227,4.127894878387451,0.0,110.80558503051448,23040.0
-9.758955955505371,-13.867773056030273,4.108815670013428,0.0,95.43160570008287,23040.0
-9.556534767150879,-13.68205738067627,4.12552547454834,0.0,78.98859667681421,23040.0
-9.018345832824707,-13.170723915100098,4.152379512786865,0.0,121.81808386765317,23040.0
-9.95813274383545,-14.074316024780273,4.116183757781982,0.0,60.26305888670503,23040.0
-9.79267692565918,-13.92054557800293,4.127869606018066,0.0,119.18242799089435,23040.0
-9.936142921447754,-14.041121482849121,4.104979038238525,0.0,90.82672462307164,23040.0
-10.092145919799805,-14.189661979675293,4.0975141525268555,0.0,60.854066343311594,23040.0
-9.881440162658691,-14.016422271728516,4.134983539581299,0.0,89.39960509177912,23040.0
-10.165253639221191,-14.286115646362305,4.120858192443848,0.0,68.57753408764422,23040.0
-9.437797546386719,-13.713349342346191,4.27554988861084,0.0,113.59213930815075,23040.0
-9.878064155578613,-14.06052017211914,4.182457447052002,0.0,92.73164789943273,23040.0
-10.25818920135498,-14.323297500610352,4.065109729766846,0.0,76.03147030968624,23040.0
-9.585226058959961,-13.72903823852539,4.14381217956543,0.0,121.37594169081314,23040.0
-10.005399703979492,-14.200159072875977,4.194756984710693,0.0,72.26258708173822,23040.0
-10.11493968963623,-14.317132949829102,4.202197074890137,0.0,97.663659711961,23040.0
-10.122284889221191,-14.37716293334961,4.2548828125,0.0,91.02798360929286,23040.0
-10.00820255279541,-14.191993713378906,4.183791637420654,0.0,72.08747037880514,23040.0
-9.924636840820312,-14.136798858642578,4.212157249450684,0.0,97.08738411111663,23040.0
-10.195342063903809,-14.466455459594727,4.271111011505127,0.0,67.47479864630586,23040.0
-9.341940879821777,-13.67066478729248,4.328725337982178,0.0,156.85941495552586,23040.0
-9.700738906860352,-14.0399751663208,4.339235782623291,0.0,96.00075067550416,23040.0
-10.236235618591309,-14.40574836730957,4.169510364532471,0.0,70.94254843538226,23040.0
-9.761752128601074,-13.974133491516113,4.212376594543457,0.0,115.52569213407791,23040.0
-10.19283390045166,-14.39808177947998,4.205245494842529,0.0,63.49591068711143,23040.0
-10.04835033416748,-14.34632682800293,4.297975063323975,0.0,96.60744447944298,23040.0
-10.1470308303833,-14.435970306396484,4.288938522338867,0.0,79.04754199910481,23040.0
-9.81081771850586,-14.091849327087402,4.281032562255859,0.0,89.17833049609118,23040.0
-9.798345565795898,-14.086204528808594,4.287858963012695,0.0,88.6397917235975,23040.0
-10.24050521850586,-14.532855987548828,4.292354106903076,0.0,53.896451038378345,23040.0
-10.02928352355957,-14.360907554626465,4.331623077392578,0.0,105.01699057448353,23040.0
-10.174609184265137,-14.487443923950195,4.312833786010742,0.0,61.850074036403626,23040.0
-10.281072616577148,-14.498856544494629,4.217782974243164,0.0,69.63226075822267,23040.0
-10.15799331665039,-14.435705184936523,4.277716159820557,0.0,76.91102236924979,23040.0
-10.176308631896973,-14.428218841552734,4.251907825469971,0.0,71.3871863518536,23040.0
-10.266225814819336,-14.497467994689941,4.231237411499023,0.0,82.95225677654186,23040.0
-10.379949569702148,-14.630951881408691,4.250999450683594,0.0,55.504856072077736,23040.0
-10.17233657836914,-14.495360374450684,4.323020935058594,0.0,90.52222928014785,23040.0
-10.308084487915039,-14.6478910446167,4.339805603027344,0.0,48.90448732731478,23040.0
-10.464810371398926,-14.757786750793457,4.2929792404174805,0.0,69.73846395757631,23040.0
-10.43718433380127,-14.767583847045898,4.33040189743042,0.0,48.86394575754992,23040.0
-10.242231369018555,-14.588884353637695,4.346652984619141,0.0,72.57816983532292,23040.0
-10.413214683532715,-14.725418090820312,4.31220817565918,0.0,57.846734583313875,23040.0
-10.315878868103027,-14.677664756774902,4.361786365509033,0.0,79.62507763522187,23040.0
-10.024614334106445,-14.382715225219727,4.358101844787598,0.0,116.43870709549292,23040.0
-10.529470443725586,-14.861653327941895,4.332182884216309,0.0,46.603135282183615,23040.0
-10.315415382385254,-14.591568946838379,4.276148796081543,0.0,90.64499480907398,23040.0
-10.561726570129395,-14.846107482910156,4.284379959106445,0.0,49.313296179345734,23040.0
-10.42385482788086,-14.747321128845215,4.323468208312988,0.0,83.56968966381494,23040.0
-10.497274398803711,-14.869150161743164,4.37187385559082,0.0,70.74329535561282,23040.0
-10.214021682739258,-14.611409187316895,4.39738655090332,0.0,88.8060479349362,23040.0
-10.188820838928223,-14.563899993896484,4.3750786781311035,0.0,94.01759635164227,23040.0
-10.50332260131836,-14.900797843933105,4.397478103637695,0.0,65.82096712937565,23040.0
-10.274449348449707,-14.674509048461914,4.400057792663574,0.0,113.04975540997386,23040.0
-10.560464859008789,-14.9681396484375,4.407679557800293,0.0,47.01882420845319,23040.0
-10.259836196899414,-14.733427047729492,4.473591327667236,0.0,88.82975764816132,23040.0
-10.461383819580078,-14.887109756469727,4.425724983215332,0.0,62.144675823677396,23040.0
-10.360730171203613,-14.72308349609375,4.362354278564453,0.0,87.40982730759698,23040.0
-10.430035591125488,-14.802139282226562,4.372105598449707,0.0,79.84607349993398,23040.0
-10.54189395904541,-14.88614273071289,4.34425163269043,0.0,65.95105989572843,23040.0
-10.344528198242188,-14.716004371643066,4.371480941772461,0.0,89.24998120469759,23040.0
-10.615885734558105,-15.005257606506348,4.389374256134033,0.0,33.71498480135311,23040.0
-10.41657543182373,-14.851507186889648,4.4349365234375,0.0,97.87118470917687,23040.0
-10.652164459228516,-15.071794509887695,4.419622898101807,0.0,33.19950962528219,23040.0
-10.480856895446777,-14.90379524230957,4.422934532165527,0.0,75.85322379435118,23040.0
-10.63414192199707,-15.08165454864502,4.447509765625,0.0,52.5553752849983,23040.0
-10.420538902282715,-14.847627639770508,4.427090167999268,0.0,82.23977644600808,23040.0
-10.517309188842773,-14.986083030700684,4.468771457672119,0.0,63.87699691559655,23040.0
-10.610179901123047,-15.01611042022705,4.405930519104004,0.0,62.09020315930652,23040.0
-10.527412414550781,-14.995718002319336,4.468301773071289,0.0,73.95929283833331,23040.0
-10.660099983215332,-15.058088302612305,4.3979926109313965,0.0,49.92108204582374,23040.0
-10.676094055175781,-15.074837684631348,4.398738861083984,0.0,69.56303288570484,23040.0
-10.720427513122559,-15.119071006774902,4.398638725280762,0.0,41.324146587801636,23040.0
-10.51374626159668,-14.94721508026123,4.433471202850342,0.0,74.94650734517977,23040.0
-10.679849624633789,-15.117157936096191,4.437307357788086,0.0,32.23545743573102,23040.0
-10.579158782958984,-15.0562744140625,4.477110385894775,0.0,74.79451652247312,23040.0
-10.76878547668457,-15.229451179504395,4.460662364959717,0.0,33.33069513767224,23040.0
-10.734724998474121,-15.201567649841309,4.466845512390137,0.0,49.70368055403132,23040.0
-10.833793640136719,-15.27392292022705,4.440133094787598,0.0,35.7269603309925,23040.0
-10.75733470916748,-15.227291107177734,4.469955921173096,0.0,44.262032683107854,23040.0
-10.763670921325684,-15.20959186553955,4.445915222167969,0.0,59.06070256759977,23040.0
-10.766301155090332,-15.217853546142578,4.4515557289123535,0.0,49.780628419445954,23040.0
-10.65810775756836,-15.180516242980957,4.522409915924072,0.0,50.256603388125974,23040.0
-10.839264869689941,-15.316463470458984,4.477196216583252,0.0,48.982878592220594,23040.0
-10.764994621276855,-15.220030784606934,4.455029487609863,0.0,60.342334584044735,23040.0
-10.732613563537598,-15.268896102905273,4.536280155181885,0.0,42.92093120300513,23040.0
-10.884017944335938,-15.329631805419922,4.445618152618408,0.0,42.25432029124125,23040.0
-10.816276550292969,-15.287015914916992,4.470741271972656,0.0,37.108749740387886,23040.0
-10.785569190979004,-15.301355361938477,4.515787601470947,0.0,58.97702143039016,23040.0
-10.821717262268066,-15.319743156433105,4.498027801513672,0.0,59.861069832590346,23040.0
-10.655440330505371,-15.181550025939941,4.526107311248779,0.0,60.14176168740946,23040.0
-10.559171676635742,-15.13782787322998,4.578661918640137,0.0,79.26784366027042,23040.0
-10.779619216918945,-15.293740272521973,4.514119625091553,0.0,68.68588100791322,23040.0
-10.569602012634277,-15.097089767456055,4.52748441696167,0.0,76.96285836503071,23040.0
-10.612142562866211,-15.148140907287598,4.535999298095703,0.0,77.74881188865021,23040.0
-10.79210090637207,-15.241007804870605,4.448906898498535,0.0,79.35488924004677,23040.0
-10.782967567443848,-15.313652992248535,4.5306830406188965,0.0,53.951626693069734,23040.0
-10.719526290893555,-15.23560619354248,4.51607608795166,0.0,77.64546128722905,23040.0
-10.783141136169434,-15.273870468139648,4.490729808807373,0.0,48.77425438441035,23040.0
-10.49355697631836,-15.037376403808594,4.543818950653076,0.0,96.2750331491586,23040.0
-10.847699165344238,-15.40294075012207,4.5552473068237305,0.0,47.77563131782068,23040.0
-10.690861701965332,-15.186796188354492,4.495931148529053,0.0,103.02938667398763,23040.0
-10.751449584960938,-15.294893264770508,4.543446063995361,0.0,50.5098684861536,23040.0
-10.609456062316895,-15.10098648071289,4.491529941558838,0.0,91.12847431128358,23040.0
-10.80998706817627,-15.275914192199707,4.465925693511963,0.0,54.37665337539343,23040.0
-10.757109642028809,-15.243799209594727,4.486689567565918,0.0,82.28595745400962,23040.0
-10.66402530670166,-15.23396110534668,4.569941997528076,0.0,60.82759638428473,23040.0
-10.660727500915527,-15.16667366027832,4.50594425201416,0.0,78.94182095989527,23040.0
-10.652533531188965,-15.18452262878418,4.531983375549316,0.0,63.82337738059994,23040.0
-10.806052207946777,-15.326017379760742,4.5199689865112305,0.0,42.979450376544015,23040.0
-10.640340805053711,-15.217390060424805,4.577051639556885,0.0,84.76626007952137,23040.0
-10.843792915344238,-15.400856018066406,4.557065486907959,0.0,27.98351426656061,23040.0
-10.554024696350098,-15.100850105285645,4.5468292236328125,0.0,87.2982898984231,23040.0
-10.914789199829102,-15.401948928833008,4.487160682678223,0.0,36.226707419922434,23040.0
-10.66092300415039,-15.224442481994629,4.563523292541504,0.0,81.4474512003293,23040.0
-10.635401725769043,-15.2067289352417,4.571329593658447,0.0,71.2560665001432,23040.0
-10.737531661987305,-15.259822845458984,4.52229118347168,0.0,77.21903204843522,23040.0
-10.775138854980469,-15.289968490600586,4.514828681945801,0.0,63.25797154466565,23040.0
-10.714942932128906,-15.278253555297852,4.56331205368042,0.0,70.61923315128232,23040.0
-10.558370590209961,-15.156304359436035,4.597936630249023,0.0,79.96661870912209,23040.0
-10.510185241699219,-15.026922225952148,4.516734600067139,0.0,96.4247985372598,23040.0
-10.115655899047852,-14.662009239196777,4.546355724334717,0.0,123.05062154490096,23040.0
-10.714946746826172,-15.278173446655273,4.56322717666626,0.0,57.87492556559631,23040.0
-10.576372146606445,-15.185032844543457,4.608662128448486,0.0,82.10618270469561,23040.0
-10.431550025939941,-14.919832229614258,4.488280296325684,0.0,107.22804053667706,23040.0
-10.728106498718262,-15.214401245117188,4.486291885375977,0.0,90.43980723431054,23040.0
-10.866281509399414,-15.333626747131348,4.467344760894775,0.0,54.02758915888336,23040.0
-10.547430992126465,-15.013115882873535,4.465687274932861,0.0,105.31542445063727,23040.0
-10.784659385681152,-15.241789817810059,4.4571309089660645,0.0,55.59275524545567,23040.0
-10.792497634887695,-15.2117338180542,4.419234752655029,0.0,72.99389635067051,23040.0
-10.794390678405762,-15.276383399963379,4.481991767883301,0.0,63.23626346392013,23040.0
-10.39587688446045,-14.932061195373535,4.536185264587402,0.0,114.56446874456852,23040.0
-9.98588752746582,-14.45226764678955,4.466378211975098,0.0,136.54254347701703,23040.0
-10.20248794555664,-14.684871673583984,4.482386112213135,0.0,123.1571677973999,23040.0
-9.623099327087402,-14.266854286193848,4.643750190734863,0.0,189.32581141777126,23040.0
-9.938928604125977,-14.411657333374023,4.472725868225098,0.0,178.8921323218851,23040.0
-10.470611572265625,-14.910223007202148,4.439610958099365,0.0,86.98216906849106,23040.0
-9.788186073303223,-14.237003326416016,4.448820114135742,0.0,160.4747421046069,23040.0
-10.342509269714355,-14.761064529418945,4.418550968170166,0.0,99.52013223473193,23040.0
-8.901248931884766,-13.520771026611328,4.619524002075195,0.0,230.3356187040331,23040.0
-10.337727546691895,-14.745078086853027,4.407347679138184,0.0,112.79926183011644,23040.0
-9.095565795898438,-13.480098724365234,4.384535312652588,0.0,189.41524238905762,23040.0
-9.545980453491211,-13.943660736083984,4.397677898406982,0.0,160.59566941119422,23040.0
-9.886384963989258,-14.28172492980957,4.395342826843262,0.0,156.38563440411937,23040.0
-9.432353973388672,-13.846872329711914,4.414517402648926,0.0,197.72640616445273,23040.0
-10.31806468963623,-14.665345191955566,4.347280025482178,0.0,90.49158483058935,23040.0
-9.649466514587402,-13.956034660339355,4.306569576263428,0.0,163.2787764835619,23040.0
-9.392605781555176,-13.667378425598145,4.274769306182861,0.0,141.11705658193804,23040.0
-9.096832275390625,-13.549124717712402,4.452293395996094,0.0,191.3224060802715,23040.0
-8.456734657287598,-12.829069137573242,4.372334003448486,0.0,225.5043205670656,23040.0
-9.601239204406738,-13.814860343933105,4.213619232177734,0.0,143.9929179865134,23040.0
-7.790538311004639,-12.091288566589355,4.3007493019104,0.0,200.76860709826596,23040.0
-9.646403312683105,-13.81250286102295,4.166101455688477,0.0,118.54676642852455,23040.0
-8.823806762695312,-13.073193550109863,4.24938440322876,0.0,204.53929980812086,23040.0
-9.579520225524902,-13.725229263305664,4.145708084106445,0.0,148.99784661917397,23040.0
-9.09860610961914,-13.196080207824707,4.097477436065674,0.0,139.07613598345236,23040.0
-8.81801986694336,-13.048163414001465,4.230144023895264,0.0,143.60960045261973,23040.0
-9.418665885925293,-13.57813549041748,4.159472465515137,0.0,154.25925911287723,23040.0
-8.117125511169434,-12.387779235839844,4.270654201507568,0.0,215.1520683646029,23040.0
-9.210258483886719,-13.20572280883789,3.995462656021118,0.0,162.85620408073416,23040.0
-8.814815521240234,-12.775823593139648,3.9610095024108887,0.0,163.35372933731864,23040.0
-8.508071899414062,-12.578374862670898,4.070302963256836,0.0,151.20313313723415,23040.0
-8.825983047485352,-12.862072944641113,4.036086559295654,0.0,159.24856728139412,23040.0
-9.261459350585938,-13.335227966308594,4.073769569396973,0.0,145.0352864983154,23040.0
-9.103382110595703,-13.153255462646484,4.04987096786499,0.0,157.13796417941145,23040.0
-9.29947566986084,-13.24046516418457,3.940992832183838,0.0,154.16461151580182,23040.0
-9.387673377990723,-13.364864349365234,3.9771888256073,0.0,116.75901549038865,23040.0
-9.094962120056152,-13.043604850769043,3.948646068572998,0.0,131.29138595463652,23040.0
-9.323265075683594,-13.298913955688477,3.9756510257720947,0.0,135.47846690300528,23040.0
-9.38520336151123,-13.497604370117188,4.112401485443115,0.0,122.33731069840609,23040.0
-8.901756286621094,-13.036645889282227,4.134887218475342,0.0,149.5965222841577,23040.0
-8.96514892578125,-12.988229751586914,4.023079872131348,0.0,155.96463459461853,23040.0
-9.648900985717773,-13.580037117004395,3.931135654449463,0.0,106.46740127435407,23040.0
-9.165406227111816,-13.103704452514648,3.9382989406585693,0.0,128.02303579570926,23040.0
-8.958422660827637,-13.021831512451172,4.063408851623535,0.0,138.61468671904265,23040.0
-9.786070823669434,-13.765677452087402,3.9796054363250732,0.0,120.22054789000728,23040.0
-9.608907699584961,-13.660799026489258,4.0518903732299805,0.0,120.27214275789524,23040.0
-9.448145866394043,-13.523072242736816,4.074926853179932,0.0,138.71878552210538,23040.0
-9.556318283081055,-13.562654495239258,4.006336688995361,0.0,119.36124840735451,23040.0
-9.754465103149414,-13.764388084411621,4.009918212890625,0.0,94.3129509431976,23040.0
-9.641395568847656,-13.640177726745605,3.998781442642212,0.0,127.03070813552056,23040.0
-9.66712760925293,-13.776517868041992,4.109389781951904,0.0,130.57969917633963,23040.0
-9.567744255065918,-13.69532585144043,4.127579212188721,0.0,117.08754344321234,23040.0
-9.560530662536621,-13.618584632873535,4.058053493499756,0.0,132.89580424290617,23040.0
-9.550030708312988,-13.59082317352295,4.040791034698486,0.0,118.51086980245431,23040.0
-9.509815216064453,-13.55726432800293,4.047449588775635,0.0,110.42483920619757,23040.0
-9.667491912841797,-13.70458698272705,4.0370965003967285,0.0,119.65223017097522,23040.0
-9.665696144104004,-13.829586029052734,4.163883686065674,0.0,133.87820548315338,23040.0
-9.563497543334961,-13.753562927246094,4.190065383911133,0.0,128.3016696809178,23040.0
-9.747480392456055,-13.848163604736328,4.100688457489014,0.0,127.40755141781284,23040.0
-9.663456916809082,-13.759981155395508,4.096529006958008,0.0,122.78297580990142,23040.0
-9.565347671508789,-13.653756141662598,4.088406085968018,0.0,107.10469325917421,23040.0
-9.854925155639648,-13.948548316955566,4.093619346618652,0.0,115.93858235720698,23040.0
-9.590714454650879,-13.792763710021973,4.202051162719727,0.0,145.01717689567502,23040.0
-9.67389965057373,-13.867643356323242,4.193745136260986,0.0,121.08624926658172,23040.0
-9.835265159606934,-13.905356407165527,4.070089817047119,0.0,124.01360243676774,23040.0
-9.517879486083984,-13.643359184265137,4.125480651855469,0.0,126.7661241522207,23040.0
-9.54222583770752,-13.672598838806152,4.130371570587158,0.0,115.11924701964764,23040.0
-9.706660270690918,-13.845706939697266,4.1390485763549805,0.0,123.35661527622949,23040.0
-9.441216468811035,-13.695225715637207,4.254013538360596,0.0,151.66223059146728,23040.0
-9.410903930664062,-13.64120101928711,4.2302985191345215,0.0,145.25191795920978,23040.0
-9.760651588439941,-13.884483337402344,4.123835563659668,0.0,127.26229698357422,23040.0
-9.275651931762695,-13.40467643737793,4.129024028778076,0.0,136.5216393937397,23040.0
-9.521540641784668,-13.661721229553223,4.140183925628662,0.0,112.21424788141387,23040.0
-9.794927597045898,-13.942727088928223,4.147801399230957,0.0,110.87873411555194,23040.0
-9.68748950958252,-13.830281257629395,4.142791271209717,0.0,139.96764316427567,23040.0
-9.533844947814941,-13.758356094360352,4.224515438079834,0.0,135.5567112868294,23040.0
-9.894025802612305,-14.033918380737305,4.139891624450684,0.0,110.59671963777019,23040.0
-9.528650283813477,-13.592363357543945,4.0637125968933105,0.0,131.05846814777496,23040.0
-9.471918106079102,-13.563942909240723,4.0920281410217285,0.0,114.95435197244717,23040.0
-10.019021034240723,-14.103252410888672,4.084231853485107,0.0,97.1886847722884,23040.0
-9.509722709655762,-13.675409317016602,4.16568660736084,0.0,150.339642264062,23040.0
-9.42764663696289,-13.64692497253418,4.219279766082764,0.0,143.99293197570628,23040.0
-9.983835220336914,-14.102584838867188,4.118749141693115,0.0,107.51260132224253,23040.0
-9.237290382385254,-13.452964782714844,4.21567440032959,0.0,130.687671579957,23040.0
-9.342146873474121,-13.471983909606934,4.129836559295654,0.0,119.77398038271726,23040.0
-10.022818565368652,-14.124472618103027,4.1016526222229,0.0,90.25394578776908,23040.0
-9.634316444396973,-13.869115829467773,4.234798431396484,0.0,130.22245927609617,23040.0
-9.459957122802734,-13.678691864013672,4.218733787536621,0.0,137.25747347116481,23040.0
-10.008909225463867,-14.175810813903809,4.166901111602783,0.0,93.41202908101747,23040.0
-9.81437873840332,-13.968688011169434,4.1543097496032715,0.0,107.57656716202516,23040.0
-9.855195999145508,-13.947998046875,4.092799663543701,0.0,103.78659439641527,23040.0
-10.143136024475098,-14.274336814880371,4.131199359893799,0.0,79.28920580133773,23040.0
-10.060304641723633,-14.255396842956543,4.195093154907227,0.0,97.93050816790901,23040.0
-10.073626518249512,-14.252771377563477,4.179144382476807,0.0,97.71523586107467,23040.0
-10.336432456970215,-14.495545387268066,4.159110069274902,0.0,72.73766442233443,23040.0
-9.952750205993652,-14.094408988952637,4.141659736633301,0.0,97.18416471689964,23040.0
-10.028748512268066,-14.215371131896973,4.186619281768799,0.0,84.44416038255768,23040.0
-10.389213562011719,-14.598369598388672,4.209159851074219,0.0,69.10175350979505,23040.0
-9.994946479797363,-14.322449684143066,4.3275065422058105,0.0,102.40883340072317,23040.0
-10.191400527954102,-14.426253318786621,4.234853267669678,0.0,94.69975307234465,23040.0
-10.322266578674316,-14.56535816192627,4.243091583251953,0.0,70.19746652036314,23040.0
-10.227594375610352,-14.378156661987305,4.150557994842529,0.0,84.53748240258102,23040.0
-10.261147499084473,-14.448201179504395,4.187053203582764,0.0,79.6098655139691,23040.0
-10.562662124633789,-14.778070449829102,4.215405464172363,0.0,68.98521408414457,23040.0
-10.24141788482666,-14.53222370147705,4.29080057144165,0.0,91.89391176081612,23040.0
-10.41683292388916,-14.744193077087402,4.327361583709717,0.0,76.01342166587942,23040.0
-10.44154167175293,-14.761759757995605,4.320219993591309,0.0,69.16017322146934,23040.0
-10.402284622192383,-14.685629844665527,4.283341407775879,0.0,63.31476848948217,23040.0
-10.509553909301758,-14.862578392028809,4.353023529052734,0.0,51.2305758157232,23040.0
-10.597077369689941,-14.945120811462402,4.348046779632568,0.0,62.06230799599124,23040.0
-10.565519332885742,-14.911540031433105,4.346024036407471,0.0,65.2384951074315,23040.0
-10.594606399536133,-14.959468841552734,4.364864349365234,0.0,62.64648940802423,23040.0
-10.595373153686523,-14.899860382080078,4.304490089416504,0.0,60.35314520348075,23040.0
-10.492938041687012,-14.809823989868164,4.316887855529785,0.0,70.31582043156294,23040.0
-10.581319808959961,-15.016042709350586,4.4347243309021,0.0,51.669753239236485,23040.0
-10.545937538146973,-14.953330993652344,4.407392501831055,0.0,65.01067666647876,23040.0
-10.70051383972168,-15.077058792114258,4.376546382904053,0.0,54.181953470153346,23040.0
-10.780155181884766,-15.158597946166992,4.378445625305176,0.0,48.844222719089,23040.0
-10.739924430847168,-15.11899185180664,4.379067897796631,0.0,42.592220666794525,23040.0
-10.539830207824707,-14.99338150024414,4.453558921813965,0.0,51.45951915459309,23040.0
-10.704235076904297,-15.109369277954102,4.40513801574707,0.0,45.27041258685748,23040.0
-10.762118339538574,-15.156689643859863,4.39456844329834,0.0,33.09941062207433,23040.0
-10.677071571350098,-15.08401107788086,4.40694522857666,0.0,56.705719750121425,23040.0
-10.747260093688965,-15.221634864807129,4.474372863769531,0.0,35.05033479727322,23040.0
-10.802620887756348,-15.238271713256836,4.4356513023376465,0.0,52.55949962809869,23040.0
-10.821370124816895,-15.293444633483887,4.472071647644043,0.0,36.466610270905434,23040.0
-10.853791236877441,-15.261083602905273,4.407290458679199,0.0,35.181582156595205,23040.0
-10.9166259765625,-15.291410446166992,4.374781131744385,0.0,45.73679286869997,23040.0
-10.695825576782227,-15.216520309448242,4.52069616317749,0.0,47.413170895038334,23040.0
-10.685606956481934,-15.199421882629395,4.513814926147461,0.0,55.03639969135604,23040.0
-10.802633285522461,-15.264349937438965,4.461721420288086,0.0,57.567236455881066,23040.0
-10.844108581542969,-15.302751541137695,4.45863676071167,0.0,50.65904660156163,23040.0
-10.779678344726562,-15.195785522460938,4.416108131408691,0.0,54.13804183669744,23040.0
-10.689016342163086,-15.221800804138184,4.53278923034668,0.0,60.66319956303498,23040.0
-10.882258415222168,-15.35545825958252,4.473200798034668,0.0,44.41750482668353,23040.0
-10.407508850097656,-14.967279434204102,4.559769153594971,0.0,108.6204468465921,23040.0
-10.63598918914795,-15.08944320678711,4.453461170196533,0.0,60.57159321872434,23040.0
-9.669621467590332,-14.20189094543457,4.53226900100708,0.0,131.94562624423074,23040.0
-9.872346878051758,-14.379484176635742,4.507134437561035,0.0,123.54719156623861,23040.0
-10.187597274780273,-14.708630561828613,4.521033763885498,0.0,121.44511797289171,23040.0
-9.305597305297852,-13.900680541992188,4.5950822830200195,0.0,185.23001176336842,23040.0
-10.395865440368652,-14.80164909362793,4.405783653259277,0.0,99.18673525707736,23040.0
-9.537569046020508,-13.914082527160645,4.376518249511719,0.0,144.0368829722803,23040.0
-8.48283863067627,-12.912015914916992,4.4291768074035645,0.0,173.80721349740958,23040.0
-9.8700590133667,-14.18725872039795,4.31719446182251,0.0,118.5023277168994,23040.0
-8.785211563110352,-13.303797721862793,4.51858377456665,0.0,235.71154261423936,23040.0
-7.530670166015625,-12.067306518554688,4.536638259887695,0.0,268.67197021385425,23040.0
-9.726672172546387,-13.934905052185059,4.208232879638672,0.0,132.75803941793353,23040.0
-7.115049362182617,-11.494462013244629,4.3794145584106445,0.0,206.14123304964176,23040.0
-7.268844127655029,-11.529078483581543,4.260231018066406,0.0,177.81149167709876,23040.0
-9.133914947509766,-13.361222267150879,4.227313041687012,0.0,96.08935787178729,23040.0
-8.563349723815918,-12.829360961914062,4.266014099121094,0.0,178.1813979827433,23040.0
-8.701086044311523,-12.823095321655273,4.122010231018066,0.0,168.14528729915233,23040.0
-9.388503074645996,-13.478779792785645,4.090278625488281,0.0,81.86496853666323,23040.0
-8.630562782287598,-12.664786338806152,4.034223556518555,0.0,111.19908663207684,23040.0
-8.659220695495605,-12.62482738494873,3.9656083583831787,0.0,120.23889604414063,23040.0
-9.246696472167969,-13.245850563049316,3.9991536140441895,0.0,94.08362068446743,23040.0
-9.084593772888184,-13.223681449890137,4.139084815979004,0.0,81.7378301562671,23040.0
-8.074508666992188,-12.30650520324707,4.231996059417725,0.0,152.07353266049446,23040.0
-8.790891647338867,-12.838933944702148,4.048043727874756,0.0,120.63475753219612,23040.0
-9.666950225830078,-13.5305757522583,3.8636250495910645,0.0,58.0529849490937,23040.0
-9.096147537231445,-12.965736389160156,3.86958384513855,0.0,93.16782367899363,23040.0
-8.625904083251953,-12.601963996887207,3.976059675216675,0.0,107.56306522035877,23040.0
-9.205379486083984,-13.125741958618164,3.9203596115112305,0.0,81.86219322890767,23040.0
-9.696759223937988,-13.634666442871094,3.937904119491577,0.0,47.74472620421901,23040.0
-9.681166648864746,-13.625842094421387,3.9446749687194824,0.0,80.0627263027164,23040.0
-9.615242958068848,-13.602256774902344,3.9870169162750244,0.0,78.93523028185095,23040.0
-9.78190803527832,-13.731904983520508,3.9500012397766113,0.0,46.273532698191055,23040.0
-9.833074569702148,-13.838135719299316,4.0050578117370605,0.0,41.15804910201808,23040.0
-9.958962440490723,-13.941981315612793,3.9830195903778076,0.0,53.01800607281743,23040.0
-9.684809684753418,-13.723822593688965,4.03901481628418,0.0,55.89436845851247,23040.0
-9.712431907653809,-13.753515243530273,4.0410895347595215,0.0,55.57962738937762,23040.0
-10.003644943237305,-14.00407886505127,4.000432968139648,0.0,60.764275309106395,23040.0
-10.061064720153809,-14.101151466369629,4.040090084075928,0.0,56.52203022160348,23040.0
-10.184245109558105,-14.241979598999023,4.057729721069336,0.0,47.51586336114606,23040.0
-10.110298156738281,-14.25893783569336,4.148639678955078,0.0,63.74843163896644,23040.0
-10.246686935424805,-14.42535400390625,4.178670406341553,0.0,52.50419986929244,23040.0
-10.383259773254395,-14.536742210388184,4.153480529785156,0.0,49.998159753962646,23040.0
-10.297082901000977,-14.50320053100586,4.206118106842041,0.0,57.654751861530364,23040.0
-10.2723970413208,-14.54201889038086,4.269622325897217,0.0,43.16955772432041,23040.0
-10.336771965026855,-14.602556228637695,4.265786170959473,0.0,46.82778658594551,23040.0
-10.167950630187988,-14.508380889892578,4.340427398681641,0.0,70.8168211941384,23040.0
-10.112808227539062,-14.442853927612305,4.330041885375977,0.0,77.03816811919724,23040.0
-10.257691383361816,-14.563727378845215,4.3060383796691895,0.0,66.91358147196715,23040.0
-10.270807266235352,-14.530012130737305,4.259205341339111,0.0,70.4632624931809,23040.0
-10.08143424987793,-14.417142868041992,4.335703372955322,0.0,82.20009605190535,23040.0
-10.338347434997559,-14.64439582824707,4.306051731109619,0.0,67.46612313986981,23040.0
-10.473294258117676,-14.82524299621582,4.351949214935303,0.0,56.94201232843579,23040.0
-10.398664474487305,-14.762837409973145,4.364175319671631,0.0,83.03814145031323,23040.0
-10.408982276916504,-14.807918548583984,4.398940563201904,0.0,55.949056885351155,23040.0
-10.597378730773926,-14.904085159301758,4.306702136993408,0.0,44.528112350766285,23040.0
-10.536169052124023,-14.808366775512695,4.2721967697143555,0.0,61.30553783379282,23040.0
-10.604863166809082,-14.899186134338379,4.294321537017822,0.0,44.008579194265,23040.0
-10.521360397338867,-14.894891738891602,4.373532295227051,0.0,45.10372296541439,23040.0
-10.625151634216309,-14.993424415588379,4.368268013000488,0.0,43.4217646885862,23040.0
-10.654694557189941,-15.044652938842773,4.389956474304199,0.0,38.041447658851276,23040.0
-10.611627578735352,-15.016790390014648,4.405159950256348,0.0,47.019102000922004,23040.0
-10.73789119720459,-15.147847175598145,4.409956932067871,0.0,35.04378091553882,23040.0
-10.70889663696289,-15.134581565856934,4.425686836242676,0.0,35.86016759561069,23040.0
-10.816368103027344,-15.210002899169922,4.393632888793945,0.0,25.331317068334993,23040.0
-10.750904083251953,-15.214516639709473,4.463611602783203,0.0,31.318142919080508,23040.0
-10.793569564819336,-15.220048904418945,4.4264817237854,0.0,27.090814438274624,23040.0
-10.681575775146484,-15.119885444641113,4.438308238983154,0.0,33.74231998647644,23040.0
-10.812641143798828,-15.229557037353516,4.416913986206055,0.0,27.579986651888472,23040.0
-10.737008094787598,-15.184191703796387,4.447182655334473,0.0,35.49420078138999,23040.0
-10.928228378295898,-15.335122108459473,4.4068922996521,0.0,29.00364461333848,23040.0
-10.747591972351074,-15.255290031433105,4.507699012756348,0.0,31.476213805034323,23040.0
-10.713301658630371,-15.204483985900879,4.491180896759033,0.0,50.220839932086875,23040.0
-10.856654167175293,-15.316551208496094,4.459889888763428,0.0,32.00038970095464,23040.0
-10.67216968536377,-15.187711715698242,4.515544414520264,0.0,45.849174536578225,23040.0
-10.624791145324707,-15.143458366394043,4.518669128417969,0.0,59.85535059082578,23040.0
-10.805097579956055,-15.339400291442871,4.534303188323975,0.0,21.438795788214946,23040.0
-10.74216079711914,-15.291951179504395,4.549795150756836,0.0,63.31269778840724,23040.0
-10.77150821685791,-15.303937911987305,4.532430171966553,0.0,43.50797763913684,23040.0
-10.850194931030273,-15.362192153930664,4.511999607086182,0.0,39.686521213654785,23040.0
-10.863348007202148,-15.295876502990723,4.432526111602783,0.0,53.879623961129,23040.0
-10.868882179260254,-15.409395217895508,4.540509223937988,0.0,38.482114139659636,23040.0
-10.553277969360352,-15.115032196044922,4.56174898147583,0.0,85.12057928192003,23040.0
-10.843111991882324,-15.36133098602295,4.518213748931885,0.0,52.59099985795823,23040.0
-10.438218116760254,-14.983189582824707,4.5449700355529785,0.0,88.68403934689567,23040.0
-10.662945747375488,-15.157933235168457,4.494988441467285,0.0,76.22722719537539,23040.0
-10.805679321289062,-15.353753089904785,4.548072814941406,0.0,66.89108844786178,23040.0
-10.230748176574707,-14.832667350769043,4.601919651031494,0.0,122.50918010222506,23040.0
-10.871841430664062,-15.33594799041748,4.464107990264893,0.0,61.5304809932025,23040.0
-10.489411354064941,-15.008326530456543,4.51890754699707,0.0,87.7172742461647,23040.0
-10.656684875488281,-15.155632972717285,4.498943328857422,0.0,85.85034630693428,23040.0
-10.748457908630371,-15.255111694335938,4.50665807723999,0.0,67.11164916756755,23040.0
-10.195330619812012,-14.772659301757812,4.577324867248535,0.0,126.5137694365059,23040.0
-10.857503890991211,-15.287346839904785,4.429845809936523,0.0,60.12584001321603,23040.0
-9.757323265075684,-14.2884521484375,4.531133651733398,0.0,133.0066940477851,23040.0
-10.376041412353516,-14.917505264282227,4.541464805603027,0.0,99.09231082127232,23040.0
-10.446056365966797,-15.001692771911621,4.555637836456299,0.0,107.55218962122262,23040.0
-10.107186317443848,-14.70300579071045,4.595818996429443,0.0,137.9628484496912,23040.0
-10.728679656982422,-15.193279266357422,4.464594841003418,0.0,61.06741384919772,23040.0
-10.02434253692627,-14.483474731445312,4.459133148193359,0.0,125.7202571523172,23040.0
-10.49472427368164,-14.885703086853027,4.390981197357178,0.0,102.451965111335,23040.0
-10.307430267333984,-14.807491302490234,4.500056743621826,0.0,105.82752038551838,23040.0
-10.33459186553955,-14.78986930847168,4.45527458190918,0.0,122.88562791582407,23040.0
-10.645161628723145,-15.036785125732422,4.391624450683594,0.0,89.90521728554192,23040.0
-10.32546329498291,-14.785866737365723,4.460402011871338,0.0,103.9200519987293,23040.0
-10.497507095336914,-14.935332298278809,4.437829494476318,0.0,102.9710839697546,23040.0
-10.632471084594727,-15.127262115478516,4.494792461395264,0.0,73.45417590453073,23040.0
-9.90472412109375,-14.415193557739258,4.510472774505615,0.0,150.86927769766902,23040.0
-10.748956680297852,-15.11555004119873,4.366597652435303,0.0,75.63903411443319,23040.0
-9.786263465881348,-14.185477256774902,4.39921236038208,0.0,129.91016196612108,23040.0
-10.103677749633789,-14.508927345275879,4.405250549316406,0.0,124.19886029200322,23040.0
-10.474655151367188,-14.935273170471191,4.4606194496154785,0.0,87.15252895765113,23040.0
-10.050774574279785,-14.535290718078613,4.484517574310303,0.0,146.73509152877284,23040.0
-10.590290069580078,-15.015714645385742,4.425422668457031,0.0,89.74369319487427,23040.0
-10.529764175415039,-14.928258895874023,4.398496627807617,0.0,85.83072373229777,23040.0
-9.92985725402832,-14.326759338378906,4.396901607513428,0.0,128.44066663779356,23040.0
-10.6069974899292,-15.036187171936035,4.429191589355469,0.0,67.45469748283652,23040.0
-9.784059524536133,-14.294071197509766,4.510012149810791,0.0,150.9505701903715,23040.0
-10.037771224975586,-14.513733863830566,4.475962162017822,0.0,129.80163792717985,23040.0
-10.249857902526855,-14.64651107788086,4.39665412902832,0.0,98.48301650928548,23040.0
-9.228189468383789,-13.641823768615723,4.413634777069092,0.0,153.53343216524408,23040.0
-9.736592292785645,-14.111970901489258,4.375376224517822,0.0,134.6157363193731,23040.0
-9.950409889221191,-14.385751724243164,4.435342311859131,0.0,122.63964689609526,23040.0
-8.40786075592041,-12.973641395568848,4.565784454345703,0.0,228.9765297858904,23040.0
-9.859648704528809,-14.233832359313965,4.374184608459473,0.0,113.2007942799509,23040.0
-8.960197448730469,-13.300414085388184,4.340219020843506,0.0,154.6283446134149,23040.0
-7.353652477264404,-11.7294340133667,4.3757829666137695,0.0,190.97879589798313,23040.0
-9.289313316345215,-13.563361167907715,4.274052143096924,0.0,121.63275741798476,23040.0
-9.540846824645996,-13.861392974853516,4.320548057556152,0.0,128.38814610114594,23040.0
-8.381255149841309,-12.733866691589355,4.352611064910889,0.0,211.38867855782354,23040.0
-9.60738754272461,-13.83026123046875,4.222875118255615,0.0,125.86055611681822,23040.0
-9.565826416015625,-13.6975679397583,4.131744861602783,0.0,97.22837436684287,23040.0
-8.574139595031738,-12.656976699829102,4.082833290100098,0.0,144.55849259643693,23040.0
-8.62435531616211,-12.749787330627441,4.125431537628174,0.0,135.6864724271652,23040.0
-9.765131950378418,-13.89623737335205,4.131103515625,0.0,77.83020436359652,23040.0
-9.143905639648438,-13.399131774902344,4.255221366882324,0.0,134.56465928972378,23040.0
-7.844720363616943,-12.124351501464844,4.279629707336426,0.0,203.17163298855024,23040.0
-9.813679695129395,-13.81721305847168,4.003531455993652,0.0,85.93146456719246,23040.0
-9.324487686157227,-13.363903999328613,4.039412975311279,0.0,97.45969302069071,23040.0
-8.218154907226562,-12.307363510131836,4.089207649230957,0.0,137.04469833804492,23040.0
-8.369823455810547,-12.402551651000977,4.032730579376221,0.0,127.40855000402155,23040.0
-9.547558784484863,-13.544127464294434,3.9965693950653076,0.0,78.17535442097541,23040.0
-9.968340873718262,-13.999480247497559,4.031142711639404,0.0,68.08437282936619,23040.0
-8.660969734191895,-12.84028148651123,4.179308891296387,0.0,158.02218478203724,23040.0
-9.050970077514648,-13.185196876525879,4.13422155380249,0.0,136.0264623303691,23040.0
-10.092658042907715,-14.17821979522705,4.085564613342285,0.0,43.74739229685657,23040.0
-9.837041854858398,-13.853362083435059,4.016323566436768,0.0,81.07036362580837,23040.0
-9.325840950012207,-13.324675559997559,3.9988348484039307,0.0,108.21688572327241,23040.0
-9.774168968200684,-13.771191596984863,3.9970245361328125,0.0,87.18903363148387,23040.0
-10.33125114440918,-14.344807624816895,4.013560771942139,0.0,40.89353227217989,23040.0
-9.795026779174805,-13.940252304077148,4.14522647857666,0.0,81.60028935244117,23040.0
-9.850126266479492,-13.998461723327637,4.148339748382568,0.0,98.00441967552253,23040.0
-10.430703163146973,-14.510762214660645,4.0800628662109375,0.0,53.10440028903692,23040.0
-10.192305564880371,-14.399761199951172,4.207450866699219,0.0,48.638293077865875,23040.0
-9.816885948181152,-14.02918815612793,4.2123026847839355,0.0,79.90721813132619,23040.0
-9.969658851623535,-14.187747955322266,4.218086242675781,0.0,77.2161180497827,23040.0
-10.492514610290527,-14.71649169921875,4.223976135253906,0.0,40.5461577380505,23040.0
-10.27238655090332,-14.579904556274414,4.3075127601623535,0.0,67.60731939270121,23040.0
-9.85956859588623,-14.196468353271484,4.336896896362305,0.0,100.99068949674415,23040.0
-10.218462944030762,-14.551051139831543,4.332588195800781,0.0,62.91399583010974,23040.0
-10.57193374633789,-14.794439315795898,4.222504138946533,0.0,42.01467266404615,23040.0
-10.199286460876465,-14.499944686889648,4.300656318664551,0.0,71.89316334675318,23040.0
-10.387819290161133,-14.620354652404785,4.2325310707092285,0.0,71.84142430374061,23040.0
-10.625585556030273,-14.92463493347168,4.299050331115723,0.0,40.99020910239817,23040.0
-10.637740135192871,-15.017850875854492,4.380115032196045,0.0,43.974510481647556,23040.0
-10.438591003417969,-14.855676651000977,4.417088508605957,0.0,71.7859226155719,23040.0
-10.519867897033691,-14.956218719482422,4.436348915100098,0.0,66.75155065004009,23040.0
-10.712854385375977,-15.109644889831543,4.396790027618408,0.0,36.726498911500954,23040.0
-10.566492080688477,-14.970419883728027,4.403928756713867,0.0,56.242159509285834,23040.0
-10.542378425598145,-14.962594985961914,4.420214653015137,0.0,49.943693689916515,23040.0
-10.714849472045898,-15.151087760925293,4.436233997344971,0.0,43.510623605155985,23040.0
-10.722428321838379,-15.19614028930664,4.4737138748168945,0.0,38.191885975661705,23040.0
-10.724693298339844,-15.16729736328125,4.442607402801514,0.0,42.83008075529042,23040.0
-10.621469497680664,-15.144694328308105,4.523225784301758,0.0,51.5712565752846,23040.0
-10.907593727111816,-15.30748462677002,4.399885177612305,0.0,30.31167421166129,23040.0
-10.82448959350586,-15.299765586853027,4.475274085998535,0.0,39.18491599950836,23040.0
-10.828001022338867,-15.263370513916016,4.435373306274414,0.0,51.90829555943808,23040.0
-10.765161514282227,-15.248587608337402,4.483427047729492,0.0,41.73295265592313,23040.0
-10.845267295837402,-15.374119758605957,4.528851509094238,0.0,32.901246173809355,23040.0
-10.726089477539062,-15.268523216247559,4.542438983917236,0.0,57.491961580877565,23040.0
-10.67805004119873,-15.220890045166016,4.54284143447876,0.0,58.730713556682595,23040.0
-10.764898300170898,-15.254858016967773,4.489957809448242,0.0,45.006769765156456,23040.0
-10.386916160583496,-14.960208892822266,4.573291301727295,0.0,79.58957015710965,23040.0
-10.613946914672852,-15.185242652893066,4.571296691894531,0.0,70.24821229363954,23040.0
-10.754639625549316,-15.301497459411621,4.546858310699463,0.0,42.153449784013794,23040.0
-10.493963241577148,-15.02721118927002,4.5332465171813965,0.0,91.7373895742417,23040.0
-10.671469688415527,-15.16084098815918,4.4893717765808105,0.0,72.230863112748,23040.0
-10.687055587768555,-15.220026016235352,4.532969951629639,0.0,49.60864148351861,23040.0
-10.482392311096191,-15.043702125549316,4.561307907104492,0.0,76.89646938712265,23040.0
-10.862969398498535,-15.304786682128906,4.441816329956055,0.0,53.32697123886914,23040.0
-10.870580673217773,-15.384186744689941,4.513603210449219,0.0,38.034239754922176,23040.0
-10.601240158081055,-15.166776657104492,4.565536975860596,0.0,73.39411491686158,23040.0
-10.79851245880127,-15.34538745880127,4.546875,0.0,47.454502949951106,23040.0
-10.852375984191895,-15.341596603393555,4.489219665527344,0.0,44.27359175289174,23040.0
-10.788594245910645,-15.316511154174805,4.527915954589844,0.0,65.52905723893795,23040.0
-10.938115119934082,-15.43653678894043,4.498420238494873,0.0,30.67367066828701,23040.0
-10.895849227905273,-15.413236618041992,4.5173845291137695,0.0,44.21750743756987,23040.0
-10.800765991210938,-15.360045433044434,4.5592780113220215,0.0,52.33759395492937,23040.0
-10.994576454162598,-15.499164581298828,4.504587650299072,0.0,30.038971458218736,23040.0
-10.854103088378906,-15.388349533081055,4.534247398376465,0.0,44.45399249394719,23040.0
-10.85256576538086,-15.351261138916016,4.4987006187438965,0.0,49.19601205776241,23040.0
-10.880476951599121,-15.467188835144043,4.586709499359131,0.0,34.109403864188515,23040.0
-10.940282821655273,-15.476969718933105,4.536685466766357,0.0,37.53208381004123,23040.0
-10.868576049804688,-15.402190208435059,4.53361701965332,0.0,52.16797892351587,23040.0
-10.98926067352295,-15.50474739074707,4.5154852867126465,0.0,40.80637374797689,23040.0
-10.711999893188477,-15.304902076721191,4.592900276184082,0.0,45.16493147054024,23040.0
-10.6327543258667,-15.212661743164062,4.579908847808838,0.0,76.14114572923903,23040.0
-10.818415641784668,-15.406800270080566,4.588383674621582,0.0,56.85710527165257,23040.0
-10.414673805236816,-15.13967514038086,4.725001811981201,0.0,88.82702030347785,23040.0
-10.35659122467041,-15.05778980255127,4.701201915740967,0.0,109.2264216420244,23040.0
-10.798116683959961,-15.32509994506836,4.526981830596924,0.0,71.73512605707276,23040.0
-9.979061126708984,-14.55018424987793,4.571125507354736,0.0,112.91853154502613,23040.0
-9.65703296661377,-14.285669326782227,4.62863302230835,0.0,134.66339049115865,23040.0
-10.703791618347168,-15.246295928955078,4.542510509490967,0.0,80.04042191971757,23040.0
-9.272394180297852,-13.896382331848145,4.623985290527344,0.0,177.96006894887958,23040.0
-9.732319831848145,-14.24815559387207,4.515836715698242,0.0,162.07743061537778,23040.0
-10.118550300598145,-14.592973709106445,4.47442626953125,0.0,102.34687879667146,23040.0
-8.073179244995117,-12.616920471191406,4.543741703033447,0.0,173.95515389361313,23040.0
-8.501267433166504,-12.954846382141113,4.453575134277344,0.0,165.22680957338272,23040.0
-10.352264404296875,-14.728846549987793,4.376585960388184,0.0,86.8533842531811,23040.0
-8.666508674621582,-13.200901985168457,4.534390926361084,0.0,204.48028005350153,23040.0
-9.241443634033203,-13.596489906311035,4.355044364929199,0.0,159.88095782105628,23040.0
-9.917399406433105,-14.257969856262207,4.340566635131836,0.0,97.48089983713416,23040.0
-8.894793510437012,-13.095172882080078,4.200381278991699,0.0,150.87506884360363,23040.0
-9.09889030456543,-13.35499382019043,4.256102561950684,0.0,135.5452016464,23040.0
-10.092371940612793,-14.30059814453125,4.208226203918457,0.0,75.2757465526114,23040.0
-8.943485260009766,-13.262569427490234,4.319085597991943,0.0,162.0852443012701,23040.0
-9.035563468933105,-13.245323181152344,4.2097554206848145,0.0,160.81132935930376,23040.0
-9.992891311645508,-14.160785675048828,4.167891979217529,0.0,83.50756543910356,23040.0
-8.843801498413086,-12.994916915893555,4.151114463806152,0.0,131.87079371274848,23040.0
-8.161423683166504,-12.37316608428955,4.211740970611572,0.0,152.49241866397193,23040.0
-9.368370056152344,-13.508342742919922,4.139972686767578,0.0,107.09938984306419,23040.0
-9.884867668151855,-14.070618629455566,4.185748100280762,0.0,84.00496898876405,23040.0
-8.61890983581543,-12.843827247619629,4.224916458129883,0.0,178.5764532330212,23040.0
-9.103631973266602,-13.216572761535645,4.11293888092041,0.0,139.94028710933867,23040.0
-10.028653144836426,-14.077011108398438,4.048355579376221,0.0,64.34237555770125,23040.0
-9.133819580078125,-13.243953704833984,4.110135078430176,0.0,116.38923477587572,23040.0
-8.375195503234863,-12.47936725616455,4.104171276092529,0.0,144.97304044087048,23040.0
-9.292364120483398,-13.36512565612793,4.072758197784424,0.0,105.27233156614514,23040.0
-9.971558570861816,-14.122430801391602,4.150868892669678,0.0,56.72487167255387,23040.0
-9.066227912902832,-13.321649551391602,4.255421161651611,0.0,139.2309678214859,23040.0
-8.880967140197754,-13.041951179504395,4.160984039306641,0.0,165.8364641248417,23040.0
-9.921162605285645,-14.033466339111328,4.112307548522949,0.0,74.11160022077732,23040.0
-9.768590927124023,-13.836957931518555,4.068366050720215,0.0,71.72441278774208,23040.0
-8.718358993530273,-12.808812141418457,4.090456485748291,0.0,116.17556274702844,23040.0
-8.40697193145752,-12.54688549041748,4.139913082122803,0.0,123.11788572528705,23040.0
-9.800322532653809,-13.850065231323242,4.049743175506592,0.0,80.4139069962973,23040.0
-9.958063125610352,-14.160666465759277,4.202606201171875,0.0,58.63022581313875,23040.0
-8.497974395751953,-12.826865196228027,4.328887939453125,0.0,154.33444543745227,23040.0
-8.82451343536377,-13.129401206970215,4.304886817932129,0.0,144.7512466459692,23040.0
-10.1727876663208,-14.299511909484863,4.126726150512695,0.0,56.53167656046764,23040.0
-9.743738174438477,-13.831950187683105,4.088214874267578,0.0,75.08554309939689,23040.0
-8.717601776123047,-12.83092212677002,4.113316535949707,0.0,108.68920412949035,23040.0
-8.646544456481934,-12.707843780517578,4.0612921714782715,0.0,110.58220346091018,23040.0
-9.585277557373047,-13.646490097045898,4.061211585998535,0.0,75.2490776063889,23040.0
-10.235886573791504,-14.31657886505127,4.080690860748291,0.0,51.022820319712,23040.0
-9.292484283447266,-13.523260116577148,4.230775833129883,0.0,122.52328942976206,23040.0
-8.466758728027344,-12.792791366577148,4.326033115386963,0.0,159.477326312694,23040.0
-9.775060653686523,-13.951043128967285,4.175988674163818,0.0,77.5819110913349,23040.0
-10.01960277557373,-14.14715576171875,4.127551078796387,0.0,67.76538911443635,23040.0
-9.109284400939941,-13.15770149230957,4.048415660858154,0.0,105.76632780940152,23040.0
-8.78512191772461,-12.836316108703613,4.051191329956055,0.0,110.40550846555423,23040.0
-9.696273803710938,-13.768364906311035,4.072086334228516,0.0,79.54251835931379,23040.0
-10.204141616821289,-14.31035327911377,4.106208801269531,0.0,53.225142719391336,23040.0
-9.417543411254883,-13.594841957092285,4.1772990226745605,0.0,117.45247890608967,23040.0
-9.422932624816895,-13.613691329956055,4.190762042999268,0.0,122.56403894738038,23040.0
-10.345727920532227,-14.492913246154785,4.147191524505615,0.0,54.81515766064225,23040.0
-10.130764961242676,-14.23967170715332,4.108900547027588,0.0,67.26436269647826,23040.0
-9.410703659057617,-13.563231468200684,4.152528285980225,0.0,99.19547712908717,23040.0
-9.777847290039062,-13.94678020477295,4.168929576873779,0.0,80.21057682668261,23040.0
-10.31827163696289,-14.527655601501465,4.2093825340271,0.0,44.24961268440013,23040.0
-10.187126159667969,-14.432076454162598,4.2449445724487305,0.0,70.39286736046259,23040.0
-9.621548652648926,-13.847525596618652,4.225972652435303,0.0,105.39355157429647,23040.0
-10.187626838684082,-14.403757095336914,4.216127872467041,0.0,71.39622046939797,23040.0
-10.458669662475586,-14.701330184936523,4.242656707763672,0.0,47.728159466875574,23040.0
-10.06440258026123,-14.322179794311523,4.257778644561768,0.0,76.67530163380516,23040.0
-9.924698829650879,-14.169866561889648,4.245170593261719,0.0,84.44598742763502,23040.0
-10.314972877502441,-14.576573371887207,4.261602401733398,0.0,61.35628453232441,23040.0
-10.409178733825684,-14.80064582824707,4.391472816467285,0.0,47.87704126605031,23040.0
-10.066895484924316,-14.419013023376465,4.352118968963623,0.0,93.46840006136257,23040.0
-9.875534057617188,-14.281243324279785,4.405712604522705,0.0,105.26870126466665,23040.0
-10.57558822631836,-14.874080657958984,4.298495292663574,0.0,56.20040544427228,23040.0
-10.222853660583496,-14.58505630493164,4.3622050285339355,0.0,69.4142745127484,23040.0
-9.547659873962402,-13.901954650878906,4.3542914390563965,0.0,102.28898122029837,23040.0
-9.977570533752441,-14.321732521057129,4.344156742095947,0.0,89.31027412232072,23040.0
-10.613524436950684,-14.95803451538086,4.344508171081543,0.0,46.82988444817303,23040.0
-10.174811363220215,-14.65524673461914,4.480436325073242,0.0,79.42356508950118,23040.0
-9.606730461120605,-14.147872924804688,4.541138172149658,0.0,119.55111033548201,23040.0
-10.210468292236328,-14.647567749023438,4.437098979949951,0.0,79.51584053339366,23040.0
-10.578726768493652,-14.906639099121094,4.3279128074646,0.0,48.22401665041881,23040.0
-9.808911323547363,-14.157227516174316,4.3483123779296875,0.0,98.24073230816795,23040.0
-9.737296104431152,-14.057903289794922,4.320610046386719,0.0,99.17977976641049,23040.0
-10.54698371887207,-14.836278915405273,4.289289474487305,0.0,62.83362975654523,23040.0
-10.577982902526855,-14.973970413208008,4.395990371704102,0.0,55.52939029282788,23040.0
-9.810665130615234,-14.273942947387695,4.463280200958252,0.0,118.49890055545451,23040.0
-10.128982543945312,-14.556914329528809,4.427931308746338,0.0,95.26092001701755,23040.0
-10.715551376342773,-15.049193382263184,4.333639621734619,0.0,46.784929436527854,23040.0
-10.193648338317871,-14.504729270935059,4.311078071594238,0.0,84.49843450480627,23040.0
-9.897699356079102,-14.286931991577148,4.389236927032471,0.0,99.40996096600595,23040.0
-10.526815414428711,-14.883912086486816,4.357098579406738,0.0,69.05083140405888,23040.0
-10.633381843566895,-15.008928298950195,4.375551700592041,0.0,50.392413284039755,23040.0
-10.113896369934082,-14.521020889282227,4.407124996185303,0.0,107.12588998904432,23040.0
-10.21902847290039,-14.690079689025879,4.471048831939697,0.0,92.16124294845613,23040.0
-10.772346496582031,-15.195527076721191,4.4231791496276855,0.0,40.647268532720766,23040.0
-10.281311988830566,-14.66219711303711,4.380887031555176,0.0,80.39616787151542,23040.0
-10.05228042602539,-14.462990760803223,4.410713195800781,0.0,92.37525669492373,23040.0
-10.697872161865234,-15.082840919494629,4.3849687576293945,0.0,56.39317870557889,23040.0
-10.629969596862793,-15.116506576538086,4.486539363861084,0.0,49.913333496522526,23040.0
-10.06108283996582,-14.589770317077637,4.528687000274658,0.0,101.30821944266691,23040.0
-10.353357315063477,-14.86919116973877,4.515829563140869,0.0,80.02558852813759,23040.0
-10.798506736755371,-15.197548866271973,4.399044513702393,0.0,39.4872328686523,23040.0
-10.353677749633789,-14.716607093811035,4.36292839050293,0.0,76.01216241857779,23040.0
-10.013545989990234,-14.47637939453125,4.462833404541016,0.0,94.72641489136208,23040.0
-10.56541919708252,-15.060226440429688,4.494812965393066,0.0,59.95068650417707,23040.0
-10.5975923538208,-15.160706520080566,4.563108444213867,0.0,51.844308409890004,23040.0
-9.898346900939941,-14.509861946105957,4.611508846282959,0.0,112.04630756641033,23040.0
-10.252083778381348,-14.774864196777344,4.52277946472168,0.0,98.75883132499061,23040.0
-10.68403434753418,-15.205025672912598,4.520991802215576,0.0,50.0735031204046,23040.0
-10.06125259399414,-14.504323959350586,4.443069934844971,0.0,91.09117305862807,23040.0
-9.755008697509766,-14.279525756835938,4.524509429931641,0.0,107.89952460006896,23040.0
-10.402861595153809,-14.922951698303223,4.520092010498047,0.0,70.01563723943865,23040.0
-10.661260604858398,-15.144283294677734,4.483023643493652,0.0,59.67820421287549,23040.0
-9.670166015625,-14.208684921264648,4.538516521453857,0.0,132.00390145860914,23040.0
-10.366714477539062,-14.854344367980957,4.487627029418945,0.0,90.79694849453297,23040.0
-10.71167278289795,-15.151864051818848,4.440184593200684,0.0,42.370960403384295,23040.0
-10.248597145080566,-14.642511367797852,4.393913745880127,0.0,84.73902308554553,23040.0
-10.005064964294434,-14.427438735961914,4.422379016876221,0.0,99.41435113729085,23040.0
-10.52418327331543,-14.94096851348877,4.416782855987549,0.0,63.778916206371306,23040.0
-10.676594734191895,-15.126022338867188,4.449431419372559,0.0,53.293281330481456,23040.0
-9.963348388671875,-14.454236030578613,4.4908905029296875,0.0,119.83067774988022,23040.0
-10.077380180358887,-14.578410148620605,4.5010294914245605,0.0,98.09023621440585,23040.0
-10.48792552947998,-14.890624046325684,4.402699947357178,0.0,68.03529915893154,23040.0
-9.794379234313965,-14.161772727966309,4.367400169372559,0.0,105.39445939645303,23040.0
-9.867910385131836,-14.293448448181152,4.42554235458374,0.0,106.11872743782261,23040.0
-10.600920677185059,-15.054106712341309,4.453190803527832,0.0,57.50142318976214,23040.0
-10.310184478759766,-14.783951759338379,4.473770618438721,0.0,100.60471077936037,23040.0
-9.464385032653809,-13.918659210205078,4.454272270202637,0.0,142.09975495570094,23040.0
-10.420207023620605,-14.886237144470215,4.46602725982666,0.0,70.61162680695655,23040.0
-10.157929420471191,-14.555712699890137,4.397785186767578,0.0,91.40013292947135,23040.0
-9.346092224121094,-13.69975757598877,4.353659629821777,0.0,123.36486415826197,23040.0
-9.808833122253418,-14.19318962097168,4.384357929229736,0.0,101.51721214720482,23040.0
-10.611117362976074,-15.031513214111328,4.420396327972412,0.0,59.48026550588792,23040.0
-9.713973999023438,-14.154489517211914,4.440508842468262,0.0,143.9101508805207,23040.0
-8.771042823791504,-13.215123176574707,4.444077968597412,0.0,161.32923399760827,23040.0
-10.296932220458984,-14.62291145324707,4.3259735107421875,0.0,86.17273599737175,23040.0
-9.125219345092773,-13.578652381896973,4.453430652618408,0.0,122.73219576262947,23040.0
-8.15542984008789,-12.493908882141113,4.338481426239014,0.0,142.5597086855705,23040.0
-8.699851036071777,-13.0555419921875,4.35568904876709,0.0,117.4566902832361,23040.0
-9.77338981628418,-14.14942455291748,4.376039505004883,0.0,78.5473666353182,23040.0
-8.942089080810547,-13.406293869018555,4.464206218719482,0.0,159.19125592715417,23040.0
-7.550338268280029,-11.953943252563477,4.403602123260498,0.0,202.5000968608437,23040.0
-7.758861541748047,-11.960525512695312,4.201666831970215,0.0,137.1977123878772,23040.0
-7.334033012390137,-11.756454467773438,4.422417640686035,0.0,154.6486254066832,23040.0
-6.088549613952637,-10.381123542785645,4.292573928833008,0.0,158.4256285962675,23040.0
-5.6938910484313965,-9.827993392944336,4.134100914001465,0.0,144.52088534246323,23040.0
-6.222115516662598,-10.4185209274292,4.196404457092285,0.0,106.18733859212713,23040.0
-7.058753967285156,-11.139595985412598,4.08083963394165,0.0,90.7811324420881,23040.0
-7.669439792633057,-11.700820922851562,4.031381130218506,0.0,96.03383845518621,23040.0
-7.869404315948486,-11.81873607635498,3.9493346214294434,0.0,113.87919779503501,23040.0
-8.010560035705566,-11.811260223388672,3.8007006645202637,0.0,117.06879837603421,23040.0
-8.15146541595459,-11.848224639892578,3.696758985519409,0.0,79.8894943586135,23040.0
-7.001831531524658,-10.864249229431152,3.8624181747436523,0.0,58.361933721918014,23040.0
-5.097725868225098,-9.201244354248047,4.103518009185791,0.0,90.05834220338569,23040.0
-6.640857696533203,-10.430599212646484,3.789741277694702,0.0,79.46094757688894,23040.0
-7.5635457038879395,-11.16849136352539,3.604945182800293,0.0,68.96890164316447,23040.0
-7.7656779289245605,-11.339540481567383,3.5738637447357178,0.0,58.663307186076004,23040.0
-7.777207374572754,-11.444550514221191,3.6673452854156494,0.0,51.05609267393606,23040.0
-7.605220317840576,-11.368332862854004,3.763112783432007,0.0,48.632503694307914,23040.0
-7.501689910888672,-11.301172256469727,3.7994821071624756,0.0,53.89961359203839,23040.0
-7.236638069152832,-11.094010353088379,3.857374429702759,0.0,63.76608968074129,23040.0
-7.439443111419678,-11.165716171264648,3.7262773513793945,0.0,66.44967928836172,23040.0
-7.875853061676025,-11.497818946838379,3.621966600418091,0.0,54.68579719965886,23040.0
-8.312494277954102,-11.805429458618164,3.4929304122924805,0.0,37.239428786935456,23040.0
-8.373553276062012,-11.787042617797852,3.4134843349456787,0.0,34.712828458352455,23040.0
-8.16928768157959,-11.572117805480957,3.402829647064209,0.0,37.335895338830426,23040.0
-8.153489112854004,-11.525476455688477,3.371987819671631,0.0,38.12482808218923,23040.0
-8.18748950958252,-11.561063766479492,3.373575448989868,0.0,36.80311481929491,23040.0
-8.517345428466797,-11.880170822143555,3.362826108932495,0.0,38.22462518291467,23040.0
-8.524748802185059,-11.921154975891113,3.3964083194732666,0.0,37.45303251816073,23040.0
-8.77652359008789,-12.19502067565918,3.418499708175659,0.0,34.5564265366967,23040.0
-8.950552940368652,-12.435723304748535,3.4851715564727783,0.0,26.96020001463048,23040.0
-8.978960037231445,-12.531943321228027,3.552978754043579,0.0,28.262490911718675,23040.0
-8.969486236572266,-12.590880393981934,3.6213901042938232,0.0,38.61962369674829,23040.0
-9.00055980682373,-12.654485702514648,3.653923511505127,0.0,36.970037805002285,23040.0
-9.086156845092773,-12.775869369506836,3.6897125244140625,0.0,31.63818725831814,23040.0
-9.338046073913574,-13.012531280517578,3.674487352371216,0.0,24.2771540333671,23040.0
-9.455977439880371,-13.118051528930664,3.662074565887451,0.0,23.078551157116177,23040.0
-9.410775184631348,-13.14189338684082,3.7311222553253174,0.0,27.22489115659032,23040.0
-9.47079086303711,-13.254776000976562,3.7839834690093994,0.0,27.56736198860923,23040.0
-9.67160415649414,-13.44029712677002,3.768697738647461,0.0,24.170226494933306,23040.0
-9.722089767456055,-13.554520606994629,3.832427740097046,0.0,23.983053455604765,23040.0
-9.79245662689209,-13.647788047790527,3.855334758758545,0.0,26.589721818410617,23040.0
-9.889013290405273,-13.735061645507812,3.8460466861724854,0.0,30.810470082715383,23040.0
-9.9402494430542,-13.841487884521484,3.9012362957000732,0.0,23.307087095899593,23040.0
-9.9183931350708,-13.875614166259766,3.9572205543518066,0.0,26.1432916087892,23040.0
-10.028236389160156,-13.962501525878906,3.9342634677886963,0.0,29.52522156062558,23040.0
-10.096494674682617,-14.044556617736816,3.948059320449829,0.0,34.122712752913145,23040.0
-10.063236236572266,-14.10781478881836,4.044581413269043,0.0,28.706004435630895,23040.0
-10.210724830627441,-14.310944557189941,4.100220203399658,0.0,22.391109956855775,23040.0
-10.18381118774414,-14.329975128173828,4.1461639404296875,0.0,34.37679156996499,23040.0
-10.044074058532715,-14.236777305603027,4.192710876464844,0.0,54.12721940817205,23040.0
-10.134698867797852,-14.360383033752441,4.225682735443115,0.0,49.30909519523016,23040.0
-10.343282699584961,-14.525495529174805,4.182214260101318,0.0,30.593173314628043,23040.0
-10.318488121032715,-14.542537689208984,4.22404670715332,0.0,32.13957110855384,23040.0
-10.225621223449707,-14.465386390686035,4.239763259887695,0.0,48.044524118740725,23040.0
-10.272821426391602,-14.457222938537598,4.184404373168945,0.0,47.59874172176938,23040.0
-10.4266357421875,-14.66172981262207,4.235095024108887,0.0,36.661837868678354,23040.0
-10.568635940551758,-14.84091567993164,4.272282600402832,0.0,28.811506360876198,23040.0
-10.549829483032227,-14.84809398651123,4.298264026641846,0.0,33.55915917480636,23040.0
-10.43104076385498,-14.808754920959473,4.377710819244385,0.0,40.12314892768945,23040.0
-10.40723991394043,-14.845800399780273,4.438555717468262,0.0,35.95750958966326,23040.0
-10.469100952148438,-14.8988618850708,4.429763317108154,0.0,42.850592466838464,23040.0
-10.418370246887207,-14.85171127319336,4.433342456817627,0.0,51.33709146335194,23040.0
-10.327529907226562,-14.786687850952148,4.459160327911377,0.0,50.59537881511684,23040.0
-10.508499145507812,-14.879414558410645,4.370918273925781,0.0,44.21447758365765,23040.0
-10.555017471313477,-14.861710548400879,4.306694984436035,0.0,43.59087100726882,23040.0
-10.338251113891602,-14.68425178527832,4.345998764038086,0.0,56.29111317227514,23040.0
-10.224296569824219,-14.580931663513184,4.356635570526123,0.0,59.81733459332293,23040.0
-10.358678817749023,-14.78172779083252,4.423049449920654,0.0,44.888454385165346,23040.0
-10.564327239990234,-14.980655670166016,4.416324138641357,0.0,36.973012614849914,23040.0
-10.44451904296875,-14.955403327941895,4.51088285446167,0.0,47.2478647081925,23040.0
-10.22634506225586,-14.791922569274902,4.565579891204834,0.0,69.26026187044253,23040.0
-10.338971138000488,-14.89966106414795,4.5606913566589355,0.0,53.67504120085671,23040.0
-10.598328590393066,-15.057183265686035,4.458852291107178,0.0,39.650171404746686,23040.0
-10.616466522216797,-15.062715530395508,4.4462480545043945,0.0,41.459856258482496,23040.0
-10.542998313903809,-14.994552612304688,4.45155143737793,0.0,45.56735230035067,23040.0
-10.645590782165527,-15.004349708557129,4.358759880065918,0.0,35.60064188859582,23040.0
-10.724739074707031,-15.112456321716309,4.387721061706543,0.0,31.411886770424083,23040.0
-10.53847885131836,-15.025595664978027,4.487113952636719,0.0,42.676269349975655,23040.0
-10.579968452453613,-15.048920631408691,4.46895170211792,0.0,40.919541707907946,23040.0
-10.620227813720703,-15.102269172668457,4.482044696807861,0.0,40.3159309280547,23040.0
-10.597477912902832,-15.07750129699707,4.480027675628662,0.0,47.5540033591746,23040.0
-10.537960052490234,-15.093531608581543,4.555572032928467,0.0,52.68983309317169,23040.0
-10.476744651794434,-14.957859992980957,4.4811201095581055,0.0,66.88002480618826,23040.0
-10.686288833618164,-15.131668090820312,4.445372104644775,0.0,39.22663866219327,23040.0
-10.642267227172852,-15.091605186462402,4.449329853057861,0.0,44.31034409273507,23040.0
-10.520570755004883,-14.959335327148438,4.4387688636779785,0.0,51.15060998836428,23040.0
-10.521793365478516,-14.959440231323242,4.437650680541992,0.0,53.49931468332681,23040.0
-10.63607406616211,-15.100432395935059,4.464357852935791,0.0,47.490172765268035,23040.0
-10.74858570098877,-15.240304946899414,4.4917192459106445,0.0,36.357096707762686,23040.0
-10.632678031921387,-15.23694896697998,4.604271411895752,0.0,48.33566340492939,23040.0
-10.613900184631348,-15.172280311584473,4.558375835418701,0.0,45.10499654798955,23040.0
-10.577727317810059,-15.13662338256836,4.558896541595459,0.0,49.823038462958884,23040.0
-10.552214622497559,-15.159574508666992,4.607358932495117,0.0,41.5585475533217,23040.0
-10.750077247619629,-15.234580039978027,4.48450231552124,0.0,38.55304536718425,23040.0
-10.749506950378418,-15.200414657592773,4.450908184051514,0.0,41.204521507755196,23040.0
-10.721453666687012,-15.15481948852539,4.433365345001221,0.0,42.264449911964775,23040.0
-10.53924560546875,-15.074219703674316,4.534971237182617,0.0,37.765372834606026,23040.0
-10.4536771774292,-14.98969841003418,4.5360188484191895,0.0,46.39958249053829,23040.0
-10.565266609191895,-15.08112907409668,4.515862464904785,0.0,46.74304777955395,23040.0
-10.560264587402344,-15.127456665039062,4.5671892166137695,0.0,45.23686542798668,23040.0
-10.441007614135742,-15.081526756286621,4.6405205726623535,0.0,54.85932516175753,23040.0
-10.241493225097656,-14.867817878723145,4.62631893157959,0.0,72.62468662946239,23040.0
-10.565912246704102,-15.097920417785645,4.532012939453125,0.0,53.87394306620411,23040.0
-10.429686546325684,-14.931807518005371,4.502120494842529,0.0,51.455903281202424,23040.0
-10.39686393737793,-14.83041000366211,4.433543682098389,0.0,70.54110347208253,23040.0
-10.434762001037598,-14.851643562316895,4.416878700256348,0.0,64.33728679692504,23040.0
-10.48253345489502,-14.968554496765137,4.486021518707275,0.0,47.35106755994825,23040.0
-10.419646263122559,-14.895598411560059,4.475946426391602,0.0,56.71516247236391,23040.0
-10.445013999938965,-14.946105003356934,4.501092433929443,0.0,56.6665889688568,23040.0
-10.57361125946045,-15.091668128967285,4.518052577972412,0.0,55.125605258467175,23040.0
-10.69175910949707,-15.156237602233887,4.464479446411133,0.0,36.539474069597084,23040.0
-10.566366195678711,-15.058931350708008,4.49256706237793,0.0,45.85425583028859,23040.0
-10.452059745788574,-14.915722846984863,4.463661193847656,0.0,49.16530381743711,23040.0
-10.498696327209473,-14.954339981079102,4.455647945404053,0.0,41.237650849822955,23040.0
-10.611489295959473,-14.957496643066406,4.346009254455566,0.0,44.00740501112969,23040.0
-10.561359405517578,-14.948746681213379,4.387387752532959,0.0,44.47114294356061,23040.0
-10.43972110748291,-14.79194164276123,4.352219104766846,0.0,51.848118867338734,23040.0
-10.334379196166992,-14.782500267028809,4.4481282234191895,0.0,53.72250574264397,23040.0
-10.596343040466309,-14.954243659973145,4.357902526855469,0.0,41.711790592850335,23040.0
-10.483918190002441,-14.946799278259277,4.462880611419678,0.0,59.840558013241065,23040.0
-10.484698295593262,-14.915626525878906,4.430928707122803,0.0,65.03775324972308,23040.0
-10.664654731750488,-15.040582656860352,4.375932216644287,0.0,49.776161343814536,23040.0
-10.701269149780273,-15.03637981414795,4.33510684967041,0.0,49.16039872603445,23040.0
-10.444840431213379,-14.832018852233887,4.387181282043457,0.0,53.721039561860664,23040.0
-10.638631820678711,-14.946712493896484,4.308076858520508,0.0,51.667297527141635,23040.0
-10.663002014160156,-15.013665199279785,4.350657939910889,0.0,39.124290862503855,23040.0
-10.718469619750977,-15.061307907104492,4.342835426330566,0.0,37.40086599642655,23040.0
-10.660669326782227,-15.083791732788086,4.423126697540283,0.0,45.72999883687311,23040.0
-10.684853553771973,-15.089522361755371,4.4046735763549805,0.0,47.72653737175582,23040.0
-10.813156127929688,-15.21747875213623,4.404322147369385,0.0,39.16171549892699,23040.0
-10.668573379516602,-15.112500190734863,4.443927764892578,0.0,39.81936041061679,23040.0
-10.693194389343262,-15.126564979553223,4.433371543884277,0.0,44.11833244459852,23040.0
-10.706253051757812,-15.117826461791992,4.411571979522705,0.0,39.63016624774317,23040.0
-10.57940673828125,-15.04149341583252,4.462085247039795,0.0,46.21752408309288,23040.0
-10.556922912597656,-14.946537017822266,4.389616012573242,0.0,54.99105746551916,23040.0
-10.624909400939941,-15.019669532775879,4.39476203918457,0.0,52.436293319332016,23040.0
-10.61501407623291,-15.099655151367188,4.484638214111328,0.0,43.940087131020626,23040.0
-10.70652961730957,-15.12249755859375,4.415965557098389,0.0,51.35694299797062,23040.0
-10.627570152282715,-15.132803916931152,4.5052409172058105,0.0,56.34245825244444,23040.0
-10.63651180267334,-15.205591201782227,4.5690813064575195,0.0,44.462134403673865,23040.0
-10.728802680969238,-15.180094718933105,4.451288223266602,0.0,48.57929520061928,23040.0
-10.896265983581543,-15.28742790222168,4.391159534454346,0.0,41.89063791019486,23040.0
-10.614761352539062,-15.059731483459473,4.444977283477783,0.0,50.34021005352129,23040.0
-10.530482292175293,-14.978715896606445,4.448237895965576,0.0,50.49159171557121,23040.0
-10.551329612731934,-14.990116119384766,4.438787937164307,0.0,48.174617192862975,23040.0
-10.465635299682617,-14.9803466796875,4.514711856842041,0.0,50.64921501697712,23040.0
-10.528217315673828,-15.057656288146973,4.5294413566589355,0.0,47.45862933655485,23040.0
-10.645917892456055,-15.12384033203125,4.477921485900879,0.0,51.089995938672175,23040.0
-10.403032302856445,-14.989602088928223,4.586572170257568,0.0,64.57776007106565,23040.0
-10.497214317321777,-15.043763160705566,4.54655122756958,0.0,57.189610788457045,23040.0
-10.633248329162598,-15.09465503692627,4.461403846740723,0.0,49.59603919795961,23040.0
-10.618545532226562,-15.034164428710938,4.415622711181641,0.0,50.679397486157264,23040.0
-10.60624885559082,-15.051339149475098,4.44509744644165,0.0,50.17233906206109,23040.0
-10.609883308410645,-15.013602256774902,4.403722286224365,0.0,45.07857475818001,23040.0
-10.535622596740723,-14.957091331481934,4.421469688415527,0.0,50.7735025458435,23040.0
-10.458592414855957,-14.916887283325195,4.458296775817871,0.0,47.6814695029704,23040.0
-10.50927734375,-14.989903450012207,4.4806318283081055,0.0,51.52676683669621,23040.0
-10.616052627563477,-15.117217063903809,4.501160621643066,0.0,51.19147001305977,23040.0
-10.559244155883789,-15.074065208435059,4.5148210525512695,0.0,51.69410665976719,23040.0
-10.641841888427734,-15.148253440856934,4.506411552429199,0.0,51.01275279418841,23040.0
-10.608302116394043,-15.072248458862305,4.463948726654053,0.0,47.095834376885506,23040.0
-10.667296409606934,-15.048410415649414,4.38111686706543,0.0,47.324076902175875,23040.0
-10.649434089660645,-15.020051002502441,4.370615482330322,0.0,44.93551376132449,23040.0
-10.629690170288086,-15.03144359588623,4.401755332946777,0.0,53.39074232336264,23040.0
-10.605953216552734,-15.020652770996094,4.414699554443359,0.0,48.65189942832694,23040.0
-10.591877937316895,-15.023948669433594,4.432075500488281,0.0,52.35947428503831,23040.0
-10.602116584777832,-15.038663864135742,4.436548709869385,0.0,47.616223431138145,23040.0
-10.706589698791504,-15.149275779724121,4.442688465118408,0.0,57.85324597241623,23040.0
-10.505313873291016,-15.020328521728516,4.515016555786133,0.0,57.40496644981218,23040.0
-10.602777481079102,-15.099699020385742,4.496918678283691,0.0,47.363252486583455,23040.0
-10.527453422546387,-15.059235572814941,4.53178071975708,0.0,43.4945855869837,23040.0
-10.546759605407715,-14.97012710571289,4.423370361328125,0.0,53.032526343670455,23040.0
-10.674834251403809,-15.094437599182129,4.419598579406738,0.0,43.26922305818287,23040.0
-10.676860809326172,-15.09784984588623,4.420990943908691,0.0,42.835958977790305,23040.0
-10.571123123168945,-15.020015716552734,4.4488911628723145,0.0,51.11679323959371,23040.0
-10.556100845336914,-15.038883209228516,4.482786178588867,0.0,50.11633750596877,23040.0
-10.730162620544434,-15.140494346618652,4.410332679748535,0.0,40.96855672042563,23040.0
-10.706677436828613,-15.20431900024414,4.497642517089844,0.0,45.162338169007555,23040.0
-10.58761978149414,-15.085577964782715,4.497954845428467,0.0,70.00457326779919,23040.0
-10.38638687133789,-14.904852867126465,4.518466472625732,0.0,71.81748081854475,23040.0
-10.478730201721191,-14.962010383605957,4.483284950256348,0.0,57.19751857422607,23040.0
-10.456665992736816,-14.84941291809082,4.392744064331055,0.0,68.91972313708284,23040.0
-10.299641609191895,-14.654680252075195,4.355037212371826,0.0,77.31168745856313,23040.0
-10.507318496704102,-14.899191856384277,4.391868591308594,0.0,62.801967448918475,23040.0
-10.503057479858398,-14.969046592712402,4.4659881591796875,0.0,52.38447476885429,23040.0
-10.588869094848633,-15.0292387008667,4.440371990203857,0.0,62.01215612153357,23040.0
-10.548847198486328,-15.00528335571289,4.456434726715088,0.0,50.143025250425566,23040.0
-10.529618263244629,-14.973493576049805,4.44387674331665,0.0,53.114477840683264,23040.0
-10.537397384643555,-15.039237022399902,4.50184440612793,0.0,46.2468399701625,23040.0
-10.601571083068848,-15.036325454711914,4.434757709503174,0.0,52.21376560225666,23040.0
-10.558082580566406,-14.951650619506836,4.393571376800537,0.0,63.683018895946226,23040.0
-10.623311042785645,-15.021337509155273,4.39802885055542,0.0,43.71325354717016,23040.0
-10.56169605255127,-14.923934936523438,4.362235069274902,0.0,53.335445176663484,23040.0
-10.411615371704102,-14.787501335144043,4.375883102416992,0.0,58.021489019687934,23040.0
-10.398377418518066,-14.782119750976562,4.383739471435547,0.0,58.363732006664236,23040.0
-10.531049728393555,-14.941316604614258,4.410267353057861,0.0,49.9820516760274,23040.0
-10.62645435333252,-15.061697959899902,4.435238838195801,0.0,57.79449116310017,23040.0
-10.553492546081543,-14.99713134765625,4.443641185760498,0.0,56.03181066559929,23040.0
-10.728007316589355,-15.157299995422363,4.429292678833008,0.0,44.76946077260661,23040.0
-10.56440544128418,-15.009342193603516,4.444938659667969,0.0,58.65945390543752,23040.0
-10.491144180297852,-14.943558692932129,4.452417373657227,0.0,58.00452963716192,23040.0
-10.530376434326172,-14.931946754455566,4.401573657989502,0.0,55.59141949056637,23040.0
-10.455577850341797,-14.826554298400879,4.37097692489624,0.0,64.01398076047728,23040.0
-10.415024757385254,-14.81060791015625,4.3955841064453125,0.0,56.0849726506097,23040.0
-10.43339729309082,-14.827935218811035,4.394534111022949,0.0,62.22238650091912,23040.0
-10.508618354797363,-14.936668395996094,4.428047180175781,0.0,52.26114832629441,23040.0
-10.445698738098145,-14.904855728149414,4.459152698516846,0.0,53.361273542148005,23040.0
-10.544116973876953,-15.000439643859863,4.456325054168701,0.0,57.64383271806568,23040.0
-10.632616996765137,-15.076004981994629,4.443388938903809,0.0,53.12534195007548,23040.0
-10.59697151184082,-15.051257133483887,4.45427942276001,0.0,57.135696560954415,23040.0
-10.64394760131836,-15.025480270385742,4.381533622741699,0.0,63.7954450097405,23040.0
-10.558833122253418,-14.970918655395508,4.412086486816406,0.0,48.71714270489188,23040.0
-10.709656715393066,-15.010290145874023,4.300631999969482,0.0,44.753720238817564,23040.0
-10.585772514343262,-14.925919532775879,4.340146064758301,0.0,51.32323483487648,23040.0
-10.546517372131348,-14.899112701416016,4.35259485244751,0.0,55.15125926094997,23040.0
-10.452664375305176,-14.849467277526855,4.396801471710205,0.0,59.890036582876014,23040.0
-10.660003662109375,-15.016864776611328,4.356855392456055,0.0,56.0037971200917,23040.0
-10.619627952575684,-15.039260864257812,4.419631481170654,0.0,53.96367264987458,23040.0
-10.64494800567627,-15.106573104858398,4.461627960205078,0.0,52.3655525251068,23040.0
-10.57044792175293,-15.092187881469727,4.521739482879639,0.0,46.542499039112045,23040.0
-10.646345138549805,-15.095739364624023,4.449394702911377,0.0,52.54343792134321,23040.0
-10.62248706817627,-15.071453094482422,4.448966026306152,0.0,51.15498992466249,23040.0
-10.637158393859863,-15.048872947692871,4.411715507507324,0.0,45.57353947400975,23040.0
-10.506555557250977,-14.928196907043457,4.421642303466797,0.0,48.6129342035745,23040.0
-10.325300216674805,-14.787744522094727,4.462442874908447,0.0,55.51090913913299,23040.0
-10.34355640411377,-14.813310623168945,4.469753265380859,0.0,59.964014637709546,23040.0
-10.473633766174316,-14.95675277709961,4.483128070831299,0.0,55.014583656014835,23040.0
-10.547616958618164,-15.058359146118164,4.510740280151367,0.0,54.209663645507426,23040.0
-10.702080726623535,-15.154714584350586,4.452636241912842,0.0,59.78051862595148,23040.0
-10.631643295288086,-15.119921684265137,4.48827600479126,0.0,48.81882372736495,23040.0
-10.577483177185059,-15.10181999206543,4.5243377685546875,0.0,53.905615269217556,23040.0
-10.549860000610352,-15.02876091003418,4.47890567779541,0.0,54.78464840507527,23040.0
-10.531681060791016,-14.980668067932129,4.44898796081543,0.0,50.60686016518529,23040.0
-10.675426483154297,-15.044477462768555,4.369053363800049,0.0,46.968843453483146,23040.0
-10.528767585754395,-14.912983894348145,4.384217262268066,0.0,52.74711205873498,23040.0
-10.595524787902832,-14.967567443847656,4.372041702270508,0.0,52.14647057404363,23040.0
-10.516501426696777,-14.913372039794922,4.396872520446777,0.0,52.70600354222508,23040.0
-10.542267799377441,-14.989632606506348,4.447360038757324,0.0,46.466328085845866,23040.0
-10.675463676452637,-15.122456550598145,4.446990013122559,0.0,50.65903578294069,23040.0
-10.645339965820312,-15.143526077270508,4.4981865882873535,0.0,49.36694877741021,23040.0
-10.661861419677734,-15.126230239868164,4.464366912841797,0.0,45.477271566879196,23040.0
-10.669395446777344,-15.134117126464844,4.464723110198975,0.0,54.04307540970711,23040.0
-10.507502555847168,-14.984976768493652,4.477475166320801,0.0,53.40058982309271,23040.0
-10.619139671325684,-15.060709953308105,4.441570281982422,0.0,52.27321695575897,23040.0
-10.746630668640137,-15.092549324035645,4.345917224884033,0.0,52.23849132253289,23040.0
-10.721955299377441,-15.117133140563965,4.395177364349365,0.0,45.126766141852514,23040.0
-10.668049812316895,-15.038506507873535,4.370457172393799,0.0,57.40240025072206,23040.0
-10.599404335021973,-15.065442085266113,4.466037273406982,0.0,46.237323452828456,23040.0
-10.65670394897461,-15.118935585021973,4.462230205535889,0.0,50.49405045450523,23040.0
-10.57469654083252,-15.08062744140625,4.505931377410889,0.0,62.119639970945684,23040.0
-10.792763710021973,-15.291214942932129,4.498450756072998,0.0,47.43573801631435,23040.0
-10.770710945129395,-15.26156997680664,4.490855693817139,0.0,49.636516585737795,23040.0
-10.722960472106934,-15.198308944702148,4.475346088409424,0.0,54.737727370793,23040.0
-10.804624557495117,-15.268454551696777,4.463830471038818,0.0,44.24067765468422,23040.0
-10.81396484375,-15.265008926391602,4.451042652130127,0.0,42.934295364158544,23040.0
-10.643867492675781,-15.084502220153809,4.440635681152344,0.0,66.28002392066806,23040.0
-10.62191390991211,-15.078436851501465,4.456522464752197,0.0,65.72749603348241,23040.0
-10.685670852661133,-15.166783332824707,4.481110095977783,0.0,56.58873763168135,23040.0
-10.539083480834961,-14.99059009552002,4.451508045196533,0.0,71.72774789331238,23040.0
-10.683603286743164,-15.225101470947266,4.541501045227051,0.0,54.68661797408451,23040.0
-10.681944847106934,-15.22631549835205,4.54437780380249,0.0,58.322007206734014,23040.0
-10.691911697387695,-15.189058303833008,4.497147560119629,0.0,66.59919121545398,23040.0
-10.754593849182129,-15.264734268188477,4.510137557983398,0.0,54.918225480265335,23040.0
-10.807957649230957,-15.330612182617188,4.52265739440918,0.0,45.54334786350964,23040.0
-10.637397766113281,-15.133851051330566,4.496452331542969,0.0,60.54948431578695,23040.0
-10.851899147033691,-15.28045654296875,4.4285569190979,0.0,42.857172945052596,23040.0
-10.616216659545898,-15.061100006103516,4.444881439208984,0.0,62.929996436855454,23040.0
-10.805850982666016,-15.270530700683594,4.464683532714844,0.0,43.205421686266824,23040.0
-10.726160049438477,-15.204370498657227,4.478209972381592,0.0,61.9592471555715,23040.0
-10.656865119934082,-15.174803733825684,4.517941474914551,0.0,69.37805642633694,23040.0
-10.916194915771484,-15.399744987487793,4.483549118041992,0.0,44.84118537982898,23040.0
-10.801244735717773,-15.297542572021484,4.496299743652344,0.0,60.002561677232805,23040.0
-10.849900245666504,-15.363235473632812,4.51332950592041,0.0,53.88249610630216,23040.0
-10.848941802978516,-15.356587409973145,4.507646560668945,0.0,52.04722324964798,23040.0
-10.74743938446045,-15.226774215698242,4.479340553283691,0.0,67.86042017206299,23040.0
-10.821767807006836,-15.317255020141602,4.495483875274658,0.0,41.803426689348996,23040.0
-10.798358917236328,-15.253637313842773,4.455278396606445,0.0,61.25093663994128,23040.0
-10.719823837280273,-15.283647537231445,4.563824653625488,0.0,50.03909086617524,23040.0
-10.792038917541504,-15.32188606262207,4.529844284057617,0.0,53.47108367925112,23040.0
-10.899046897888184,-15.388182640075684,4.489135265350342,0.0,57.72348030757087,23040.0
-10.948792457580566,-15.452567100524902,4.503775596618652,0.0,42.91402794705023,23040.0
-10.926522254943848,-15.449446678161621,4.522920608520508,0.0,53.44158895394575,23040.0
-10.875895500183105,-15.42056655883789,4.544668674468994,0.0,59.677982028350876,23040.0
-10.79532241821289,-15.35863971710205,4.563316822052002,0.0,53.054832010033174,23040.0
-10.96275806427002,-15.464139938354492,4.501380920410156,0.0,43.26011852082959,23040.0
-10.790899276733398,-15.333930015563965,4.543025016784668,0.0,52.68294067925953,23040.0
-11.040059089660645,-15.516552925109863,4.47649621963501,0.0,43.704141620043906,23040.0
-10.985958099365234,-15.501562118530273,4.515603065490723,0.0,42.6198629626066,23040.0
-10.837892532348633,-15.39432144165039,4.556423664093018,0.0,53.54138758275377,23040.0
-10.967906951904297,-15.481776237487793,4.513873100280762,0.0,40.999879897512635,23040.0
-10.877284049987793,-15.429996490478516,4.552713394165039,0.0,50.24988621776569,23040.0
-11.018171310424805,-15.582320213317871,4.564149856567383,0.0,45.461562546039275,23040.0
-10.945731163024902,-15.538923263549805,4.5931901931762695,0.0,47.551935194800876,23040.0
-10.880538940429688,-15.502752304077148,4.622210502624512,0.0,43.185667293623275,23040.0
-10.846658706665039,-15.457276344299316,4.610616207122803,0.0,52.97889977630813,23040.0
-10.914188385009766,-15.452286720275879,4.538105010986328,0.0,43.42044711087501,23040.0
-11.050594329833984,-15.561662673950195,4.511063575744629,0.0,40.3863084489611,23040.0
-11.03854751586914,-15.598092079162598,4.559548377990723,0.0,32.49285289603272,23040.0
-11.171669960021973,-15.664435386657715,4.492763042449951,0.0,33.762507097684626,23040.0
-10.996235847473145,-15.573433876037598,4.577191352844238,0.0,37.45563888647616,23040.0
-10.948856353759766,-15.543664932250977,4.594808578491211,0.0,36.705783401749606,23040.0
-10.997496604919434,-15.635437965393066,4.637946605682373,0.0,35.68312899393324,23040.0
-11.104819297790527,-15.707998275756836,4.60317850112915,0.0,33.97273356442979,23040.0
-11.077670097351074,-15.675947189331055,4.598275184631348,0.0,33.719291697671956,23040.0
-11.083284378051758,-15.716890335083008,4.633606433868408,0.0,32.79362654906706,23040.0
-11.064118385314941,-15.631531715393066,4.567417621612549,0.0,31.080461392392174,23040.0
-11.086689949035645,-15.71827507019043,4.631584167480469,0.0,30.298996266848963,23040.0
-11.11819839477539,-15.758170127868652,4.63997220993042,0.0,29.529412891235364,23040.0
-11.240755081176758,-15.837068557739258,4.596316814422607,0.0,31.143163817898337,23040.0
-11.174066543579102,-15.779397010803223,4.60532808303833,0.0,29.378626788032154,23040.0
-11.133213996887207,-15.790481567382812,4.657268047332764,0.0,31.659761535554573,23040.0
-11.063963890075684,-15.74484634399414,4.680883407592773,0.0,33.89249339310584,23040.0
-11.175999641418457,-15.806233406066895,4.630233287811279,0.0,36.34907765272641,23040.0
-11.134421348571777,-15.82105541229248,4.686636924743652,0.0,31.83513646953964,23040.0
-11.257357597351074,-15.829889297485352,4.572527885437012,0.0,35.19907685038647,23040.0
-11.075634002685547,-15.733943939208984,4.658309459686279,0.0,28.439773083131165,23040.0
-11.119047164916992,-15.775426864624023,4.656375885009766,0.0,33.71292022186096,23040.0
-11.152048110961914,-15.769813537597656,4.617767810821533,0.0,36.15748284288966,23040.0
-11.153661727905273,-15.78785228729248,4.634191036224365,0.0,63.05074281098806,23040.0
-11.056321144104004,-15.769499778747559,4.713180065155029,0.0,39.26693903070206,23040.0
-11.111162185668945,-15.795769691467285,4.684609413146973,0.0,48.56122924277102,23040.0
-11.198959350585938,-15.895837783813477,4.696876525878906,0.0,30.862237114403687,23040.0
-11.217920303344727,-15.895389556884766,4.6774678230285645,0.0,33.71177879325643,23040.0
-11.262568473815918,-15.896191596984863,4.633626461029053,0.0,24.079868799646068,23040.0
-11.235730171203613,-15.887381553649902,4.6516523361206055,0.0,45.07793873428839,23040.0
-11.188600540161133,-15.826017379760742,4.637419700622559,0.0,43.90768176711033,23040.0
-11.194154739379883,-15.818231582641602,4.62407922744751,0.0,53.46031201012666,23040.0
-11.295499801635742,-15.950796127319336,4.655296325683594,0.0,26.288888298161503,23040.0
-11.187235832214355,-15.893284797668457,4.706048488616943,0.0,39.02561670344997,23040.0
-11.191977500915527,-15.894585609436035,4.702603340148926,0.0,47.707015593740046,23040.0
-11.07788372039795,-15.779884338378906,4.701996803283691,0.0,61.90625755341813,23040.0
-11.287063598632812,-15.972274780273438,4.685210227966309,0.0,36.31634677037819,23040.0
-11.26909065246582,-15.952466011047363,4.68337869644165,0.0,38.66093224341804,23040.0
-11.27513313293457,-15.92503833770752,4.649902820587158,0.0,42.01258765058838,23040.0
-11.120863914489746,-15.820382118225098,4.699518203735352,0.0,60.16591748038449,23040.0
-11.166641235351562,-15.84968376159668,4.683043956756592,0.0,49.89256985162189,23040.0
-11.393891334533691,-16.05977439880371,4.6658806800842285,0.0,28.363947900720255,23040.0
-11.14653205871582,-15.92273235321045,4.776198863983154,0.0,49.309203136845305,23040.0
-11.155295372009277,-15.8544282913208,4.699132442474365,0.0,59.945596477072925,23040.0
-11.17954158782959,-15.885358810424805,4.705818176269531,0.0,55.447076146369824,23040.0
-11.357905387878418,-16.070659637451172,4.712752819061279,0.0,28.654343018618345,23040.0
-11.08473014831543,-15.82679557800293,4.742070198059082,0.0,58.049079653168,23040.0
-10.917947769165039,-15.636284828186035,4.718338489532471,0.0,77.24008191799817,23040.0
-11.151755332946777,-15.872305870056152,4.720548152923584,0.0,57.436767260847375,23040.0
-11.325704574584961,-16.034839630126953,4.709138870239258,0.0,32.53671353167549,23040.0
-11.006173133850098,-15.791552543640137,4.7853803634643555,0.0,77.01245109320472,23040.0
-10.911992073059082,-15.655213356018066,4.743216514587402,0.0,82.2024573354133,23040.0
-11.175047874450684,-15.909038543701172,4.733994007110596,0.0,56.61633917879276,23040.0
-11.214629173278809,-15.992264747619629,4.777636528015137,0.0,46.93698195385799,23040.0
-10.910737037658691,-15.627304077148438,4.716561317443848,0.0,84.169660980317,23040.0
-10.924800872802734,-15.645959854125977,4.721161842346191,0.0,87.78478745896419,23040.0
-11.074636459350586,-15.8024263381958,4.727787494659424,0.0,56.618889823369315,23040.0
-11.20383358001709,-15.883219718933105,4.679384708404541,0.0,75.73238421218116,23040.0
-11.148844718933105,-15.82530403137207,4.676462173461914,0.0,77.6932419107199,23040.0
-11.235525131225586,-15.961159706115723,4.725638389587402,0.0,55.17182433894639,23040.0
-11.267987251281738,-15.914011001586914,4.646024703979492,0.0,71.6757216715718,23040.0
-10.979647636413574,-15.783138275146484,4.803496360778809,0.0,66.44143706222471,23040.0
-11.111445426940918,-15.768081665039062,4.6566386222839355,0.0,75.0307484718088,23040.0
-11.167844772338867,-15.948451042175293,4.780603408813477,0.0,54.84084115853447,23040.0
-11.08994197845459,-15.786861419677734,4.696916580200195,0.0,87.34812433374843,23040.0
-11.016341209411621,-15.688650131225586,4.672307968139648,0.0,77.87294752852708,23040.0
-11.21272087097168,-15.905889511108398,4.693172931671143,0.0,79.01158118341638,23040.0
-11.282659530639648,-16.0228214263916,4.74015998840332,0.0,45.827861587673816,23040.0
-10.988357543945312,-15.784738540649414,4.796380043029785,0.0,83.4856839599776,23040.0
-11.330269813537598,-16.02131462097168,4.691040515899658,0.0,52.80182337782539,23040.0
-11.268142700195312,-15.986052513122559,4.717905521392822,0.0,57.81068874228605,23040.0
-10.9677152633667,-15.726022720336914,4.758307456970215,0.0,86.04132665450197,23040.0
-11.215875625610352,-15.986786842346191,4.770913124084473,0.0,65.04945798717632,23040.0
-11.195603370666504,-15.968862533569336,4.773255348205566,0.0,45.7508016337867,23040.0
-11.139323234558105,-15.882816314697266,4.743493556976318,0.0,65.273693931486,23040.0
-11.30538558959961,-16.056264877319336,4.750880718231201,0.0,47.80131819507011,23040.0
-11.369328498840332,-16.102954864501953,4.73362922668457,0.0,32.27678757771135,23040.0
-11.326562881469727,-16.05691909790039,4.7303595542907715,0.0,48.7542234553635,23040.0
-11.333585739135742,-16.102806091308594,4.769219875335693,0.0,29.233783023718992,23040.0
-11.302335739135742,-16.097332000732422,4.794998645782471,0.0,45.125321033808596,23040.0
-11.26984977722168,-16.077369689941406,4.807521343231201,0.0,35.50738545159589,23040.0
-11.212857246398926,-16.030643463134766,4.817784786224365,0.0,48.544588202398025,23040.0
-11.347979545593262,-16.126026153564453,4.778048038482666,0.0,33.09125118961639,23040.0
-11.417830467224121,-16.161895751953125,4.744067668914795,0.0,39.71076271407148,23040.0
-11.313505172729492,-16.10780143737793,4.794291019439697,0.0,43.01751382209919,23040.0
-11.217321395874023,-16.076494216918945,4.859169006347656,0.0,29.498096345009166,23040.0
-11.277491569519043,-16.133394241333008,4.855901718139648,0.0,35.577752883465195,23040.0
-11.34327507019043,-16.172014236450195,4.828739643096924,0.0,40.40829992818832,23040.0
-11.21606159210205,-16.030672073364258,4.814611911773682,0.0,64.94177721703181,23040.0
-11.159770965576172,-15.954240798950195,4.794464588165283,0.0,74.24778402041609,23040.0
-11.272025108337402,-16.10115623474121,4.829131603240967,0.0,58.734006660845175,23040.0
-11.275167465209961,-16.14008331298828,4.864920616149902,0.0,35.56498998406986,23040.0
-11.222737312316895,-16.046260833740234,4.823521137237549,0.0,65.93150653494106,23040.0
-11.218230247497559,-16.03722381591797,4.81899356842041,0.0,71.97614686152924,23040.0
-11.378975868225098,-16.19930648803711,4.820338726043701,0.0,26.363659620093806,23040.0
-11.286272048950195,-16.115949630737305,4.82967472076416,0.0,45.86166614612107,23040.0
-11.451699256896973,-16.198266983032227,4.746560573577881,0.0,38.92542266662448,23040.0
-11.131250381469727,-16.024993896484375,4.893740177154541,0.0,62.252388801740224,23040.0
-11.224600791931152,-16.05853271484375,4.833931922912598,0.0,67.05743615874272,23040.0
-11.296954154968262,-16.091148376464844,4.794193744659424,0.0,59.00737049518192,23040.0
-11.355233192443848,-16.16571044921875,4.810484409332275,0.0,54.67650235795889,23040.0
-11.275344848632812,-16.07370948791504,4.798369884490967,0.0,68.67625632249604,23040.0
-10.990952491760254,-15.851363182067871,4.860408306121826,0.0,92.54208495253455,23040.0
-11.24180793762207,-16.00033187866211,4.758520603179932,0.0,80.9504511712356,23040.0
-11.271814346313477,-16.096960067749023,4.82514762878418,0.0,55.025150943043634,23040.0
-11.497461318969727,-16.212587356567383,4.715131759643555,0.0,55.890133236430394,23040.0
-11.29255485534668,-16.095592498779297,4.803040504455566,0.0,58.97344950462126,23040.0
-11.274922370910645,-16.084014892578125,4.8090949058532715,0.0,59.681212811637636,23040.0
-11.350948333740234,-16.180463790893555,4.829518795013428,0.0,36.43494901343544,23040.0
-11.15207290649414,-15.993820190429688,4.841748237609863,0.0,81.6429265601755,23040.0
-11.304656028747559,-16.118087768554688,4.813431262969971,0.0,78.99130092977168,23040.0
-11.270926475524902,-16.139936447143555,4.869008541107178,0.0,65.15580240527396,23040.0
-11.312668800354004,-16.17235565185547,4.859686851501465,0.0,47.57311096222404,23040.0
-11.244794845581055,-16.06441879272461,4.819623947143555,0.0,90.30758342166328,23040.0
-11.34431266784668,-16.223814010620117,4.879497051239014,0.0,41.79343821700473,23040.0
-11.291316986083984,-16.1361141204834,4.844797134399414,0.0,60.039909831858765,23040.0
-11.263916015625,-16.07757568359375,4.813656806945801,0.0,77.99684938176007,23040.0
-11.478839874267578,-16.299392700195312,4.820552825927734,0.0,30.09930804286903,23040.0
-11.29820728302002,-16.140378952026367,4.842170715332031,0.0,62.83965572628502,23040.0
-11.429479598999023,-16.245052337646484,4.815567970275879,0.0,59.55476262973764,23040.0
-11.472273826599121,-16.276538848876953,4.804271697998047,0.0,38.928659235800374,23040.0
-11.303995132446289,-16.150976181030273,4.8469767570495605,0.0,61.0752667800863,23040.0
-11.455531120300293,-16.263648986816406,4.808113098144531,0.0,60.083486601420695,23040.0
-11.347139358520508,-16.23151969909668,4.884378910064697,0.0,43.44636037573859,23040.0
-11.39667797088623,-16.253786087036133,4.857100486755371,0.0,53.348998236346524,23040.0
-11.402896881103516,-16.311840057373047,4.908945560455322,0.0,53.33583877422558,23040.0
-11.36435317993164,-16.288970947265625,4.92462158203125,0.0,29.027654846790877,23040.0
-11.431842803955078,-16.296401977539062,4.86455774307251,0.0,50.30248820680333,23040.0
-11.42961597442627,-16.313640594482422,4.884024620056152,0.0,46.217252433382455,23040.0
-11.452610969543457,-16.33230972290039,4.879700183868408,0.0,36.00426491855032,23040.0
-11.403573989868164,-16.305875778198242,4.902299880981445,0.0,60.532149611292915,23040.0
-11.41317367553711,-16.309894561767578,4.896722793579102,0.0,35.3565409996198,23040.0
-11.443381309509277,-16.306806564331055,4.8634257316589355,0.0,47.45198270438341,23040.0
-11.36426830291748,-16.252174377441406,4.8879075050354,0.0,73.71550367848018,23040.0
-11.388640403747559,-16.237895965576172,4.84924840927124,0.0,66.26007760507692,23040.0
-11.304758071899414,-16.168315887451172,4.863557815551758,0.0,76.44414604207097,23040.0
-11.452314376831055,-16.322938919067383,4.870625019073486,0.0,49.73707710433364,23040.0
-11.524255752563477,-16.391572952270508,4.867318630218506,0.0,35.575661361568606,23040.0
-11.344461441040039,-16.251808166503906,4.907355308532715,0.0,47.80212142316592,23040.0
-11.462803840637207,-16.302457809448242,4.839648246765137,0.0,48.77695515094286,23040.0
-11.27552318572998,-16.173954010009766,4.8984375,0.0,72.78338193927158,23040.0
-11.39393424987793,-16.250699996948242,4.856759071350098,0.0,70.40179673201492,23040.0
-11.486912727355957,-16.326107025146484,4.839194297790527,0.0,50.476936508846926,23040.0
-11.370012283325195,-16.28156280517578,4.9115495681762695,0.0,45.28435227228246,23040.0
-11.453996658325195,-16.32181739807129,4.867818355560303,0.0,47.47618740636096,23040.0
-11.20783805847168,-16.121145248413086,4.913302898406982,0.0,80.33625251387359,23040.0
-11.027538299560547,-15.905359268188477,4.87782621383667,0.0,91.50979005959574,23040.0
-11.371673583984375,-16.22641944885254,4.854748249053955,0.0,62.73415320754286,23040.0
-11.46257495880127,-16.377052307128906,4.914478778839111,0.0,33.23863335426678,23040.0
-11.129613876342773,-15.994184494018555,4.864569187164307,0.0,89.39622981396293,23040.0
-11.038827896118164,-15.905656814575195,4.86682653427124,0.0,101.88209714499237,23040.0
-11.537299156188965,-16.36916160583496,4.831859111785889,0.0,44.58726786249774,23040.0
-11.276416778564453,-16.17622947692871,4.899811267852783,0.0,76.30402300084404,23040.0
-11.474409103393555,-16.33127212524414,4.856862545013428,0.0,59.27764323479907,23040.0
-11.496293067932129,-16.362781524658203,4.866485118865967,0.0,44.25203223431849,23040.0
-11.34213638305664,-16.228193283081055,4.886056423187256,0.0,66.56944897176751,23040.0
-11.402932167053223,-16.30152130126953,4.898588180541992,0.0,40.8603010183507,23040.0
-11.22948932647705,-16.194137573242188,4.964653015136719,0.0,69.83776965655579,23040.0
-11.332605361938477,-16.257089614868164,4.924489974975586,0.0,55.27069571674856,23040.0
-11.452549934387207,-16.322954177856445,4.8704047203063965,0.0,58.98977230003522,23040.0
-11.385807037353516,-16.23828125,4.852473735809326,0.0,73.97724980195994,23040.0
-11.149345397949219,-16.079822540283203,4.930472373962402,0.0,88.1959244531964,23040.0
-11.258956909179688,-16.217100143432617,4.958144664764404,0.0,76.039514690617,23040.0
-11.42448902130127,-16.287317276000977,4.862823963165283,0.0,70.32708181742535,23040.0
-11.373093605041504,-16.307435989379883,4.9343438148498535,0.0,64.69951836016223,23040.0
-11.581452369689941,-16.474531173706055,4.893074989318848,0.0,17.729920508056054,23040.0
-11.50691032409668,-16.391841888427734,4.884931564331055,0.0,59.461269692521356,23040.0
-11.284186363220215,-16.237489700317383,4.953300476074219,0.0,58.30865503674121,23040.0
-11.31913948059082,-16.222686767578125,4.903544902801514,0.0,61.798093087323224,23040.0
-11.447056770324707,-16.280942916870117,4.833885192871094,0.0,65.62437709579686,23040.0
-11.475624084472656,-16.407026290893555,4.931400299072266,0.0,38.569644193888315,23040.0
-11.393528938293457,-16.339080810546875,4.945553779602051,0.0,53.19717696309056,23040.0
-11.269158363342285,-16.243684768676758,4.974524021148682,0.0,56.40325910250309,23040.0
-11.466516494750977,-16.32386016845703,4.8573455810546875,0.0,56.693928823047344,23040.0
-11.401531219482422,-16.33854103088379,4.937009811401367,0.0,44.45346503211112,23040.0
-11.43152141571045,-16.32575798034668,4.894237041473389,0.0,74.65637651754872,23040.0
-11.284066200256348,-16.141193389892578,4.857125282287598,0.0,80.30352795114743,23040.0
-11.536117553710938,-16.397741317749023,4.861623764038086,0.0,45.664400764057035,23040.0
-11.5857572555542,-16.456663131713867,4.870907306671143,0.0,41.09082917262198,23040.0
-11.4818696975708,-16.34588050842285,4.864010334014893,0.0,47.6846137949253,23040.0
-11.452640533447266,-16.38735008239746,4.934709072113037,0.0,41.00713992786637,23040.0
-11.5245943069458,-16.416942596435547,4.892348289489746,0.0,35.49244310620468,23040.0
-11.390189170837402,-16.33417510986328,4.943983554840088,0.0,54.49719763582893,23040.0
-11.370328903198242,-16.293962478637695,4.9236273765563965,0.0,79.98656108107195,23040.0
-11.179200172424316,-16.07058334350586,4.89138650894165,0.0,101.57196192694437,23040.0
-10.964554786682129,-15.942588806152344,4.978033542633057,0.0,95.42221271258641,23040.0
-11.4476900100708,-16.365161895751953,4.917471885681152,0.0,48.77863750612497,23040.0
-11.49984359741211,-16.391870498657227,4.892024993896484,0.0,43.08134039159486,23040.0
-11.206014633178711,-16.10270881652832,4.896695137023926,0.0,82.8269178777424,23040.0
-11.278945922851562,-16.192298889160156,4.913352966308594,0.0,75.19989788554179,23040.0
-11.60568618774414,-16.497241973876953,4.8915581703186035,0.0,26.581222712851503,23040.0
-11.354490280151367,-16.25868797302246,4.904206275939941,0.0,62.93771424869139,23040.0
-11.50790023803711,-16.36679458618164,4.858895301818848,0.0,53.98709830571913,23040.0
-11.528802871704102,-16.443042755126953,4.914238929748535,0.0,29.815132077199504,23040.0
-11.458393096923828,-16.357362747192383,4.898964881896973,0.0,57.96793267687438,23040.0
-11.508406639099121,-16.415727615356445,4.907320976257324,0.0,56.16967181752839,23040.0
-11.442099571228027,-16.41684341430664,4.974742412567139,0.0,41.357994014349536,23040.0
-11.425456047058105,-16.365903854370117,4.9404520988464355,0.0,59.69386307453374,23040.0
-11.519234657287598,-16.412120819091797,4.892887115478516,0.0,52.46360560554341,23040.0
-11.564675331115723,-16.488025665283203,4.923357009887695,0.0,41.042002883673774,23040.0
-11.570460319519043,-16.54370880126953,4.973241806030273,0.0,44.23237252164805,23040.0
-11.471885681152344,-16.45035743713379,4.978475093841553,0.0,50.750915547809626,23040.0
-11.703856468200684,-16.55380630493164,4.849945545196533,0.0,32.36378794668325,23040.0
-11.40318775177002,-16.417116165161133,5.013925075531006,0.0,61.41291169462014,23040.0
-11.493401527404785,-16.427536010742188,4.93413782119751,0.0,71.90102541303544,23040.0
-11.40233325958252,-16.375810623168945,4.973478317260742,0.0,66.80985924313146,23040.0
-11.23257827758789,-16.146913528442383,4.914335250854492,0.0,94.51958684605681,23040.0
-10.930533409118652,-15.955689430236816,5.0251569747924805,0.0,118.06528817829644,23040.0
-11.160551071166992,-16.08191680908203,4.9213643074035645,0.0,94.04976849205376,23040.0
-11.677342414855957,-16.578054428100586,4.90071439743042,0.0,37.23525557643097,23040.0
-11.364938735961914,-16.33940315246582,4.974465370178223,0.0,68.81123913983961,23040.0
-11.1918306350708,-16.108858108520508,4.917026519775391,0.0,90.74814517943442,23040.0
-11.257451057434082,-16.266075134277344,5.0086164474487305,0.0,76.92490930613171,23040.0
-11.606571197509766,-16.495866775512695,4.8892927169799805,0.0,49.135366006051235,23040.0
-11.52448844909668,-16.479249954223633,4.954766273498535,0.0,35.12996624632997,23040.0
-11.660836219787598,-16.557579040527344,4.8967437744140625,0.0,33.699914596009314,23040.0
-11.649382591247559,-16.535385131835938,4.88599967956543,0.0,39.527961759792746,23040.0
-11.645971298217773,-16.555253982543945,4.909282684326172,0.0,38.13546560665078,23040.0
-11.605323791503906,-16.486249923706055,4.880926609039307,0.0,44.738984209244755,23040.0
-11.616053581237793,-16.528629302978516,4.912574291229248,0.0,45.828457146736966,23040.0
-11.595657348632812,-16.53514289855957,4.939483642578125,0.0,35.464615656649435,23040.0
-11.43274974822998,-16.397748947143555,4.96499490737915,0.0,49.508054880691134,23040.0
-11.520295143127441,-16.453571319580078,4.933280944824219,0.0,66.15185589966778,23040.0
-11.579790115356445,-16.490222930908203,4.910426139831543,0.0,47.94589720349115,23040.0
-11.552648544311523,-16.51110076904297,4.9584503173828125,0.0,33.345371677639186,23040.0
-11.458370208740234,-16.40477752685547,4.946406841278076,0.0,63.841129273316355,23040.0
-11.495198249816895,-16.486589431762695,4.991389751434326,0.0,60.61967034044205,23040.0
-11.6195650100708,-16.644834518432617,5.025268077850342,0.0,21.859840672125515,23040.0
-11.47320556640625,-16.48422622680664,5.011022090911865,0.0,54.12688393472207,23040.0
-11.165138244628906,-16.19938087463379,5.034243106842041,0.0,87.63292229204704,23040.0
-11.15377140045166,-16.127655029296875,4.97388219833374,0.0,109.78657958014622,23040.0
-10.50622272491455,-15.454323768615723,4.948104381561279,0.0,141.05718624389107,23040.0
-11.123848915100098,-16.089370727539062,4.965522289276123,0.0,105.38357812169819,23040.0
-11.16034984588623,-16.155242919921875,4.994893550872803,0.0,75.26821661446186,23040.0
-10.230917930603027,-15.145241737365723,4.914323806762695,0.0,171.09356782948387,23040.0
-10.68791389465332,-15.667876243591309,4.979964256286621,0.0,125.87990873587898,23040.0
-11.229141235351562,-16.128406524658203,4.899263858795166,0.0,99.37289250722947,23040.0
-9.824929237365723,-14.688605308532715,4.863675117492676,0.0,175.32060193055952,23040.0
-11.21705436706543,-16.10955047607422,4.89249849319458,0.0,74.9924184436847,23040.0
-9.560007095336914,-14.523003578186035,4.963000297546387,0.0,209.37465810088466,23040.0
-9.835375785827637,-14.7047119140625,4.8693318367004395,0.0,155.3078491844672,23040.0
-10.815582275390625,-15.585143089294434,4.769561767578125,0.0,105.3919935240373,23040.0
-9.71757698059082,-14.561539649963379,4.843960762023926,0.0,194.05802163742936,23040.0
-10.962821006774902,-15.685210227966309,4.722391605377197,0.0,91.55375445525674,23040.0
-10.660317420959473,-15.353466987609863,4.693148612976074,0.0,105.6593454445643,23040.0
-10.865496635437012,-15.570293426513672,4.704797267913818,0.0,106.63311649232531,23040.0
-11.047502517700195,-15.704326629638672,4.656826019287109,0.0,80.43497175928212,23040.0
-10.843839645385742,-15.51561450958252,4.671772003173828,0.0,100.79055144323277,23040.0
-11.215950965881348,-15.81884765625,4.602896213531494,0.0,68.80002648572778,23040.0
-10.947294235229492,-15.574677467346191,4.627386569976807,0.0,108.98151251239258,23040.0
-11.127119064331055,-15.809890747070312,4.682777404785156,0.0,76.92869834845229,23040.0
-11.018009185791016,-15.714957237243652,4.696945667266846,0.0,92.35972395562646,23040.0
-11.111592292785645,-15.86036205291748,4.748772621154785,0.0,81.08302567353516,23040.0
-10.913568496704102,-15.683320999145508,4.769752502441406,0.0,95.26324234384055,23040.0
-11.137776374816895,-15.876653671264648,4.738873481750488,0.0,88.72338352948105,23040.0
-10.945361137390137,-15.726116180419922,4.780759334564209,0.0,85.18480824528726,23040.0
-11.168704986572266,-15.970773696899414,4.802064418792725,0.0,92.2676742564673,23040.0
-11.08000373840332,-15.878260612487793,4.798262596130371,0.0,97.44875217780523,23040.0
-10.953715324401855,-15.761066436767578,4.80735445022583,0.0,110.13666594932887,23040.0
-11.071444511413574,-15.886895179748535,4.815450668334961,0.0,86.69999160882459,23040.0
-10.978504180908203,-15.811904907226562,4.833401203155518,0.0,112.87792071008548,23040.0
-11.189096450805664,-16.075841903686523,4.886743068695068,0.0,74.51926216619873,23040.0
-10.977458000183105,-15.804484367370605,4.827029705047607,0.0,115.07278027180632,23040.0
-11.238272666931152,-16.133474349975586,4.895206451416016,0.0,73.13655081745777,23040.0
-10.97513198852539,-15.834254264831543,4.859119415283203,0.0,109.59322101862553,23040.0
-11.24254035949707,-16.11191749572754,4.869380950927734,0.0,75.96330823490472,23040.0
-10.98161792755127,-15.835051536560059,4.853435039520264,0.0,104.76421726787619,23040.0
-11.266948699951172,-16.14569854736328,4.878750801086426,0.0,81.04926037676732,23040.0
-11.119311332702637,-15.971267700195312,4.851949214935303,0.0,109.78837704832392,23040.0
-11.351203918457031,-16.240022659301758,4.888822078704834,0.0,71.98580850840591,23040.0
-11.130454063415527,-15.952536582946777,4.82208251953125,0.0,98.14042914439638,23040.0
-11.358078956604004,-16.179433822631836,4.821354389190674,0.0,73.05082698216196,23040.0
-11.144766807556152,-16.059978485107422,4.915212154388428,0.0,95.51311449846949,23040.0
-11.304508209228516,-16.220996856689453,4.916485786437988,0.0,66.68710245808087,23040.0
-11.270830154418945,-16.139076232910156,4.8682451248168945,0.0,85.09145988130706,23040.0
-11.312047958374023,-16.23236656188965,4.920319080352783,0.0,59.2713926618162,23040.0
-11.31212043762207,-16.188194274902344,4.876074314117432,0.0,77.15985120258335,23040.0
-11.549226760864258,-16.39260482788086,4.843379497528076,0.0,54.59326907783613,23040.0
-11.398052215576172,-16.334453582763672,4.936398983001709,0.0,63.24350849209352,23040.0
-11.444011688232422,-16.37926483154297,4.9352569580078125,0.0,55.31910898522785,23040.0
-11.44327163696289,-16.355836868286133,4.912564754486084,0.0,51.426156626870714,23040.0
-11.421814918518066,-16.368255615234375,4.9464430809021,0.0,66.09783041395879,23040.0
-11.53077220916748,-16.45941734313965,4.9286417961120605,0.0,53.470556719410034,23040.0
-11.53508472442627,-16.466062545776367,4.9309773445129395,0.0,57.075458706544595,23040.0
-11.538397789001465,-16.524188995361328,4.985795497894287,0.0,46.66460836448572,23040.0
-11.505326271057129,-16.494840621948242,4.989516258239746,0.0,55.98969201746874,23040.0
-11.540266990661621,-16.555797576904297,5.015536785125732,0.0,45.089256274109786,23040.0
-11.55492877960205,-16.524341583251953,4.969417572021484,0.0,50.469903821701116,23040.0
-11.584452629089355,-16.57646369934082,4.992014408111572,0.0,44.55161654391798,23040.0
-11.562840461730957,-16.539613723754883,4.976777076721191,0.0,53.14929605536642,23040.0
-11.50780963897705,-16.531558990478516,5.023746967315674,0.0,51.468287510512795,23040.0
-11.617464065551758,-16.593984603881836,4.976521968841553,0.0,36.619515183763525,23040.0
-11.587199211120605,-16.595197677612305,5.007999420166016,0.0,47.5384676917078,23040.0
-11.568694114685059,-16.58785629272461,5.019155025482178,0.0,32.229918655483054,23040.0
-11.490320205688477,-16.543121337890625,5.052800178527832,0.0,39.386830483095196,23040.0
-11.675064086914062,-16.676374435424805,5.001307964324951,0.0,27.20624988168691,23040.0
-11.632792472839355,-16.690807342529297,5.058015823364258,0.0,34.349274499095266,23040.0
-11.636102676391602,-16.6645565032959,5.028450012207031,0.0,33.06363575330512,23040.0
-11.708802223205566,-16.727140426635742,5.018336772918701,0.0,44.89241696419907,23040.0
-11.652192115783691,-16.646543502807617,4.994346618652344,0.0,25.963023684642753,23040.0
-11.586027145385742,-16.643756866455078,5.0577311515808105,0.0,34.83535012768253,23040.0
-11.54859447479248,-16.641557693481445,5.092962265014648,0.0,24.927912895983955,23040.0
-11.594611167907715,-16.672557830810547,5.077949047088623,0.0,36.34765712222054,23040.0
-11.688225746154785,-16.74570655822754,5.057484149932861,0.0,35.479775682572196,23040.0
-11.697489738464355,-16.722627639770508,5.025139808654785,0.0,26.80267014554251,23040.0
-11.548221588134766,-16.661075592041016,5.112858295440674,0.0,38.90485108191245,23040.0
-11.748773574829102,-16.760326385498047,5.0115532875061035,0.0,25.346302837439282,23040.0
-11.684123039245605,-16.73805809020996,5.053933620452881,0.0,33.120431999513215,23040.0
-11.605002403259277,-16.690807342529297,5.085801124572754,0.0,28.363584755540277,23040.0
-11.643367767333984,-16.704200744628906,5.060834884643555,0.0,37.38186409471647,23040.0
-11.695168495178223,-16.698850631713867,5.003680229187012,0.0,35.707560981529895,23040.0
-11.545182228088379,-16.60149383544922,5.0563154220581055,0.0,59.258435766800844,23040.0
-11.671032905578613,-16.64242172241211,4.971396446228027,0.0,47.52196484917399,23040.0
-11.496064186096191,-16.61545181274414,5.119386196136475,0.0,51.33759441977505,23040.0
-11.69192123413086,-16.747955322265625,5.05603551864624,0.0,33.336573390459165,23040.0
-11.655067443847656,-16.701650619506836,5.046584606170654,0.0,35.294566018041536,23040.0
-11.422218322753906,-16.519638061523438,5.09742546081543,0.0,66.61056597625982,23040.0
-11.466880798339844,-16.458600997924805,4.991724491119385,0.0,89.2115742284812,23040.0
-11.694219589233398,-16.74271583557129,5.048500061035156,0.0,50.02820908193714,23040.0
-11.388434410095215,-16.545719146728516,5.157286167144775,0.0,70.24753211091316,23040.0
-11.062853813171387,-16.101503372192383,5.038641452789307,0.0,114.3123463468288,23040.0
-11.659577369689941,-16.691436767578125,5.031853675842285,0.0,46.8883500626716,23040.0
-10.878451347351074,-15.964737892150879,5.086284160614014,0.0,135.291236757242,23040.0
-10.29633903503418,-15.375225067138672,5.078883647918701,0.0,154.05397646064208,23040.0
-11.527063369750977,-16.53968620300293,5.012620449066162,0.0,68.13225289513886,23040.0
-10.283099174499512,-15.28358268737793,5.000485420227051,0.0,195.85139863177506,23040.0
-10.220904350280762,-15.213586807250977,4.992681503295898,0.0,153.11642794315446,23040.0
-11.291252136230469,-16.255428314208984,4.964175701141357,0.0,89.25073585140184,23040.0
-9.765398979187012,-14.783254623413086,5.017852783203125,0.0,194.15240095341443,23040.0
-11.193102836608887,-16.09894561767578,4.905844688415527,0.0,86.58812937819566,23040.0
-10.713461875915527,-15.584386825561523,4.870921611785889,0.0,114.29242352226741,23040.0
-11.211647987365723,-16.101560592651367,4.889913558959961,0.0,84.41104034715833,23040.0
-10.548919677734375,-15.507697105407715,4.958781719207764,0.0,132.06077044660975,23040.0
-11.127614974975586,-16.003341674804688,4.875730037689209,0.0,93.25320912663331,23040.0
-11.056069374084473,-15.858680725097656,4.802615165710449,0.0,98.22284681813096,23040.0
-11.19271469116211,-15.958239555358887,4.765523433685303,0.0,93.02773374712714,23040.0
-11.2130126953125,-15.957612991333008,4.744600772857666,0.0,79.55803940811148,23040.0
-11.131513595581055,-15.970125198364258,4.83860969543457,0.0,78.67308058914656,23040.0
-11.200088500976562,-15.97693157196045,4.776846885681152,0.0,69.30261051244008,23040.0
-11.33090877532959,-16.11264419555664,4.781733989715576,0.0,74.2155948080721,23040.0
-11.367111206054688,-16.127456665039062,4.760350227355957,0.0,69.0126098099692,23040.0
-11.313042640686035,-16.15452766418457,4.841481685638428,0.0,72.19284054340842,23040.0
-11.352985382080078,-16.19024658203125,4.837255954742432,0.0,58.50507743627114,23040.0
-11.457274436950684,-16.29062843322754,4.83335542678833,0.0,68.66732038779101,23040.0
-11.382410049438477,-16.2282772064209,4.845864295959473,0.0,70.20091505298494,23040.0
-11.477218627929688,-16.357358932495117,4.880136966705322,0.0,57.9723733149137,23040.0
-11.319438934326172,-16.24186897277832,4.922430038452148,0.0,74.77387206322129,23040.0
-11.412545204162598,-16.363283157348633,4.950729846954346,0.0,64.42022741338889,23040.0
-11.171738624572754,-16.16373062133789,4.991995334625244,0.0,96.98015888193133,23040.0
-11.495377540588379,-16.44055938720703,4.945181846618652,0.0,68.40781374954338,23040.0
-11.338831901550293,-16.258665084838867,4.919833183288574,0.0,93.02080922659121,23040.0
-11.421759605407715,-16.389650344848633,4.967890739440918,0.0,75.20039495973093,23040.0
-11.39999008178711,-16.39185333251953,4.991861820220947,0.0,92.38987161748712,23040.0
-11.22007942199707,-16.21570587158203,4.995629787445068,0.0,102.88283993695856,23040.0
-11.414021492004395,-16.411237716674805,4.997214317321777,0.0,76.26112972267403,23040.0
-11.275108337402344,-16.28174591064453,5.006641387939453,0.0,107.7024062135844,23040.0
-11.444353103637695,-16.398984909057617,4.95463752746582,0.0,76.88139917800574,23040.0
-11.221566200256348,-16.200075149536133,4.978504657745361,0.0,110.05060302930747,23040.0
-11.59174919128418,-16.559423446655273,4.967671871185303,0.0,62.51768360956407,23040.0
-11.166959762573242,-16.18284034729004,5.015881061553955,0.0,108.10196286766939,23040.0
-11.637999534606934,-16.599395751953125,4.961394309997559,0.0,58.05219005850562,23040.0
-11.125371932983398,-16.120546340942383,4.995172023773193,0.0,103.44936116025917,23040.0
-11.385998725891113,-16.418161392211914,5.032164573669434,0.0,71.70120405566401,23040.0
-11.059492111206055,-16.124664306640625,5.0651726722717285,0.0,116.85531999728569,23040.0
-11.395441055297852,-16.356529235839844,4.961084365844727,0.0,80.48830539384622,23040.0
-11.141420364379883,-16.12360954284668,4.9821906089782715,0.0,117.49358145465459,23040.0
-11.301071166992188,-16.306507110595703,5.005438804626465,0.0,87.84101475061753,23040.0
-11.05207633972168,-16.096803665161133,5.044732093811035,0.0,120.17876848797505,23040.0
-11.226584434509277,-16.19861602783203,4.972027778625488,0.0,109.00542307376287,23040.0
-10.973671913146973,-16.017024993896484,5.0433502197265625,0.0,116.5440176872119,23040.0
-11.141722679138184,-16.1361141204834,4.994386672973633,0.0,102.22302199736815,23040.0
-10.957441329956055,-15.931425094604492,4.973984718322754,0.0,142.60285414975667,23040.0
-11.067723274230957,-16.02425193786621,4.956526279449463,0.0,116.16366691950182,23040.0
-11.022159576416016,-16.00027847290039,4.978123188018799,0.0,129.52035716175024,23040.0
-11.246161460876465,-16.189434051513672,4.943280220031738,0.0,97.87777136571815,23040.0
-10.9337739944458,-15.936466217041016,5.002693176269531,0.0,139.32496605027822,23040.0
-11.250435829162598,-16.242706298828125,4.992269039154053,0.0,100.24474412979092,23040.0
-11.056471824645996,-15.993317604064941,4.936850547790527,0.0,122.6474778878902,23040.0
-11.40511703491211,-16.32794952392578,4.922835826873779,0.0,86.22912652086713,23040.0
-10.998355865478516,-15.913275718688965,4.914920806884766,0.0,134.82099774002938,23040.0
-11.400853157043457,-16.316816329956055,4.915966033935547,0.0,81.67298394092734,23040.0
-11.068342208862305,-15.960289001464844,4.891947269439697,0.0,123.27223779407977,23040.0
-11.298747062683105,-16.307777404785156,5.009028911590576,0.0,83.4309841748052,23040.0
-10.95870304107666,-15.95054817199707,4.991844177246094,0.0,125.4724146747898,23040.0
-11.52287483215332,-16.423511505126953,4.900634288787842,0.0,83.2874130183395,23040.0
-11.09282112121582,-16.03898048400879,4.946157455444336,0.0,103.66789600620722,23040.0
-11.22008228302002,-16.232458114624023,5.012374401092529,0.0,95.90561260989688,23040.0
-11.137714385986328,-16.157730102539062,5.020012855529785,0.0,101.46957917186316,23040.0
-11.221282005310059,-16.22837257385254,5.007091999053955,0.0,111.31545699368954,23040.0
-11.041367530822754,-16.073238372802734,5.031870365142822,0.0,108.80741316258822,23040.0
-11.099042892456055,-16.1190185546875,5.019970893859863,0.0,111.24060039721019,23040.0
-11.360307693481445,-16.30963897705078,4.9493327140808105,0.0,91.93480281324743,23040.0
-11.112258911132812,-16.122007369995117,5.009748458862305,0.0,120.21009160666598,23040.0
-11.325994491577148,-16.283218383789062,4.957231521606445,0.0,87.7007819406514,23040.0
-11.319233894348145,-16.29637336730957,4.977137088775635,0.0,109.24120715107804,23040.0
-11.474312782287598,-16.44535255432129,4.97104549407959,0.0,74.0142159203574,23040.0
-11.265217781066895,-16.28122901916504,5.016016006469727,0.0,111.84454287142114,23040.0
-11.504738807678223,-16.465396881103516,4.960652828216553,0.0,72.49054201925017,23040.0
-11.298940658569336,-16.318199157714844,5.019261837005615,0.0,101.06316135497296,23040.0
-11.466732025146484,-16.499643325805664,5.032906532287598,0.0,72.89798456327306,23040.0
-11.434988975524902,-16.462696075439453,5.027702331542969,0.0,90.34132794339894,23040.0
-11.602218627929688,-16.55936622619629,4.957145690917969,0.0,61.604002647372994,23040.0
-11.498796463012695,-16.504987716674805,5.006191253662109,0.0,79.91727452175358,23040.0
-11.720467567443848,-16.696895599365234,4.976430416107178,0.0,48.35296392179244,23040.0
-11.543216705322266,-16.541982650756836,4.99876594543457,0.0,77.29475708769596,23040.0
-11.672415733337402,-16.708436965942383,5.036023139953613,0.0,41.026601773709,23040.0
-11.62451171875,-16.64154815673828,5.017031669616699,0.0,68.61209904209291,23040.0
-11.679007530212402,-16.74373435974121,5.064726829528809,0.0,37.668301088497806,23040.0
-11.558924674987793,-16.6447811126709,5.08586311340332,0.0,73.02467493361974,23040.0
-11.670258522033691,-16.728578567504883,5.058316707611084,0.0,40.70597589968172,23040.0
-11.686660766601562,-16.736711502075195,5.050053119659424,0.0,58.535054039286884,23040.0
-11.738801002502441,-16.82367515563965,5.084877967834473,0.0,38.70297956201409,23040.0
-11.628602027893066,-16.719614028930664,5.091009616851807,0.0,54.62825069886089,23040.0
-11.745223999023438,-16.85597038269043,5.11074161529541,0.0,41.36351941297433,23040.0
-11.721269607543945,-16.783811569213867,5.062541961669922,0.0,42.389987752325546,23040.0
-11.67862319946289,-16.806516647338867,5.127895355224609,0.0,41.64425538871445,23040.0
-11.8150634765625,-16.850086212158203,5.035021781921387,0.0,35.617671974600015,23040.0
-11.75725269317627,-16.79802894592285,5.040777206420898,0.0,52.311697352804,23040.0
-11.734265327453613,-16.836755752563477,5.102492809295654,0.0,38.132169643962605,23040.0
-11.748741149902344,-16.845897674560547,5.09716272354126,0.0,40.27941441851151,23040.0
-11.77511978149414,-16.828386306762695,5.0532684326171875,0.0,52.433065963826536,23040.0
-11.71337890625,-16.80000877380371,5.086627006530762,0.0,27.844542837585994,23040.0
-11.635334968566895,-16.768651962280273,5.1333184242248535,0.0,54.0448316420185,23040.0
-11.825926780700684,-16.892597198486328,5.066669940948486,0.0,27.30027224350433,23040.0
-11.719218254089355,-16.84714698791504,5.127926826477051,0.0,39.93361047626962,23040.0
-11.83584213256836,-16.902660369873047,5.066822052001953,0.0,36.83324153948347,23040.0
-11.773398399353027,-16.89919662475586,5.12579870223999,0.0,29.710729781556203,23040.0
-11.700606346130371,-16.80152130126953,5.100917339324951,0.0,36.5417465335465,23040.0
-11.649940490722656,-16.765565872192383,5.115627288818359,0.0,46.08335705751591,23040.0
-11.7000732421875,-16.8740291595459,5.173957824707031,0.0,22.683345465547152,23040.0
-11.82754898071289,-16.930986404418945,5.103435516357422,0.0,44.378864306591645,23040.0
-11.68901538848877,-16.823501586914062,5.134483337402344,0.0,34.507350556839185,23040.0
-11.693755149841309,-16.869489669799805,5.175734996795654,0.0,33.262666044323424,23040.0
-11.77857780456543,-16.925655364990234,5.147085189819336,0.0,30.33160425769135,23040.0
-11.809085845947266,-16.89446258544922,5.085376739501953,0.0,24.305644711846405,23040.0
-11.833368301391602,-16.92228889465332,5.08891487121582,0.0,40.17106829746205,23040.0
-11.867769241333008,-16.988603591918945,5.120840072631836,0.0,24.80013760828839,23040.0
-11.731685638427734,-16.884504318237305,5.15281343460083,0.0,29.82812618495852,23040.0
-11.9021635055542,-16.989004135131836,5.086840629577637,0.0,30.372932362095817,23040.0
-11.844364166259766,-16.952089309692383,5.107719898223877,0.0,15.007076719157185,23040.0
-11.782747268676758,-16.913536071777344,5.130792140960693,0.0,29.510891264867638,23040.0
-11.76799488067627,-16.937328338623047,5.16933536529541,0.0,27.829725249313405,23040.0
-11.778471946716309,-16.918502807617188,5.140031337738037,0.0,37.30256444410972,23040.0
-11.877354621887207,-16.980945587158203,5.103593349456787,0.0,31.8433597887778,23040.0
-11.724666595458984,-16.86609649658203,5.141430854797363,0.0,48.591301685349016,23040.0
-11.77013874053955,-16.858470916748047,5.088335037231445,0.0,55.303925887800055,23040.0
-11.827716827392578,-16.952375411987305,5.124661445617676,0.0,31.482716145555983,23040.0
-11.810179710388184,-16.902912139892578,5.0927348136901855,0.0,52.62516505557386,23040.0
-11.607897758483887,-16.771839141845703,5.163939952850342,0.0,67.1645798774255,23040.0
-11.770556449890137,-16.883670806884766,5.113119602203369,0.0,52.161007222017744,23040.0
-11.635736465454102,-16.7865047454834,5.150765419006348,0.0,90.1994969149119,23040.0
-11.599480628967285,-16.744720458984375,5.145236492156982,0.0,78.65339534125597,23040.0
-11.587627410888672,-16.753124237060547,5.165501594543457,0.0,86.5834916671459,23040.0
-11.512473106384277,-16.609188079833984,5.096715450286865,0.0,103.22439597448577,23040.0
-11.581151962280273,-16.699628829956055,5.118480205535889,0.0,71.75127711412955,23040.0
-11.502832412719727,-16.652162551879883,5.149326801300049,0.0,108.03410317654436,23040.0
-11.418724060058594,-16.567352294921875,5.14862585067749,0.0,100.18806134145429,23040.0
-11.65180778503418,-16.802947998046875,5.151143550872803,0.0,68.1728862213633,23040.0
-11.557890892028809,-16.709123611450195,5.151227951049805,0.0,102.9637173945037,23040.0
-11.767520904541016,-16.852060317993164,5.084536552429199,0.0,61.24157348197559,23040.0
-11.516422271728516,-16.650768280029297,5.134344100952148,0.0,96.31620110084259,23040.0
-11.427509307861328,-16.554092407226562,5.126579284667969,0.0,106.96258938108073,23040.0
-11.597804069519043,-16.723360061645508,5.125555515289307,0.0,62.61087290858025,23040.0
-11.36013126373291,-16.48764419555664,5.127514362335205,0.0,120.21148276955452,23040.0
-11.335870742797852,-16.41130828857422,5.075439453125,0.0,102.91225681511837,23040.0
-11.395243644714355,-16.49648094177246,5.101240634918213,0.0,99.23367850707396,23040.0
-10.573267936706543,-15.691240310668945,5.117977142333984,0.0,184.94442931398254,23040.0
-10.751922607421875,-15.833525657653809,5.08160400390625,0.0,129.27107276043014,23040.0
-10.679036140441895,-15.850708961486816,5.1716814041137695,0.0,161.3253962925866,23040.0
-10.659651756286621,-15.664326667785645,5.004673480987549,0.0,154.04009581845366,23040.0
-10.931577682495117,-15.9116792678833,4.980099201202393,0.0,152.79404084061306,23040.0
-11.067031860351562,-16.06029510498047,4.993259906768799,0.0,134.94871604455636,23040.0
-11.016403198242188,-16.038015365600586,5.021614074707031,0.0,134.32396094572886,23040.0
-10.924571990966797,-15.896224975585938,4.97165584564209,0.0,155.43280898949965,23040.0
-11.197269439697266,-16.14304542541504,4.945777893066406,0.0,115.95390237796072,23040.0
-10.840250015258789,-15.784137725830078,4.943890571594238,0.0,143.49600197970986,23040.0
-11.141851425170898,-16.07425308227539,4.932400226593018,0.0,112.8341103951594,23040.0
-11.04767894744873,-15.969335556030273,4.921654224395752,0.0,142.8470067223606,23040.0
-11.209367752075195,-16.083375930786133,4.874007701873779,0.0,122.01346954630733,23040.0
-11.258122444152832,-16.137514114379883,4.879385948181152,0.0,111.86977078329923,23040.0
-11.211750984191895,-16.115095138549805,4.903347492218018,0.0,117.61734816949733,23040.0
-11.33244800567627,-16.21590232849121,4.883452892303467,0.0,100.5104557011408,23040.0
-11.268539428710938,-16.160205841064453,4.891674995422363,0.0,112.85888022825438,23040.0
-11.36123275756836,-16.248767852783203,4.887535095214844,0.0,86.83656944232636,23040.0
-11.29890251159668,-16.121570587158203,4.822662830352783,0.0,111.48829892295137,23040.0
-11.590951919555664,-16.47022819519043,4.879279613494873,0.0,72.23844547850395,23040.0
-11.255507469177246,-16.160680770874023,4.905174255371094,0.0,117.44636970147455,23040.0
-11.601677894592285,-16.51634979248047,4.91467809677124,0.0,62.02491099867965,23040.0
-11.421723365783691,-16.345781326293945,4.924056529998779,0.0,104.54031773559502,23040.0
-11.579140663146973,-16.50231170654297,4.923169136047363,0.0,59.34894404266984,23040.0
-11.334540367126465,-16.315879821777344,4.981338024139404,0.0,96.75923380105458,23040.0
-11.203802108764648,-16.27536392211914,5.071559906005859,0.0,71.19725694698754,23040.0
-11.09410572052002,-16.16651153564453,5.072408199310303,0.0,87.90943894365225,23040.0
-11.670496940612793,-16.636280059814453,4.965786933898926,0.0,58.26767311778448,23040.0
-11.373361587524414,-16.429012298583984,5.055651664733887,0.0,81.88210434670317,23040.0
-11.568673133850098,-16.531923294067383,4.963249683380127,0.0,55.84257695908258,23040.0
-11.212850570678711,-16.275590896606445,5.062741279602051,0.0,80.34500911695062,23040.0
-11.43362808227539,-16.426015853881836,4.992389678955078,0.0,71.71074069214518,23040.0
-11.468621253967285,-16.490854263305664,5.022226810455322,0.0,65.90241176622347,23040.0
-11.310369491577148,-16.311817169189453,5.001443386077881,0.0,79.95809291693148,23040.0
-11.575956344604492,-16.619455337524414,5.043492317199707,0.0,36.436556125344026,23040.0
-11.373787879943848,-16.37494659423828,5.001153945922852,0.0,79.31597160932193,23040.0
-11.562246322631836,-16.618539810180664,5.0562920570373535,0.0,41.085393282949205,23040.0
-11.426774024963379,-16.42922019958496,5.0024495124816895,0.0,73.23882712609591,23040.0
-11.140358924865723,-16.2257137298584,5.08535099029541,0.0,77.34494857310003,23040.0
-11.452199935913086,-16.420061111450195,4.967855930328369,0.0,60.643449845792404,23040.0
-11.393163681030273,-16.39871597290039,5.005549907684326,0.0,84.13641543175122,23040.0
-11.403823852539062,-16.435941696166992,5.03211784362793,0.0,51.430962275936515,23040.0
-11.44951057434082,-16.437625885009766,4.988116264343262,0.0,76.54724062502665,23040.0
-11.47192668914795,-16.528013229370117,5.056087970733643,0.0,39.90647583552236,23040.0
-11.36094856262207,-16.40479278564453,5.043840408325195,0.0,74.63817197036498,23040.0
-11.580987930297852,-16.60057258605957,5.01958703994751,0.0,41.59447093693843,23040.0
-11.124180793762207,-16.171552658081055,5.047377109527588,0.0,92.12049752587697,23040.0
-11.548320770263672,-16.578493118286133,5.030170917510986,0.0,45.27762024133008,23040.0
-11.311172485351562,-16.351428985595703,5.040250778198242,0.0,84.32796554828515,23040.0
-11.393519401550293,-16.467973709106445,5.074458599090576,0.0,52.50170227894606,23040.0
-11.419774055480957,-16.53633689880371,5.116560935974121,0.0,57.41469101029444,23040.0
-11.4579439163208,-16.555875778198242,5.097931385040283,0.0,49.39752744124004,23040.0
-11.440595626831055,-16.528858184814453,5.088263511657715,0.0,52.105834440776334,23040.0
-11.476945877075195,-16.518085479736328,5.041147708892822,0.0,52.413517396725766,23040.0
-11.218214988708496,-16.255048751831055,5.036831855773926,0.0,88.166876231354,23040.0
-11.575796127319336,-16.578556060791016,5.002758979797363,0.0,54.332003282147724,23040.0
-11.502935409545898,-16.49724769592285,4.994315147399902,0.0,63.828487915561226,23040.0
-11.441296577453613,-16.437620162963867,4.996329307556152,0.0,56.091919419469264,23040.0
-11.529431343078613,-16.511436462402344,4.982003211975098,0.0,58.78604226131685,23040.0
-11.621785163879395,-16.59896469116211,4.977181434631348,0.0,46.07606703637433,23040.0
-11.581299781799316,-16.61386489868164,5.032569885253906,0.0,50.73806379901478,23040.0
-11.5027437210083,-16.543746948242188,5.041003227233887,0.0,55.72969584683812,23040.0
-11.480140686035156,-16.477081298828125,4.996938228607178,0.0,58.15206059067579,23040.0
-11.52788257598877,-16.565753936767578,5.037875652313232,0.0,41.66915750331774,23040.0
-11.598082542419434,-16.60320281982422,5.005119800567627,0.0,56.13402287613513,23040.0
-11.485875129699707,-16.472023010253906,4.986148357391357,0.0,55.94014549847588,23040.0
-11.533957481384277,-16.458786010742188,4.924829959869385,0.0,49.98731955142416,23040.0
-11.571934700012207,-16.58110809326172,5.009174823760986,0.0,55.28776063918935,23040.0
-11.593262672424316,-16.63477325439453,5.041508197784424,0.0,59.03074297184636,23040.0
-11.564047813415527,-16.62441062927246,5.060364723205566,0.0,37.40344387543758,23040.0
-11.436882972717285,-16.446269989013672,5.009387016296387,0.0,73.22917948350789,23040.0
-11.56471061706543,-16.570785522460938,5.006075382232666,0.0,50.78640941898784,23040.0
-11.669109344482422,-16.6317081451416,4.962597846984863,0.0,63.78588965355985,23040.0
-11.608280181884766,-16.621816635131836,5.013535022735596,0.0,60.21573415761833,23040.0
-11.443217277526855,-16.501832962036133,5.058615684509277,0.0,64.51567010931092,23040.0
-11.120935440063477,-16.143409729003906,5.022471904754639,0.0,94.49144816172281,23040.0
-11.54947280883789,-16.594085693359375,5.044617176055908,0.0,51.93075945195387,23040.0
-11.395700454711914,-16.40401840209961,5.00831413269043,0.0,92.83792167140464,23040.0
-11.165838241577148,-16.22331428527832,5.0574750900268555,0.0,98.91012727882747,23040.0
-11.564230918884277,-16.582990646362305,5.018755912780762,0.0,58.404854086417885,23040.0
-10.915129661560059,-16.020143508911133,5.10501766204834,0.0,121.0639344122677,23040.0
-11.629619598388672,-16.604589462280273,4.974967956542969,0.0,51.0962203335098,23040.0
-11.068782806396484,-16.022180557250977,4.953396320343018,0.0,104.6995518501663,23040.0
-11.020516395568848,-16.018062591552734,4.997547626495361,0.0,96.17477834070047,23040.0
-11.522286415100098,-16.502758026123047,4.980471134185791,0.0,67.22847595020174,23040.0
-11.294458389282227,-16.270811080932617,4.976353168487549,0.0,106.20035686233666,23040.0
-11.496315956115723,-16.49469757080078,4.998380184173584,0.0,55.37982657602545,23040.0
-10.956421852111816,-16.00691795349121,5.050498962402344,0.0,106.82066556482651,23040.0
-11.5169095993042,-16.54615592956543,5.029247760772705,0.0,49.11955898870963,23040.0
-11.298922538757324,-16.288665771484375,4.989747047424316,0.0,91.58073901631548,23040.0
-11.557900428771973,-16.456058502197266,4.898157596588135,0.0,68.99199619183503,23040.0
-11.121345520019531,-16.09202003479004,4.970670700073242,0.0,95.85311579657245,23040.0
-11.532251358032227,-16.494739532470703,4.962485313415527,0.0,68.49334683997348,23040.0
-11.508187294006348,-16.47081756591797,4.962625980377197,0.0,74.18734437287011,23040.0
-11.498208045959473,-16.522552490234375,5.024344444274902,0.0,71.67767715568155,23040.0
-11.561009407043457,-16.520326614379883,4.959316253662109,0.0,58.96446842193108,23040.0
-11.5358304977417,-16.49961280822754,4.963779449462891,0.0,79.65276103601055,23040.0
-11.642945289611816,-16.613134384155273,4.970187187194824,0.0,42.323838426546175,23040.0
-11.596136093139648,-16.566207885742188,4.9700775146484375,0.0,79.7155706991376,23040.0
-11.604907035827637,-16.60625648498535,5.0013532638549805,0.0,46.26856965604965,23040.0
-11.47656536102295,-16.479902267456055,5.00334358215332,0.0,80.55230137535061,23040.0
-11.664798736572266,-16.642480850219727,4.977680683135986,0.0,45.74776585531922,23040.0
-11.584761619567871,-16.644838333129883,5.060075283050537,0.0,78.28742760134693,23040.0
-11.47355842590332,-16.566478729248047,5.092917442321777,0.0,53.98625549214639,23040.0
-11.510026931762695,-16.566669464111328,5.05663537979126,0.0,68.79147185218658,23040.0
-11.69195556640625,-16.72913360595703,5.037173271179199,0.0,58.19264169892403,23040.0
-11.600000381469727,-16.671995162963867,5.071996212005615,0.0,61.42044760079095,23040.0
-11.3271484375,-16.409704208374023,5.082559585571289,0.0,83.77757676728437,23040.0
-11.459319114685059,-16.524356842041016,5.065037250518799,0.0,62.09226139119335,23040.0
-11.35696029663086,-16.48258399963379,5.1256279945373535,0.0,96.88955818363772,23040.0
-11.624613761901855,-16.69786834716797,5.073254108428955,0.0,60.08461200150482,23040.0
-11.480124473571777,-16.55242347717285,5.072300910949707,0.0,82.05746051912821,23040.0
-11.232665061950684,-16.267688751220703,5.035024166107178,0.0,97.79785624376521,23040.0
-11.390447616577148,-16.559160232543945,5.1687116622924805,0.0,66.72985817786623,23040.0
-10.807632446289062,-15.845166206359863,5.037531852722168,0.0,125.67283368426571,23040.0
-11.353318214416504,-16.399948120117188,5.046632766723633,0.0,69.9480008100049,23040.0
-10.689168930053711,-15.728659629821777,5.039487361907959,0.0,145.2082271321654,23040.0
-11.5481595993042,-16.547256469726562,4.999095439910889,0.0,81.08000007877897,23040.0
-10.72945499420166,-15.796948432922363,5.067498683929443,0.0,133.09520550226185,23040.0
-11.379523277282715,-16.43490982055664,5.055388450622559,0.0,74.72747070768364,23040.0
-10.444561004638672,-15.513137817382812,5.068575859069824,0.0,163.0494780551516,23040.0
-11.45887279510498,-16.429319381713867,4.970444202423096,0.0,76.2961011804066,23040.0
-10.72916030883789,-15.75033187866211,5.021178722381592,0.0,132.31550088938965,23040.0
-11.572227478027344,-16.51145362854004,4.939223289489746,0.0,79.98948334887717,23040.0
-10.736806869506836,-15.712883949279785,4.976077079772949,0.0,138.7713083197706,23040.0
-11.463211059570312,-16.40641975402832,4.943211078643799,0.0,73.21947129029029,23040.0
-11.181087493896484,-16.107316970825195,4.926229953765869,0.0,99.28134514546832,23040.0
-11.608198165893555,-16.55355453491211,4.9453558921813965,0.0,66.6411150163847,23040.0
-11.405786514282227,-16.339134216308594,4.933345317840576,0.0,82.99033338820223,23040.0
-11.593708992004395,-16.499040603637695,4.905336856842041,0.0,73.19873706133862,23040.0
-11.420990943908691,-16.43722915649414,5.016235828399658,0.0,73.46220009548453,23040.0
-11.5375394821167,-16.536630630493164,4.999099254608154,0.0,73.04013248420988,23040.0
-11.573806762695312,-16.61217498779297,5.038370132446289,0.0,68.30962590599997,23040.0
-11.633641242980957,-16.607786178588867,4.97414493560791,0.0,63.68302281909824,23040.0
-11.63953685760498,-16.600427627563477,4.9608893394470215,0.0,63.44186783420461,23040.0
-11.613704681396484,-16.650251388549805,5.036547660827637,0.0,59.79436271718519,23040.0
-11.775150299072266,-16.769311904907227,4.9941630363464355,0.0,59.78894003283124,23040.0
-11.630387306213379,-16.70055389404297,5.070167541503906,0.0,53.22247249218542,23040.0
-11.559762001037598,-16.627466201782227,5.067699909210205,0.0,65.92565782112621,23040.0
-11.518388748168945,-16.603120803833008,5.084733963012695,0.0,57.53079404924757,23040.0
-11.665684700012207,-16.71830177307129,5.052621841430664,0.0,62.20934170098328,23040.0
-11.60621452331543,-16.684080123901367,5.077865123748779,0.0,53.94111708731655,23040.0
-11.519638061523438,-16.697460174560547,5.1778154373168945,0.0,59.10900217522795,23040.0
-11.60091781616211,-16.708215713500977,5.107300281524658,0.0,60.744321571406005,23040.0
-11.446324348449707,-16.575454711914062,5.12912654876709,0.0,69.87706829721883,23040.0
-11.569631576538086,-16.693923950195312,5.124294757843018,0.0,61.80066493878296,23040.0
-11.23271656036377,-16.35481834411621,5.122099876403809,0.0,103.97154687487593,23040.0
-11.451675415039062,-16.54339599609375,5.091720104217529,0.0,78.3570771024783,23040.0
-11.577642440795898,-16.65879249572754,5.081149101257324,0.0,91.88236370640112,23040.0
-11.409825325012207,-16.55559730529785,5.1457719802856445,0.0,82.11051920967574,23040.0
-11.690242767333984,-16.75738525390625,5.067140579223633,0.0,67.21983459896963,23040.0
-11.240350723266602,-16.382925033569336,5.1425700187683105,0.0,80.42902773236841,23040.0
-11.35363483428955,-16.47884750366211,5.125211238861084,0.0,78.38839110289331,23040.0
-11.516270637512207,-16.631799697875977,5.115530490875244,0.0,73.66461767519235,23040.0
-10.921769142150879,-16.051605224609375,5.129837512969971,0.0,146.26238892795973,23040.0
-11.15841007232666,-16.28556251525879,5.127151966094971,0.0,106.19906483538517,23040.0
-11.321196556091309,-16.359086990356445,5.03788948059082,0.0,119.9033505679606,23040.0
-10.608932495117188,-15.76805591583252,5.159116744995117,0.0,146.1133400281348,23040.0
-11.394173622131348,-16.46240997314453,5.068238258361816,0.0,92.36521812410457,23040.0
-10.642638206481934,-15.721226692199707,5.078588962554932,0.0,138.9838692602459,23040.0
-10.980907440185547,-16.1018009185791,5.120892524719238,0.0,97.18787964211651,23040.0
-10.869625091552734,-15.946455955505371,5.076827526092529,0.0,147.38280387792443,23040.0
-11.30624771118164,-16.323238372802734,5.016987323760986,0.0,100.72072975323427,23040.0
-11.200627326965332,-16.21784210205078,5.017212390899658,0.0,105.89950114346121,23040.0
-11.315020561218262,-16.32164764404297,5.006621360778809,0.0,97.078584178984,23040.0
-11.077507019042969,-16.174360275268555,5.096854209899902,0.0,105.7782864574119,23040.0
-11.181257247924805,-16.22092056274414,5.039662837982178,0.0,89.48826598781173,23040.0
-11.23060131072998,-16.21451187133789,4.983910083770752,0.0,104.18275400016978,23040.0
-11.44697093963623,-16.366392135620117,4.9194231033325195,0.0,83.58652275270353,23040.0
-11.39061164855957,-16.363439559936523,4.9728312492370605,0.0,98.39897265597872,23040.0
-11.436028480529785,-16.402111053466797,4.96608829498291,0.0,81.41367768136817,23040.0
-11.445642471313477,-16.416475296020508,4.970831394195557,0.0,90.57639551591565,23040.0
-11.44878101348877,-16.42453384399414,4.9757585525512695,0.0,77.42027353527666,23040.0
-11.475052833557129,-16.4578800201416,4.982829570770264,0.0,84.09115748377084,23040.0
-11.61355972290039,-16.57499885559082,4.9614386558532715,0.0,66.90679779564198,23040.0
-11.529096603393555,-16.462142944335938,4.933046340942383,0.0,77.41894720483918,23040.0
-11.53962516784668,-16.51410675048828,4.974483489990234,0.0,64.55377412164167,23040.0
-11.44690990447998,-16.46026611328125,5.013357639312744,0.0,73.42285194787716,23040.0
-11.555289268493652,-16.527408599853516,4.972114086151123,0.0,54.21846329043516,23040.0
-11.581818580627441,-16.630037307739258,5.0482177734375,0.0,60.676111266035946,23040.0
-11.594703674316406,-16.618825912475586,5.024122714996338,0.0,58.839973335085965,23040.0
-11.451349258422852,-16.523714065551758,5.072370529174805,0.0,61.8420387679035,23040.0
-11.518017768859863,-16.59214973449707,5.074134349822998,0.0,49.461850932679646,23040.0
-11.431679725646973,-16.442163467407227,5.010486125946045,0.0,69.16888053598647,23040.0
-11.602930068969727,-16.636089324951172,5.03315544128418,0.0,44.67739471478283,23040.0
-11.27601146697998,-16.21859359741211,4.942582607269287,0.0,77.78241100457613,23040.0
-11.032402038574219,-16.054004669189453,5.021601676940918,0.0,69.11467075627807,23040.0
-11.361130714416504,-16.35889434814453,4.99776554107666,0.0,86.4033374205578,23040.0
-11.539778709411621,-16.55172348022461,5.011947154998779,0.0,65.18144694372339,23040.0
-11.306159019470215,-16.314748764038086,5.008591175079346,0.0,88.29627568289389,23040.0
-11.191069602966309,-16.20427131652832,5.013200759887695,0.0,79.15066474925808,23040.0
-10.60920524597168,-15.77164077758789,5.162429332733154,0.0,110.80703667918257,23040.0
-11.155445098876953,-16.115596771240234,4.96015739440918,0.0,97.36762096047512,23040.0
-11.084431648254395,-16.10235023498535,5.017918109893799,0.0,101.90974934867327,23040.0
-11.29971694946289,-16.239641189575195,4.939920902252197,0.0,75.3825614337398,23040.0
-11.31027889251709,-16.22623062133789,4.915950775146484,0.0,95.2701467032981,23040.0
-11.207335472106934,-16.149415969848633,4.942089557647705,0.0,69.75350334618734,23040.0
-11.239916801452637,-16.20840072631836,4.9684834480285645,0.0,79.46902732177288,23040.0
-11.343056678771973,-16.305843353271484,4.962778568267822,0.0,85.08443599349293,23040.0
-11.069448471069336,-16.077655792236328,5.008204936981201,0.0,124.54587602573473,23040.0
-11.36203384399414,-16.299131393432617,4.937105178833008,0.0,88.88522957943397,23040.0
-11.222785949707031,-16.17139434814453,4.948606491088867,0.0,120.14096138432332,23040.0
-11.425724029541016,-16.34670639038086,4.920985698699951,0.0,89.69705173136359,23040.0
-9.863134384155273,-14.8411865234375,4.978055953979492,0.0,224.10395750248065,23040.0
-10.8068208694458,-15.769618034362793,4.962796211242676,0.0,114.70246369474444,23040.0
-9.01282787322998,-14.03187370300293,5.019046783447266,0.0,189.7157974303771,23040.0
-10.853593826293945,-15.801416397094727,4.947822570800781,0.0,85.02452709790747,23040.0
-9.97411060333252,-14.930253028869629,4.956149101257324,0.0,217.52990927974062,23040.0
-10.913145065307617,-15.798609733581543,4.885462760925293,0.0,113.74767497207256,23040.0
-10.560895919799805,-15.484624862670898,4.923731327056885,0.0,152.49241551589367,23040.0
-10.74409294128418,-15.677631378173828,4.933542728424072,0.0,124.19393097453366,23040.0
-10.452791213989258,-15.316699028015137,4.863907814025879,0.0,139.2860475041245,23040.0
-10.407036781311035,-15.345559120178223,4.938523292541504,0.0,134.45423344305584,23040.0
-10.561487197875977,-15.454505920410156,4.8930182456970215,0.0,116.98619753260313,23040.0
-9.956313133239746,-14.869674682617188,4.913364887237549,0.0,151.62111696947952,23040.0
-10.980498313903809,-15.7965669631958,4.816069602966309,0.0,76.5737133469657,23040.0
-10.355363845825195,-15.208528518676758,4.853164196014404,0.0,159.43621396696344,23040.0
-10.78663158416748,-15.598221778869629,4.811588764190674,0.0,98.08721845006686,23040.0
-10.811216354370117,-15.632301330566406,4.82108211517334,0.0,102.79991758393783,23040.0
-11.04820728302002,-15.815337181091309,4.767130374908447,0.0,100.525677429856,23040.0
-11.105592727661133,-15.891260147094727,4.785666465759277,0.0,76.1600626757546,23040.0
-10.228509902954102,-15.109566688537598,4.881056308746338,0.0,144.12370149928844,23040.0
-11.009835243225098,-15.795247077941895,4.785410404205322,0.0,61.938277246559565,23040.0
-10.481075286865234,-15.299495697021484,4.818418979644775,0.0,140.28740245107974,23040.0
-10.778992652893066,-15.53156852722168,4.7525739669799805,0.0,103.56748660929883,23040.0
-11.075968742370605,-15.860464096069336,4.784494400024414,0.0,82.02286572855292,23040.0
-10.764857292175293,-15.522599220275879,4.757736682891846,0.0,133.89545155792368,23040.0
-11.125140190124512,-15.931400299072266,4.806262493133545,0.0,64.42752475256394,23040.0
-11.036115646362305,-15.824609756469727,4.788491249084473,0.0,97.56469453175961,23040.0
-11.378463745117188,-16.14455795288086,4.766088008880615,0.0,70.34372804961596,23040.0
-11.19260311126709,-16.02097511291504,4.828373908996582,0.0,83.32727121905732,23040.0
-10.627252578735352,-15.522489547729492,4.895233631134033,0.0,109.96799067753206,23040.0
-11.230374336242676,-16.013612747192383,4.7832350730896,0.0,56.59311581520161,23040.0
-10.969048500061035,-15.843034744262695,4.873988628387451,0.0,110.8826561093626,23040.0
-11.052420616149902,-15.960166931152344,4.907749652862549,0.0,84.9281326297475,23040.0
-11.381213188171387,-16.22981071472168,4.84859561920166,0.0,62.56484813124812,23040.0
-11.210270881652832,-16.05303382873535,4.842755317687988,0.0,95.94259644859096,23040.0
-11.248294830322266,-16.090740203857422,4.842447757720947,0.0,50.68039325147468,23040.0
-11.160962104797363,-16.05164909362793,4.890687942504883,0.0,62.10763111464861,23040.0
-11.534173965454102,-16.371307373046875,4.837131977081299,0.0,37.40370414298616,23040.0
-11.095885276794434,-16.014556884765625,4.918674468994141,0.0,85.70389438657244,23040.0
-11.218595504760742,-16.155982971191406,4.937389850616455,0.0,58.328582997393035,23040.0
-11.348182678222656,-16.249191284179688,4.901005744934082,0.0,69.28815091265139,23040.0
-11.068857192993164,-16.004701614379883,4.935844421386719,0.0,93.32624891880633,23040.0
-11.468204498291016,-16.392908096313477,4.924704551696777,0.0,46.97205465351756,23040.0
-11.412927627563477,-16.33601951599121,4.923089504241943,0.0,68.94973743173513,23040.0
-11.451682090759277,-16.39356231689453,4.94188117980957,0.0,43.316259775101955,23040.0
-11.184002876281738,-16.148448944091797,4.964446544647217,0.0,65.1998363559911,23040.0
-11.388388633728027,-16.374107360839844,4.985720634460449,0.0,40.68719392593158,23040.0
-11.279122352600098,-16.251157760620117,4.972035884857178,0.0,80.60358847044652,23040.0
-11.22606086730957,-16.216657638549805,4.990594863891602,0.0,66.8340917517598,23040.0
-11.386005401611328,-16.34710121154785,4.961092948913574,0.0,63.74286471171815,23040.0
-11.271276473999023,-16.233015060424805,4.961737632751465,0.0,85.94661249148488,23040.0
-11.350172996520996,-16.37494659423828,5.024772644042969,0.0,54.850220269874576,23040.0
-11.595800399780273,-16.52743148803711,4.931624889373779,0.0,53.380405323899076,23040.0
-11.625052452087402,-16.609785079956055,4.9847307205200195,0.0,41.63869248988655,23040.0
-11.290474891662598,-16.328571319580078,5.038098335266113,0.0,54.62233924634885,23040.0
-11.4287109375,-16.442533493041992,5.013829708099365,0.0,41.56269982266759,23040.0
-11.360031127929688,-16.33877944946289,4.978752136230469,0.0,82.49547982551367,23040.0
-11.324285507202148,-16.30599594116211,4.98171329498291,0.0,83.68415827604767,23040.0
-11.554900169372559,-16.544706344604492,4.989805221557617,0.0,60.13902232445848,23040.0
-11.213725090026855,-16.265928268432617,5.0522003173828125,0.0,92.11416290947115,23040.0
-11.431283950805664,-16.36864471435547,4.937363147735596,0.0,65.02770898544543,23040.0
-11.481362342834473,-16.473262786865234,4.9918999671936035,0.0,74.86010791419916,23040.0
-11.59420394897461,-16.53838539123535,4.944179058074951,0.0,58.2851679112449,23040.0
-11.17817497253418,-16.236976623535156,5.058799743652344,0.0,78.02575190866477,23040.0
-11.262260437011719,-16.336332321166992,5.074075222015381,0.0,63.1426783849827,23040.0
-11.166324615478516,-16.201135635375977,5.034811019897461,0.0,109.71872114913083,23040.0
-11.118285179138184,-16.17049217224121,5.052206516265869,0.0,96.26607373283785,23040.0
-11.526710510253906,-16.517253875732422,4.990551948547363,0.0,76.82179915319222,23040.0
-11.175619125366211,-16.193763732910156,5.018143177032471,0.0,106.27872285849138,23040.0
-11.453734397888184,-16.43996238708496,4.986227512359619,0.0,76.4191534372275,23040.0
-11.26140022277832,-16.305194854736328,5.043795108795166,0.0,95.26073272509281,23040.0
-11.049111366271973,-16.154356002807617,5.105248928070068,0.0,91.7927362081148,23040.0
-10.472111701965332,-15.497902870178223,5.025790214538574,0.0,116.4891789439476,23040.0
-11.213828086853027,-16.189273834228516,4.975445747375488,0.0,77.94642507257012,23040.0
-11.011648178100586,-15.98841667175293,4.976766109466553,0.0,133.1072755465407,23040.0
-10.71346378326416,-15.749655723571777,5.036189079284668,0.0,122.53709695804645,23040.0
-11.42517375946045,-16.358203887939453,4.933027744293213,0.0,92.98246980069337,23040.0
-11.19654655456543,-16.159236907958984,4.962687015533447,0.0,106.71277066247264,23040.0
-11.126235961914062,-16.074758529663086,4.948522090911865,0.0,85.6743939759405,23040.0
-10.871642112731934,-15.840079307556152,4.9684343338012695,0.0,94.3488478608609,23040.0
-11.227084159851074,-16.12656593322754,4.899486064910889,0.0,84.7903603559697,23040.0
-10.50277042388916,-15.479116439819336,4.976346015930176,0.0,116.68730273414859,23040.0
-10.660914421081543,-15.675658226013184,5.014749526977539,0.0,95.52989672508798,23040.0
-11.084027290344238,-16.01586151123047,4.931835174560547,0.0,97.36200004110421,23040.0
-10.802412986755371,-15.717401504516602,4.914992332458496,0.0,112.66500703311875,23040.0
-11.371825218200684,-16.20428466796875,4.832462787628174,0.0,73.21993790035414,23040.0
-11.106886863708496,-16.03519630432129,4.928305625915527,0.0,87.18999082667212,23040.0
-10.77839183807373,-15.686999320983887,4.908607482910156,0.0,103.2892598949803,23040.0
-9.991202354431152,-15.01282787322998,5.021629810333252,0.0,115.62270291128718,23040.0
-10.727761268615723,-15.598000526428223,4.870237350463867,0.0,106.5373886360547,23040.0
-10.26280403137207,-15.091825485229492,4.829019546508789,0.0,124.27460052824273,23040.0
-9.166534423828125,-14.087749481201172,4.921214580535889,0.0,135.2400079786235,23040.0
-10.080022811889648,-15.00068187713623,4.920658588409424,0.0,188.8297546566737,23040.0
-9.511900901794434,-14.386850357055664,4.874947547912598,0.0,264.36365187953686,23040.0
-9.022884368896484,-13.851694107055664,4.828811168670654,0.0,134.82978366739934,23040.0
-9.563773155212402,-14.411355018615723,4.84758186340332,0.0,194.07141848121273,23040.0
-0.34711509943008423,-5.547072887420654,5.199958801269531,0.0,1272.6736127777951,23040.0
-4.026446342468262,-8.820414543151855,4.793970108032227,0.0,277.07663482729697,23040.0
-4.582067489624023,-9.219632148742676,4.637566566467285,0.0,231.7330058892106,23040.0
-5.911354064941406,-10.839287757873535,4.92793083190918,0.0,378.9250605045981,23040.0
-6.873237609863281,-11.496100425720215,4.622860908508301,0.0,150.9123371598998,23040.0
-2.7392592430114746,-7.514811992645264,4.775551795959473,0.0,212.8311471866191,23040.0
-6.083854675292969,-10.596372604370117,4.512518882751465,0.0,96.60716941180635,23040.0
-6.51568078994751,-10.790592193603516,4.274912357330322,0.0,140.16176642322898,23040.0
-6.444995880126953,-10.628945350646973,4.183951377868652,0.0,124.05768750444645,23040.0
-6.976387977600098,-10.911676406860352,3.9352872371673584,0.0,71.46545983057558,23040.0
-7.185426235198975,-10.995707511901855,3.8102810382843018,0.0,85.41276244285659,23040.0
-7.264354705810547,-11.180646896362305,3.9162888526916504,0.0,71.46936079821545,23040.0
-7.784884929656982,-11.5532865524292,3.768404722213745,0.0,35.86416046506607,23040.0
-7.767528057098389,-11.45691967010498,3.6893959045410156,0.0,48.86494285221341,23040.0
-7.739928722381592,-11.32940673828125,3.5894765853881836,0.0,52.84677604115298,23040.0
-8.054670333862305,-11.48624038696289,3.4315741062164307,0.0,36.76883676877104,23040.0
-7.984322547912598,-11.442039489746094,3.457716464996338,0.0,34.74545145474641,23040.0
-8.050328254699707,-11.443876266479492,3.39355206489563,0.0,40.05165494053104,23040.0
-8.21062183380127,-11.58733081817627,3.37670636177063,0.0,36.78143273511116,23040.0
-8.37055778503418,-11.752659797668457,3.3821001052856445,0.0,30.141994254207788,23040.0
-8.489376068115234,-11.88683795928955,3.39746356010437,0.0,26.460797481341263,23040.0
-8.525760650634766,-11.915359497070312,3.389599323272705,0.0,27.374352067269125,23040.0
-8.743976593017578,-12.195329666137695,3.4513492584228516,0.0,25.66174171527665,23040.0
-9.009273529052734,-12.469466209411621,3.460195302963257,0.0,22.142037648059173,23040.0
-8.984115600585938,-12.515856742858887,3.53173828125,0.0,25.467634796396432,23040.0
-9.025015830993652,-12.58459758758545,3.559584617614746,0.0,27.091067897624313,23040.0
-9.233354568481445,-12.819194793701172,3.585838556289673,0.0,23.70730345323048,23040.0
-9.283406257629395,-12.912459373474121,3.6290500164031982,0.0,19.680795822871218,23040.0
-9.470370292663574,-13.111919403076172,3.6415491104125977,0.0,22.047836438037937,23040.0
-9.466930389404297,-13.156927108764648,3.6899993419647217,0.0,20.146936109158034,23040.0
-9.81628704071045,-13.495489120483398,3.679203510284424,0.0,20.759626453311917,23040.0
-9.691428184509277,-13.485209465026855,3.793783664703369,0.0,21.504817323678516,23040.0
-9.82944107055664,-13.666281700134277,3.8368401527404785,0.0,19.817859453037077,23040.0
-9.94499683380127,-13.834787368774414,3.8897905349731445,0.0,17.04757303456293,23040.0
-9.993461608886719,-13.916175842285156,3.9227166175842285,0.0,18.117228375925425,23040.0
-10.118682861328125,-14.133337020874023,4.014655113220215,0.0,21.817389206148444,23040.0
-10.270858764648438,-14.323996543884277,4.053134441375732,0.0,17.264534670911782,23040.0
-10.297576904296875,-14.420743942260742,4.123166561126709,0.0,18.687049050406056,23040.0
-10.322850227355957,-14.546613693237305,4.223766803741455,0.0,25.03791979969895,23040.0
-10.372819900512695,-14.694226264953613,4.321409225463867,0.0,21.837215318017172,23040.0
-10.57966136932373,-14.9121675491333,4.332509517669678,0.0,20.487822948340835,23040.0
-10.651898384094238,-15.028281211853027,4.376377105712891,0.0,23.82608193944564,23040.0
-10.644384384155273,-15.110556602478027,4.4661784172058105,0.0,19.931569632030307,23040.0
-10.706567764282227,-15.19247055053711,4.485905170440674,0.0,16.8443978773618,23040.0
-10.699981689453125,-15.252676963806152,4.552692890167236,0.0,19.165809924972905,23040.0
-10.877154350280762,-15.43360710144043,4.556450843811035,0.0,18.968319331997243,23040.0
-10.991686820983887,-15.546582221984863,4.554895877838135,0.0,17.503468172855488,23040.0
-10.933226585388184,-15.58325481414795,4.650023937225342,0.0,20.36033972675671,23040.0
-10.983716011047363,-15.682618141174316,4.698902130126953,0.0,18.87957756347425,23040.0
-10.96082878112793,-15.678777694702148,4.717946529388428,0.0,20.294515206927446,23040.0
-11.104406356811523,-15.787437438964844,4.6830291748046875,0.0,20.98445134673281,23040.0
-11.02525520324707,-15.778943061828613,4.753686904907227,0.0,21.61945524793548,23040.0
-11.152480125427246,-15.913872718811035,4.761395454406738,0.0,21.129028343728926,23040.0
-11.115523338317871,-15.889785766601562,4.774257183074951,0.0,28.376240064817612,23040.0
-11.235602378845215,-16.0515079498291,4.815911293029785,0.0,21.461241072285933,23040.0
-11.258198738098145,-16.10710906982422,4.848905086517334,0.0,20.1293417451254,23040.0
-11.337379455566406,-16.189802169799805,4.852423667907715,0.0,19.81706836199849,23040.0
-11.392905235290527,-16.231201171875,4.838297367095947,0.0,23.351583187056182,23040.0
-11.417898178100586,-16.262346267700195,4.844441890716553,0.0,20.040226927863294,23040.0
-11.402385711669922,-16.30803680419922,4.9056477546691895,0.0,20.37048620859625,23040.0
-11.379051208496094,-16.31023406982422,4.931188583374023,0.0,26.119786196707953,23040.0
-11.515708923339844,-16.433504104614258,4.917791843414307,0.0,25.222208926317386,23040.0
-11.51250171661377,-16.477563858032227,4.9650678634643555,0.0,20.174554512513055,23040.0
-11.47921371459961,-16.4637451171875,4.984532833099365,0.0,28.74828011319543,23040.0
-11.462861061096191,-16.48670768737793,5.023845195770264,0.0,19.53230783901407,23040.0
-11.557748794555664,-16.53009605407715,4.972351551055908,0.0,21.297285781579596,23040.0
-11.524645805358887,-16.53199005126953,5.007352352142334,0.0,19.72175081242025,23040.0
-11.507269859313965,-16.562824249267578,5.055553913116455,0.0,14.282737701538151,23040.0
-11.546058654785156,-16.59215545654297,5.0460944175720215,0.0,16.835899070161084,23040.0
-11.572320938110352,-16.61255645751953,5.040243625640869,0.0,22.685386547224937,23040.0
-11.595610618591309,-16.639619827270508,5.044003009796143,0.0,23.468108856147712,23040.0
-11.688136100769043,-16.71340560913086,5.025272846221924,0.0,18.3801302244872,23040.0
-11.603849411010742,-16.64577293395996,5.041922569274902,0.0,24.61472626220313,23040.0
-11.604256629943848,-16.72127914428711,5.117025375366211,0.0,15.166339906873576,23040.0
-11.761051177978516,-16.783618927001953,5.022565841674805,0.0,23.85367153202335,23040.0
-11.662555694580078,-16.69771957397461,5.035161018371582,0.0,21.359190742692665,23040.0
-11.607169151306152,-16.727033615112305,5.119866371154785,0.0,34.496787155618335,23040.0
-11.624348640441895,-16.71881866455078,5.094473361968994,0.0,16.871217952354435,23040.0
-11.7269287109375,-16.764997482299805,5.038066387176514,0.0,36.788453632904954,23040.0
-11.700872421264648,-16.78388214111328,5.08300256729126,0.0,21.452667619891763,23040.0
-11.665725708007812,-16.693788528442383,5.02806282043457,0.0,49.65999715912393,23040.0
-11.645586013793945,-16.751672744750977,5.106088161468506,0.0,35.570402561805714,23040.0
-11.650443077087402,-16.74289894104004,5.092450141906738,0.0,47.252573251396726,23040.0
-11.724743843078613,-16.808561325073242,5.083819389343262,0.0,35.80481078114969,23040.0
-11.736183166503906,-16.811925888061523,5.075742244720459,0.0,40.586238666390386,23040.0
-11.697419166564941,-16.763397216796875,5.065983295440674,0.0,34.47989242579964,23040.0
-11.569177627563477,-16.72576904296875,5.156588077545166,0.0,43.503982917603054,23040.0
-11.69778060913086,-16.79338264465332,5.095602989196777,0.0,36.80039791440536,23040.0
-11.561015129089355,-16.680849075317383,5.119838237762451,0.0,60.34984655135067,23040.0
-11.774109840393066,-16.818220138549805,5.04410982131958,0.0,45.15500330365571,23040.0
-11.763257026672363,-16.78584098815918,5.022582530975342,0.0,59.508069704837425,23040.0
-11.662019729614258,-16.79157066345215,5.1295485496521,0.0,40.781808456112785,23040.0
-11.63593864440918,-16.719633102416992,5.083699703216553,0.0,61.37538487684951,23040.0
-11.683631896972656,-16.76851463317871,5.084883213043213,0.0,51.059168381347206,23040.0
-11.472572326660156,-16.622966766357422,5.150396823883057,0.0,67.42470757970702,23040.0
-11.499944686889648,-16.624500274658203,5.1245503425598145,0.0,63.071833012681495,23040.0
-11.589394569396973,-16.727928161621094,5.138531684875488,0.0,62.22837138883907,23040.0
-11.606332778930664,-16.75238800048828,5.146056652069092,0.0,63.877450997382034,23040.0
-11.489097595214844,-16.625043869018555,5.13594913482666,0.0,66.04002412213573,23040.0
-11.531455039978027,-16.678150177001953,5.146695613861084,0.0,56.15069516980975,23040.0
-11.316638946533203,-16.472795486450195,5.156155109405518,0.0,78.84987474002575,23040.0
-11.29946231842041,-16.42947006225586,5.130011081695557,0.0,69.30826486520664,23040.0
-11.322653770446777,-16.402172088623047,5.0795183181762695,0.0,86.39517712942757,23040.0
-11.192157745361328,-16.291593551635742,5.099437236785889,0.0,99.286302609934,23040.0
-11.040918350219727,-16.128095626831055,5.087175369262695,0.0,95.45709141503094,23040.0
-11.359627723693848,-16.47340965270996,5.11378288269043,0.0,90.56082787186823,23040.0
-11.203878402709961,-16.30352783203125,5.099648952484131,0.0,99.03046749347163,23040.0
-11.197850227355957,-16.276031494140625,5.07818078994751,0.0,95.62464554999985,23040.0
-11.427007675170898,-16.45587921142578,5.028873920440674,0.0,70.66423429402401,23040.0
-10.99687385559082,-16.09799575805664,5.101123809814453,0.0,116.8638368064316,23040.0
-10.59463119506836,-15.71129035949707,5.116658687591553,0.0,104.4178005033979,23040.0
-10.841028213500977,-15.813929557800293,4.972903251647949,0.0,136.0274780764528,23040.0
-11.21846866607666,-16.2539005279541,5.035435676574707,0.0,105.51919056437269,23040.0
-10.910329818725586,-15.914850234985352,5.004518508911133,0.0,118.22935477114359,23040.0
-11.297187805175781,-16.341638565063477,5.0444512367248535,0.0,93.50348730735581,23040.0
-11.122782707214355,-16.14954376220703,5.026759624481201,0.0,108.33835401699702,23040.0
-10.910165786743164,-15.917765617370605,5.007603168487549,0.0,104.3343656919504,23040.0
-10.612201690673828,-15.681168556213379,5.068964958190918,0.0,96.29542180894644,23040.0
-10.884818077087402,-15.828288078308105,4.9434614181518555,0.0,111.77243985333432,23040.0
-10.784568786621094,-15.77492904663086,4.990358829498291,0.0,127.1848093697344,23040.0
-10.155756950378418,-15.21810531616211,5.062346458435059,0.0,141.24978859470878,23040.0
-10.958141326904297,-15.979843139648438,5.021700382232666,0.0,97.65815969489637,23040.0
-10.74606704711914,-15.711584091186523,4.965517044067383,0.0,132.74883257558818,23040.0
-10.729300498962402,-15.662543296813965,4.9332475662231445,0.0,100.09635493303016,23040.0
-10.944868087768555,-15.845617294311523,4.90075159072876,0.0,101.42975846829182,23040.0
-10.72144889831543,-15.676779747009277,4.95533561706543,0.0,119.32903627753893,23040.0
-10.66153335571289,-15.684465408325195,5.0229339599609375,0.0,101.46095534387044,23040.0
-9.830694198608398,-14.859846115112305,5.02915096282959,0.0,131.11009268992612,23040.0
-10.295711517333984,-15.30052661895752,5.004818439483643,0.0,91.23787582346812,23040.0
-10.794037818908691,-15.743857383728027,4.949820518493652,0.0,109.03084465398229,23040.0
-10.2568998336792,-15.20814037322998,4.9512434005737305,0.0,149.3318077679657,23040.0
-10.894405364990234,-15.792632102966309,4.898228168487549,0.0,84.75942750913379,23040.0
-10.841508865356445,-15.770089149475098,4.928577423095703,0.0,100.0335389601023,23040.0
-10.630298614501953,-15.495011329650879,4.864715576171875,0.0,111.20619442190069,23040.0
-10.659194946289062,-15.553942680358887,4.894745349884033,0.0,68.20301063834532,23040.0
-10.201539993286133,-15.1445951461792,4.943057060241699,0.0,108.11544668899522,23040.0
-10.86253833770752,-15.67082691192627,4.808287143707275,0.0,81.71092616594623,23040.0
-10.836065292358398,-15.723440170288086,4.887377738952637,0.0,90.46934194609848,23040.0
-10.457428932189941,-15.313078880310059,4.855649471282959,0.0,109.31238579250974,23040.0
-10.729208946228027,-15.657328605651855,4.9281206130981445,0.0,76.05039280383994,23040.0
-10.96159839630127,-15.805280685424805,4.84368896484375,0.0,87.5080177761381,23040.0
-10.463455200195312,-15.392358779907227,4.928904056549072,0.0,111.66619942006595,23040.0
-10.930886268615723,-15.793025970458984,4.862137794494629,0.0,69.16264450470422,23040.0
-10.92697525024414,-15.800453186035156,4.873480796813965,0.0,71.8414448224198,23040.0
-10.984782218933105,-15.7979097366333,4.813127040863037,0.0,82.83969740954323,23040.0
-11.00710678100586,-15.888639450073242,4.881534099578857,0.0,59.53814890409445,23040.0
-10.116939544677734,-15.088106155395508,4.971164703369141,0.0,102.83664912235267,23040.0
-10.81666088104248,-15.661771774291992,4.845108985900879,0.0,73.22879229299357,23040.0
-11.079703330993652,-15.941985130310059,4.862286567687988,0.0,76.07795787659352,23040.0
-10.892253875732422,-15.741853713989258,4.84959602355957,0.0,85.25287206258892,23040.0
-11.31779670715332,-16.158050537109375,4.840263843536377,0.0,59.44853592547001,23040.0
-11.107026100158691,-16.077316284179688,4.970293998718262,0.0,74.78012241148502,23040.0
-11.00594425201416,-15.92204761505127,4.916104316711426,0.0,78.07809659862278,23040.0
-10.685086250305176,-15.631305694580078,4.946216583251953,0.0,73.8636159535915,23040.0
-10.389944076538086,-15.371245384216309,4.981301307678223,0.0,75.72316979610488,23040.0
-10.843270301818848,-15.819878578186035,4.976607799530029,0.0,76.77690844400834,23040.0
-11.120454788208008,-16.02126693725586,4.90081262588501,0.0,88.29400695534369,23040.0
-10.97187614440918,-15.897987365722656,4.92611026763916,0.0,92.17346871162195,23040.0
-11.250875473022461,-16.17609405517578,4.92521858215332,0.0,65.53413065354981,23040.0
-11.060525894165039,-15.969200134277344,4.908674240112305,0.0,79.35010790218342,23040.0
-10.82922077178955,-15.740824699401855,4.911606311798096,0.0,89.95374698887011,23040.0
-10.459439277648926,-15.47203540802002,5.012599468231201,0.0,73.67881520727754,23040.0
-10.510258674621582,-15.55754566192627,5.047284126281738,0.0,102.37746765596948,23040.0
-11.002596855163574,-15.982135772705078,4.97953462600708,0.0,77.28730812118742,23040.0
-10.392476081848145,-15.311979293823242,4.919505596160889,0.0,104.70685653401158,23040.0
-10.207252502441406,-15.15941047668457,4.952156066894531,0.0,106.4787366599048,23040.0
-10.767662048339844,-15.72591781616211,4.958254814147949,0.0,65.33995213573345,23040.0
-10.446642875671387,-15.401704788208008,4.955062389373779,0.0,104.55824828159481,23040.0
-10.39627742767334,-15.364766120910645,4.968490123748779,0.0,86.08899104947993,23040.0
-10.713264465332031,-15.701437950134277,4.988174915313721,0.0,52.233657471154615,23040.0
-10.792211532592773,-15.732877731323242,4.940662860870361,0.0,76.66695613575871,23040.0
-10.72211742401123,-15.613381385803223,4.891266345977783,0.0,73.5738155334436,23040.0
-9.802326202392578,-14.748137474060059,4.94581413269043,0.0,101.11388649931499,23040.0
-9.657037734985352,-14.664862632751465,5.007823944091797,0.0,99.90096809239157,23040.0
-10.393145561218262,-15.368950843811035,4.975805759429932,0.0,68.46882885787615,23040.0
-10.276174545288086,-15.17485523223877,4.898684501647949,0.0,105.98161535582412,23040.0
-10.400663375854492,-15.284083366394043,4.8834228515625,0.0,87.60061498659715,23040.0
-11.043482780456543,-15.864957809448242,4.821478843688965,0.0,57.35699378531343,23040.0
-10.762938499450684,-15.595818519592285,4.832878112792969,0.0,79.6241744469846,23040.0
-10.401205062866211,-15.213061332702637,4.811856269836426,0.0,107.05695564574357,23040.0
-10.525307655334473,-15.429511070251465,4.90419864654541,0.0,58.861959165594996,23040.0
-10.298523902893066,-15.165614128112793,4.867094039916992,0.0,76.44159499081408,23040.0
-10.170378684997559,-15.020074844360352,4.849691390991211,0.0,69.42676231509296,23040.0
-10.635539054870605,-15.48288345336914,4.8473405838012695,0.0,73.90944755931558,23040.0
-10.702336311340332,-15.480478286743164,4.778141021728516,0.0,105.72005377088593,23040.0
-10.665582656860352,-15.527099609375,4.861515522003174,0.0,71.41531191935393,23040.0
-10.89854621887207,-15.717472076416016,4.818925380706787,0.0,66.39319425487093,23040.0
-10.722848892211914,-15.59974193572998,4.87689208984375,0.0,86.28326477200692,23040.0
-10.877772331237793,-15.688678741455078,4.810900688171387,0.0,59.482660785874295,23040.0
-10.768102645874023,-15.579508781433105,4.811405181884766,0.0,61.78907462573524,23040.0
-10.805513381958008,-15.679234504699707,4.87372350692749,0.0,65.61239706170113,23040.0
-11.049263954162598,-15.852198600769043,4.802933692932129,0.0,58.106768537169835,23040.0
-10.90328311920166,-15.694123268127441,4.790838718414307,0.0,65.98075031397852,23040.0
-10.731476783752441,-15.546666145324707,4.815189838409424,0.0,78.9781798598643,23040.0
-10.978300094604492,-15.80250358581543,4.824206352233887,0.0,57.18631271317051,23040.0
-10.985773086547852,-15.779401779174805,4.79362678527832,0.0,77.22132211901439,23040.0
-10.712556838989258,-15.576799392700195,4.864249229431152,0.0,75.06050265167066,23040.0
-11.05659008026123,-15.917352676391602,4.860764026641846,0.0,70.43402363293703,23040.0
-10.993651390075684,-15.880088806152344,4.886436939239502,0.0,80.51239381109625,23040.0
-11.209206581115723,-16.066539764404297,4.8573317527771,0.0,58.88873664648092,23040.0
-11.091215133666992,-15.962859153747559,4.871646881103516,0.0,74.71155857709206,23040.0
-11.194470405578613,-16.026113510131836,4.831647872924805,0.0,64.55449939791664,23040.0
-10.972615242004395,-15.860509872436523,4.88789176940918,0.0,73.15172406849715,23040.0
-11.133893966674805,-16.04881477355957,4.914916515350342,0.0,53.1963830323266,23040.0
-11.324377059936523,-16.220630645751953,4.896255016326904,0.0,64.94744829751141,23040.0
-11.4610595703125,-16.413393020629883,4.952336311340332,0.0,37.8298319714841,23040.0
-11.212543487548828,-16.203767776489258,4.991229057312012,0.0,73.71790234048007,23040.0
-11.269484519958496,-16.213062286376953,4.943573951721191,0.0,52.37644794944811,23040.0
-11.151082038879395,-16.198686599731445,5.047599792480469,0.0,52.76664807762893,23040.0
-11.378225326538086,-16.309694290161133,4.931469917297363,0.0,60.581248682237515,23040.0
-11.41633415222168,-16.381271362304688,4.964935779571533,0.0,56.888211014329976,23040.0
-11.525137901306152,-16.492422103881836,4.967283248901367,0.0,52.33267922287016,23040.0
-11.546592712402344,-16.529054641723633,4.982463359832764,0.0,37.99835439006515,23040.0
-11.470048904418945,-16.437789916992188,4.967744827270508,0.0,52.2342460178558,23040.0
-11.473950386047363,-16.39809799194336,4.9241437911987305,0.0,35.64392264987855,23040.0
-11.194721221923828,-16.199798583984375,5.005076885223389,0.0,57.455511429538774,23040.0
-11.37795639038086,-16.347503662109375,4.969550132751465,0.0,41.1175473246198,23040.0
-11.431925773620605,-16.38174819946289,4.949821472167969,0.0,48.91426805931399,23040.0
-11.298471450805664,-16.23815155029297,4.93967866897583,0.0,67.78359213361355,23040.0
-11.13693618774414,-16.15630340576172,5.0193610191345215,0.0,54.24976556507483,23040.0
-11.407036781311035,-16.36557960510254,4.9585418701171875,0.0,39.72553073288189,23040.0
-11.32798957824707,-16.311025619506836,4.983035564422607,0.0,49.146327782345736,23040.0
-11.246564865112305,-16.304380416870117,5.057820796966553,0.0,52.14609966805075,23040.0
-11.323525428771973,-16.344532012939453,5.021009922027588,0.0,52.26504427848446,23040.0
-11.194618225097656,-16.27390480041504,5.079286098480225,0.0,53.24871097194104,23040.0
-11.289651870727539,-16.32915687561035,5.03950309753418,0.0,49.24029219952383,23040.0
-11.304402351379395,-16.29924964904785,4.994854927062988,0.0,58.93573416199774,23040.0
-11.219143867492676,-16.253114700317383,5.033966064453125,0.0,50.535126611972096,23040.0
-11.177452087402344,-16.204517364501953,5.027070045471191,0.0,53.70926246340723,23040.0
-11.470500946044922,-16.46465492248535,4.9941511154174805,0.0,46.142201535546825,23040.0
-11.561760902404785,-16.52206039428711,4.960296630859375,0.0,45.68830347396072,23040.0
-11.13387393951416,-16.17593002319336,5.042052745819092,0.0,62.58912895639121,23040.0
-11.051223754882812,-16.021469116210938,4.9702467918396,0.0,52.501473175064966,23040.0
-10.88219928741455,-15.906718254089355,5.024518013000488,0.0,67.93119105787378,23040.0
-11.079192161560059,-16.103321075439453,5.024128437042236,0.0,64.0796442493842,23040.0
-11.39509105682373,-16.353046417236328,4.957954406738281,0.0,59.18291135692838,23040.0
-11.48363208770752,-16.4593505859375,4.975716590881348,0.0,44.60996870122792,23040.0
-11.501616477966309,-16.450334548950195,4.948712348937988,0.0,53.673395460853875,23040.0
-11.126832008361816,-16.16371726989746,5.036882400512695,0.0,54.485047063554546,23040.0
-10.850313186645508,-15.870495796203613,5.020177841186523,0.0,62.81534339308375,23040.0
-11.175827026367188,-16.10755157470703,4.931726932525635,0.0,60.62751507261097,23040.0
-11.2415771484375,-16.167518615722656,4.925940036773682,0.0,62.488198235744456,23040.0
-11.260985374450684,-16.21161651611328,4.950629234313965,0.0,68.71684696174769,23040.0
-11.560578346252441,-16.481027603149414,4.9204487800598145,0.0,49.12154079081691,23040.0
-11.42126178741455,-16.36562156677246,4.944361209869385,0.0,66.46407570081374,23040.0
-11.355528831481934,-16.29822540283203,4.942698001861572,0.0,55.78910947516091,23040.0
-10.961028099060059,-16.031936645507812,5.070905685424805,0.0,60.65094076685157,23040.0
-11.147856712341309,-16.170604705810547,5.022742748260498,0.0,63.7866522478044,23040.0
-11.363049507141113,-16.422317504882812,5.059269428253174,0.0,69.41907760667046,23040.0
-11.308485984802246,-16.320470809936523,5.01198148727417,0.0,76.84159903935209,23040.0
-11.483979225158691,-16.47280502319336,4.988829612731934,0.0,71.49536176474598,23040.0
-11.367589950561523,-16.314680099487305,4.947093963623047,0.0,83.17077173516576,23040.0
-11.450057029724121,-16.414325714111328,4.964271068572998,0.0,77.29429298783009,23040.0
-11.402709007263184,-16.40876007080078,5.006053447723389,0.0,68.68705387152524,23040.0
-11.3090238571167,-16.24856185913086,4.939530372619629,0.0,89.20471494951184,23040.0
-11.718917846679688,-16.632740020751953,4.913824558258057,0.0,56.06381471546827,23040.0
-11.22775936126709,-16.24786949157715,5.020109176635742,0.0,93.16313340702484,23040.0
-11.598748207092285,-16.557233810424805,4.9584832191467285,0.0,62.202255820449764,23040.0
-11.536678314208984,-16.536039352416992,4.999361038208008,0.0,82.69321679823233,23040.0
-11.386933326721191,-16.438350677490234,5.051415920257568,0.0,90.25503572513496,23040.0
-11.463455200195312,-16.476200103759766,5.0127482414245605,0.0,75.57791526128747,23040.0
-11.400435447692871,-16.396865844726562,4.996429920196533,0.0,85.60015515846513,23040.0
-11.451193809509277,-16.46776580810547,5.0165696144104,0.0,83.92636838564978,23040.0
-11.178043365478516,-16.251928329467773,5.073887348175049,0.0,103.55549172064383,23040.0
-10.960835456848145,-16.028099060058594,5.067262649536133,0.0,112.90080933412878,23040.0
-11.315323829650879,-16.34949493408203,5.034173488616943,0.0,105.24762514760069,23040.0
-10.854618072509766,-15.905800819396973,5.051180362701416,0.0,118.34098689579933,23040.0
-11.196404457092285,-16.247840881347656,5.051441669464111,0.0,107.16325735836965,23040.0
-11.328499794006348,-16.391117095947266,5.062617301940918,0.0,105.48754953528011,23040.0
-10.995924949645996,-16.088367462158203,5.092439651489258,0.0,121.9748981941675,23040.0
-11.186707496643066,-16.240541458129883,5.053828716278076,0.0,109.47647405665815,23040.0
-10.72427749633789,-15.75033950805664,5.026062488555908,0.0,109.04223582835841,23040.0
-10.868815422058105,-15.930917739868164,5.062103748321533,0.0,122.11836587897027,23040.0
-11.28516674041748,-16.277515411376953,4.992350101470947,0.0,105.59261808456823,23040.0
-10.470785140991211,-15.51953411102295,5.0487446784973145,0.0,143.4941338914307,23040.0
-11.223382949829102,-16.177156448364258,4.953768730163574,0.0,105.05268602778816,23040.0
-11.30409049987793,-16.201887130737305,4.897799491882324,0.0,103.92009590141049,23040.0
-10.900890350341797,-15.898725509643555,4.997834205627441,0.0,118.48179936764222,23040.0
-11.23292350769043,-16.18898582458496,4.956059455871582,0.0,90.12065909150557,23040.0
-10.967459678649902,-15.93869400024414,4.971233367919922,0.0,112.6243971312593,23040.0
-10.99968147277832,-15.98694896697998,4.987274646759033,0.0,110.25478912228745,23040.0
-10.922881126403809,-15.872346878051758,4.949465751647949,0.0,110.7270084943077,23040.0
-10.455337524414062,-15.401372909545898,4.946036338806152,0.0,111.62325821761539,23040.0
-10.68002700805664,-15.672089576721191,4.992061138153076,0.0,97.15321408612121,23040.0
-11.214393615722656,-16.14619255065918,4.931797981262207,0.0,101.0733153674543,23040.0
-10.668527603149414,-15.619343757629395,4.950813293457031,0.0,126.2580048067215,23040.0
-11.196976661682129,-16.11066436767578,4.9136881828308105,0.0,82.45501688927925,23040.0
-11.018245697021484,-15.99156665802002,4.973318576812744,0.0,94.63198183353325,23040.0
-10.891422271728516,-15.79890251159668,4.907482147216797,0.0,105.31052854370202,23040.0
-10.803592681884766,-15.76146125793457,4.9578633308410645,0.0,93.22975765952896,23040.0
-10.527632713317871,-15.513443946838379,4.98581075668335,0.0,105.98109716977663,23040.0
-10.821983337402344,-15.743317604064941,4.921340465545654,0.0,104.66705379232205,23040.0
-10.765795707702637,-15.690417289733887,4.92461633682251,0.0,105.90300797370264,23040.0
-10.332513809204102,-15.250847816467285,4.918333053588867,0.0,119.03595571241091,23040.0
-10.667049407958984,-15.619165420532227,4.952114582061768,0.0,98.10144039129467,23040.0
-11.226823806762695,-16.049654006958008,4.822826862335205,0.0,89.71172877142935,23040.0
-10.650089263916016,-15.589969635009766,4.939878463745117,0.0,108.54446553141949,23040.0
-10.884424209594727,-15.788445472717285,4.904019832611084,0.0,82.09199187877377,23040.0
-11.087624549865723,-15.962264060974121,4.874634265899658,0.0,69.525713097221,23040.0
-10.959349632263184,-15.82890796661377,4.869563579559326,0.0,90.07792413171572,23040.0
-11.02618408203125,-15.937341690063477,4.911159515380859,0.0,80.71950342639194,23040.0
-10.750452041625977,-15.630212783813477,4.879760265350342,0.0,88.24250886404928,23040.0
-10.593382835388184,-15.519575119018555,4.926193714141846,0.0,102.98874469680365,23040.0
-11.101981163024902,-15.983893394470215,4.88191032409668,0.0,75.68584658127774,23040.0
-10.92996597290039,-15.841408729553223,4.911440849304199,0.0,86.75527813186137,23040.0
-10.944031715393066,-15.787424087524414,4.843392372131348,0.0,88.27664590773068,23040.0
-11.285148620605469,-16.15676498413086,4.871616840362549,0.0,67.00429519329042,23040.0
-11.357718467712402,-16.18197250366211,4.824253082275391,0.0,65.83265464057583,23040.0
-11.094388008117676,-15.96448802947998,4.870108127593994,0.0,77.89190194319985,23040.0
-11.158674240112305,-16.05312728881836,4.894449234008789,0.0,59.64001783122868,23040.0
-11.111861228942871,-16.072063446044922,4.96019983291626,0.0,54.12691136049885,23040.0
-11.316155433654785,-16.188512802124023,4.872359752655029,0.0,73.44660653950642,23040.0
-11.432451248168945,-16.34625816345215,4.913811683654785,0.0,65.27241321252195,23040.0
-11.269339561462402,-16.18758773803711,4.918248653411865,0.0,70.22089699691757,23040.0
-11.096126556396484,-16.033796310424805,4.937665939331055,0.0,76.07302818898766,23040.0
-11.29593563079834,-16.260480880737305,4.964546203613281,0.0,52.97561303184167,23040.0
-11.237319946289062,-16.183231353759766,4.945910453796387,0.0,65.08393453395182,23040.0
-11.277417182922363,-16.254640579223633,4.97722864151001,0.0,63.24260471063222,23040.0
-11.517349243164062,-16.47122573852539,4.953880310058594,0.0,43.06350754347709,23040.0
-11.349984169006348,-16.342466354370117,4.9924821853637695,0.0,64.29999908503336,23040.0
-11.192950248718262,-16.231298446655273,5.03834342956543,0.0,63.59142982932798,23040.0
-10.966497421264648,-16.061983108520508,5.0954909324646,0.0,57.404966004940285,23040.0
-10.993911743164062,-16.028230667114258,5.0343194007873535,0.0,64.19911777936872,23040.0
-11.22956657409668,-16.236799240112305,5.007235050201416,0.0,73.06013411679814,23040.0
-11.267718315124512,-16.29452133178711,5.026802062988281,0.0,70.36850393626618,23040.0
-11.331975936889648,-16.339054107666016,5.007079601287842,0.0,66.15331016683281,23040.0
-11.451849937438965,-16.493406295776367,5.041554927825928,0.0,49.26979525786493,23040.0
-11.323653221130371,-16.29657745361328,4.972928047180176,0.0,62.59206937567267,23040.0
-11.174410820007324,-16.183610916137695,5.009201526641846,0.0,60.30941494731034,23040.0
-11.080168724060059,-16.076093673706055,4.995926380157471,0.0,59.8267798392317,23040.0
-11.25971794128418,-16.2442684173584,4.984555244445801,0.0,69.54077751005055,23040.0
-11.235977172851562,-16.258012771606445,5.02203893661499,0.0,67.70401608644183,23040.0
-11.031573295593262,-16.061464309692383,5.029891490936279,0.0,79.8189932239671,23040.0
-11.010677337646484,-16.03042221069336,5.01974630355835,0.0,74.79481674063011,23040.0
-11.155744552612305,-16.176969528198242,5.021225452423096,0.0,60.990149404598284,23040.0
-11.129752159118652,-16.122453689575195,4.992709159851074,0.0,71.65662677448033,23040.0
-11.210947036743164,-16.221975326538086,5.011030673980713,0.0,65.57144797136127,23040.0
-11.395231246948242,-16.368074417114258,4.972843170166016,0.0,49.77762963629129,23040.0
-11.182677268981934,-16.179128646850586,4.996452331542969,0.0,73.65670711374445,23040.0
-11.01928424835205,-16.01089859008789,4.991607189178467,0.0,65.77231727511393,23040.0
-10.915964126586914,-15.899063110351562,4.983091831207275,0.0,73.8750635723559,23040.0
-11.079447746276855,-16.031423568725586,4.951981067657471,0.0,72.68468460626201,23040.0
-11.24567985534668,-16.1805477142334,4.934872627258301,0.0,65.56171117525828,23040.0
-11.150556564331055,-16.090679168701172,4.940126419067383,0.0,78.66241800716004,23040.0
-11.440417289733887,-16.384815216064453,4.944398880004883,0.0,55.93176295216064,23040.0
-11.395003318786621,-16.35179901123047,4.956796169281006,0.0,61.20958623226487,23040.0
-10.697040557861328,-15.717774391174316,5.020735263824463,0.0,78.78139076164922,23040.0
-10.735047340393066,-15.8080415725708,5.072995185852051,0.0,54.75932280810869,23040.0
-10.95479965209961,-15.901077270507812,4.946276664733887,0.0,89.79857471112045,23040.0
-11.282724380493164,-16.235471725463867,4.95274543762207,0.0,76.0233667202822,23040.0
-11.271842956542969,-16.229413986206055,4.957571983337402,0.0,71.21700000582199,23040.0
-11.369842529296875,-16.28530502319336,4.915462017059326,0.0,66.9941050305166,23040.0
-11.188430786132812,-16.158491134643555,4.97005558013916,0.0,71.30471617026524,23040.0
-11.125097274780273,-16.115283966064453,4.990188121795654,0.0,58.25132804915589,23040.0
-10.980246543884277,-15.969775199890137,4.989533424377441,0.0,72.75705079471004,23040.0
-11.268790245056152,-16.173114776611328,4.904323577880859,0.0,50.78208833750746,23040.0
-11.273040771484375,-16.203441619873047,4.930405139923096,0.0,71.68237558837723,23040.0
-11.378731727600098,-16.318159103393555,4.9394307136535645,0.0,59.70525274452873,23040.0
-11.239672660827637,-16.18709373474121,4.947420120239258,0.0,67.98948427847502,23040.0
-11.180192947387695,-16.2000675201416,5.019876956939697,0.0,50.496308666140095,23040.0
-11.237357139587402,-16.19082260131836,4.9534687995910645,0.0,57.188318235628316,23040.0
-11.166321754455566,-16.19899559020996,5.032671928405762,0.0,55.72502864324645,23040.0
-11.292561531066895,-16.297727584838867,5.005167484283447,0.0,50.21678766291197,23040.0
-11.492897033691406,-16.483230590820312,4.990336894989014,0.0,39.52165224142588,23040.0
-11.539960861206055,-16.503026962280273,4.963061332702637,0.0,40.67727218649042,23040.0
-11.40136432647705,-16.37087631225586,4.969508171081543,0.0,47.6155499168487,23040.0
-11.31519603729248,-16.28331756591797,4.9681243896484375,0.0,44.771915325746846,23040.0
-11.27156925201416,-16.26458740234375,4.993013381958008,0.0,49.154475753927514,23040.0
-11.485798835754395,-16.44161033630371,4.955807685852051,0.0,43.8239154490636,23040.0
-11.489460945129395,-16.436323165893555,4.946862697601318,0.0,48.15922868744016,23040.0
-11.497102737426758,-16.474302291870117,4.977190971374512,0.0,46.26476547908212,23040.0
-11.497760772705078,-16.531970977783203,5.034214019775391,0.0,37.93629977952485,23040.0
-11.537553787231445,-16.57510757446289,5.0375542640686035,0.0,35.80099781243124,23040.0
-11.454651832580566,-16.477846145629883,5.023189544677734,0.0,40.28451375498953,23040.0
-11.542384147644043,-16.53864097595215,4.99625301361084,0.0,33.62725294775766,23040.0
-11.562362670898438,-16.630218505859375,5.0678558349609375,0.0,43.172251249669515,23040.0
-11.671721458435059,-16.72167205810547,5.0499491691589355,0.0,37.0807234676014,23040.0
-11.608206748962402,-16.624582290649414,5.016375541687012,0.0,41.753826827216045,23040.0
-11.594971656799316,-16.62247085571289,5.027502059936523,0.0,38.60657156266,23040.0
-11.46457290649414,-16.53805160522461,5.073483467102051,0.0,41.16928845438068,23040.0
-11.623172760009766,-16.63164710998535,5.0084757804870605,0.0,38.388010347782455,23040.0
-11.613544464111328,-16.65572738647461,5.042182922363281,0.0,36.40398148874419,23040.0
-11.71600341796875,-16.77056312561035,5.054559230804443,0.0,35.27795640951645,23040.0
-11.75804328918457,-16.78536033630371,5.027318477630615,0.0,40.18162059156658,23040.0
-11.56384563446045,-16.689075469970703,5.125233173370361,0.0,40.86677395412317,23040.0
-11.476052284240723,-16.563385009765625,5.087329864501953,0.0,40.65779331697036,23040.0
-11.569754600524902,-16.621612548828125,5.051860332489014,0.0,42.50581797751465,23040.0
-11.64704418182373,-16.686601638793945,5.039559364318848,0.0,56.74099791800749,23040.0
-11.660685539245605,-16.692293167114258,5.0316033363342285,0.0,57.632600972917984,23040.0
-11.661277770996094,-16.733339309692383,5.072062015533447,0.0,47.60145329945393,23040.0
-11.76720142364502,-16.83139419555664,5.064194202423096,0.0,50.74431093357955,23040.0
-11.699851989746094,-16.769237518310547,5.069387912750244,0.0,54.05529189289371,23040.0
-11.82737922668457,-16.822511672973633,4.995136737823486,0.0,43.331934195257574,23040.0
-11.591469764709473,-16.662757873535156,5.071293354034424,0.0,60.26403179301964,23040.0
-11.754423141479492,-16.79520606994629,5.040783882141113,0.0,58.337062582114825,23040.0
-11.497455596923828,-16.623842239379883,5.126389026641846,0.0,69.17504020781696,23040.0
-11.60877799987793,-16.69361114501953,5.084832191467285,0.0,69.42980236649866,23040.0
-11.562413215637207,-16.748218536376953,5.185807228088379,0.0,60.76910457905811,23040.0
-11.535011291503906,-16.63151741027832,5.096503734588623,0.0,79.69368047641078,23040.0
-11.705951690673828,-16.81118392944336,5.105227947235107,0.0,49.225226843780504,23040.0
-11.685210227966309,-16.79068946838379,5.105476379394531,0.0,62.43919625927097,23040.0
-11.705212593078613,-16.783950805664062,5.0787353515625,0.0,65.38771452211382,23040.0
-11.432283401489258,-16.553218841552734,5.120928764343262,0.0,60.24760656425522,23040.0
-11.533342361450195,-16.566877365112305,5.033532619476318,0.0,87.43948660413874,23040.0
-11.62837028503418,-16.716106414794922,5.087734222412109,0.0,56.02113911192051,23040.0
-11.379262924194336,-16.430688858032227,5.051424503326416,0.0,89.17522109671879,23040.0
-11.643821716308594,-16.779827117919922,5.136005401611328,0.0,68.44932673341764,23040.0
-11.725727081298828,-16.746170043945312,5.020443916320801,0.0,72.41758951257266,23040.0
-11.50186538696289,-16.584651947021484,5.082787990570068,0.0,76.99331833900335,23040.0
-11.494482040405273,-16.59563446044922,5.101153373718262,0.0,65.79358796083893,23040.0
-11.420108795166016,-16.482038497924805,5.061926364898682,0.0,95.47113235437126,23040.0
-11.324066162109375,-16.425235748291016,5.101165771484375,0.0,93.21735800018256,23040.0
-11.043601989746094,-16.18517303466797,5.141572952270508,0.0,104.10668584344812,23040.0
-11.402715682983398,-16.456424713134766,5.053709030151367,0.0,112.06979788669325,23040.0
-11.215444564819336,-16.311359405517578,5.095910549163818,0.0,101.85895838759131,23040.0
-11.390365600585938,-16.417694091796875,5.027329444885254,0.0,112.20141316762987,23040.0
-11.43689250946045,-16.47736358642578,5.040473461151123,0.0,101.34677649405523,23040.0
-11.26947021484375,-16.30464744567871,5.035180568695068,0.0,111.39703299831478,23040.0
-11.170577049255371,-16.199024200439453,5.028448581695557,0.0,116.20898081979307,23040.0
-10.741411209106445,-15.87626838684082,5.134855270385742,0.0,108.13435908017989,23040.0
-11.141165733337402,-16.19970703125,5.05854606628418,0.0,116.42012227690384,23040.0
-11.216849327087402,-16.259653091430664,5.042807579040527,0.0,123.8532897996498,23040.0
-10.882257461547852,-15.917887687683105,5.035628318786621,0.0,125.93898399965005,23040.0
-11.217947006225586,-16.25130844116211,5.033358573913574,0.0,109.821072177899,23040.0
-11.267956733703613,-16.251739501953125,4.983780860900879,0.0,109.0321505120175,23040.0
-11.214971542358398,-16.126941680908203,4.911970138549805,0.0,110.27374053092879,23040.0
-11.218378067016602,-16.17092514038086,4.952549934387207,0.0,107.54711597719113,23040.0
-11.026001930236816,-16.02604103088379,5.000044822692871,0.0,111.57541474557006,23040.0
-11.388151168823242,-16.298582077026367,4.910430431365967,0.0,111.30579448385475,23040.0
-10.93669605255127,-15.953350067138672,5.016654968261719,0.0,117.32338450086874,23040.0
-11.072150230407715,-16.040449142456055,4.968302249908447,0.0,107.99197085126346,23040.0
-11.263226509094238,-16.203794479370117,4.940563201904297,0.0,104.64488918657585,23040.0
-11.30352783203125,-16.237150192260742,4.933624744415283,0.0,115.13676476285794,23040.0
-11.232094764709473,-16.153209686279297,4.921117305755615,0.0,111.23051079959463,23040.0
-11.273886680603027,-16.233427047729492,4.9595417976379395,0.0,104.79767359733663,23040.0
-11.380249977111816,-16.352935791015625,4.972680568695068,0.0,96.36130523645998,23040.0
-11.313332557678223,-16.25999641418457,4.946664333343506,0.0,99.07966563317042,23040.0
-11.342761993408203,-16.322324752807617,4.979567527770996,0.0,96.74859863359836,23040.0
-11.384785652160645,-16.32028579711914,4.935500621795654,0.0,90.84236316045128,23040.0
-11.39373779296875,-16.356687545776367,4.962945461273193,0.0,98.62039980359154,23040.0
-11.329048156738281,-16.358436584472656,5.029391288757324,0.0,96.98010309959463,23040.0
-11.33375072479248,-16.368745803833008,5.034997463226318,0.0,89.8048244980206,23040.0
-11.458938598632812,-16.435667037963867,4.976724147796631,0.0,98.60548699198728,23040.0
-11.57461166381836,-16.539342880249023,4.964735984802246,0.0,88.12654527163333,23040.0
-11.509355545043945,-16.50653839111328,4.997183799743652,0.0,90.63660508515333,23040.0
-11.606937408447266,-16.56764030456543,4.960701942443848,0.0,90.11419144314998,23040.0
-11.634159088134766,-16.678482055664062,5.044320583343506,0.0,63.688368094429904,23040.0
-11.47889518737793,-16.479297637939453,5.000401973724365,0.0,91.32930037719117,23040.0
-11.649003028869629,-16.658910751342773,5.0099101066589355,0.0,69.31910072656738,23040.0
-11.598403930664062,-16.64984130859375,5.0514349937438965,0.0,74.06816580261153,23040.0
-11.479604721069336,-16.522449493408203,5.042845726013184,0.0,89.6292432868442,23040.0
-11.688331604003906,-16.693737030029297,5.005410194396973,0.0,65.25650975522119,23040.0
-11.67392349243164,-16.69798469543457,5.02406644821167,0.0,87.81091818456733,23040.0
-11.608227729797363,-16.677961349487305,5.069732189178467,0.0,78.37676344991401,23040.0
-11.698001861572266,-16.74751853942871,5.049520015716553,0.0,65.64760837916887,23040.0
-11.65609359741211,-16.643566131591797,4.987473964691162,0.0,87.59419785985197,23040.0
-11.728593826293945,-16.763275146484375,5.034687042236328,0.0,61.21641711977038,23040.0
-11.626081466674805,-16.72939682006836,5.103312969207764,0.0,74.64308745729063,23040.0
-11.477922439575195,-16.535873413085938,5.057952880859375,0.0,94.67261703227022,23040.0
-11.66567611694336,-16.721277236938477,5.055596351623535,0.0,66.98205841373853,23040.0
-11.567742347717285,-16.603282928466797,5.035538673400879,0.0,95.99714658866645,23040.0
-11.609322547912598,-16.6282901763916,5.018967628479004,0.0,79.52067194150622,23040.0
-11.694190979003906,-16.773712158203125,5.079516410827637,0.0,74.24952433249277,23040.0
-11.669625282287598,-16.718576431274414,5.048952579498291,0.0,98.91094835785368,23040.0
-11.615437507629395,-16.743316650390625,5.12787389755249,0.0,73.41027834370927,23040.0
-11.66120433807373,-16.669525146484375,5.008317470550537,0.0,94.91817855829252,23040.0
-11.338125228881836,-16.423023223876953,5.084906101226807,0.0,94.98691195271967,23040.0
-11.580228805541992,-16.737459182739258,5.157227516174316,0.0,75.71598241363954,23040.0
-11.178168296813965,-16.26642417907715,5.0882568359375,0.0,126.76991787038678,23040.0
-11.447416305541992,-16.555923461914062,5.108509540557861,0.0,81.32698808695268,23040.0
-11.404088020324707,-16.462480545043945,5.058391571044922,0.0,112.7011881923826,23040.0
-11.2396821975708,-16.30779266357422,5.068105220794678,0.0,110.39132482295324,23040.0
-11.620779037475586,-16.67769432067871,5.056914329528809,0.0,80.17610265548718,23040.0
-11.253801345825195,-16.327625274658203,5.07382869720459,0.0,123.2849367768435,23040.0
-11.578363418579102,-16.639205932617188,5.060837268829346,0.0,84.76456668442009,23040.0
-11.610591888427734,-16.595783233642578,4.985191345214844,0.0,95.59389149347481,23040.0
-11.504295349121094,-16.476585388183594,4.972289085388184,0.0,102.08037270105409,23040.0
-11.548744201660156,-16.55819320678711,5.009445667266846,0.0,79.26381368361423,23040.0
-11.562193870544434,-16.591938018798828,5.029741287231445,0.0,98.19760673759454,23040.0
-11.116297721862793,-16.19788932800293,5.081593990325928,0.0,117.32937857286333,23040.0
-11.677054405212402,-16.686115264892578,5.009059906005859,0.0,81.83747532682386,23040.0
-11.351569175720215,-16.38616371154785,5.034595012664795,0.0,115.30091998543804,23040.0
-11.375125885009766,-16.398412704467773,5.023287773132324,0.0,95.90737385197532,23040.0
-11.591058731079102,-16.61777687072754,5.026721000671387,0.0,81.27714819891374,23040.0
-11.295409202575684,-16.294788360595703,4.999382972717285,0.0,125.44678014929718,23040.0
-11.527247428894043,-16.53988265991211,5.012631416320801,0.0,87.06766626866386,23040.0
-11.43932056427002,-16.459808349609375,5.020488262176514,0.0,102.53566962718527,23040.0
-11.188834190368652,-16.2222843170166,5.033447265625,0.0,114.18877216361133,23040.0
-11.615530014038086,-16.638355255126953,5.022822380065918,0.0,71.24451274785348,23040.0
-11.417850494384766,-16.38755989074707,4.969709396362305,0.0,112.92016341925547,23040.0
-11.41889476776123,-16.409975051879883,4.99108362197876,0.0,102.0397568916334,23040.0
-11.779816627502441,-16.764358520507812,4.984543323516846,0.0,71.55644312521616,23040.0
-11.385659217834473,-16.40425682067871,5.018595218658447,0.0,111.23482738533983,23040.0
-11.588125228881836,-16.577056884765625,4.98892879486084,0.0,79.38924712327962,23040.0
-11.68554973602295,-16.678470611572266,4.992927074432373,0.0,74.86515827541045,23040.0
-11.363279342651367,-16.341798782348633,4.978517532348633,0.0,116.49072800662624,23040.0
-11.642022132873535,-16.665103912353516,5.023082256317139,0.0,71.94919157627673,23040.0
-11.54423999786377,-16.561819076538086,5.01757287979126,0.0,93.08790344799219,23040.0
-11.35040283203125,-16.34003448486328,4.989630699157715,0.0,110.13079126488215,23040.0
-11.740093231201172,-16.75783348083496,5.0177388191223145,0.0,61.52500098817618,23040.0
-11.69340705871582,-16.647031784057617,4.953622817993164,0.0,97.95154616765075,23040.0
-11.42352294921875,-16.458723068237305,5.035205364227295,0.0,104.54910495699974,23040.0
-11.828413009643555,-16.840240478515625,5.011829376220703,0.0,62.08167383528317,23040.0
-11.515999794006348,-16.51463508605957,4.998637676239014,0.0,102.26994109783735,23040.0
-11.618501663208008,-16.63371467590332,5.015217304229736,0.0,79.20217111899343,23040.0
-11.73957633972168,-16.813432693481445,5.073854923248291,0.0,68.05630941415231,23040.0
-11.428251266479492,-16.49388313293457,5.065635681152344,0.0,103.99964231070693,23040.0
-11.716712951660156,-16.74177360534668,5.025059223175049,0.0,73.65816819358278,23040.0
-11.70036506652832,-16.702524185180664,5.002159595489502,0.0,90.47237365557268,23040.0
-11.305451393127441,-16.390335083007812,5.084880828857422,0.0,101.34118326130421,23040.0
-11.665759086608887,-16.73362159729004,5.067863464355469,0.0,72.63263849395496,23040.0
-11.578883171081543,-16.639867782592773,5.060981273651123,0.0,105.30474800640883,23040.0
-11.340470314025879,-16.439369201660156,5.0988993644714355,0.0,106.57702532805892,23040.0
-11.76476764678955,-16.775829315185547,5.0110626220703125,0.0,81.26971618140571,23040.0
-11.380997657775879,-16.433691024780273,5.0526885986328125,0.0,113.74589579645269,23040.0
-11.5357027053833,-16.65089225769043,5.115188121795654,0.0,85.64550850868825,23040.0
-11.554848670959473,-16.65886688232422,5.104021072387695,0.0,96.68398138881679,23040.0
-11.3013916015625,-16.38374137878418,5.082353591918945,0.0,107.88009590003362,23040.0
-11.775897979736328,-16.820873260498047,5.044978618621826,0.0,80.08840327390085,23040.0
-11.429614067077637,-16.5075626373291,5.07794713973999,0.0,106.80588512839333,23040.0
-11.307785034179688,-16.382104873657227,5.074319362640381,0.0,97.6932832693406,23040.0
-11.694985389709473,-16.73974609375,5.044758319854736,0.0,81.07727211089,23040.0
-11.58515453338623,-16.640058517456055,5.054901123046875,0.0,103.77754812969697,23040.0
-11.553069114685059,-16.606000900268555,5.05293083190918,0.0,91.39804961363706,23040.0
-11.697341918945312,-16.736623764038086,5.0392842292785645,0.0,82.56658535441831,23040.0
-11.71745777130127,-16.73891258239746,5.021452903747559,0.0,90.13078458220511,23040.0
-11.630325317382812,-16.736875534057617,5.106550693511963,0.0,76.42434944262544,23040.0
-11.671662330627441,-16.731107711791992,5.0594482421875,0.0,81.73317246904712,23040.0
-11.58737564086914,-16.667152404785156,5.079775333404541,0.0,85.96795459055832,23040.0
-11.756952285766602,-16.83999252319336,5.083041667938232,0.0,66.550395365008,23040.0
-11.513360023498535,-16.61952781677246,5.106167316436768,0.0,95.25459703433795,23040.0
-11.533772468566895,-16.66876983642578,5.134993076324463,0.0,73.8350724190119,23040.0
-11.751144409179688,-16.820558547973633,5.069418430328369,0.0,77.60015084906824,23040.0
-11.581645011901855,-16.65071678161621,5.0690741539001465,0.0,92.70199105195042,23040.0
-11.76830768585205,-16.81203269958496,5.0437235832214355,0.0,72.33023343600519,23040.0
-11.771142959594727,-16.86387062072754,5.092728137969971,0.0,67.4416295418592,23040.0
-11.748479843139648,-16.84235382080078,5.093870162963867,0.0,79.21914327807211,23040.0
-11.724239349365234,-16.83469581604004,5.110461711883545,0.0,67.67885533974042,23040.0
-11.791410446166992,-16.830982208251953,5.039571762084961,0.0,72.37735216348989,23040.0
-11.791568756103516,-16.860464096069336,5.068897247314453,0.0,75.73347375504967,23040.0
-11.698920249938965,-16.798738479614258,5.099819183349609,0.0,70.12376421450892,23040.0
-11.241581916809082,-16.378129959106445,5.136549949645996,0.0,96.80708753642818,23040.0
-11.532933235168457,-16.643510818481445,5.110579967498779,0.0,72.69511186103442,23040.0
-11.744407653808594,-16.8294734954834,5.085064888000488,0.0,86.71137458185363,23040.0
-11.422014236450195,-16.506057739257812,5.084042549133301,0.0,96.98554341275907,23040.0
-11.698710441589355,-16.74530029296875,5.046586036682129,0.0,74.03500113944006,23040.0
-11.691930770874023,-16.728063583374023,5.036135673522949,0.0,76.38946842453693,23040.0
-11.656624794006348,-16.73131561279297,5.074686527252197,0.0,79.47984066594964,23040.0
-11.71313762664795,-16.774534225463867,5.061397075653076,0.0,66.22494853439288,23040.0
-11.648802757263184,-16.74924659729004,5.100448131561279,0.0,76.2063606936209,23040.0
-11.688712120056152,-16.77066421508789,5.081955432891846,0.0,79.6934632599913,23040.0
-11.293007850646973,-16.37981414794922,5.08681058883667,0.0,87.35843860127363,23040.0
-10.83620548248291,-16.064918518066406,5.228709697723389,0.0,97.13678802957554,23040.0
-11.491338729858398,-16.604875564575195,5.1135358810424805,0.0,82.51921685948837,23040.0
-11.528645515441895,-16.58405303955078,5.05541467666626,0.0,98.99130576868569,23040.0
-11.222748756408691,-16.277782440185547,5.055034637451172,0.0,104.22102661710436,23040.0
-11.536903381347656,-16.62969970703125,5.092801570892334,0.0,70.36075318446655,23040.0
-11.454468727111816,-16.531274795532227,5.076807975769043,0.0,86.87305364662487,23040.0
-11.422835350036621,-16.496063232421875,5.073225021362305,0.0,84.20058100529097,23040.0
-11.555939674377441,-16.57240104675293,5.016459941864014,0.0,64.62995105692657,23040.0
-11.566778182983398,-16.60955238342285,5.042776107788086,0.0,80.90286921090792,23040.0
-11.545619010925293,-16.623767852783203,5.078147888183594,0.0,68.35224038496132,23040.0
-11.111427307128906,-16.204221725463867,5.0927958488464355,0.0,87.13267392232291,23040.0
-10.93123722076416,-16.071903228759766,5.1406660079956055,0.0,94.23108576326405,23040.0
-11.486372947692871,-16.54390525817871,5.057530879974365,0.0,68.04018477653509,23040.0
-11.47656536102295,-16.535972595214844,5.059405326843262,0.0,90.73147692865403,23040.0
-11.574548721313477,-16.568784713745117,4.994238376617432,0.0,85.19829068952875,23040.0
-11.741012573242188,-16.772985458374023,5.031970977783203,0.0,47.5386157472442,23040.0
-11.498778343200684,-16.549753189086914,5.050979137420654,0.0,80.01760019943225,23040.0
-11.507210731506348,-16.55223846435547,5.045026779174805,0.0,63.72708475663415,23040.0
-11.331624031066895,-16.388694763183594,5.057069301605225,0.0,62.42439053017048,23040.0
-11.379013061523438,-16.42794418334961,5.0489301681518555,0.0,78.66393045636815,23040.0
-11.696102142333984,-16.675071716308594,4.978968143463135,0.0,53.94642246081819,23040.0
-11.298917770385742,-16.31923484802246,5.020318508148193,0.0,83.03580545643466,23040.0
-11.136866569519043,-16.171653747558594,5.034789085388184,0.0,85.43015398785853,23040.0
-11.409430503845215,-16.493181228637695,5.083755016326904,0.0,47.28949990108679,23040.0
-11.349020004272461,-16.390857696533203,5.041835784912109,0.0,76.5939058634373,23040.0
-11.472698211669922,-16.520824432373047,5.048124313354492,0.0,71.13056063518628,23040.0
-11.70068073272705,-16.71377944946289,5.013097286224365,0.0,44.63537011774875,23040.0
-11.726844787597656,-16.7044677734375,4.97761344909668,0.0,60.04469402919354,23040.0
-11.59106159210205,-16.663787841796875,5.07273006439209,0.0,45.40096585747156,23040.0
-11.53589153289795,-16.566791534423828,5.030896186828613,0.0,53.68570374841167,23040.0
-11.372336387634277,-16.497194290161133,5.124853134155273,0.0,57.895450569955194,23040.0
-11.640357971191406,-16.69761085510254,5.057248115539551,0.0,42.10663588852038,23040.0
-11.773216247558594,-16.768775939941406,4.995556354522705,0.0,52.3497699523559,23040.0
-11.702896118164062,-16.76413345336914,5.061240196228027,0.0,58.65447155462363,23040.0
-11.843911170959473,-16.828847885131836,4.984936714172363,0.0,41.6664046129999,23040.0
-11.598877906799316,-16.656511306762695,5.057633876800537,0.0,55.05554820294639,23040.0
-11.554322242736816,-16.670923233032227,5.11660099029541,0.0,41.19069548638492,23040.0
-11.689770698547363,-16.8293399810791,5.139571666717529,0.0,47.67095821002426,23040.0
-11.818681716918945,-16.899065017700195,5.080379486083984,0.0,47.76645727838385,23040.0
-11.83353042602539,-16.92607307434082,5.092537879943848,0.0,37.93458910558297,23040.0
-11.803518295288086,-16.880226135253906,5.076712608337402,0.0,46.59681759298657,23040.0
