batch_elbo_loss,batch_recon_nll,batch_kl,batch_action_bc,grad_norm,total_valid_steps
16.58228302001953,16.338916778564453,0.2433660328388214,0.0,5.7114637260641805,15360.0
16.034822463989258,15.869690895080566,0.16513462364673615,0.0,5.199117100781217,15360.0
15.743050575256348,15.559219360351562,0.18383479118347168,0.0,6.3792924156940725,15360.0
14.873929023742676,14.641220092773438,0.23270924389362335,0.0,9.86695751923768,15360.0
13.846911430358887,13.492453575134277,0.3544587790966034,0.0,17.367318847208196,15360.0
12.376286506652832,11.91662883758545,0.45965731143951416,0.0,28.60020885142585,15360.0
10.331429481506348,9.77138614654541,0.5600441694259644,0.0,60.48593990859582,15360.0
9.011580467224121,8.21448802947998,0.7970923185348511,0.0,148.04381909861132,15360.0
10.938813209533691,10.249893188476562,0.6889204382896423,0.0,456.0916541542885,15360.0
8.419682502746582,8.00394344329834,0.41573816537857056,0.0,245.72837267072103,15360.0
8.311217308044434,7.852423191070557,0.45879414677619934,0.0,164.69269918071666,15360.0
8.066812515258789,7.608024597167969,0.45878830552101135,0.0,111.19607426789682,15360.0
7.761836051940918,7.36260461807251,0.3992322087287903,0.0,73.13648356962705,15360.0
7.449774265289307,7.0764689445495605,0.37330660223960876,0.0,59.835642612407405,15360.0
7.2280378341674805,6.851393699645996,0.37664347887039185,0.0,64.23457891757225,15360.0
6.712088584899902,6.331571578979492,0.3805168867111206,0.0,77.97404774287689,15360.0
5.841336250305176,5.453885078430176,0.38745030760765076,0.0,84.51801319115664,15360.0
4.609397888183594,4.1636433601379395,0.44575488567352295,0.0,75.37770124343444,15360.0
4.139344215393066,3.6405246257781982,0.49882057309150696,0.0,138.21333543421375,15360.0
3.2122719287872314,2.852424144744873,0.3598482310771942,0.0,182.89658550482827,15360.0
2.608996629714966,2.3414316177368164,0.26756414771080017,0.0,223.70103094528125,15360.0
3.5861740112304688,3.1855103969573975,0.4006635248661041,0.0,525.3590413657844,15360.0
3.965745687484741,3.500117301940918,0.4656286835670471,0.0,669.2322473334943,15360.0
4.171231269836426,3.6742286682128906,0.49700289964675903,0.0,700.8922219438856,15360.0
2.0693302154541016,1.6892542839050293,0.38007622957229614,0.0,419.12684734755976,15360.0
2.497445821762085,2.1621086597442627,0.33533725142478943,0.0,454.69548906683656,15360.0
1.373980164527893,1.1039292812347412,0.2700507342815399,0.0,268.030221868161,15360.0
1.5521596670150757,1.330217957496643,0.22194167971611023,0.0,290.6921399865147,15360.0
1.2205408811569214,1.0130064487457275,0.2075343281030655,0.0,192.4075617628397,15360.0
1.4737799167633057,1.249555230140686,0.22422455251216888,0.0,189.7269686868335,15360.0
1.4172016382217407,1.2093708515167236,0.207831472158432,0.0,216.81466258803448,15360.0
0.6103465557098389,0.43825647234916687,0.17208994925022125,0.0,142.72494400115482,15360.0
0.4264266788959503,0.2501447796821594,0.1762818992137909,0.0,146.74415484366975,15360.0
0.33666008710861206,0.1265663057565689,0.21009387075901031,0.0,237.93266958711234,15360.0
-0.14508366584777832,-0.32901403307914734,0.18393030762672424,0.0,181.26523644707643,15360.0
-0.593367874622345,-0.7433933019638062,0.15002532303333282,0.0,184.13207639942686,15360.0
-0.3720460534095764,-0.5694444179534912,0.19739839434623718,0.0,287.91097388816394,15360.0
-0.9518492817878723,-1.1417949199676514,0.18994571268558502,0.0,202.16099111957698,15360.0
-0.7743726372718811,-0.966063380241394,0.19169078767299652,0.0,314.11268362296323,15360.0
-0.9959121346473694,-1.1753714084625244,0.17945964634418488,0.0,312.3065973415543,15360.0
-1.0869743824005127,-1.375568151473999,0.28859344124794006,0.0,359.71607708896926,15360.0
-0.6184862852096558,-0.7856227159500122,0.16713644564151764,0.0,554.5333561862144,15360.0
1.1255946159362793,0.8527637124061584,0.2728307545185089,0.0,916.3652734748784,15360.0
3.657949209213257,3.293034553527832,0.36491385102272034,0.0,1252.322402920544,15360.0
0.7918034195899963,0.46351829171180725,0.32828524708747864,0.0,826.1421130297534,15360.0
1.2825173139572144,1.0006684064865112,0.2818487882614136,0.0,801.5771604859434,15360.0
-0.6368594765663147,-0.8232869505882263,0.18642741441726685,0.0,408.69299929627795,15360.0
0.2659096121788025,0.03973640128970146,0.22617320716381073,0.0,513.2264861524068,15360.0
-0.5641701221466064,-0.6940648555755615,0.12989458441734314,0.0,308.7255587616658,15360.0
-0.7093731760978699,-0.8296361565589905,0.12026293575763702,0.0,225.0905413874646,15360.0
-0.15757812559604645,-0.292214572429657,0.1346365064382553,0.0,273.72622178670866,15360.0
-0.2139294147491455,-0.3309885561466217,0.11705909669399261,0.0,212.9330314093889,15360.0
-0.6302114129066467,-0.7311052083969116,0.10089357197284698,0.0,137.96948258010443,15360.0
-0.5207997560501099,-0.6276987195014954,0.10689887404441833,0.0,145.93155627458665,15360.0
-0.4644411504268646,-0.5706959962844849,0.10625489801168442,0.0,190.3844891978836,15360.0
-0.4257229268550873,-0.5221713781356812,0.09644842147827148,0.0,187.93945265230866,15360.0
-1.0928162336349487,-1.1739486455917358,0.0811324417591095,0.0,134.30475755066686,15360.0
-1.221849799156189,-1.316583514213562,0.09473378956317902,0.0,138.29911729005192,15360.0
-1.0510077476501465,-1.1594029664993286,0.10839533805847168,0.0,242.95390363513624,15360.0
-1.5034018754959106,-1.587267279624939,0.08386585116386414,0.0,196.3419057022523,15360.0
-1.8309805393218994,-1.9134012460708618,0.0824204683303833,0.0,148.6793576312477,15360.0
-1.4743742942810059,-1.5871835947036743,0.1128094494342804,0.0,293.1697439416605,15360.0
-1.9890379905700684,-2.0755863189697266,0.08654814213514328,0.0,157.326494003499,15360.0
-1.7388132810592651,-1.8367822170257568,0.0979686826467514,0.0,287.92165070193033,15360.0
-1.9796181917190552,-2.085413694381714,0.10579541325569153,0.0,211.33454677904243,15360.0
-1.8810572624206543,-1.9858990907669067,0.10484188050031662,0.0,286.1452100765789,15360.0
-2.121988534927368,-2.217067003250122,0.09507797658443451,0.0,204.49596178001374,15360.0
-1.9233604669570923,-2.0326380729675293,0.10927767306566238,0.0,304.0493677200527,15360.0
-2.2420973777770996,-2.3381848335266113,0.09608705341815948,0.0,222.80073339483167,15360.0
-2.1361474990844727,-2.252760410308838,0.11661263555288315,0.0,259.9565465554141,15360.0
-2.288619041442871,-2.4101710319519043,0.12155233323574066,0.0,202.5098724073857,15360.0
-2.157721757888794,-2.2884106636047363,0.13068906962871552,0.0,272.9082490220025,15360.0
-2.1883671283721924,-2.3505828380584717,0.1622157096862793,0.0,228.62561332608382,15360.0
-2.2183871269226074,-2.3706562519073486,0.15226911008358002,0.0,276.4127734090903,15360.0
-2.077285051345825,-2.2466347217559814,0.1693495362997055,0.0,309.29534771146746,15360.0
-2.047597885131836,-2.2675580978393555,0.21996061503887177,0.0,325.0082645722367,15360.0
-1.6468979120254517,-1.937070608139038,0.2901727855205536,0.0,463.7763479407425,15360.0
-1.3473860025405884,-1.6849281787872314,0.33754244446754456,0.0,551.7981832769182,15360.0
-1.6536616086959839,-1.8260993957519531,0.17243805527687073,0.0,528.7552421525921,15360.0
-1.9135583639144897,-2.107557773590088,0.1939992755651474,0.0,372.199049208538,15360.0
-2.2054200172424316,-2.366384983062744,0.1609649658203125,0.0,169.67170651075025,15360.0
-2.1629087924957275,-2.2811155319213867,0.11820658296346664,0.0,294.9532852783264,15360.0
-2.2732491493225098,-2.398333787918091,0.12508456408977509,0.0,248.52033018816758,15360.0
-2.353693962097168,-2.4344446659088135,0.0807497426867485,0.0,180.2225420134428,15360.0
-2.2409188747406006,-2.349280834197998,0.10836190730333328,0.0,211.04478045519923,15360.0
-2.3396103382110596,-2.408344030380249,0.06873388588428497,0.0,153.2958614724484,15360.0
-2.18166184425354,-2.2753329277038574,0.09367160499095917,0.0,159.4510789575987,15360.0
-2.2126893997192383,-2.285381317138672,0.07269158214330673,0.0,149.1717234768692,15360.0
-2.375511884689331,-2.441157102584839,0.0656445100903511,0.0,122.83410820603979,15360.0
-2.3167333602905273,-2.400414228439331,0.08368109911680222,0.0,123.15846500927788,15360.0
-2.4159133434295654,-2.4675557613372803,0.05164273828268051,0.0,97.5614823339566,15360.0
-2.3810856342315674,-2.4491121768951416,0.06802704185247421,0.0,118.73199672442377,15360.0
-2.5542690753936768,-2.6125314235687256,0.05826244503259659,0.0,87.43130148893742,15360.0
-2.3160693645477295,-2.3711252212524414,0.05505627393722534,0.0,115.36807281123787,15360.0
-2.4832518100738525,-2.547107458114624,0.06385628134012222,0.0,78.98099882913166,15360.0
-2.4003589153289795,-2.451810121536255,0.051450926810503006,0.0,99.6157101928741,15360.0
-2.4520864486694336,-2.509563684463501,0.057477112859487534,0.0,97.80532274717108,15360.0
-2.4170563220977783,-2.4718453884124756,0.05478978902101517,0.0,85.8608875114494,15360.0
-2.3405168056488037,-2.392364025115967,0.05184686928987503,0.0,133.2813155902401,15360.0
-2.504415988922119,-2.5622589588165283,0.05784238874912262,0.0,77.10576898560859,15360.0
-2.5518012046813965,-2.5967602729797363,0.04495929181575775,0.0,87.90037358086106,15360.0
-2.4366610050201416,-2.49489426612854,0.05823272466659546,0.0,123.5663766058216,15360.0
-2.652273416519165,-2.696439266204834,0.04416612163186073,0.0,94.9695080068903,15360.0
-2.5648207664489746,-2.6151978969573975,0.050377048552036285,0.0,66.62710766287975,15360.0
-2.5396337509155273,-2.5884175300598145,0.048783715814352036,0.0,80.77773562540682,15360.0
-2.4733831882476807,-2.5223212242126465,0.04893813654780388,0.0,110.38033133477407,15360.0
-2.598764657974243,-2.6456103324890137,0.046846695244312286,0.0,82.14744558240271,15360.0
-2.452012538909912,-2.502232789993286,0.05021943524479866,0.0,69.14573715864817,15360.0
-2.8234801292419434,-2.872340202331543,0.048859842121601105,0.0,75.23531201902105,15360.0
-2.5936315059661865,-2.6442711353302,0.05063949525356293,0.0,80.1868176337815,15360.0
-2.5122783184051514,-2.5628626346588135,0.05058412626385689,0.0,116.17061271403348,15360.0
-2.583103895187378,-2.649074077606201,0.06596944481134415,0.0,173.48637235478003,15360.0
-2.4726173877716064,-2.570965528488159,0.09834923595190048,0.0,228.11814047461448,15360.0
-2.132248878479004,-2.2932662963867188,0.16101789474487305,0.0,334.0209504100636,15360.0
-1.767252802848816,-2.009310722351074,0.24205736815929413,0.0,544.6993488142166,15360.0
-0.351247102022171,-0.8442186713218689,0.49297162890434265,0.0,825.993013866889,15360.0
0.5475388169288635,-0.1704535186290741,0.71799236536026,0.0,952.6854614338614,15360.0
-1.5601615905761719,-1.7951576709747314,0.2349960058927536,0.0,538.744000152545,15360.0
-1.6810919046401978,-1.9815614223480225,0.30046945810317993,0.0,401.34709089684947,15360.0
-1.7340114116668701,-1.8421112298965454,0.10810001194477081,0.0,423.3154969368313,15360.0
-1.8868509531021118,-2.1230111122131348,0.23616014420986176,0.0,279.90139824685644,15360.0
-2.015744209289551,-2.107663631439209,0.09191928803920746,0.0,252.3989110980104,15360.0
-1.9337360858917236,-2.007218360900879,0.07348239421844482,0.0,259.46390874272544,15360.0
-2.1061601638793945,-2.2230679988861084,0.11690783500671387,0.0,120.51017707232812,15360.0
-1.8312469720840454,-1.9155175685882568,0.08427020907402039,0.0,203.75299700108798,15360.0
-1.8816975355148315,-1.9277207851409912,0.046023137867450714,0.0,147.65635803251362,15360.0
-2.037665367126465,-2.0888137817382812,0.05114820972084999,0.0,106.711982119689,15360.0
-1.9505140781402588,-2.0196964740753174,0.06918200105428696,0.0,159.49896765093513,15360.0
-2.0650315284729004,-2.130110740661621,0.06507951766252518,0.0,135.8418779543078,15360.0
-2.239949941635132,-2.289344310760498,0.04939447343349457,0.0,105.83383910290952,15360.0
-2.038928747177124,-2.0848770141601562,0.045948516577482224,0.0,136.72616379123704,15360.0
-2.113258123397827,-2.166203260421753,0.0529448464512825,0.0,117.75906758692226,15360.0
-2.3817179203033447,-2.437300443649292,0.055582862347364426,0.0,104.96901746614056,15360.0
-2.3482697010040283,-2.39686918258667,0.04859991744160652,0.0,143.6417847507495,15360.0
-2.353177070617676,-2.3967721462249756,0.043595246970653534,0.0,107.5736161673076,15360.0
-2.2644197940826416,-2.3200087547302246,0.05558903142809868,0.0,135.7295683951525,15360.0
-2.2837636470794678,-2.3329832553863525,0.04921911656856537,0.0,135.07126564034073,15360.0
-2.3960375785827637,-2.442913293838501,0.0468754917383194,0.0,122.04337963718088,15360.0
-2.5346949100494385,-2.5790045261383057,0.04430924728512764,0.0,130.91914458564017,15360.0
-2.3433632850646973,-2.3906431198120117,0.04727984964847565,0.0,109.07721727778386,15360.0
-2.476958990097046,-2.5204756259918213,0.043516624718904495,0.0,139.28038517227455,15360.0
-2.5497472286224365,-2.5967507362365723,0.04700293019413948,0.0,113.79104635310583,15360.0
-2.5965380668640137,-2.643258810043335,0.04672134667634964,0.0,143.5178950871708,15360.0
-2.4645490646362305,-2.514240026473999,0.049690522253513336,0.0,95.95801655375934,15360.0
-2.5296554565429688,-2.5767171382904053,0.047061603516340256,0.0,141.3089497971327,15360.0
-2.4198293685913086,-2.4790585041046143,0.05923021212220192,0.0,172.24239456290988,15360.0
-2.5930771827697754,-2.644882917404175,0.051805831491947174,0.0,82.29260904283575,15360.0
-2.50744366645813,-2.5704808235168457,0.06303735822439194,0.0,165.97370603120433,15360.0
-2.65401029586792,-2.69881534576416,0.04480462148785591,0.0,139.87862950363652,15360.0
-2.604952335357666,-2.650538206100464,0.04558591917157173,0.0,154.14163107042677,15360.0
-2.494126796722412,-2.5485565662384033,0.05442911386489868,0.0,217.36457389903586,15360.0
-2.5352940559387207,-2.6242001056671143,0.08890586346387863,0.0,153.35384754785036,15360.0
-2.482144594192505,-2.6136631965637207,0.13151845335960388,0.0,187.2942962696439,15360.0
-2.2284185886383057,-2.483844518661499,0.2554257810115814,0.0,301.1959927191417,15360.0
-2.00812029838562,-2.488910436630249,0.48079031705856323,0.0,319.7388795886272,15360.0
-1.995486855506897,-2.3313283920288086,0.3358415365219116,0.0,322.3445958271482,15360.0
-2.1558680534362793,-2.294456720352173,0.13858768343925476,0.0,344.5404371463042,15360.0
-2.3578622341156006,-2.584796905517578,0.22693462669849396,0.0,274.9112497857793,15360.0
-2.5757527351379395,-2.656757354736328,0.08100486546754837,0.0,110.92749737621729,15360.0
-2.3665153980255127,-2.525247097015381,0.15873116254806519,0.0,183.64836829737425,15360.0
-2.3831369876861572,-2.4509642124176025,0.06782703846693039,0.0,216.48445067631286,15360.0
-2.4720680713653564,-2.566406488418579,0.09433893859386444,0.0,118.82440842159394,15360.0
-2.4852232933044434,-2.540468692779541,0.05524536222219467,0.0,144.28913308965213,15360.0
-2.344935655593872,-2.406860589981079,0.061924997717142105,0.0,161.70342173697577,15360.0
-2.5689444541931152,-2.620854139328003,0.051909465342760086,0.0,100.04810854951467,15360.0
-2.6303822994232178,-2.6800789833068848,0.049696676433086395,0.0,125.22566967732155,15360.0
-2.4077229499816895,-2.4581706523895264,0.050447601824998856,0.0,124.54712845263657,15360.0
-2.5797629356384277,-2.6238629817962646,0.044099848717451096,0.0,83.1253213524967,15360.0
-2.497119903564453,-2.5424792766571045,0.045359253883361816,0.0,122.12277975034526,15360.0
-2.486813545227051,-2.5250635147094727,0.0382496602833271,0.0,65.60801020328127,15360.0
-2.5812408924102783,-2.6199119091033936,0.03867120295763016,0.0,97.86079939057271,15360.0
-2.4415183067321777,-2.4807982444763184,0.03928004950284958,0.0,79.37555625578001,15360.0
-2.6440491676330566,-2.678121328353882,0.0340723991394043,0.0,69.46789670882382,15360.0
-2.4666969776153564,-2.5059502124786377,0.03925291448831558,0.0,91.35852077338942,15360.0
-2.563328266143799,-2.5960333347320557,0.032704953104257584,0.0,46.25073491971738,15360.0
-2.5713913440704346,-2.60178279876709,0.030391547828912735,0.0,99.72752845111833,15360.0
-2.5338518619537354,-2.565463066101074,0.03161098435521126,0.0,45.34531215002687,15360.0
-2.7025749683380127,-2.7297110557556152,0.02713603340089321,0.0,82.39126093574227,15360.0
-2.652588367462158,-2.681049108505249,0.028460737317800522,0.0,73.94170302984455,15360.0
-2.6199803352355957,-2.646529197692871,0.02654886804521084,0.0,77.6251032352523,15360.0
-2.6091508865356445,-2.6373260021209717,0.02817526087164879,0.0,77.52241625733846,15360.0
-2.518350124359131,-2.54461407661438,0.026263734325766563,0.0,105.07331075205832,15360.0
-2.636676788330078,-2.6639838218688965,0.027307629585266113,0.0,67.99447811563898,15360.0
-2.670814037322998,-2.6955299377441406,0.024715669453144073,0.0,53.294170810941225,15360.0
-2.702643632888794,-2.7283623218536377,0.025718538090586662,0.0,94.05300395035715,15360.0
-2.6331825256347656,-2.660810947418213,0.027628259733319283,0.0,71.01034972706414,15360.0
-2.7132811546325684,-2.738820791244507,0.025540409609675407,0.0,66.27838984587393,15360.0
-2.742981433868408,-2.771103620529175,0.028121203184127808,0.0,75.96633865112791,15360.0
-2.5870649814605713,-2.6137821674346924,0.02671757899224758,0.0,104.62217915364317,15360.0
-2.5805180072784424,-2.60933780670166,0.02882043644785881,0.0,111.2132453549766,15360.0
-2.8334944248199463,-2.8607585430145264,0.027263173833489418,0.0,85.1970828476074,15360.0
-2.7415013313293457,-2.7722134590148926,0.030711717903614044,0.0,74.80257045477849,15360.0
-2.5911686420440674,-2.6194207668304443,0.02825181931257248,0.0,80.97726415461511,15360.0
-2.5889482498168945,-2.6180036067962646,0.029054956510663033,0.0,61.65913925763004,15360.0
-2.7062292098999023,-2.73203706741333,0.025809112936258316,0.0,51.02070041271833,15360.0
-2.7171056270599365,-2.7458906173706055,0.028785010799765587,0.0,61.21841034732579,15360.0
-2.51930570602417,-2.5462934970855713,0.02698751911520958,0.0,79.17725242047825,15360.0
-2.6793344020843506,-2.7102901935577393,0.030956055968999863,0.0,101.81517759782874,15360.0
-2.677042245864868,-2.7131576538085938,0.036114614456892014,0.0,134.2330141346729,15360.0
-2.57484769821167,-2.6226017475128174,0.04775504022836685,0.0,182.311412264089,15360.0
-2.42708420753479,-2.5078964233398438,0.08081221580505371,0.0,253.05908037694263,15360.0
-2.226320743560791,-2.392455816268921,0.16613534092903137,0.0,363.7658402655107,15360.0
-1.5334053039550781,-1.8789265155792236,0.34552130103111267,0.0,534.9567767751341,15360.0
-0.9626482129096985,-1.3706544637680054,0.4080065190792084,0.0,682.4303149674103,15360.0
-1.326938509941101,-1.5207194089889526,0.19378140568733215,0.0,584.9238600598643,15360.0
-2.4255025386810303,-2.5028269290924072,0.07732398808002472,0.0,189.68355045566378,15360.0
-2.0762593746185303,-2.177661180496216,0.10140169411897659,0.0,358.4170966036893,15360.0
-2.2360875606536865,-2.283501625061035,0.04741420969367027,0.0,249.85883758076017,15360.0
-2.3554139137268066,-2.392005443572998,0.03659144788980484,0.0,219.81799569669337,15360.0
-2.3973965644836426,-2.4380087852478027,0.04061172530055046,0.0,188.67912603718102,15360.0
-2.4068338871002197,-2.4384121894836426,0.03157776966691017,0.0,182.4452688229104,15360.0
-2.387068033218384,-2.417201280593872,0.03013298474252224,0.0,118.45643851313463,15360.0
-2.370565176010132,-2.4082448482513428,0.037680234760046005,0.0,163.04850094759638,15360.0
-2.556098222732544,-2.5834333896636963,0.027334729209542274,0.0,106.28686380763288,15360.0
-2.390489101409912,-2.417217493057251,0.02672772854566574,0.0,114.04393852078107,15360.0
-2.432840585708618,-2.460832118988037,0.027991801500320435,0.0,117.75327947543471,15360.0
-2.4769158363342285,-2.5004851818084717,0.02356988936662674,0.0,74.78131021335771,15360.0
-2.423114776611328,-2.4484634399414062,0.025348806753754616,0.0,108.3647595399054,15360.0
-2.4216148853302,-2.4462549686431885,0.024640176445245743,0.0,88.76446295497634,15360.0
-2.5804901123046875,-2.6060523986816406,0.025561653077602386,0.0,74.55583093885139,15360.0
-2.534430742263794,-2.560089588165283,0.025659555569291115,0.0,109.11176876955564,15360.0
-2.646641492843628,-2.66811466217041,0.021473344415426254,0.0,51.318636236065956,15360.0
-2.4480514526367188,-2.474370241165161,0.026318658143281937,0.0,116.12746555594913,15360.0
-2.571580171585083,-2.5934481620788574,0.02186765894293785,0.0,53.047094151245204,15360.0
-2.6014657020568848,-2.627925157546997,0.026459796354174614,0.0,115.3255976490332,15360.0
-2.633901357650757,-2.6564691066741943,0.02256830222904682,0.0,48.097015832217494,15360.0
-2.581742286682129,-2.6089046001434326,0.0271614883095026,0.0,116.7723578295952,15360.0
-2.6226348876953125,-2.644482135772705,0.02184741385281086,0.0,72.28680383214284,15360.0
-2.735353946685791,-2.7603158950805664,0.024962563067674637,0.0,106.04961894422702,15360.0
-2.744856595993042,-2.7654225826263428,0.02056678757071495,0.0,78.95575508221201,15360.0
-2.6736929416656494,-2.697988986968994,0.02429545298218727,0.0,98.57403853419241,15360.0
-2.701491117477417,-2.7239160537719727,0.022425560280680656,0.0,75.59840245225702,15360.0
-2.675050973892212,-2.6993110179901123,0.024260343983769417,0.0,95.9743237202027,15360.0
-2.6143290996551514,-2.639697313308716,0.0253687035292387,0.0,89.68826715678668,15360.0
-2.6437833309173584,-2.6687800884246826,0.024997126311063766,0.0,72.96177567855226,15360.0
-2.721964120864868,-2.7493162155151367,0.027352046221494675,0.0,108.93591313822436,15360.0
-2.7292630672454834,-2.7534375190734863,0.024174952879548073,0.0,87.06625261790272,15360.0
-2.6455397605895996,-2.6692700386047363,0.0237302016466856,0.0,46.96466267926324,15360.0
-2.7006120681762695,-2.7255702018737793,0.024958642199635506,0.0,83.39544987500683,15360.0
-2.65755033493042,-2.6810264587402344,0.023476621136069298,0.0,85.0299473259305,15360.0
-2.7491297721862793,-2.7740681171417236,0.024938533082604408,0.0,57.74003509625606,15360.0
-2.721238136291504,-2.7465009689331055,0.02526259794831276,0.0,100.09124519205788,15360.0
-2.7229771614074707,-2.7480416297912598,0.025063926354050636,0.0,102.9000570441821,15360.0
-2.4861228466033936,-2.5123164653778076,0.026193829253315926,0.0,42.16593103326089,15360.0
-2.763814687728882,-2.788616418838501,0.02480161190032959,0.0,51.52034917495854,15360.0
-2.731701612472534,-2.75714111328125,0.025439778342843056,0.0,84.98862155474224,15360.0
-2.7450127601623535,-2.771975040435791,0.02696164883673191,0.0,83.85198489506607,15360.0
-2.6729307174682617,-2.700244903564453,0.02731415070593357,0.0,110.95355117579409,15360.0
-2.6405155658721924,-2.6743061542510986,0.03379088267683983,0.0,192.5922054431138,15360.0
-2.5174081325531006,-2.5645031929016113,0.04709453135728836,0.0,326.1832847350821,15360.0
-1.8277686834335327,-1.8990669250488281,0.07129786908626556,0.0,567.2692723402076,15360.0
0.34193408489227295,0.20161108672618866,0.14032301306724548,0.0,986.3912346766324,15360.0
3.173008441925049,2.964515209197998,0.20849354565143585,0.0,1355.3913240206084,15360.0
0.6976394653320312,0.5636698007583618,0.13396991789340973,0.0,912.9555578701589,15360.0
-2.18049693107605,-2.2463343143463135,0.06583736836910248,0.0,305.36743539618146,15360.0
-0.9583091139793396,-0.9947813153266907,0.03647231310606003,0.0,520.873739362234,15360.0
-1.5914849042892456,-1.6371601819992065,0.04567553848028183,0.0,305.7428415345752,15360.0
-2.164614200592041,-2.198798656463623,0.034184835851192474,0.0,110.59000856710733,15360.0
-1.2339904308319092,-1.2614758014678955,0.027485301718115807,0.0,238.6735113590279,15360.0
-1.3533294200897217,-1.3765201568603516,0.02319098450243473,0.0,174.1632197257708,15360.0
-1.5546607971191406,-1.5791603326797485,0.02449936605989933,0.0,60.86821162808636,15360.0
-1.455762267112732,-1.4860328435897827,0.030270671471953392,0.0,88.90769325265585,15360.0
-1.3655998706817627,-1.403437852859497,0.03783785179257393,0.0,151.8677825058768,15360.0
-1.4390760660171509,-1.4860897064208984,0.04701342061161995,0.0,146.96308029045318,15360.0
-1.9608091115951538,-2.014526128768921,0.05371738225221634,0.0,60.34098750288691,15360.0
-2.0490918159484863,-2.108426094055176,0.05933405086398125,0.0,136.0647132088603,15360.0
-1.9916622638702393,-2.0423901081085205,0.05072801560163498,0.0,192.99074933615375,15360.0
-2.417060136795044,-2.452422857284546,0.03536251559853554,0.0,78.01390073783801,15360.0
-2.1492888927459717,-2.181530714035034,0.03224174305796623,0.0,199.59735760918693,15360.0
-2.336754083633423,-2.373422145843506,0.03666817024350166,0.0,159.44833136711506,15360.0
-2.3648273944854736,-2.414135694503784,0.04930807650089264,0.0,142.63914515555197,15360.0
-2.4044346809387207,-2.4487264156341553,0.044291961938142776,0.0,190.81772779506323,15360.0
-2.4851787090301514,-2.529979705810547,0.04480139911174774,0.0,117.81155200578164,15360.0
-2.362978458404541,-2.403386354446411,0.04040781036019325,0.0,188.6843984959045,15360.0
-2.5637567043304443,-2.609790086746216,0.0460338369011879,0.0,116.6099589946985,15360.0
-2.502563238143921,-2.547226667404175,0.044663846492767334,0.0,177.75952212938236,15360.0
-2.5309693813323975,-2.5692756175994873,0.038305994123220444,0.0,122.9657273408456,15360.0
-2.482764482498169,-2.523043155670166,0.04027856886386871,0.0,156.12658177511207,15360.0
-2.643742084503174,-2.6861000061035156,0.04235728457570076,0.0,117.20365203162348,15360.0
-2.692744255065918,-2.730543613433838,0.03779900446534157,0.0,134.63302065241896,15360.0
-2.51062273979187,-2.547307014465332,0.036683741956949234,0.0,111.79276097552416,15360.0
-2.7191927433013916,-2.755209445953369,0.03601612523198128,0.0,128.2682681085677,15360.0
-2.595149040222168,-2.629549264907837,0.034400273114442825,0.0,115.53121594834745,15360.0
-2.6456289291381836,-2.681756019592285,0.03612788766622543,0.0,93.9224395591606,15360.0
-2.4190001487731934,-2.4527361392974854,0.03373541310429573,0.0,120.27802356905818,15360.0
-2.7877261638641357,-2.8229475021362305,0.03522224724292755,0.0,75.66261255526014,15360.0
-2.6420865058898926,-2.6772170066833496,0.03513065725564957,0.0,122.67827504178351,15360.0
-2.6110148429870605,-2.641550302505493,0.030535589903593063,0.0,72.98489786139604,15360.0
-2.6122024059295654,-2.6442198753356934,0.03201662376523018,0.0,82.63635478613195,15360.0
-2.6968183517456055,-2.7239580154418945,0.027139348909258842,0.0,76.71630580890259,15360.0
-2.6890220642089844,-2.7188994884490967,0.029877278953790665,0.0,53.17408809460747,15360.0
-2.824070930480957,-2.8481132984161377,0.02404206246137619,0.0,74.39345784566233,15360.0
-2.687584400177002,-2.714404582977295,0.026820268481969833,0.0,30.353111471151927,15360.0
-2.6625661849975586,-2.688976764678955,0.02641131542623043,0.0,71.2971397742427,15360.0
-2.543761968612671,-2.5699517726898193,0.026189856231212616,0.0,43.92882682123226,15360.0
-2.771855592727661,-2.795802354812622,0.02394578978419304,0.0,74.43076278382127,15360.0
-2.632519006729126,-2.65667462348938,0.024156099185347557,0.0,50.76606146611264,15360.0
-2.6728358268737793,-2.6955182552337646,0.02268218994140625,0.0,37.79885452316826,15360.0
-2.7281179428100586,-2.7517294883728027,0.023611633107066154,0.0,53.34909474628573,15360.0
-2.5953304767608643,-2.618601083755493,0.023269755765795708,0.0,33.76264552012029,15360.0
-2.8079445362091064,-2.83066463470459,0.022719642147421837,0.0,65.19363390213293,15360.0
-2.8258895874023438,-2.846433401107788,0.020543521270155907,0.0,52.426734730828045,15360.0
-2.7160375118255615,-2.7381577491760254,0.022120356559753418,0.0,38.91136369268745,15360.0
-2.73307466506958,-2.7545933723449707,0.021518083289265633,0.0,59.520402479848705,15360.0
-2.6575732231140137,-2.680331230163574,0.022757720202207565,0.0,65.5291494579687,15360.0
-2.721572160720825,-2.7434117794036865,0.02183886617422104,0.0,32.40130491713606,15360.0
-2.7767269611358643,-2.7976508140563965,0.02092382125556469,0.0,55.19871317469228,15360.0
-2.7746167182922363,-2.794064521789551,0.019447892904281616,0.0,66.14639526191137,15360.0
-2.736515522003174,-2.758327007293701,0.021811235696077347,0.0,26.208527534180615,15360.0
-2.653522491455078,-2.6742053031921387,0.020683029666543007,0.0,57.64903445742189,15360.0
-2.7324039936065674,-2.75213885307312,0.019734766334295273,0.0,65.3915905067167,15360.0
-2.8607676029205322,-2.880185842514038,0.019418183714151382,0.0,39.53060081513732,15360.0
-2.70898699760437,-2.7289772033691406,0.01999010518193245,0.0,66.83636970096794,15360.0
-2.5747201442718506,-2.5946874618530273,0.01996712014079094,0.0,85.23578332533152,15360.0
-2.6711621284484863,-2.6911303997039795,0.019968749955296516,0.0,62.92355569816153,15360.0
-2.631517171859741,-2.652303457260132,0.020785389468073845,0.0,52.87694058895544,15360.0
-2.6731040477752686,-2.693854570388794,0.02075064554810524,0.0,71.18574820058028,15360.0
-2.6899983882904053,-2.7098021507263184,0.01980399154126644,0.0,73.4100313072602,15360.0
-2.720606565475464,-2.740309476852417,0.019702943041920662,0.0,57.71114584170578,15360.0
-2.8808774948120117,-2.9005239009857178,0.019645215943455696,0.0,69.75149664086258,15360.0
-2.6347012519836426,-2.6556427478790283,0.020940935239195824,0.0,89.30413137178667,15360.0
-2.675375461578369,-2.6975488662719727,0.022174177691340446,0.0,89.10477284858162,15360.0
-2.688234806060791,-2.709737539291382,0.021503621712327003,0.0,62.1286580374014,15360.0
-2.8676328659057617,-2.8862099647521973,0.01857749931514263,0.0,34.532809728390106,15360.0
-2.721360683441162,-2.7409169673919678,0.01955541968345642,0.0,79.71968035972866,15360.0
-2.748147487640381,-2.7702174186706543,0.02207019366323948,0.0,85.55050962810708,15360.0
-2.7067062854766846,-2.726900815963745,0.02019425667822361,0.0,38.113961147025485,15360.0
-2.737683057785034,-2.7565791606903076,0.018896417692303658,0.0,64.77187929460175,15360.0
-2.732675790786743,-2.7503931522369385,0.017718227580189705,0.0,83.8746290656999,15360.0
-2.796337127685547,-2.815842866897583,0.01950552873313427,0.0,48.18049820637108,15360.0
-2.575448513031006,-2.596142530441284,0.02069392427802086,0.0,50.08054486346253,15360.0
-2.59267258644104,-2.6128110885620117,0.020138343796133995,0.0,91.33742058088308,15360.0
-2.815901041030884,-2.8358092308044434,0.019907968118786812,0.0,85.23039031936082,15360.0
-2.7469255924224854,-2.7659871578216553,0.019061753526329994,0.0,52.960826016277,15360.0
-2.765899181365967,-2.7876861095428467,0.021787356585264206,0.0,74.49137875550394,15360.0
-2.6181600093841553,-2.6460726261138916,0.02791254036128521,0.0,84.2090556190474,15360.0
-2.8608992099761963,-2.8828988075256348,0.02199966087937355,0.0,43.216810053624634,15360.0
-2.7401692867279053,-2.759981393814087,0.019811352714896202,0.0,55.7739543780721,15360.0
-2.79677414894104,-2.8172190189361572,0.020444568246603012,0.0,69.78177472864425,15360.0
-2.5669472217559814,-2.588671922683716,0.021724095568060875,0.0,55.731122137016705,15360.0
-2.696941614151001,-2.720953941345215,0.02401229552924633,0.0,54.16651135976199,15360.0
-2.679553508758545,-2.700770139694214,0.021216941997408867,0.0,73.02892745214305,15360.0
-2.811953544616699,-2.8298046588897705,0.01785154454410076,0.0,61.05039867175595,15360.0
-2.7658727169036865,-2.784809112548828,0.018936989828944206,0.0,32.71875454760398,15360.0
-2.5902044773101807,-2.6122193336486816,0.02201429195702076,0.0,54.532491956346874,15360.0
-2.7254891395568848,-2.7463200092315674,0.02083127573132515,0.0,57.87699695678389,15360.0
-2.702806234359741,-2.7217109203338623,0.01890469901263714,0.0,42.39065466992145,15360.0
-2.736286163330078,-2.7544820308685303,0.018195921555161476,0.0,53.69733134134,15360.0
-2.676635265350342,-2.694610595703125,0.017975233495235443,0.0,67.20229843797706,15360.0
-2.6838254928588867,-2.7024357318878174,0.018610788509249687,0.0,65.68592265626103,15360.0
-2.735278367996216,-2.7555856704711914,0.020307637751102448,0.0,52.46296110019213,15360.0
-2.603135108947754,-2.6235947608947754,0.020459063351154327,0.0,37.98390828342035,15360.0
-2.8444650173187256,-2.8647985458374023,0.02033301442861557,0.0,67.37444154068865,15360.0
-2.5889010429382324,-2.614490270614624,0.025589782744646072,0.0,102.05781875642435,15360.0
-2.579345464706421,-2.608071804046631,0.028726089745759964,0.0,126.99829668863936,15360.0
-2.639308214187622,-2.6744894981384277,0.035181522369384766,0.0,130.3285781495432,15360.0
-2.622791051864624,-2.6804277896881104,0.05763750523328781,0.0,121.71610876173617,15360.0
-2.60205078125,-2.6864476203918457,0.0843973159790039,0.0,105.25550958281572,15360.0
-2.5819215774536133,-2.6771538257598877,0.09523215889930725,0.0,91.94267799158784,15360.0
-2.6448278427124023,-2.7155587673187256,0.07073063403367996,0.0,83.2415423141997,15360.0
-2.6123383045196533,-2.65771746635437,0.04537932947278023,0.0,84.65582851147748,15360.0
-2.6678223609924316,-2.700895071029663,0.03307311609387398,0.0,99.0064089936188,15360.0
-2.6605215072631836,-2.6936707496643066,0.03314922749996185,0.0,77.83409414110379,15360.0
-2.636436700820923,-2.6720683574676514,0.0356312021613121,0.0,81.27303258398413,15360.0
-2.7592616081237793,-2.791985034942627,0.032723549753427505,0.0,98.64168393490873,15360.0
-2.6877124309539795,-2.7138864994049072,0.02617381140589714,0.0,84.44001947344913,15360.0
-2.6486544609069824,-2.671844482421875,0.02318992093205452,0.0,67.83303261917577,15360.0
-2.6581830978393555,-2.6804373264312744,0.022253552451729774,0.0,56.40431004036302,15360.0
-2.6843230724334717,-2.704437494277954,0.020114433020353317,0.0,57.91236101403272,15360.0
-2.679252862930298,-2.7014389038085938,0.022185564041137695,0.0,90.69559076043478,15360.0
-2.603602170944214,-2.6213278770446777,0.017726069316267967,0.0,75.200881334113,15360.0
-2.7463502883911133,-2.7640082836151123,0.017658656463027,0.0,66.02504264532595,15360.0
-2.6842310428619385,-2.706038236618042,0.021806811913847923,0.0,63.16624993791738,15360.0
-2.746767282485962,-2.7639048099517822,0.017138345167040825,0.0,53.57259963083177,15360.0
-2.6891777515411377,-2.7063210010528564,0.01714370958507061,0.0,72.92222366646506,15360.0
-2.7852561473846436,-2.806260585784912,0.021004311740398407,0.0,60.152530227216474,15360.0
-2.806755781173706,-2.8230178356170654,0.016262119635939598,0.0,27.73294296152989,15360.0
-2.7521886825561523,-2.768045663833618,0.015857169404625893,0.0,46.260101839988536,15360.0
-2.6663122177124023,-2.685805559158325,0.019492793828248978,0.0,52.647143856602234,15360.0
-2.801093816757202,-2.8171262741088867,0.016033140942454338,0.0,31.472766090194394,15360.0
-2.7045490741729736,-2.720750331878662,0.016201024875044823,0.0,31.18152981369738,15360.0
-2.7741940021514893,-2.7929584980010986,0.01876429282128811,0.0,44.60677875784913,15360.0
-2.7385690212249756,-2.754023790359497,0.015454418025910854,0.0,39.53290180319527,15360.0
-2.6882317066192627,-2.704350233078003,0.016119318082928658,0.0,30.699312123255282,15360.0
-2.681044101715088,-2.6985886096954346,0.017544131726026535,0.0,43.12062206620091,15360.0
-2.7853105068206787,-2.799765110015869,0.014453645795583725,0.0,48.51854718285313,15360.0
-2.713991641998291,-2.7295358180999756,0.015544622205197811,0.0,24.971512523300326,15360.0
-2.662716865539551,-2.6788489818573,0.016132168471813202,0.0,61.95755970334653,15360.0
-2.7558693885803223,-2.771495819091797,0.015626491978764534,0.0,43.97296062941656,15360.0
-2.702460765838623,-2.717710018157959,0.015249486081302166,0.0,36.56285029729602,15360.0
-2.6756129264831543,-2.6920018196105957,0.016388382762670517,0.0,59.480414763288856,15360.0
-2.5959012508392334,-2.612133026123047,0.016232740134000778,0.0,67.66633192090336,15360.0
-2.755889415740967,-2.77156400680542,0.015674136579036713,0.0,71.04899610627098,15360.0
-2.801758050918579,-2.8174080848693848,0.015650104731321335,0.0,59.63000963025617,15360.0
-2.7501349449157715,-2.7664222717285156,0.016287587583065033,0.0,43.720910965791646,15360.0
-2.7162089347839355,-2.732914924621582,0.016706401482224464,0.0,31.746167614463822,15360.0
-2.6741421222686768,-2.6905431747436523,0.016401363536715508,0.0,46.47742494986309,15360.0
-2.7702345848083496,-2.786868095397949,0.01663440838456154,0.0,51.39324664940228,15360.0
-2.7387707233428955,-2.755678415298462,0.01690736413002014,0.0,45.69545504701045,15360.0
-2.814894199371338,-2.831346035003662,0.016452396288514137,0.0,43.38421219317048,15360.0
-2.7368836402893066,-2.754439353942871,0.017555570229887962,0.0,59.65157448289325,15360.0
-2.742069959640503,-2.7589502334594727,0.016880398616194725,0.0,81.2881283317092,15360.0
-2.615841865539551,-2.6323018074035645,0.01646055467426777,0.0,96.7529148973986,15360.0
-2.6244800090789795,-2.641113758087158,0.016634248197078705,0.0,108.75029435092982,15360.0
-2.7529191970825195,-2.772688150405884,0.01976853422820568,0.0,128.8554445606937,15360.0
-2.7008895874023438,-2.723914623260498,0.02302529104053974,0.0,134.09905640872725,15360.0
-2.7145612239837646,-2.744642496109009,0.030081309378147125,0.0,111.31084870912245,15360.0
-2.613914728164673,-2.6458637714385986,0.03194931522011757,0.0,76.49982626662273,15360.0
-2.658982276916504,-2.6828062534332275,0.023823460564017296,0.0,76.11407148546,15360.0
-2.538405418395996,-2.556835174560547,0.018430184572935104,0.0,111.63829519914246,15360.0
-2.739067792892456,-2.770548105239868,0.03147979453206062,0.0,160.29327874716267,15360.0
-2.6089797019958496,-2.661588191986084,0.052608467638492584,0.0,183.32691414973374,15360.0
-2.585587501525879,-2.646559476852417,0.06097187101840973,0.0,180.59616787112887,15360.0
-2.6765708923339844,-2.718184471130371,0.04161293804645538,0.0,158.2885812024581,15360.0
-2.6354897022247314,-2.65527606010437,0.01978589966893196,0.0,109.04475457497456,15360.0
-2.6277501583099365,-2.6485683917999268,0.020818497985601425,0.0,70.41915049791027,15360.0
-2.758436441421509,-2.786515235900879,0.02807958796620369,0.0,102.17866194114548,15360.0
-2.5700597763061523,-2.594308614730835,0.02424946427345276,0.0,163.69545429323196,15360.0
-2.730821132659912,-2.751612424850464,0.020790956914424896,0.0,173.5737881618727,15360.0
-2.6124651432037354,-2.631432056427002,0.01896710880100727,0.0,119.61312791080402,15360.0
-2.73478364944458,-2.7531001567840576,0.018316103145480156,0.0,63.3085571773381,15360.0
-2.8215649127960205,-2.8372702598571777,0.015704771503806114,0.0,87.49449870908853,15360.0
-2.7035295963287354,-2.723005771636963,0.019476039335131645,0.0,110.06949819247755,15360.0
-2.7843191623687744,-2.8031187057495117,0.01879958249628544,0.0,87.38447023410603,15360.0
-2.741501808166504,-2.7569048404693604,0.015402670949697495,0.0,86.39445182516856,15360.0
-2.671569585800171,-2.693577527999878,0.022008543834090233,0.0,97.20327405746124,15360.0
-2.8190228939056396,-2.8352396488189697,0.01621720939874649,0.0,77.13944908396631,15360.0
-2.662935495376587,-2.680401563644409,0.017465464770793915,0.0,80.83696544771065,15360.0
-2.7847089767456055,-2.80232834815979,0.01761939749121666,0.0,92.17364840566717,15360.0
-2.683649778366089,-2.6979644298553467,0.014314240776002407,0.0,63.32848730029928,15360.0
-2.7162299156188965,-2.732208728790283,0.015979330986738205,0.0,47.44117981378054,15360.0
-2.6523637771606445,-2.667375326156616,0.015011321753263474,0.0,92.48505601605666,15360.0
-2.8239564895629883,-2.8399741649627686,0.016017558053135872,0.0,78.862241818906,15360.0
-2.82479190826416,-2.83880877494812,0.014016778208315372,0.0,42.44387112505104,15360.0
-2.7062363624572754,-2.7215259075164795,0.015289167873561382,0.0,62.339128262158276,15360.0
-2.678978204727173,-2.695122718811035,0.01614474691450596,0.0,69.89841433029149,15360.0
-2.724256992340088,-2.7383995056152344,0.014142566360533237,0.0,43.53706096436364,15360.0
-2.7282602787017822,-2.743241548538208,0.014981533400714397,0.0,57.78148089751286,15360.0
-2.7900238037109375,-2.804704427719116,0.014680846594274044,0.0,89.5334685989855,15360.0
-2.8338663578033447,-2.848691701889038,0.014825874008238316,0.0,84.40940138965682,15360.0
-2.677257537841797,-2.6918976306915283,0.01464011985808611,0.0,67.14276986573783,15360.0
-2.6217963695526123,-2.6373212337493896,0.015524699352681637,0.0,68.44629499144979,15360.0
-2.828778028488159,-2.8439629077911377,0.015184675343334675,0.0,66.99364973499574,15360.0
-2.742902994155884,-2.7580909729003906,0.015187859535217285,0.0,66.91678667731998,15360.0
-2.819622755050659,-2.834083318710327,0.014460745267570019,0.0,72.7836856514866,15360.0
-2.6019999980926514,-2.618459463119507,0.01646057888865471,0.0,54.68035448331038,15360.0
-2.778416156768799,-2.793405055999756,0.01498780120164156,0.0,64.76232283614839,15360.0
-2.833197832107544,-2.84820294380188,0.015005131252110004,0.0,69.76615683038489,15360.0
-2.8820812702178955,-2.8974661827087402,0.015385359525680542,0.0,41.944113902053914,15360.0
-2.6908600330352783,-2.707127809524536,0.01626729965209961,0.0,89.47547239138481,15360.0
-2.725937604904175,-2.7431640625,0.017226729542016983,0.0,104.27170578619013,15360.0
-2.7667975425720215,-2.7829782962799072,0.016180086880922318,0.0,65.39549932102177,15360.0
-2.858102560043335,-2.874589681625366,0.01648692786693573,0.0,71.69022264260519,15360.0
-2.7849180698394775,-2.8024230003356934,0.017504539340734482,0.0,86.39287704469479,15360.0
-2.7985920906066895,-2.8178930282592773,0.019301019608974457,0.0,72.65859256373075,15360.0
-2.792630672454834,-2.8092172145843506,0.016586480662226677,0.0,60.01188638349075,15360.0
-2.769657611846924,-2.7884442806243896,0.018786845728754997,0.0,54.51332151400255,15360.0
-2.740835666656494,-2.758627414703369,0.017791975289583206,0.0,57.11309712366319,15360.0
-2.7634477615356445,-2.779813289642334,0.01636526733636856,0.0,61.49386769028566,15360.0
-2.695361852645874,-2.7103769779205322,0.015015678480267525,0.0,91.72768413831623,15360.0
-2.6749379634857178,-2.694061517715454,0.019123435020446777,0.0,91.28598914817266,15360.0
-2.8004391193389893,-2.81931209564209,0.018873099237680435,0.0,67.5945880536786,15360.0
-2.693718194961548,-2.710833787918091,0.01711597666144371,0.0,76.03310131916845,15360.0
-2.825854539871216,-2.841794729232788,0.015940744429826736,0.0,76.88766107601735,15360.0
-2.7168030738830566,-2.734405279159546,0.017601944506168365,0.0,66.16113447366453,15360.0
-2.8386566638946533,-2.8547518253326416,0.016095740720629692,0.0,54.61298813360182,15360.0
-2.789336919784546,-2.8093044757843018,0.019968310371041298,0.0,78.4802357906464,15360.0
-2.783466339111328,-2.8022496700286865,0.018783416599035263,0.0,98.19602050929765,15360.0
-2.7492339611053467,-2.7700181007385254,0.020783549174666405,0.0,94.89252657750016,15360.0
-2.783444881439209,-2.803363561630249,0.019918380305171013,0.0,92.58232308111675,15360.0
-2.7099993228912354,-2.7347733974456787,0.024774212390184402,0.0,93.57231676795561,15360.0
-2.7568743228912354,-2.787217855453491,0.03034375235438347,0.0,89.95673635477483,15360.0
-2.6502671241760254,-2.676171064376831,0.02590472437441349,0.0,92.38156902336496,15360.0
-2.700066328048706,-2.7203078269958496,0.02024097368121147,0.0,105.20702250722105,15360.0
-2.746224880218506,-2.7681989669799805,0.021974045783281326,0.0,108.18085082570815,15360.0
-2.7229599952697754,-2.745152473449707,0.022192765027284622,0.0,106.93533381139758,15360.0
-2.6470389366149902,-2.6702382564544678,0.023199917748570442,0.0,118.76067620080303,15360.0
-2.5864756107330322,-2.6124582290649414,0.025982322171330452,0.0,129.54594808609144,15360.0
-2.630950927734375,-2.6551482677459717,0.024197109043598175,0.0,94.71360559479656,15360.0
-2.8687798976898193,-2.8924713134765625,0.02369198575615883,0.0,50.208145816212486,15360.0
-2.7500948905944824,-2.7695114612579346,0.01941601186990738,0.0,62.95905757948322,15360.0
-2.7145211696624756,-2.730088949203491,0.01556725800037384,0.0,90.08324941005252,15360.0
-2.7062265872955322,-2.730185031890869,0.02395866997539997,0.0,93.64523972030659,15360.0
-2.739428758621216,-2.7716994285583496,0.03227144852280617,0.0,54.485498219051735,15360.0
-2.950914144515991,-2.972562074661255,0.021648112684488297,0.0,46.077345473748906,15360.0
-2.60326886177063,-2.620033025741577,0.016764309257268906,0.0,93.07234934891505,15360.0
-2.835716962814331,-2.8579695224761963,0.022251995280385017,0.0,105.92407090717323,15360.0
-2.9078149795532227,-2.9332711696624756,0.02545694261789322,0.0,66.43909819711769,15360.0
-2.873555898666382,-2.893908739089966,0.020352806895971298,0.0,68.74981941211854,15360.0
-2.7731339931488037,-2.7930095195770264,0.01987520605325699,0.0,103.19772626751988,15360.0
-2.672799825668335,-2.699002742767334,0.026203233748674393,0.0,103.79301358523037,15360.0
-2.6731038093566895,-2.6972427368164062,0.024138567969202995,0.0,80.60073024861997,15360.0
-2.8004164695739746,-2.8177709579467773,0.01735418476164341,0.0,92.65868618817834,15360.0
-2.6788504123687744,-2.699971914291382,0.021122515201568604,0.0,89.9906786795469,15360.0
-2.766597270965576,-2.7859017848968506,0.019304458051919937,0.0,66.1428873437598,15360.0
-2.651568651199341,-2.6673974990844727,0.01582879014313221,0.0,79.88481489469517,15360.0
-2.849809169769287,-2.8703596591949463,0.020550532266497612,0.0,104.13984242171978,15360.0
-2.714829683303833,-2.737989664077759,0.023159567266702652,0.0,93.00768736413308,15360.0
-2.7641055583953857,-2.783817768096924,0.019712533801794052,0.0,66.86939347930694,15360.0
-2.8129537105560303,-2.829177141189575,0.016223525628447533,0.0,63.79578093530543,15360.0
-2.6732177734375,-2.692354440689087,0.019136320799589157,0.0,102.90592811824602,15360.0
-2.676133394241333,-2.6969192028045654,0.020786132663488388,0.0,119.05400003892332,15360.0
-2.6131532192230225,-2.6332554817199707,0.020102588459849358,0.0,115.51273540828213,15360.0
-2.702296257019043,-2.726682424545288,0.024385085329413414,0.0,113.97134799557087,15360.0
-2.7177581787109375,-2.7432174682617188,0.02545938268303871,0.0,120.63101974843997,15360.0
-2.7290396690368652,-2.7512776851654053,0.022237727418541908,0.0,134.43954782271868,15360.0
-2.802473545074463,-2.8223013877868652,0.019827980548143387,0.0,128.43503621409718,15360.0
-2.7266170978546143,-2.745877742767334,0.019260795786976814,0.0,113.04591795241062,15360.0
-2.8615379333496094,-2.879744052886963,0.01820608787238598,0.0,94.86619451505395,15360.0
-2.738400936126709,-2.7548458576202393,0.01644495502114296,0.0,61.273711631613516,15360.0
-2.5991909503936768,-2.6160192489624023,0.016827845945954323,0.0,59.82021368257161,15360.0
-2.796055555343628,-2.8130812644958496,0.017026178538799286,0.0,75.26300954540793,15360.0
-2.62253475189209,-2.639166831970215,0.016632476821541786,0.0,83.77015858206201,15360.0
-2.704773426055908,-2.721400737762451,0.016627216711640358,0.0,107.34269671193881,15360.0
-2.667130947113037,-2.6898953914642334,0.02276456728577614,0.0,130.67057829158497,15360.0
-2.662421226501465,-2.6859142780303955,0.023493995890021324,0.0,132.8086598704011,15360.0
-2.8044381141662598,-2.823810338973999,0.019371429458260536,0.0,124.08503225761753,15360.0
-2.7356009483337402,-2.7532331943511963,0.01763165183365345,0.0,101.30780488284854,15360.0
-2.9143965244293213,-2.9292385578155518,0.014842536300420761,0.0,57.68669073338931,15360.0
-2.7816314697265625,-2.7968156337738037,0.01518427673727274,0.0,51.899254558737276,15360.0
-2.6791491508483887,-2.6967179775238037,0.01756904274225235,0.0,106.13497424169931,15360.0
-2.7529408931732178,-2.77262806892395,0.01968643069267273,0.0,142.57722180907714,15360.0
-2.688378095626831,-2.704960584640503,0.016583021730184555,0.0,141.27457844312036,15360.0
-2.6003341674804688,-2.616269588470459,0.015935217961668968,0.0,137.43091802600287,15360.0
-2.768178701400757,-2.7883188724517822,0.020140087231993675,0.0,124.50001424200616,15360.0
-2.706606388092041,-2.726789951324463,0.0201833825558424,0.0,67.16457518703753,15360.0
-2.785592794418335,-2.799248456954956,0.013655679300427437,0.0,39.84254392143915,15360.0
-2.916306495666504,-2.933354139328003,0.017046736553311348,0.0,80.6260249266244,15360.0
-2.561530113220215,-2.5847291946411133,0.023198973387479782,0.0,91.39090091031407,15360.0
-2.7758822441101074,-2.792969226837158,0.01708679087460041,0.0,92.01968575887929,15360.0
-2.8009419441223145,-2.815110921859741,0.014169424772262573,0.0,97.52868207441237,15360.0
-2.669567584991455,-2.6849968433380127,0.015428540296852589,0.0,81.50158286186867,15360.0
-2.773383617401123,-2.7881414890289307,0.014757704921066761,0.0,51.93579649504462,15360.0
-2.771794557571411,-2.785367012023926,0.013572764582931995,0.0,67.31065851290168,15360.0
-2.937091112136841,-2.9506325721740723,0.013540694490075111,0.0,87.3675074446133,15360.0
-2.7137205600738525,-2.7284348011016846,0.01471417024731636,0.0,79.54204755098424,15360.0
-2.723632574081421,-2.74029541015625,0.016662228852510452,0.0,78.32526716693472,15360.0
-2.724715232849121,-2.7411553859710693,0.01644017919898033,0.0,84.8206100334273,15360.0
-2.706371307373047,-2.72326922416687,0.01689806953072548,0.0,61.044842284794925,15360.0
-2.7625222206115723,-2.7799906730651855,0.017468588426709175,0.0,66.21706951789984,15360.0
-2.734309673309326,-2.750098705291748,0.01578844152390957,0.0,86.7998743617895,15360.0
-2.7991790771484375,-2.8182952404022217,0.019116636365652084,0.0,68.87452503730145,15360.0
-2.639101982116699,-2.659377336502075,0.02027561515569687,0.0,75.87463334836762,15360.0
-2.605006217956543,-2.626892566680908,0.021887028589844704,0.0,95.29789600605038,15360.0
-2.720872402191162,-2.7431764602661133,0.022303828969597816,0.0,94.69189622919777,15360.0
-2.725452423095703,-2.745671033859253,0.020218800753355026,0.0,94.47695824200002,15360.0
-2.6678414344787598,-2.6985630989074707,0.03072115033864975,0.0,113.07681621336586,15360.0
-2.6646246910095215,-2.700024127960205,0.03539995849132538,0.0,159.1315492928956,15360.0
-2.7053465843200684,-2.741898775100708,0.03655320778489113,0.0,217.789037143739,15360.0
-2.5355329513549805,-2.5794267654418945,0.04389376565814018,0.0,261.5347867372438,15360.0
-2.4057083129882812,-2.448512077331543,0.042803723365068436,0.0,294.3346619425206,15360.0
-2.4177660942077637,-2.4506595134735107,0.03289284557104111,0.0,291.5104411003411,15360.0
-2.691453456878662,-2.717240810394287,0.02578771486878395,0.0,240.83026047621178,15360.0
-2.7157938480377197,-2.737806558609009,0.022011710330843925,0.0,152.93281338989763,15360.0
-2.7232489585876465,-2.7425754070281982,0.019325830042362213,0.0,99.37539928202287,15360.0
-2.6691038608551025,-2.6893680095672607,0.020265093073248863,0.0,142.9708139730725,15360.0
-2.761504888534546,-2.7842276096343994,0.022722460329532623,0.0,172.96414463382197,15360.0
-2.829019784927368,-2.8452391624450684,0.016219377517700195,0.0,106.10539901373846,15360.0
-2.796523094177246,-2.814864158630371,0.018340574577450752,0.0,62.18613777226339,15360.0
-2.6213290691375732,-2.636773109436035,0.015444445423781872,0.0,128.93973935986676,15360.0
-2.754481554031372,-2.771036386489868,0.01655462011694908,0.0,104.80399922195586,15360.0
-2.771033763885498,-2.7855846881866455,0.014551754109561443,0.0,63.680608554000656,15360.0
-2.7592344284057617,-2.7731666564941406,0.01393201109021902,0.0,117.62865644970766,15360.0
-2.7042133808135986,-2.7196030616760254,0.015389830805361271,0.0,107.67318616357043,15360.0
-2.81916880607605,-2.832031011581421,0.012861950322985649,0.0,61.336298129338594,15360.0
-2.7262043952941895,-2.7406439781188965,0.01444045826792717,0.0,74.06895587055602,15360.0
-2.714271306991577,-2.7273147106170654,0.013042697682976723,0.0,98.6878886517103,15360.0
-2.885565757751465,-2.8988380432128906,0.013272867538034916,0.0,56.1651541585611,15360.0
-2.7981460094451904,-2.8105435371398926,0.012397302314639091,0.0,76.59429390124147,15360.0
-2.820946455001831,-2.834301233291626,0.013353947550058365,0.0,100.14152783320067,15360.0
-2.8055756092071533,-2.8189709186553955,0.013394582085311413,0.0,55.24852717946576,15360.0
-2.7110180854797363,-2.7245025634765625,0.01348502654582262,0.0,57.05494912645309,15360.0
-2.715550184249878,-2.730210304260254,0.01465978380292654,0.0,90.57591408100899,15360.0
-2.8208425045013428,-2.83473801612854,0.013895669020712376,0.0,72.39622019433212,15360.0
-2.761538505554199,-2.776099920272827,0.014561662450432777,0.0,67.84506208164345,15360.0
-2.85290789604187,-2.8678030967712402,0.014894775114953518,0.0,101.57594365807094,15360.0
-2.8302042484283447,-2.8441998958587646,0.013995588757097721,0.0,75.45999559457647,15360.0
-2.8530890941619873,-2.8665361404418945,0.013447175733745098,0.0,46.748137245883626,15360.0
-2.72226881980896,-2.736548900604248,0.014280973933637142,0.0,102.59132387005013,15360.0
-2.8350040912628174,-2.850524663925171,0.01551960501819849,0.0,114.34828720181991,15360.0
-2.7461607456207275,-2.760765552520752,0.014604669995605946,0.0,67.77000382688776,15360.0
-2.7341277599334717,-2.7501611709594727,0.016033897176384926,0.0,73.53680640678968,15360.0
-2.837178945541382,-2.8548245429992676,0.01764613203704357,0.0,101.62638030347892,15360.0
-2.8444933891296387,-2.8608691692352295,0.016375863924622536,0.0,80.62714145113857,15360.0
-2.7299787998199463,-2.7458982467651367,0.015920165926218033,0.0,40.399842387279705,15360.0
-2.7605650424957275,-2.77823805809021,0.017673633992671967,0.0,72.56341992293828,15360.0
-2.8383078575134277,-2.8568243980407715,0.01851685158908367,0.0,101.50917873045132,15360.0
-2.8522374629974365,-2.870020627975464,0.017782267183065414,0.0,90.11033702560641,15360.0
-2.847076892852783,-2.862764835357666,0.015686998143792152,0.0,46.63550757975521,15360.0
-2.8162686824798584,-2.8332443237304688,0.01697545312345028,0.0,63.47064200005375,15360.0
-2.8689262866973877,-2.8887319564819336,0.019804876297712326,0.0,102.81836333973034,15360.0
-2.7081198692321777,-2.7272629737854004,0.01914333738386631,0.0,111.05276203312496,15360.0
-2.6840157508850098,-2.700479745864868,0.016464319080114365,0.0,113.54234945698245,15360.0
-2.7147347927093506,-2.732501983642578,0.01776714064180851,0.0,127.54787454056714,15360.0
-2.706634044647217,-2.72623348236084,0.019599102437496185,0.0,142.1177703506741,15360.0
-2.7641501426696777,-2.805427312850952,0.04127705097198486,0.0,144.1111054234903,15360.0
-2.6756608486175537,-2.7663562297821045,0.09069577604532242,0.0,128.16299716786293,15360.0
-2.684387445449829,-2.7607414722442627,0.07635433226823807,0.0,98.7284839079945,15360.0
-2.7674098014831543,-2.8235394954681396,0.05612940341234207,0.0,74.11177661372898,15360.0
-2.853750467300415,-2.8850226402282715,0.03127323463559151,0.0,68.58405906968005,15360.0
-2.7837979793548584,-2.8271994590759277,0.04340223968029022,0.0,61.105515385469445,15360.0
-2.8642661571502686,-2.9107284545898438,0.04646287113428116,0.0,49.76773966619239,15360.0
-2.8609933853149414,-2.8864188194274902,0.025426335632801056,0.0,70.36458475512993,15360.0
-2.8337035179138184,-2.8615353107452393,0.02783229388296604,0.0,82.42448666105757,15360.0
-2.8647067546844482,-2.9004547595977783,0.03574851527810097,0.0,78.3328598521266,15360.0
-2.923732042312622,-2.94402813911438,0.020296184346079826,0.0,72.3060327647931,15360.0
-2.942110300064087,-2.9701240062713623,0.028013629838824272,0.0,68.44994111936552,15360.0
-2.6847481727600098,-2.7138564586639404,0.029108650982379913,0.0,57.847863850778026,15360.0
-2.934577226638794,-2.9554121494293213,0.020834747701883316,0.0,34.25186743056416,15360.0
-2.8673527240753174,-2.8925445079803467,0.025192413479089737,0.0,56.827443689918816,15360.0
-2.7479259967803955,-2.7718992233276367,0.023973368108272552,0.0,61.99933843102325,15360.0
-2.724303960800171,-2.746736764907837,0.022432927042245865,0.0,38.39872540668397,15360.0
-2.814370632171631,-2.83844256401062,0.024072227999567986,0.0,28.972732249269043,15360.0
-2.7930924892425537,-2.8110404014587402,0.017948156222701073,0.0,38.4747996427727,15360.0
-2.8558247089385986,-2.8782360553741455,0.022411592304706573,0.0,33.24477683574771,15360.0
-2.893524646759033,-2.9133200645446777,0.019795145839452744,0.0,37.88349084775962,15360.0
-2.8685193061828613,-2.8840110301971436,0.015492156147956848,0.0,38.06360402009621,15360.0
-2.8111355304718018,-2.8326005935668945,0.021465418860316277,0.0,40.18569179355675,15360.0
-2.8299002647399902,-2.845923662185669,0.01602296158671379,0.0,46.252059040685225,15360.0
-2.961700916290283,-2.9774162769317627,0.015715910121798515,0.0,56.24870380404385,15360.0
-2.803788423538208,-2.824882745742798,0.021094290539622307,0.0,54.46044377376582,15360.0
-2.9538276195526123,-2.9684958457946777,0.014668448828160763,0.0,65.55733737200455,15360.0
-2.6621127128601074,-2.677485942840576,0.015373238362371922,0.0,68.38788524925108,15360.0
-2.777346134185791,-2.7957615852355957,0.018415052443742752,0.0,51.673974290202295,15360.0
-2.7065882682800293,-2.7255446910858154,0.018956555053591728,0.0,66.22320085265065,15360.0
-2.7708611488342285,-2.787722587585449,0.01686156541109085,0.0,101.74254110298129,15360.0
-2.731247663497925,-2.7500722408294678,0.018824517726898193,0.0,112.2897895727963,15360.0
-2.8030569553375244,-2.82266902923584,0.019612319767475128,0.0,99.77947580273464,15360.0
-2.873673677444458,-2.8909099102020264,0.0172361321747303,0.0,82.76319521570076,15360.0
-2.8053576946258545,-2.8220951557159424,0.016737578436732292,0.0,62.7277386692494,15360.0
-2.8630013465881348,-2.8813042640686035,0.01830359734594822,0.0,51.87840869151768,15360.0
-2.746323823928833,-2.763881206512451,0.017556654289364815,0.0,87.44924677173606,15360.0
-2.725494146347046,-2.744349718093872,0.018855035305023193,0.0,121.4772342225683,15360.0
-2.7857446670532227,-2.806556224822998,0.02081153355538845,0.0,151.3850156738488,15360.0
-2.7841079235076904,-2.8076188564300537,0.023511169478297234,0.0,182.04535238648165,15360.0
-2.5756824016571045,-2.6003470420837402,0.024664975702762604,0.0,208.99757088219152,15360.0
-2.59186053276062,-2.6238090991973877,0.031948160380125046,0.0,214.7947389262565,15360.0
-2.7755885124206543,-2.8061347007751465,0.030546166002750397,0.0,201.6296893181269,15360.0
-2.776820182800293,-2.7971231937408447,0.020303161814808846,0.0,164.54657434184432,15360.0
-2.9093005657196045,-2.9273834228515625,0.018083257600665092,0.0,108.69079188868517,15360.0
-2.8428945541381836,-2.863384246826172,0.020490171387791634,0.0,73.06101883093214,15360.0
-2.7843852043151855,-2.8023533821105957,0.017967207357287407,0.0,107.6563008392376,15360.0
-2.680220365524292,-2.6975748538970947,0.017354624345898628,0.0,142.09944146166228,15360.0
-2.7408697605133057,-2.7560527324676514,0.015183993615210056,0.0,141.916007463838,15360.0
-2.810091972351074,-2.8283321857452393,0.018240666016936302,0.0,101.360252390653,15360.0
-2.8229525089263916,-2.837524890899658,0.014572703279554844,0.0,54.753285511478126,15360.0
-2.938260078430176,-2.951490640640259,0.013230383396148682,0.0,74.98548034310562,15360.0
-2.8326525688171387,-2.8507816791534424,0.018129520118236542,0.0,105.83222494373905,15360.0
-2.8652005195617676,-2.8810813426971436,0.01588013768196106,0.0,99.56349663886418,15360.0
-2.8838284015655518,-2.8972926139831543,0.013463973067700863,0.0,62.12531229406973,15360.0
-2.8080549240112305,-2.8243446350097656,0.01629002019762993,0.0,48.82147554859893,15360.0
-2.770781993865967,-2.7856528759002686,0.014871378429234028,0.0,84.08205863771616,15360.0
-2.828434944152832,-2.8425376415252686,0.014102351851761341,0.0,81.4458895212963,15360.0
-2.8798086643218994,-2.893969774246216,0.014161279425024986,0.0,58.87716335063375,15360.0
-2.8130035400390625,-2.8286192417144775,0.015615427866578102,0.0,61.77775882767204,15360.0
-2.874809980392456,-2.8891007900238037,0.014290329068899155,0.0,73.83386928531465,15360.0
-2.8593811988830566,-2.8749279975891113,0.015546722337603569,0.0,77.63027825949439,15360.0
-2.8864943981170654,-2.9011926651000977,0.014699231833219528,0.0,82.88273780636653,15360.0
-2.8974661827087402,-2.9119460582733154,0.014479518868029118,0.0,74.48667868100792,15360.0
-2.9280333518981934,-2.943692922592163,0.015659626573324203,0.0,53.84038214872947,15360.0
-2.744576930999756,-2.7602179050445557,0.015640346333384514,0.0,68.02501002168172,15360.0
-2.798766613006592,-2.815080165863037,0.016313286498188972,0.0,58.50709816067555,15360.0
-2.863603115081787,-2.8796300888061523,0.016026591882109642,0.0,53.610260476135004,15360.0
-2.927441120147705,-2.9449827671051025,0.017542002722620964,0.0,84.75767274157862,15360.0
-2.791943073272705,-2.8144757747650146,0.022532783448696136,0.0,98.94967557390493,15360.0
-2.883401393890381,-2.9004743099212646,0.01707378402352333,0.0,94.69619553626491,15360.0
-2.9725000858306885,-2.993419885635376,0.02091965451836586,0.0,81.78832841810532,15360.0
-2.6993257999420166,-2.7260656356811523,0.026739751920104027,0.0,92.90814273488276,15360.0
-2.7990310192108154,-2.8202695846557617,0.021238405257463455,0.0,112.50704731179923,15360.0
-2.7529940605163574,-2.770686149597168,0.0176923219114542,0.0,128.2312733386332,15360.0
-2.716535806655884,-2.7444958686828613,0.02796001359820366,0.0,130.5947543472543,15360.0
-2.7777435779571533,-2.809278726577759,0.031535856425762177,0.0,120.77651752388554,15360.0
-2.9403042793273926,-2.964653968811035,0.024350065737962723,0.0,119.46329523000053,15360.0
-2.975128412246704,-3.0053622722625732,0.030233386904001236,0.0,127.35638064645794,15360.0
-2.7728378772735596,-2.8123674392700195,0.039530228823423386,0.0,140.74834404922774,15360.0
-2.8031551837921143,-2.841068983078003,0.037913981825113297,0.0,158.8292840563684,15360.0
-2.7539079189300537,-2.78322696685791,0.029319075867533684,0.0,167.44124935727461,15360.0
-2.6988625526428223,-2.7238831520080566,0.02502056397497654,0.0,145.97392767607926,15360.0
-2.8509533405303955,-2.891433000564575,0.04047989100217819,0.0,148.38031451289504,15360.0
-2.7289299964904785,-2.7661659717559814,0.03723611682653427,0.0,161.6301905312544,15360.0
-2.960574150085449,-2.989285945892334,0.02871078997850418,0.0,121.51066538163789,15360.0
-2.7214887142181396,-2.7513480186462402,0.029859010130167007,0.0,81.07136481343521,15360.0
-2.8889784812927246,-2.9168434143066406,0.02786504663527012,0.0,99.08153220499315,15360.0
-2.8677117824554443,-2.893131971359253,0.025419950485229492,0.0,104.92542070732682,15360.0
-2.7239573001861572,-2.7485339641571045,0.02457692101597786,0.0,95.71762961883964,15360.0
-2.6609718799591064,-2.6978182792663574,0.036846742033958435,0.0,128.17243882079998,15360.0
-2.7257916927337646,-2.754936695098877,0.029145291075110435,0.0,152.03781616690873,15360.0
-2.837803363800049,-2.860377788543701,0.02257411554455757,0.0,117.74162089659298,15360.0
-2.874114751815796,-2.8972694873809814,0.023155609145760536,0.0,66.09597870177855,15360.0
-2.878911018371582,-2.897627115249634,0.018715934827923775,0.0,84.42032094252376,15360.0
-2.768266201019287,-2.787490129470825,0.019223833456635475,0.0,100.57107001798495,15360.0
-2.83103084564209,-2.8492143154144287,0.01818321831524372,0.0,93.47403912868094,15360.0
-2.749699592590332,-2.76957106590271,0.01987142115831375,0.0,76.57962876717237,15360.0
-2.971182346343994,-2.9852850437164307,0.014102715067565441,0.0,75.21114533552469,15360.0
-2.9478986263275146,-2.965749979019165,0.01785123534500599,0.0,80.48633677359962,15360.0
-2.8545002937316895,-2.8736228942871094,0.019122840836644173,0.0,57.85554619346099,15360.0
-2.8424932956695557,-2.8577768802642822,0.015283029526472092,0.0,58.153086721086375,15360.0
-2.7883152961730957,-2.8078644275665283,0.01954902522265911,0.0,68.06950699067328,15360.0
-2.944821834564209,-2.960677146911621,0.01585526019334793,0.0,57.12308455247669,15360.0
-2.883700132369995,-2.89937162399292,0.01567266695201397,0.0,53.1017027317403,15360.0
-2.8845551013946533,-2.903087615966797,0.018532749265432358,0.0,40.19647722793359,15360.0
-2.9816782474517822,-2.9966859817504883,0.015008373185992241,0.0,55.15422624482113,15360.0
-2.7889280319213867,-2.805109739303589,0.01618093252182007,0.0,70.60031843682941,15360.0
-2.815561056137085,-2.833733320236206,0.018173422664403915,0.0,60.17440952429478,15360.0
-2.98482084274292,-2.999884843826294,0.015064196661114693,0.0,39.488185554001895,15360.0
-2.850639820098877,-2.8653454780578613,0.01470667403191328,0.0,48.31397745588954,15360.0
-2.9880454540252686,-3.005750894546509,0.017704909667372704,0.0,71.65618453159163,15360.0
-2.919771432876587,-2.9380533695220947,0.018281137570738792,0.0,86.80851606395173,15360.0
-2.9545986652374268,-2.96838641166687,0.013788003474473953,0.0,83.50530505201961,15360.0
-2.915351152420044,-2.930237054824829,0.01488522905856371,0.0,62.10272343711629,15360.0
-3.020803689956665,-3.0369622707366943,0.0161584559828043,0.0,59.706344451727695,15360.0
-2.894022226333618,-2.911728858947754,0.01770688220858574,0.0,82.69744273050105,15360.0
-2.892327070236206,-2.9108152389526367,0.018488196656107903,0.0,82.69839272289487,15360.0
-2.9562911987304688,-2.97324800491333,0.016956506296992302,0.0,80.325359806558,15360.0
-2.869934320449829,-2.885225534439087,0.015291634015738964,0.0,82.98768915292881,15360.0
-2.849759340286255,-2.866375684738159,0.016616441309452057,0.0,72.6621232545482,15360.0
-2.9082722663879395,-2.9242851734161377,0.01601310819387436,0.0,79.52231581664591,15360.0
-2.815314769744873,-2.832935333251953,0.017620235681533813,0.0,102.7567572311071,15360.0
-2.6836159229278564,-2.7056257724761963,0.02201055735349655,0.0,120.28245834736227,15360.0
-2.921673536300659,-2.9435698986053467,0.02189614437520504,0.0,119.24915398388293,15360.0
-2.7662668228149414,-2.7862582206726074,0.019991684705018997,0.0,110.01900446592315,15360.0
-2.808419942855835,-2.826907157897949,0.018486639484763145,0.0,115.01030713001929,15360.0
-2.761425018310547,-2.7798807621002197,0.018455710262060165,0.0,127.1250964466407,15360.0
-2.839088201522827,-2.857868194580078,0.01877901703119278,0.0,128.247862596313,15360.0
-2.7612833976745605,-2.779682159423828,0.018399028107523918,0.0,131.46490254480042,15360.0
-2.8877880573272705,-2.906358003616333,0.018569309264421463,0.0,145.7066345762706,15360.0
-2.758084774017334,-2.7762372493743896,0.01815231703221798,0.0,165.369256408073,15360.0
-2.646623134613037,-2.6667115688323975,0.020087985321879387,0.0,185.18266960342086,15360.0
-2.6186935901641846,-2.640650510787964,0.02195635251700878,0.0,198.53258541813966,15360.0
-2.773458242416382,-2.794546365737915,0.021087681874632835,0.0,169.67148984037405,15360.0
-2.923759937286377,-2.93965220451355,0.01589141972362995,0.0,98.57247797771737,15360.0
-2.8460936546325684,-2.859341621398926,0.013248170726001263,0.0,51.8973879480972,15360.0
-2.755181074142456,-2.7723169326782227,0.017135901376605034,0.0,112.8829460489064,15360.0
-2.8528223037719727,-2.8697428703308105,0.016919981688261032,0.0,146.11281882251214,15360.0
-2.7017757892608643,-2.7179412841796875,0.016165869310498238,0.0,122.86771284073201,15360.0
-2.9811270236968994,-2.9956252574920654,0.014498550444841385,0.0,73.14597474451355,15360.0
-2.9929721355438232,-3.0052685737609863,0.01229691319167614,0.0,71.59842432889346,15360.0
-2.9275505542755127,-2.9414470195770264,0.013897424563765526,0.0,94.70249944269722,15360.0
-2.8608622550964355,-2.8751981258392334,0.014336254447698593,0.0,97.83165078679276,15360.0
-2.956852912902832,-2.9694912433624268,0.012638048268854618,0.0,64.14766796889147,15360.0
-2.8828279972076416,-2.895827054977417,0.012999039143323898,0.0,59.74750960769198,15360.0
-2.7162389755249023,-2.731682777404785,0.015444532968103886,0.0,82.21249848520006,15360.0
-2.7769856452941895,-2.7909417152404785,0.013955789618194103,0.0,85.1268173837305,15360.0
-2.899242877960205,-2.9118142127990723,0.01257158163934946,0.0,63.056850346334585,15360.0
-2.814124345779419,-2.8293473720550537,0.015222933143377304,0.0,55.41287286604957,15360.0
-2.8832318782806396,-2.895524740219116,0.012293034233152866,0.0,86.40632954194398,15360.0
-2.9048640727996826,-2.9188907146453857,0.01402635220438242,0.0,80.69220045527196,15360.0
-2.8714022636413574,-2.885204792022705,0.013802082277834415,0.0,43.76893023983883,15360.0
-2.851473569869995,-2.8653268814086914,0.013854007236659527,0.0,62.870329170634704,15360.0
-2.906438112258911,-2.921684980392456,0.015246688388288021,0.0,86.38110393308361,15360.0
-2.8930370807647705,-2.908191204071045,0.015152391977608204,0.0,72.9309333978438,15360.0
-2.910982847213745,-2.9251792430877686,0.014196696691215038,0.0,42.93484328562407,15360.0
-2.8856146335601807,-2.9000661373138428,0.014452274888753891,0.0,66.44277085261454,15360.0
-2.823204517364502,-2.839224338531494,0.016019228845834732,0.0,100.93614514176193,15360.0
-2.832918643951416,-2.84865140914917,0.015731627121567726,0.0,111.69191799983292,15360.0
-2.960167169570923,-2.975400686264038,0.01523370761424303,0.0,83.53478495052836,15360.0
-2.935051918029785,-2.949068784713745,0.014016842469573021,0.0,50.51957187184533,15360.0
-2.8681416511535645,-2.8829293251037598,0.014787646941840649,0.0,72.56603036155168,15360.0
-2.7571561336517334,-2.7746775150299072,0.017520714551210403,0.0,101.26996836540823,15360.0
-2.876523494720459,-2.8927106857299805,0.016187576577067375,0.0,114.06738335493907,15360.0
-2.775918483734131,-2.7915737628936768,0.015655627474188805,0.0,116.88847744514568,15360.0
-2.928356409072876,-2.9451165199279785,0.016760241240262985,0.0,110.88623366627273,15360.0
-2.8954970836639404,-2.9133152961730957,0.01781856082379818,0.0,98.91742055629472,15360.0
-3.010014533996582,-3.026400327682495,0.01638578064739704,0.0,79.45805156308454,15360.0
-2.933642625808716,-2.951875925064087,0.018232621252536774,0.0,97.64535959888961,15360.0
-2.7817583084106445,-2.8009207248687744,0.019161442294716835,0.0,136.88878398012028,15360.0
-2.790329694747925,-2.8102376461029053,0.019907338544726372,0.0,146.0833083661564,15360.0
-2.8011443614959717,-2.8248138427734375,0.02366964891552925,0.0,113.09898522030895,15360.0
-2.899034023284912,-2.9166460037231445,0.0176116693764925,0.0,83.55523768551328,15360.0
-2.7777647972106934,-2.7961628437042236,0.01839856058359146,0.0,101.13525246215298,15360.0
-2.8011882305145264,-2.821481466293335,0.020294129848480225,0.0,103.38110904748545,15360.0
-2.8151023387908936,-2.833157777786255,0.01805487461388111,0.0,97.00767511455997,15360.0
-2.7960078716278076,-2.8145604133605957,0.018551938235759735,0.0,95.58259032239427,15360.0
-2.8264501094818115,-2.84310245513916,0.016652202233672142,0.0,78.75960260092798,15360.0
-2.9375970363616943,-2.953458547592163,0.015861544758081436,0.0,63.46118061182621,15360.0
-2.9392776489257812,-2.955005407333374,0.015727415680885315,0.0,84.32919632393461,15360.0
-2.873483896255493,-2.892754554748535,0.01927085407078266,0.0,83.34272182770083,15360.0
-2.8319952487945557,-2.8511152267456055,0.019119584932923317,0.0,57.716220782861214,15360.0
-2.912290096282959,-2.9288058280944824,0.016515295952558517,0.0,62.569862370471554,15360.0
-3.00061297416687,-3.0185110569000244,0.017898423597216606,0.0,70.75184031339488,15360.0
-3.0630383491516113,-3.0822017192840576,0.01916341856122017,0.0,56.580417944432426,15360.0
-2.8544459342956543,-2.8703346252441406,0.015888582915067673,0.0,57.28637495136347,15360.0
-2.9171221256256104,-2.9322478771209717,0.015125235542654991,0.0,66.41169124871722,15360.0
-2.848860263824463,-2.8661370277404785,0.017277006059885025,0.0,64.56282523804306,15360.0
-2.8719308376312256,-2.886647939682007,0.014716933481395245,0.0,71.10077382147266,15360.0
-2.7235002517700195,-2.738393545150757,0.01489333901554346,0.0,71.28712892854684,15360.0
-2.8904709815979004,-2.9045138359069824,0.01404265034943819,0.0,83.26875517121827,15360.0
-2.9767212867736816,-2.9896538257598877,0.01293256413191557,0.0,77.15084463682615,15360.0
-3.0350661277770996,-3.0478785037994385,0.012812967412173748,0.0,57.703323444578295,15360.0
-2.8046340942382812,-2.8195786476135254,0.014944451861083508,0.0,74.7426718252566,15360.0
-2.95249342918396,-2.9668092727661133,0.01431595254689455,0.0,115.18402708736303,15360.0
-2.9069316387176514,-2.9217028617858887,0.014771530404686928,0.0,120.27434077608089,15360.0
-2.9090778827667236,-2.925384759902954,0.016306402161717415,0.0,83.21102950322036,15360.0
-2.8590033054351807,-2.875814914703369,0.01681184023618698,0.0,93.07645272002229,15360.0
-2.8308990001678467,-2.8479421138763428,0.017043055966496468,0.0,132.17125409407177,15360.0
-2.801791191101074,-2.8195571899414062,0.017766036093235016,0.0,115.30790710472911,15360.0
-2.8878352642059326,-2.9029958248138428,0.015160803683102131,0.0,60.22097014403694,15360.0
-2.886596441268921,-2.9021100997924805,0.015513848513364792,0.0,64.12297231596827,15360.0
-2.856257677078247,-2.87270188331604,0.016444075852632523,0.0,96.67709146190518,15360.0
-2.874603509902954,-2.894167423248291,0.01956353150308132,0.0,87.08706676677521,15360.0
-2.9671430587768555,-2.982832193374634,0.015688518062233925,0.0,50.47388631422017,15360.0
-2.8671560287475586,-2.882506847381592,0.01535081584006548,0.0,69.7353130751237,15360.0
-2.8142857551574707,-2.8344452381134033,0.02015908807516098,0.0,108.55159759400573,15360.0
-2.7724928855895996,-2.7914769649505615,0.018984312191605568,0.0,113.14763715836834,15360.0
-2.9070985317230225,-2.9232380390167236,0.01613919995725155,0.0,82.56618562677482,15360.0
-2.9442381858825684,-2.9630520343780518,0.018812740221619606,0.0,63.66501660951009,15360.0
-3.045849323272705,-3.063777446746826,0.0179273821413517,0.0,96.76029904918373,15360.0
-2.9470245838165283,-2.962740421295166,0.0157165564596653,0.0,104.67153715436055,15360.0
-2.920464277267456,-2.9378926753997803,0.017427481710910797,0.0,71.4498232995166,15360.0
-2.8800783157348633,-2.896545648574829,0.016468191519379616,0.0,38.64761379697071,15360.0
-2.812628984451294,-2.828929901123047,0.016300221905112267,0.0,95.21048253523011,15360.0
-2.966707706451416,-2.9858896732330322,0.01918252371251583,0.0,134.92050328682984,15360.0
-2.8227169513702393,-2.8426170349121094,0.019900454208254814,0.0,136.2380444401195,15360.0
-2.792109489440918,-2.8103206157684326,0.01821073517203331,0.0,124.23182340955024,15360.0
-2.841296434402466,-2.8600780963897705,0.01878214068710804,0.0,117.18402017662312,15360.0
-2.829457998275757,-2.8446643352508545,0.015205848030745983,0.0,99.47194562178676,15360.0
-3.0213711261749268,-3.0353658199310303,0.01399490050971508,0.0,74.18744578260308,15360.0
-2.835974931716919,-2.8532609939575195,0.017286093905568123,0.0,91.97798046331393,15360.0
-2.8336448669433594,-2.8497416973114014,0.01609564572572708,0.0,117.38751932192196,15360.0
-3.0274498462677,-3.041633129119873,0.014183500781655312,0.0,119.03910663200053,15360.0
-2.930952310562134,-2.948875904083252,0.017923783510923386,0.0,105.75231374345539,15360.0
-2.8012399673461914,-2.8186278343200684,0.017387768253684044,0.0,76.31271940892988,15360.0
-2.8586509227752686,-2.8722944259643555,0.013643049634993076,0.0,61.830691859006166,15360.0
-2.9204347133636475,-2.937182664871216,0.016747644171118736,0.0,74.3376562036366,15360.0
-2.719486951828003,-2.7352585792541504,0.015771741047501564,0.0,60.819734775628255,15360.0
-2.9467990398406982,-2.9608752727508545,0.01407616212964058,0.0,82.8575301765629,15360.0
-2.823535203933716,-2.842137575149536,0.018602930009365082,0.0,119.30579870962906,15360.0
-2.85674786567688,-2.873023509979248,0.016275113448500633,0.0,109.33416571598516,15360.0
-2.862497091293335,-2.8771634101867676,0.014666144736111164,0.0,69.31063378453837,15360.0
-3.0125083923339844,-3.029876470565796,0.01736750267446041,0.0,50.76443505121476,15360.0
-2.771561622619629,-2.7889373302459717,0.017375655472278595,0.0,92.67983774132786,15360.0
-2.8396353721618652,-2.8550291061401367,0.015392952598631382,0.0,125.38687183748979,15360.0
-2.880019426345825,-2.898003578186035,0.01798398420214653,0.0,108.3089151694782,15360.0
-2.787539482116699,-2.8015012741088867,0.013962090015411377,0.0,55.56908936544657,15360.0
-2.7757976055145264,-2.790463924407959,0.014666242524981499,0.0,62.394835748019396,15360.0
-2.7975399494171143,-2.8159773349761963,0.018437271937727928,0.0,95.8499342561939,15360.0
-2.9538204669952393,-2.968100070953369,0.014280041679739952,0.0,86.37925517145904,15360.0
-2.930652618408203,-2.94549298286438,0.014841631054878235,0.0,38.383212209170786,15360.0
-2.845761299133301,-2.8617372512817383,0.01597619242966175,0.0,46.16705672555938,15360.0
-2.905378580093384,-2.918884754180908,0.013505672104656696,0.0,78.19408322665078,15360.0
-2.909740686416626,-2.9256772994995117,0.015937484800815582,0.0,74.86762901807057,15360.0
-2.874298095703125,-2.888979911804199,0.014681474305689335,0.0,60.637204421838504,15360.0
-2.811286211013794,-2.8266968727111816,0.015410964377224445,0.0,73.8577122352924,15360.0
-2.8301620483398438,-2.848984956741333,0.018823422491550446,0.0,84.11292080234752,15360.0
-2.8708889484405518,-2.8853776454925537,0.014488637447357178,0.0,77.69518840828383,15360.0
-2.8975930213928223,-2.9114134311676025,0.013820731081068516,0.0,66.40453461127224,15360.0
-2.8447725772857666,-2.859576463699341,0.014804113656282425,0.0,50.461170103090296,15360.0
-2.941258192062378,-2.955179452896118,0.013920735567808151,0.0,48.64509170384635,15360.0
-2.774409055709839,-2.788465738296509,0.014056517742574215,0.0,57.84861191957005,15360.0
-2.9733238220214844,-2.987133026123047,0.013809526339173317,0.0,59.74575741074087,15360.0
-2.9569778442382812,-2.972107172012329,0.015128972008824348,0.0,52.29542611005489,15360.0
-2.9201226234436035,-2.9346325397491455,0.014510275796055794,0.0,67.32348919503481,15360.0
-2.9525887966156006,-2.968823194503784,0.016234135255217552,0.0,85.81340315201416,15360.0
-2.837737560272217,-2.8545539379119873,0.016816407442092896,0.0,83.69847436121012,15360.0
-2.9560301303863525,-2.969987392425537,0.013957196846604347,0.0,71.17141048257945,15360.0
-2.835914373397827,-2.8506624698638916,0.014748918823897839,0.0,64.6208196574245,15360.0
-2.895883798599243,-2.9115235805511475,0.015640074387192726,0.0,63.936754837401416,15360.0
-2.8393003940582275,-2.85465407371521,0.015354196541011333,0.0,67.93202112960886,15360.0
-2.989650011062622,-3.0046775341033936,0.015028049238026142,0.0,70.49855909717614,15360.0
-2.874560594558716,-2.8910012245178223,0.016441302374005318,0.0,75.33213498069858,15360.0
-2.8057072162628174,-2.8221845626831055,0.01647789590060711,0.0,90.38362520808901,15360.0
-2.9586939811706543,-2.975759744644165,0.01706528291106224,0.0,90.38898854367551,15360.0
-2.874356746673584,-2.890936851501465,0.01657976396381855,0.0,104.38172175396656,15360.0
-2.785701036453247,-2.8046462535858154,0.018944690003991127,0.0,126.31348759217055,15360.0
-2.8707308769226074,-2.8923113346099854,0.021580388769507408,0.0,138.29672162851094,15360.0
-2.715834379196167,-2.735083818435669,0.019249634817242622,0.0,140.65553558385258,15360.0
-2.8546435832977295,-2.8693602085113525,0.014717401005327702,0.0,126.8293296729344,15360.0
-2.826453447341919,-2.8441288471221924,0.017675550654530525,0.0,102.22567290017302,15360.0
-2.9166715145111084,-2.933173894882202,0.016502857208251953,0.0,81.69219275297529,15360.0
-3.048950433731079,-3.063359022140503,0.014407557435333729,0.0,69.57093605574309,15360.0
-2.9942808151245117,-3.0091893672943115,0.014909082092344761,0.0,87.14087606718222,15360.0
-2.847963809967041,-2.86484694480896,0.01688317395746708,0.0,88.60826612619765,15360.0
-2.8442702293395996,-2.859070301055908,0.014799852855503559,0.0,65.73102589491123,15360.0
-2.95912766456604,-2.9733314514160156,0.014202731661498547,0.0,48.63726012436684,15360.0
-2.8702218532562256,-2.884265899658203,0.014044078066945076,0.0,49.99341844678457,15360.0
-2.767860174179077,-2.783416748046875,0.015557714737951756,0.0,59.292882542423946,15360.0
-2.7759013175964355,-2.7919294834136963,0.016028843820095062,0.0,60.282540934318874,15360.0
-2.918793201446533,-2.9327993392944336,0.014005808159708977,0.0,55.51887331760571,15360.0
-2.8863632678985596,-2.902757406234741,0.016394196078181267,0.0,60.01085890912344,15360.0
-3.010838747024536,-3.0276811122894287,0.016842424869537354,0.0,53.47417494103131,15360.0
-3.019392967224121,-3.033879518508911,0.014487013220787048,0.0,37.82551762591354,15360.0
-2.913524627685547,-2.929171323776245,0.01564604602754116,0.0,50.36502522516921,15360.0
-2.8745875358581543,-2.8926994800567627,0.018111657351255417,0.0,59.81103788211258,15360.0
-2.7881252765655518,-2.8038456439971924,0.015720786526799202,0.0,81.79642226266961,15360.0
-2.9145894050598145,-2.9306299686431885,0.016040274873375893,0.0,104.08917773594003,15360.0
-2.9530043601989746,-2.9686903953552246,0.01568647287786007,0.0,97.8574652260923,15360.0
-2.849651575088501,-2.8646254539489746,0.014973406679928303,0.0,62.03205960774318,15360.0
-2.913170576095581,-2.927396297454834,0.014225547201931477,0.0,40.99705874021113,15360.0
-2.909191131591797,-2.9242334365844727,0.015043163672089577,0.0,78.73081705419906,15360.0
-2.977031946182251,-2.994309902191162,0.017277903854846954,0.0,95.09961109247564,15360.0
-2.857720375061035,-2.87542724609375,0.017707230523228645,0.0,89.11981013645443,15360.0
-2.8486359119415283,-2.864176034927368,0.0155407739803195,0.0,71.93846303818752,15360.0
-2.935197591781616,-2.9501264095306396,0.01492856815457344,0.0,42.5268834635488,15360.0
-2.909785509109497,-2.9256410598754883,0.015856359153985977,0.0,41.86912691719505,15360.0
-3.0228323936462402,-3.0376293659210205,0.014796624891459942,0.0,79.42579268046471,15360.0
-2.9316391944885254,-2.949202299118042,0.017563071101903915,0.0,112.14068615836041,15360.0
-2.851820230484009,-2.8706777095794678,0.01885833591222763,0.0,122.49165718128263,15360.0
-2.712205171585083,-2.729600667953491,0.017395013943314552,0.0,111.7145676997405,15360.0
-2.8907458782196045,-2.908390760421753,0.01764535903930664,0.0,109.95044522827222,15360.0
-3.019622802734375,-3.034851551055908,0.015228718519210815,0.0,98.06856587926387,15360.0
-2.826711416244507,-2.8422389030456543,0.015526247210800648,0.0,72.38780184074065,15360.0
-2.855839252471924,-2.871342897415161,0.015503373928368092,0.0,44.43244997376758,15360.0
-2.8896055221557617,-2.903074026107788,0.013469920493662357,0.0,54.29932182326706,15360.0
-2.733846426010132,-2.7513697147369385,0.017523158341646194,0.0,86.03509619704842,15360.0
-2.761776924133301,-2.7781026363372803,0.016325725242495537,0.0,102.92174622396705,15360.0
-2.948815107345581,-2.963989734649658,0.015174954198300838,0.0,86.17623217588245,15360.0
-2.7414050102233887,-2.756542921066284,0.015138279646635056,0.0,66.27670270678456,15360.0
-2.9328956604003906,-2.9492080211639404,0.01631138101220131,0.0,78.50441998077844,15360.0
-2.9808363914489746,-3.001525640487671,0.020688539370894432,0.0,65.64579229738719,15360.0
-2.956702470779419,-2.9730939865112305,0.016391433775424957,0.0,45.14355601592767,15360.0
-2.8678808212280273,-2.8835575580596924,0.015676982700824738,0.0,74.84220989180838,15360.0
-2.7444093227386475,-2.770721197128296,0.026311391964554787,0.0,100.17139831647596,15360.0
-2.811640739440918,-2.8351337909698486,0.023493852466344833,0.0,89.42365040087887,15360.0
-2.9635872840881348,-2.9787724018096924,0.015184924937784672,0.0,34.97870413458077,15360.0
-2.8643276691436768,-2.882535219192505,0.018207933753728867,0.0,57.822372703968426,15360.0
-2.8508033752441406,-2.8686766624450684,0.017873402684926987,0.0,94.17504266889232,15360.0
-2.9624035358428955,-2.980105400085449,0.017701538279652596,0.0,87.74516908170541,15360.0
-3.0063273906707764,-3.021984338760376,0.015657413750886917,0.0,53.64523828309925,15360.0
-2.8756706714630127,-2.8905763626098633,0.0149055952206254,0.0,54.42017147401196,15360.0
-2.9657907485961914,-2.9812588691711426,0.015468161553144455,0.0,65.71201839276439,15360.0
-2.9977810382843018,-3.0144615173339844,0.016680069267749786,0.0,61.51516459452618,15360.0
-2.863750696182251,-2.8777706623077393,0.014019187539815903,0.0,68.44023327997832,15360.0
-2.9894590377807617,-3.0039420127868652,0.014483158476650715,0.0,78.74384824823193,15360.0
-2.9406275749206543,-2.9566431045532227,0.01601489447057247,0.0,60.03466983794759,15360.0
-2.92000150680542,-2.933741569519043,0.013739665038883686,0.0,40.992995681675744,15360.0
-2.871309757232666,-2.886080026626587,0.01477059070020914,0.0,60.67269518823867,15360.0
-2.929598808288574,-2.9457991123199463,0.016200119629502296,0.0,68.08925795939608,15360.0
-2.98260235786438,-2.996818780899048,0.014216273091733456,0.0,47.08449601386932,15360.0
-2.876964807510376,-2.8918349742889404,0.014870244078338146,0.0,59.66462797270797,15360.0
-2.851907253265381,-2.868865966796875,0.01695827580988407,0.0,77.22733250361357,15360.0
-2.930204153060913,-2.9463677406311035,0.01616252027451992,0.0,82.70822980829698,15360.0
-2.86505126953125,-2.8818178176879883,0.016767222434282303,0.0,83.5018001620966,15360.0
-2.853984832763672,-2.870496988296509,0.016511600464582443,0.0,61.222512511101726,15360.0
-2.909050703048706,-2.9242286682128906,0.015177962370216846,0.0,41.70679625556497,15360.0
-2.9837286472320557,-2.9991726875305176,0.01544432993978262,0.0,45.93347445991102,15360.0
-2.9538779258728027,-2.9691529273986816,0.015273858793079853,0.0,51.111500987335454,15360.0
-2.916034698486328,-2.9314658641815186,0.015430992469191551,0.0,47.95575087903802,15360.0
-3.0944907665252686,-3.1079070568084717,0.013416966423392296,0.0,41.498698046781186,15360.0
-2.9078147411346436,-2.9227218627929688,0.014906895346939564,0.0,51.0400006440809,15360.0
-2.9195971488952637,-2.9354562759399414,0.015859244391322136,0.0,61.992351353789864,15360.0
-2.844313383102417,-2.860064744949341,0.015752116218209267,0.0,57.12504204258104,15360.0
-2.9927756786346436,-3.0083529949188232,0.015578275546431541,0.0,57.1072263060711,15360.0
-2.8514134883880615,-2.8684241771698,0.017010241746902466,0.0,66.45475437112886,15360.0
-2.9086310863494873,-2.925126314163208,0.01649591512978077,0.0,80.73929097858046,15360.0
-2.8687655925750732,-2.886737585067749,0.017973097041249275,0.0,85.41256765068586,15360.0
-2.8738856315612793,-2.8910064697265625,0.017120035365223885,0.0,83.61477190148837,15360.0
-2.966992139816284,-2.983105421066284,0.016112642362713814,0.0,81.13557099952071,15360.0
-2.9497907161712646,-2.9659576416015625,0.016166402027010918,0.0,84.29841986190631,15360.0
-2.962315082550049,-2.9796247482299805,0.0173094030469656,0.0,63.724587605824986,15360.0
-2.87310528755188,-2.892460584640503,0.019354326650500298,0.0,40.62800292672691,15360.0
-3.0097544193267822,-3.0260508060455322,0.01629703678190708,0.0,72.80348549798002,15360.0
-2.8852035999298096,-2.9017560482025146,0.016551213338971138,0.0,102.83148531839217,15360.0
-2.9165449142456055,-2.9363973140716553,0.019852450117468834,0.0,96.66183192480747,15360.0
-2.826413631439209,-2.8453428745269775,0.018929414451122284,0.0,75.75171788154589,15360.0
-2.9721291065216064,-2.9873571395874023,0.01522781141102314,0.0,66.74575688747251,15360.0
-3.0090863704681396,-3.027512311935425,0.018426209688186646,0.0,88.51818319328594,15360.0
-2.8324029445648193,-2.8510358333587646,0.01863282546401024,0.0,94.88021005537217,15360.0
-2.8183979988098145,-2.835392951965332,0.01699516549706459,0.0,88.3854035754246,15360.0
-2.877713441848755,-2.894695520401001,0.01698276586830616,0.0,105.0702834510601,15360.0
-2.9550740718841553,-2.975536823272705,0.020463276654481888,0.0,97.66400467712108,15360.0
-2.924386739730835,-2.9428787231445312,0.018492484465241432,0.0,74.9259592695596,15360.0
-2.966621160507202,-2.984419107437134,0.017797091975808144,0.0,83.63237716164461,15360.0
-2.952216625213623,-2.9752094745635986,0.022992629557847977,0.0,106.48705329291342,15360.0
-2.8916966915130615,-2.9113571643829346,0.019660092890262604,0.0,102.93619826754137,15360.0
-2.8605968952178955,-2.8790814876556396,0.01848447509109974,0.0,71.46479300986864,15360.0
-2.8863515853881836,-2.907092809677124,0.020741021260619164,0.0,44.04628835610934,15360.0
-2.990868330001831,-3.0073482990264893,0.0164804644882679,0.0,50.27447787486634,15360.0
-2.94210147857666,-2.962801456451416,0.020699702203273773,0.0,81.67664842105707,15360.0
-2.815246105194092,-2.8354578018188477,0.02021203003823757,0.0,89.41883990999104,15360.0
-2.9753811359405518,-2.9954946041107178,0.02011297084391117,0.0,71.95753551459913,15360.0
-2.8280670642852783,-2.8488316535949707,0.02076457068324089,0.0,54.72171579902507,15360.0
-3.0121445655822754,-3.0280256271362305,0.015881624072790146,0.0,65.2529819243212,15360.0
-2.870276927947998,-2.8912177085876465,0.02094097249209881,0.0,98.00580354574988,15360.0
-2.999037027359009,-3.0199029445648193,0.020864879712462425,0.0,100.02258687919492,15360.0
-2.9540884494781494,-2.9709675312042236,0.016879340633749962,0.0,79.5649305773931,15360.0
-2.8496885299682617,-2.866935968399048,0.01724766567349434,0.0,77.45912666850886,15360.0
-2.9575018882751465,-2.9785048961639404,0.021002670750021935,0.0,98.48487349798418,15360.0
-2.856861114501953,-2.8754334449768066,0.018572380766272545,0.0,94.43759113224921,15360.0
-2.9141814708709717,-2.92875075340271,0.014569058082997799,0.0,70.13957042195108,15360.0
-2.9084441661834717,-2.924769163131714,0.016324836760759354,0.0,78.02173633643305,15360.0
-2.796038866043091,-2.8131301403045654,0.017091698944568634,0.0,96.93531065664075,15360.0
-2.948119640350342,-2.9646599292755127,0.016540156677365303,0.0,84.99464253638175,15360.0
-2.8198959827423096,-2.8343124389648438,0.014416665770113468,0.0,70.56739909500011,15360.0
-2.877530336380005,-2.894176959991455,0.016646461561322212,0.0,94.27562322514288,15360.0
-2.990670919418335,-3.008648157119751,0.01797638088464737,0.0,104.59293332073021,15360.0
-2.785461187362671,-2.8033108711242676,0.01785011775791645,0.0,83.36374479593543,15360.0
-2.841779947280884,-2.8573708534240723,0.015591188333928585,0.0,63.593825786116476,15360.0
-2.825584650039673,-2.842473030090332,0.016888659447431564,0.0,81.4329036680807,15360.0
-2.837216854095459,-2.854836940765381,0.017619797959923744,0.0,109.61228179373404,15360.0
-2.846557378768921,-2.8618898391723633,0.015332233160734177,0.0,111.35822470550066,15360.0
-2.8226609230041504,-2.8386268615722656,0.0159658994525671,0.0,82.02607472409784,15360.0
-2.998368978500366,-3.0118842124938965,0.013514900580048561,0.0,42.66086242546015,15360.0
-2.857184886932373,-2.8718719482421875,0.014687225222587585,0.0,79.76523882930303,15360.0
-2.8155665397644043,-2.8327276706695557,0.017161013558506966,0.0,103.62817036292283,15360.0
-2.9390666484832764,-2.9545912742614746,0.015523700043559074,0.0,98.73533857809495,15360.0
-2.7819557189941406,-2.7982683181762695,0.01631304807960987,0.0,68.48559383101234,15360.0
-2.9885761737823486,-3.0034475326538086,0.01487142313271761,0.0,57.788261200948064,15360.0
-2.8410322666168213,-2.857490062713623,0.016458161175251007,0.0,70.19609700485013,15360.0
-2.9203240871429443,-2.936109781265259,0.015785200521349907,0.0,62.21510738584224,15360.0
-2.939577341079712,-2.955120086669922,0.015543797984719276,0.0,45.05832401613657,15360.0
-2.7726922035217285,-2.7887446880340576,0.01605214737355709,0.0,45.48067058665322,15360.0
-2.978321075439453,-2.9956488609313965,0.01732770726084709,0.0,59.59752401022595,15360.0
-2.924333333969116,-2.940621852874756,0.01628890261054039,0.0,59.58969208331499,15360.0
-2.848191022872925,-2.8645756244659424,0.016384581103920937,0.0,47.14120457289453,15360.0
-3.028416872024536,-3.0443570613861084,0.015939433127641678,0.0,36.56569621192774,15360.0
-2.88767147064209,-2.904306173324585,0.016635626554489136,0.0,61.8677117816703,15360.0
-3.02545166015625,-3.041767120361328,0.0163152813911438,0.0,71.93831569951426,15360.0
-2.996218204498291,-3.01177716255188,0.01555878110229969,0.0,45.22506813757941,15360.0
-2.9565038681030273,-2.9703357219696045,0.013831298798322678,0.0,32.691847448112426,15360.0
-2.861128807067871,-2.8774335384368896,0.016304288059473038,0.0,68.26077319637898,15360.0
-2.902470588684082,-2.9182889461517334,0.015818163752555847,0.0,68.28549413058471,15360.0
-2.991713047027588,-3.0063772201538086,0.01466325856745243,0.0,44.51999398503352,15360.0
-2.9551875591278076,-2.9719152450561523,0.01672712154686451,0.0,56.04961189355185,15360.0
-2.975785970687866,-2.993293046951294,0.017507126554846764,0.0,77.81825298269693,15360.0
-2.962486505508423,-2.9808948040008545,0.01840781792998314,0.0,72.79438853308581,15360.0
-2.866938829421997,-2.884230136871338,0.017291178926825523,0.0,64.36214493209208,15360.0
-2.928673267364502,-2.945892095565796,0.017219556495547295,0.0,52.67569127198441,15360.0
-2.8398513793945312,-2.8572795391082764,0.0174285639077425,0.0,75.49112440145844,15360.0
-2.8698158264160156,-2.889096736907959,0.019281629472970963,0.0,89.75627890467551,15360.0
-2.7469563484191895,-2.7649614810943604,0.018004892393946648,0.0,81.41476531700296,15360.0
-2.963874101638794,-2.9818196296691895,0.017945492640137672,0.0,75.78800043924494,15360.0
-2.9812872409820557,-3.001979351043701,0.020691992715001106,0.0,77.08102857629993,15360.0
-2.9337990283966064,-2.95223069190979,0.018431024625897408,0.0,72.33959603439986,15360.0
-2.95117449760437,-2.9697391986846924,0.018564488738775253,0.0,65.75148725009447,15360.0
-2.8980321884155273,-2.918398141860962,0.02036670222878456,0.0,78.3776281238472,15360.0
-2.8721330165863037,-2.8906524181365967,0.018519263714551926,0.0,64.49623597921786,15360.0
-2.8046483993530273,-2.8214094638824463,0.01676039770245552,0.0,54.15167593829826,15360.0
-3.0211610794067383,-3.0388007164001465,0.01763966865837574,0.0,45.37395349995045,15360.0
-2.9030520915985107,-2.9187471866607666,0.01569519005715847,0.0,44.73159859225595,15360.0
-2.888150215148926,-2.904595375061035,0.01644514873623848,0.0,45.82198559855017,15360.0
-2.841123342514038,-2.8583531379699707,0.01722961664199829,0.0,43.293285512039056,15360.0
-2.8985626697540283,-2.914576292037964,0.016013463959097862,0.0,56.5955998561774,15360.0
-2.816559314727783,-2.8332126140594482,0.01665196381509304,0.0,66.60265379511533,15360.0
-2.781796455383301,-2.7994017601013184,0.017604408785700798,0.0,78.11346918287043,15360.0
-2.841799736022949,-2.8588762283325195,0.01707620359957218,0.0,86.47914189431009,15360.0
-2.842874765396118,-2.862504482269287,0.019628794863820076,0.0,74.15362603090166,15360.0
-2.897844076156616,-2.9127917289733887,0.014947799034416676,0.0,52.20846763724567,15360.0
-2.873509645462036,-2.8906633853912354,0.0171539057046175,0.0,53.013393750949696,15360.0
-2.972060203552246,-2.98791241645813,0.01585165038704872,0.0,64.23512530618879,15360.0
-3.002741813659668,-3.018526792526245,0.015784742310643196,0.0,64.54872755032945,15360.0
-2.9995343685150146,-3.0141804218292236,0.014645609073340893,0.0,57.90791427234585,15360.0
-2.84513258934021,-2.8611268997192383,0.015993637964129448,0.0,59.82087808014967,15360.0
-2.968587636947632,-2.9837255477905273,0.01513682771474123,0.0,37.826065942478934,15360.0
-2.8947455883026123,-2.909468650817871,0.014723336324095726,0.0,34.3753033276221,15360.0
-2.8734800815582275,-2.889815092086792,0.016334321349859238,0.0,61.821383362859116,15360.0
-2.8837897777557373,-2.9004271030426025,0.016636168584227562,0.0,70.77370676579406,15360.0
-2.923927068710327,-2.94185209274292,0.01792442426085472,0.0,77.62588875377236,15360.0
-2.941890239715576,-2.9573628902435303,0.015474489890038967,0.0,92.15782955290256,15360.0
-2.821384906768799,-2.8400025367736816,0.018617259338498116,0.0,97.99120243288326,15360.0
-3.0148513317108154,-3.0322375297546387,0.017387159168720245,0.0,78.32313500837553,15360.0
-3.0062034130096436,-3.0226523876190186,0.01644882932305336,0.0,54.91233953574138,15360.0
-2.913193941116333,-2.930455446243286,0.017261648550629616,0.0,101.79766755660151,15360.0
-2.7512474060058594,-2.770045518875122,0.01879834197461605,0.0,136.80432191975785,15360.0
-2.891415596008301,-2.9106192588806152,0.019204532727599144,0.0,137.82699739781256,15360.0
-2.7935683727264404,-2.8121001720428467,0.018531134352087975,0.0,149.37651623177447,15360.0
-2.7841956615448,-2.806762218475342,0.0225664172321558,0.0,156.2122211630563,15360.0
-2.8483924865722656,-2.8664143085479736,0.018021520227193832,0.0,115.14814778624756,15360.0
-2.9135868549346924,-2.928828477859497,0.015241628512740135,0.0,63.995143824928626,15360.0
-2.935295343399048,-2.9515414237976074,0.01624651998281479,0.0,95.86611614138812,15360.0
-2.946728229522705,-2.9636354446411133,0.016907433047890663,0.0,114.45003329683901,15360.0
-2.823056936264038,-2.8398337364196777,0.01677675172686577,0.0,117.73848435878931,15360.0
-2.583672285079956,-2.6007802486419678,0.017107564955949783,0.0,96.64499399427774,15360.0
-2.9732391834259033,-2.9877777099609375,0.014538060873746872,0.0,73.32676075405298,15360.0
-2.7691049575805664,-2.7873482704162598,0.018243461847305298,0.0,104.77068078054897,15360.0
-2.833765983581543,-2.8499057292938232,0.016140170395374298,0.0,104.51914829014399,15360.0
-2.8842520713806152,-2.899434804916382,0.015182442031800747,0.0,74.50571210186722,15360.0
-2.840646505355835,-2.857384204864502,0.016736479476094246,0.0,75.30062482562853,15360.0
-2.84073805809021,-2.8547635078430176,0.014024997130036354,0.0,72.00337011625528,15360.0
-2.8331148624420166,-2.8497865200042725,0.016671197488904,0.0,74.07906259119191,15360.0
-2.8516502380371094,-2.8665456771850586,0.014895488508045673,0.0,55.86027201568259,15360.0
-2.971712589263916,-2.987610101699829,0.015896767377853394,0.0,46.246091584224494,15360.0
-2.9053566455841064,-2.9212608337402344,0.01590489037334919,0.0,72.56986798399052,15360.0
-2.760528087615967,-2.7774221897125244,0.016893845051527023,0.0,74.03209203115995,15360.0
-2.7922322750091553,-2.807326078414917,0.015093621797859669,0.0,42.94968103843593,15360.0
-2.89267897605896,-2.9076993465423584,0.015019822865724564,0.0,53.77331065626707,15360.0
-2.8665974140167236,-2.881577968597412,0.014980499632656574,0.0,58.42597258377412,15360.0
-2.895965814590454,-2.9101943969726562,0.014227842912077904,0.0,34.98102668739113,15360.0
-2.9598395824432373,-2.9748470783233643,0.015007556416094303,0.0,37.63201053418146,15360.0
-2.8697049617767334,-2.8850035667419434,0.015298424288630486,0.0,47.88898795785051,15360.0
-2.872026205062866,-2.8871607780456543,0.015134675428271294,0.0,50.309579661895505,15360.0
-2.8460052013397217,-2.8616459369659424,0.01564018800854683,0.0,57.143541369384444,15360.0
-2.9079999923706055,-2.9236326217651367,0.015632264316082,0.0,62.65114928157231,15360.0
-2.8481831550598145,-2.8640670776367188,0.015884729102253914,0.0,60.331946583629396,15360.0
-2.978984832763672,-2.994332790374756,0.015347550623118877,0.0,47.977877851371794,15360.0
-3.0258285999298096,-3.041469097137451,0.015640484169125557,0.0,37.70573695050237,15360.0
-2.991159677505493,-3.0068395137786865,0.015679625794291496,0.0,51.604602165571585,15360.0
-3.056391716003418,-3.070948839187622,0.014557506889104843,0.0,70.09124440216885,15360.0
-2.951821804046631,-2.968722105026245,0.016899650916457176,0.0,68.89563423782022,15360.0
-2.872044563293457,-2.8886444568634033,0.01659933663904667,0.0,52.143675416967724,15360.0
-2.9372644424438477,-2.951941728591919,0.014677084051072598,0.0,61.75917201597535,15360.0
-2.833498477935791,-2.8500478267669678,0.016549168154597282,0.0,87.20964378838248,15360.0
-2.8680596351623535,-2.8862881660461426,0.01822878047823906,0.0,101.3950968695791,15360.0
-2.918734312057495,-2.935802698135376,0.017069287598133087,0.0,90.1290045403011,15360.0
-2.9625487327575684,-2.978665590286255,0.016117112711071968,0.0,55.697149916028856,15360.0
-2.9474194049835205,-2.962430477142334,0.015011262148618698,0.0,23.705646703444646,15360.0
-2.9298598766326904,-2.9457814693450928,0.015920910984277725,0.0,60.89073765704517,15360.0
-2.861250877380371,-2.8780517578125,0.016800368204712868,0.0,84.87451708439056,15360.0
-2.9649624824523926,-2.979557752609253,0.014595904387533665,0.0,86.67872485684693,15360.0
-2.8944404125213623,-2.9121220111846924,0.01768243871629238,0.0,85.39710287945088,15360.0
-2.932746171951294,-2.951399087905884,0.01865173690021038,0.0,60.91432170190848,15360.0
-2.9189212322235107,-2.9348342418670654,0.015912948176264763,0.0,48.64468632305579,15360.0
-3.021322727203369,-3.03666353225708,0.015341033227741718,0.0,52.801992700081364,15360.0
-2.9346182346343994,-2.9520983695983887,0.017479905858635902,0.0,63.10924886949298,15360.0
-2.8401153087615967,-2.8586952686309814,0.018580010160803795,0.0,78.04345291328315,15360.0
-2.9081521034240723,-2.9264750480651855,0.018322819843888283,0.0,68.87108996658387,15360.0
-2.950533628463745,-2.9671738147735596,0.016639666631817818,0.0,44.11291923710307,15360.0
-2.9512059688568115,-2.969057321548462,0.01785191148519516,0.0,64.87807615697626,15360.0
-2.8417141437530518,-2.860335111618042,0.018620939925312996,0.0,97.86821888983563,15360.0
-2.941770076751709,-2.9577367305755615,0.01596703752875328,0.0,106.5640855621863,15360.0
-2.9304683208465576,-2.95051908493042,0.0200506504625082,0.0,87.362051038237,15360.0
-3.0455691814422607,-3.063624382019043,0.018055401742458344,0.0,56.70978159454045,15360.0
-2.895659923553467,-2.9129514694213867,0.01729186624288559,0.0,78.70460013359077,15360.0
-2.881587028503418,-2.901505708694458,0.01991903968155384,0.0,111.07438187684136,15360.0
-2.8978095054626465,-2.9149320125579834,0.01712249033153057,0.0,106.59293223378916,15360.0
-3.130345582962036,-3.1480088233947754,0.017663024365901947,0.0,78.05900209258388,15360.0
-2.836761713027954,-2.8668107986450195,0.03004949539899826,0.0,71.30186836938819,15360.0
-2.80682635307312,-2.8285984992980957,0.021772198379039764,0.0,80.58241331321265,15360.0
-2.9678306579589844,-2.9864423274993896,0.018611015751957893,0.0,86.91213354912885,15360.0
-2.8119802474975586,-2.837062358856201,0.025081751868128777,0.0,79.16995190200144,15360.0
-2.903226137161255,-2.9226794242858887,0.019453007727861404,0.0,70.15700739030304,15360.0
-2.994265079498291,-3.012592077255249,0.018328078091144562,0.0,92.23439097941547,15360.0
-2.9250826835632324,-2.9478964805603027,0.02281433530151844,0.0,104.0630303779451,15360.0
-2.9287922382354736,-2.948944568634033,0.02015252783894539,0.0,87.7173582780158,15360.0
-2.9109721183776855,-2.928609609603882,0.017637627199292183,0.0,76.39687904518976,15360.0
-2.9046285152435303,-2.922194242477417,0.017565857619047165,0.0,97.35528679813898,15360.0
-2.7618768215179443,-2.7820613384246826,0.02018394134938717,0.0,97.72547796559353,15360.0
-2.8988358974456787,-2.9159932136535645,0.017157288268208504,0.0,86.1191996114395,15360.0
-2.8114306926727295,-2.8290934562683105,0.01766294054687023,0.0,87.12978980833029,15360.0
-2.9211442470550537,-2.9387075901031494,0.01756320521235466,0.0,108.07043559319476,15360.0
-2.875408887863159,-2.89280366897583,0.01739422231912613,0.0,109.6332288171615,15360.0
-2.9787278175354004,-2.9971961975097656,0.018468821421265602,0.0,82.02252080542405,15360.0
-2.7959225177764893,-2.8124122619628906,0.016491226851940155,0.0,96.39381736991365,15360.0
-2.8019914627075195,-2.8209779262542725,0.018986543640494347,0.0,108.19407522739222,15360.0
-2.8401637077331543,-2.8582358360290527,0.01807335950434208,0.0,87.0948982414401,15360.0
-2.922260046005249,-2.9379587173461914,0.01569969207048416,0.0,100.08536086815678,15360.0
-2.8997201919555664,-2.9174113273620605,0.017691422253847122,0.0,105.22598639932552,15360.0
-3.009331703186035,-3.0246376991271973,0.015305872075259686,0.0,62.218558976980084,15360.0
-2.9890475273132324,-3.0041356086730957,0.01508826483041048,0.0,71.88158530372574,15360.0
-2.867943525314331,-2.884723663330078,0.01678021438419819,0.0,79.69024987297425,15360.0
-2.995044708251953,-3.0103707313537598,0.015325712040066719,0.0,53.565888350064874,15360.0
-3.089759588241577,-3.1046576499938965,0.014897010289132595,0.0,75.46466918371475,15360.0
-2.9748573303222656,-2.9907965660095215,0.015938393771648407,0.0,67.4731022165455,15360.0
-2.880995273590088,-2.8966352939605713,0.01564064435660839,0.0,40.64962499818752,15360.0
-2.8182969093322754,-2.834705352783203,0.01640838012099266,0.0,79.10495012681852,15360.0
-2.944732189178467,-2.960402488708496,0.01567012444138527,0.0,74.07690094788292,15360.0
-2.936001777648926,-2.950885057449341,0.01488326583057642,0.0,58.176724868391275,15360.0
-2.837156057357788,-2.853626012802124,0.01647055149078369,0.0,62.32661533768056,15360.0
-2.955230951309204,-2.9700052738189697,0.014774459414184093,0.0,59.176684386898074,15360.0
-2.94295597076416,-2.958639621734619,0.015683362260460854,0.0,63.68503229124958,15360.0
-2.970733165740967,-2.988981008529663,0.018247993662953377,0.0,52.54475811204499,15360.0
-2.883983850479126,-2.901607036590576,0.017623430117964745,0.0,50.35866394419489,15360.0
-2.821359872817993,-2.840642213821411,0.01928224414587021,0.0,97.88601167075853,15360.0
-2.8378026485443115,-2.857605218887329,0.019802218303084373,0.0,103.29103562349027,15360.0
-2.908519983291626,-2.9253487586975098,0.016828592866659164,0.0,67.98789768080808,15360.0
-2.9864304065704346,-3.002713441848755,0.016283057630062103,0.0,40.45827718044261,15360.0
-3.0198755264282227,-3.036328077316284,0.01645229198038578,0.0,48.794582455579345,15360.0
-2.9043097496032715,-2.919187068939209,0.014876922592520714,0.0,55.33272467748945,15360.0
-2.9301681518554688,-2.946549892425537,0.01638188026845455,0.0,48.45353780087388,15360.0
-2.9488372802734375,-2.9653451442718506,0.016508709639310837,0.0,35.68439957489576,15360.0
-3.0101230144500732,-3.0277161598205566,0.01759268529713154,0.0,36.45175076264117,15360.0
-2.9763717651367188,-2.993011236190796,0.016640160232782364,0.0,41.755406292826216,15360.0
-3.0131943225860596,-3.0314621925354004,0.018268156796693802,0.0,43.57330611950102,15360.0
-2.9288697242736816,-2.947204828262329,0.0183357335627079,0.0,43.697672450418956,15360.0
-2.922621965408325,-2.941845178604126,0.019223345443606377,0.0,47.47664407937698,15360.0
-3.093318223953247,-3.111463785171509,0.018146097660064697,0.0,54.091147772128984,15360.0
-3.020873785018921,-3.0375757217407227,0.016702329739928246,0.0,43.39949463991206,15360.0
-2.9876699447631836,-3.0051748752593994,0.017504245042800903,0.0,50.352557617355195,15360.0
-3.0213510990142822,-3.038532257080078,0.017180757597088814,0.0,66.15359738634398,15360.0
-3.029873847961426,-3.045720100402832,0.015845486894249916,0.0,62.168349428430616,15360.0
-2.9187915325164795,-2.936868906021118,0.018077494576573372,0.0,49.28102142469434,15360.0
-2.951860189437866,-2.9674665927886963,0.01560575794428587,0.0,37.88543101668144,15360.0
-2.9812252521514893,-2.9974992275238037,0.01627378910779953,0.0,51.5623177034846,15360.0
-2.9841885566711426,-3.00234055519104,0.018152529373764992,0.0,75.16083558717277,15360.0
-2.943474292755127,-2.961097002029419,0.01762230321764946,0.0,72.14934817256906,15360.0
-2.9236934185028076,-2.9421730041503906,0.018480053171515465,0.0,57.00898683932974,15360.0
-2.8776893615722656,-2.896197557449341,0.018507713451981544,0.0,63.202515881715655,15360.0
-2.7689104080200195,-2.789600133895874,0.02068973518908024,0.0,78.85740237336357,15360.0
-2.92484450340271,-2.9457242488861084,0.020879393443465233,0.0,95.5966430430128,15360.0
-2.7809536457061768,-2.799968957901001,0.019015047699213028,0.0,86.17820163401497,15360.0
-2.918755054473877,-2.9377341270446777,0.018978534266352654,0.0,60.0759741473411,15360.0
-3.0242958068847656,-3.0432424545288086,0.01894681341946125,0.0,76.73923004400054,15360.0
-2.8586013317108154,-2.8769898414611816,0.01838841661810875,0.0,94.27455082893754,15360.0
-2.813011407852173,-2.832064628601074,0.019053280353546143,0.0,87.92061365213111,15360.0
-2.943026304244995,-2.962284803390503,0.019259046763181686,0.0,67.20744078035443,15360.0
-2.8256242275238037,-2.846597909927368,0.020973172038793564,0.0,63.72682810325103,15360.0
-2.876776695251465,-2.893486261367798,0.01670944131910801,0.0,62.107630442747094,15360.0
-3.006237745285034,-3.024020195007324,0.017782049253582954,0.0,66.05548689326672,15360.0
-2.958980083465576,-2.9766175746917725,0.017638010904192924,0.0,72.95230210751535,15360.0
-3.020890951156616,-3.0372674465179443,0.016376633197069168,0.0,60.357915602633845,15360.0
-2.9138174057006836,-2.9304144382476807,0.016596784815192223,0.0,37.818096453302616,15360.0
-2.976496696472168,-2.99271821975708,0.016221513971686363,0.0,64.03845316962044,15360.0
-2.7116618156433105,-2.7305259704589844,0.018864303827285767,0.0,83.52427689813278,15360.0
-3.0151426792144775,-3.033838987350464,0.018697457388043404,0.0,69.9174462758702,15360.0
-2.9355742931365967,-2.953559160232544,0.01798337511718273,0.0,66.78531718845456,15360.0
-2.93851900100708,-2.955462694168091,0.016943950206041336,0.0,90.05247487404462,15360.0
-2.9070510864257812,-2.9275197982788086,0.020468657836318016,0.0,110.61242530617203,15360.0
-2.915879487991333,-2.9364073276519775,0.020527644082903862,0.0,98.95739884905782,15360.0
-2.9363415241241455,-2.9525532722473145,0.016211846843361855,0.0,55.90588585782427,15360.0
-2.8381943702697754,-2.8548924922943115,0.016698425635695457,0.0,48.75693724941184,15360.0
-2.9929251670837402,-3.0106048583984375,0.0176792461425066,0.0,95.84296721143487,15360.0
-2.892728328704834,-2.9110426902770996,0.01831379346549511,0.0,107.84910324118167,15360.0
-2.868253469467163,-2.8860127925872803,0.01776067167520523,0.0,66.11553712004199,15360.0
-3.0560107231140137,-3.0716707706451416,0.015660611912608147,0.0,41.646418780869894,15360.0
-2.854909658432007,-2.8769099712371826,0.02200009487569332,0.0,103.9844191249197,15360.0
-2.8223588466644287,-2.851590156555176,0.0292314812541008,0.0,124.17387208250464,15360.0
-2.907745838165283,-2.926506757736206,0.018761593848466873,0.0,76.53936345709636,15360.0
-2.932950258255005,-2.9529240131378174,0.01997276023030281,0.0,48.28473717779638,15360.0
-3.037838935852051,-3.059471368789673,0.021632440388202667,0.0,95.42056048183406,15360.0
-2.9520914554595947,-2.9712584018707275,0.01916656270623207,0.0,99.86428428426089,15360.0
-3.043942451477051,-3.063260078430176,0.019317777827382088,0.0,57.70490205558281,15360.0
-2.9363667964935303,-2.954435110092163,0.01806892640888691,0.0,39.74339049301479,15360.0
-2.9099693298339844,-2.929804801940918,0.0198358204215765,0.0,76.27263112553264,15360.0
-2.810894250869751,-2.83187198638916,0.020978175103664398,0.0,65.37699105873668,15360.0
-2.9650778770446777,-2.982917308807373,0.01783853955566883,0.0,38.74461541400922,15360.0
-2.936675548553467,-2.9573616981506348,0.020686684176325798,0.0,54.382070340653875,15360.0
-2.960618734359741,-2.979804515838623,0.01918684132397175,0.0,68.92567456454928,15360.0
-2.8925256729125977,-2.9105355739593506,0.01800936460494995,0.0,50.219730989690504,15360.0
-3.0286264419555664,-3.0468719005584717,0.018246091902256012,0.0,35.46472921634383,15360.0
-2.905207395553589,-2.924222469329834,0.019014323130249977,0.0,58.1216924263431,15360.0
-2.9202840328216553,-2.938509941101074,0.018225643783807755,0.0,62.80098351802742,15360.0
-2.8922767639160156,-2.9108150005340576,0.01853739097714424,0.0,48.676806594427326,15360.0
-2.979675531387329,-2.998718023300171,0.019043421372771263,0.0,47.76757197480466,15360.0
-2.9159233570098877,-2.9352869987487793,0.019364310428500175,0.0,66.56408990825162,15360.0
-2.9543087482452393,-2.973710775375366,0.01940222643315792,0.0,65.36338687438432,15360.0
-3.006333827972412,-3.0292062759399414,0.022872216999530792,0.0,62.63104699450912,15360.0
-2.909897804260254,-2.9515464305877686,0.041648589074611664,0.0,55.09147247399917,15360.0
-2.895214796066284,-2.9255666732788086,0.030351484194397926,0.0,62.71142429881828,15360.0
-2.8285841941833496,-2.852712869644165,0.024128375574946404,0.0,69.16469481014036,15360.0
-2.9266788959503174,-2.9531188011169434,0.026440715417265892,0.0,71.52789060014581,15360.0
-2.976780652999878,-3.001739978790283,0.024959204718470573,0.0,69.99179782275502,15360.0
-3.0291643142700195,-3.052347421646118,0.02318296581506729,0.0,60.250281144825955,15360.0
-3.0039117336273193,-3.0251338481903076,0.021222412586212158,0.0,70.39752747721273,15360.0
-2.9010159969329834,-2.9250364303588867,0.02402108907699585,0.0,70.68655835842745,15360.0
-2.84919810295105,-2.870704174041748,0.021507101133465767,0.0,48.622268899630626,15360.0
-2.9202797412872314,-2.943566083908081,0.023287290707230568,0.0,55.76570014630624,15360.0
-2.9144697189331055,-2.936204433441162,0.02173469401896,0.0,72.0479125023087,15360.0
-2.9326651096343994,-2.963528633117676,0.03086439147591591,0.0,75.13585432146002,15360.0
-2.9849371910095215,-3.012732744216919,0.027795664966106415,0.0,84.75831282264224,15360.0
-3.0040862560272217,-3.0258688926696777,0.02178281359374523,0.0,89.22190319874841,15360.0
-2.9156529903411865,-2.94640851020813,0.030755672603845596,0.0,67.83893289598916,15360.0
-2.927898406982422,-2.949131727218628,0.021233556792140007,0.0,71.49667537306236,15360.0
-2.8203704357147217,-2.847879648208618,0.027509691193699837,0.0,92.53787478737887,15360.0
-2.918231725692749,-2.946596384048462,0.028364069759845734,0.0,96.4025314261607,15360.0
-2.925161123275757,-2.9443867206573486,0.019225694239139557,0.0,61.86564914724354,15360.0
-2.9294700622558594,-2.9561753273010254,0.026705404743552208,0.0,78.07101678718846,15360.0
-2.8224503993988037,-2.8430018424987793,0.020550701767206192,0.0,85.92951631263128,15360.0
-2.9470057487487793,-2.9688775539398193,0.021872514858841896,0.0,64.80720815832223,15360.0
-2.8709442615509033,-2.893301248550415,0.022357769310474396,0.0,74.19751728986395,15360.0
-2.88085675239563,-2.9017913341522217,0.02093465067446232,0.0,77.3436134308327,15360.0
-2.9649758338928223,-2.9854798316955566,0.020504193380475044,0.0,69.9282936532613,15360.0
-2.892787218093872,-2.913485050201416,0.020697124302387238,0.0,87.86420170212247,15360.0
-2.909245014190674,-2.930094003677368,0.02084861509501934,0.0,73.22049961061396,15360.0
-2.8804354667663574,-2.898604393005371,0.01816859468817711,0.0,67.38984765177182,15360.0
-2.847754716873169,-2.8692679405212402,0.021513475105166435,0.0,80.23517712875781,15360.0
-3.027876853942871,-3.045915365219116,0.01803908869624138,0.0,64.17055465784695,15360.0
-3.005180835723877,-3.0243537425994873,0.019172687083482742,0.0,30.518977316103413,15360.0
-2.8855509757995605,-2.904919385910034,0.019367871806025505,0.0,60.54317725250964,15360.0
-2.8870127201080322,-2.906761407852173,0.019748779013752937,0.0,73.01338299942458,15360.0
-2.9890096187591553,-3.006833076477051,0.017823543399572372,0.0,35.28076857419787,15360.0
-2.947819471359253,-2.967705011367798,0.019885409623384476,0.0,60.573852387754094,15360.0
-2.8400368690490723,-2.8592264652252197,0.019189275801181793,0.0,85.5130172409537,15360.0
-3.001042604446411,-3.0235798358917236,0.02253640629351139,0.0,81.48346707404902,15360.0
-2.996029853820801,-3.015608787536621,0.019579177722334862,0.0,64.5642027109851,15360.0
-3.035454273223877,-3.0570485591888428,0.021595213562250137,0.0,62.984691018539095,15360.0
-2.9150967597961426,-2.9387407302856445,0.023644063621759415,0.0,76.33787526942363,15360.0
-2.9682421684265137,-2.989254951477051,0.02101362869143486,0.0,64.97294460841158,15360.0
-3.0917246341705322,-3.1128194332122803,0.021095339208841324,0.0,59.46772048419127,15360.0
-2.788551092147827,-2.8137600421905518,0.02520938590168953,0.0,54.37122998930513,15360.0
-2.8818650245666504,-2.9048361778259277,0.022970717400312424,0.0,51.35978799919802,15360.0
-2.8578989505767822,-2.8900327682495117,0.03213401511311531,0.0,70.44603410739141,15360.0
-3.0237271785736084,-3.052170753479004,0.02844434231519699,0.0,78.24468706101563,15360.0
-2.8272459506988525,-2.851839303970337,0.024592088535428047,0.0,46.43361553041364,15360.0
-2.823047399520874,-2.8484370708465576,0.025390030816197395,0.0,51.90369268071895,15360.0
-2.78745174407959,-2.812788963317871,0.025337250903248787,0.0,87.4611142688978,15360.0
-2.8388311862945557,-2.8632237911224365,0.02439289353787899,0.0,86.62978267612733,15360.0
-2.986689329147339,-3.0083508491516113,0.021661384031176567,0.0,59.384487448560506,15360.0
-3.0070927143096924,-3.0306520462036133,0.023558838292956352,0.0,52.7218543012569,15360.0
-2.9257209300994873,-2.946810483932495,0.021088857203722,0.0,86.20019575926291,15360.0
-2.8822004795074463,-2.905198335647583,0.022999009117484093,0.0,88.97824744770521,15360.0
-2.792560577392578,-2.818521738052368,0.025960508733987808,0.0,88.61820220716466,15360.0
-2.869476795196533,-2.894033908843994,0.02455785684287548,0.0,100.3495515538036,15360.0
-2.905034303665161,-2.9260964393615723,0.021062102168798447,0.0,91.77968667247102,15360.0
-2.878896474838257,-2.91243577003479,0.033539023250341415,0.0,55.07926708395776,15360.0
-2.892376661300659,-2.9359049797058105,0.043527405709028244,0.0,90.53626840456384,15360.0
-2.923137664794922,-2.949662685394287,0.026525530964136124,0.0,91.24891047188996,15360.0
-3.0340735912323,-3.064082145690918,0.03000807575881481,0.0,51.6078717781915,15360.0
-2.894385814666748,-2.9226133823394775,0.02822774462401867,0.0,66.52637728456408,15360.0
-2.910688638687134,-2.9365906715393066,0.02590232715010643,0.0,74.667099562069,15360.0
-2.951504945755005,-2.9779345989227295,0.026429690420627594,0.0,70.48189084856652,15360.0
-2.8168249130249023,-2.8417365550994873,0.02491183951497078,0.0,58.41078969145954,15360.0
-2.866175413131714,-2.891221523284912,0.025046970695257187,0.0,67.0305453316711,15360.0
-3.033209800720215,-3.0556797981262207,0.02246936969459057,0.0,82.4928071564095,15360.0
-3.077977180480957,-3.1006155014038086,0.022638196125626564,0.0,60.74099611121464,15360.0
-3.0475404262542725,-3.069498300552368,0.02195753902196884,0.0,56.1271757559167,15360.0
-2.945145606994629,-2.9686179161071777,0.023472947999835014,0.0,74.13133478040507,15360.0
-2.9357948303222656,-2.959280252456665,0.023486047983169556,0.0,52.83599842937853,15360.0
-2.887880802154541,-2.9115819931030273,0.023701421916484833,0.0,40.0060225314651,15360.0
-2.9809441566467285,-3.0037267208099365,0.022782767191529274,0.0,54.991430940785165,15360.0
-2.9004435539245605,-2.924135446548462,0.023692181333899498,0.0,59.360262698703124,15360.0
-2.9902873039245605,-3.0162241458892822,0.025937266647815704,0.0,67.74476051742876,15360.0
-2.860440492630005,-2.882568597793579,0.02212667092680931,0.0,62.26895932133844,15360.0
-2.9461183547973633,-2.969759941101074,0.02364153042435646,0.0,50.277876375334245,15360.0
-2.9874117374420166,-3.008946180343628,0.021533770486712456,0.0,58.74017742568314,15360.0
-2.969292640686035,-2.993656635284424,0.024364985525608063,0.0,64.14836437869683,15360.0
-3.0450825691223145,-3.06797456741333,0.02289179340004921,0.0,62.5056954998004,15360.0
-3.1279211044311523,-3.1519827842712402,0.024062085896730423,0.0,52.79909039376825,15360.0
-2.8825652599334717,-2.9045016765594482,0.021936552599072456,0.0,53.85360882482767,15360.0
-2.889590263366699,-2.913806200027466,0.024216899648308754,0.0,49.84804200078884,15360.0
-2.9736618995666504,-2.995283365249634,0.021620647981762886,0.0,46.903478727547075,15360.0
-2.909024953842163,-2.9327456951141357,0.02372097596526146,0.0,38.30446542551372,15360.0
-3.0470895767211914,-3.069882869720459,0.022793756797909737,0.0,46.84896139136991,15360.0
-3.0169057846069336,-3.0389671325683594,0.022062255069613457,0.0,56.997514756015434,15360.0
-2.8476884365081787,-2.86980938911438,0.02212085761129856,0.0,49.76554632625917,15360.0
-3.013354778289795,-3.035989284515381,0.022633284330368042,0.0,39.256477706483516,15360.0
-2.9231553077697754,-2.9449045658111572,0.02175004407763481,0.0,37.6981409321206,15360.0
-3.0550856590270996,-3.078742265701294,0.023656386882066727,0.0,43.76273793608676,15360.0
-2.8990304470062256,-2.9227476119995117,0.02371763251721859,0.0,56.351582761557594,15360.0
-3.0034396648406982,-3.028197765350342,0.02475779503583908,0.0,65.47508225190802,15360.0
-2.992241621017456,-3.0175423622131348,0.02530025877058506,0.0,59.68265667482533,15360.0
-2.8836607933044434,-2.9058785438537598,0.022218136116862297,0.0,48.64420957564751,15360.0
-3.0402324199676514,-3.0629193782806396,0.022686941549181938,0.0,63.5713594935402,15360.0
-3.0301005840301514,-3.0531697273254395,0.02307015284895897,0.0,64.35549955925711,15360.0
-3.0311825275421143,-3.0533173084259033,0.02213405817747116,0.0,41.15632675865127,15360.0
-2.9520726203918457,-2.975064992904663,0.022992676123976707,0.0,39.98785177321865,15360.0
-3.024636745452881,-3.0475034713745117,0.02286643162369728,0.0,52.147411138071334,15360.0
-3.019437074661255,-3.043217897415161,0.023781409487128258,0.0,56.1741226804357,15360.0
-2.9064462184906006,-2.9391674995422363,0.03272116556763649,0.0,83.9796508751653,15360.0
-2.9421823024749756,-2.9747047424316406,0.032523006200790405,0.0,106.80768470571253,15360.0
-2.971402168273926,-2.9987056255340576,0.027303041890263557,0.0,107.232832359825,15360.0
-3.0019872188568115,-3.0253326892852783,0.023345420137047768,0.0,102.88913730199536,15360.0
-2.969251871109009,-2.994563341140747,0.025311794131994247,0.0,86.5646526359979,15360.0
-3.110334873199463,-3.13234806060791,0.02201274409890175,0.0,47.430804397408096,15360.0
-3.0712666511535645,-3.0939037799835205,0.022637277841567993,0.0,46.630981093161594,15360.0
-2.972081184387207,-2.9951765537261963,0.023095881566405296,0.0,79.50584768611755,15360.0
-2.8565785884857178,-2.8820083141326904,0.0254293754696846,0.0,78.3599670570861,15360.0
-3.006459951400757,-3.029269218444824,0.02280845306813717,0.0,64.07566685544563,15360.0
-3.23280930519104,-3.2540886402130127,0.021279389038681984,0.0,58.15404535535259,15360.0
-2.8401801586151123,-2.8637595176696777,0.023579003289341927,0.0,77.10166077600975,15360.0
-2.8840529918670654,-2.9074275493621826,0.023374324664473534,0.0,76.13597444154642,15360.0
-3.039933443069458,-3.063525438308716,0.02359185554087162,0.0,39.95897369581802,15360.0
-3.1054069995880127,-3.1287519931793213,0.02334446832537651,0.0,82.34703798874865,15360.0
-2.8763301372528076,-2.9018893241882324,0.02555934526026249,0.0,94.17389713310861,15360.0
-2.965179920196533,-2.988816261291504,0.02363673225045204,0.0,65.24746890937249,15360.0
-2.8824265003204346,-2.907397508621216,0.024971216917037964,0.0,81.60268827887037,15360.0
-2.912221670150757,-2.936906576156616,0.024685150012373924,0.0,83.79289967398545,15360.0
-2.8846757411956787,-2.9076244831085205,0.022948822006583214,0.0,41.3416877914411,15360.0
-2.932690143585205,-2.957418918609619,0.024728966876864433,0.0,62.57221258035439,15360.0
-2.8582913875579834,-2.886643409729004,0.02835237607359886,0.0,88.54717746664399,15360.0
-2.789363384246826,-2.830685615539551,0.0413227416574955,0.0,101.0946335068509,15360.0
-2.9343342781066895,-2.9600560665130615,0.025721637532114983,0.0,97.01968792158654,15360.0
-3.021998167037964,-3.050976276397705,0.02897820435464382,0.0,68.76028605848077,15360.0
-2.898765802383423,-2.923980951309204,0.02521534450352192,0.0,80.86758667407598,15360.0
-2.934358835220337,-2.961958169937134,0.027599221095442772,0.0,93.32206971538406,15360.0
-3.04829740524292,-3.0719335079193115,0.023636141791939735,0.0,57.49473919804107,15360.0
-3.0112619400024414,-3.0367801189422607,0.025518381968140602,0.0,64.35394000311992,15360.0
-2.807126045227051,-2.835559606552124,0.028433050960302353,0.0,89.49024901765546,15360.0
-3.018343925476074,-3.045246124267578,0.02690216712653637,0.0,72.5718136786203,15360.0
-2.944037675857544,-2.969498634338379,0.025461530312895775,0.0,61.803872223393206,15360.0
-2.879260778427124,-2.9070546627044678,0.02779320441186428,0.0,76.27380266885828,15360.0
-2.863873243331909,-2.888211250305176,0.024338044226169586,0.0,76.92657441215611,15360.0
-2.9821054935455322,-3.0076372623443604,0.02553177811205387,0.0,60.6579116898459,15360.0
-2.9760870933532715,-3.000629186630249,0.024542784318327904,0.0,47.633337672832965,15360.0
-2.901684522628784,-2.9267168045043945,0.025033092126250267,0.0,71.88758467621855,15360.0
-2.9280481338500977,-2.954272985458374,0.026225663721561432,0.0,61.30425794027016,15360.0
-3.070255756378174,-3.0941972732543945,0.023941339924931526,0.0,32.84284375269364,15360.0
-3.057924509048462,-3.083223581314087,0.02529948204755783,0.0,58.76275215304838,15360.0
-3.0162739753723145,-3.0420196056365967,0.02574549801647663,0.0,67.10947409037571,15360.0
-3.078746795654297,-3.103085517883301,0.024338817223906517,0.0,38.68267925123957,15360.0
-2.9182143211364746,-2.944660186767578,0.026445971801877022,0.0,37.532011034990205,15360.0
-3.042149066925049,-3.0671615600585938,0.025012316182255745,0.0,70.51271524730618,15360.0
-3.0263288021087646,-3.051621913909912,0.025293387472629547,0.0,61.75298868638317,15360.0
-3.037315607070923,-3.0627293586730957,0.02541310340166092,0.0,37.33765379415855,15360.0
-2.976372480392456,-3.0027236938476562,0.026351144537329674,0.0,58.80667531482031,15360.0
-3.071178436279297,-3.0973024368286133,0.02612372301518917,0.0,99.68700237010812,15360.0
-2.8742363452911377,-2.906052827835083,0.031815994530916214,0.0,130.04927306046267,15360.0
-2.978940010070801,-3.019361972808838,0.0404219813644886,0.0,123.97380953592759,15360.0
-2.980992078781128,-3.005340576171875,0.02434844709932804,0.0,76.68962090894634,15360.0
-2.902798652648926,-2.935101270675659,0.032302260398864746,0.0,54.3546751329018,15360.0
-2.9128077030181885,-2.9385030269622803,0.02569391578435898,0.0,95.87687962833174,15360.0
-3.0669448375701904,-3.097306489944458,0.030361514538526535,0.0,100.09009495282753,15360.0
-2.911341428756714,-2.9390130043029785,0.02767157554626465,0.0,57.52083289806348,15360.0
-2.836642026901245,-2.8651723861694336,0.028530267998576164,0.0,55.13520240591375,15360.0
-2.9465534687042236,-2.9735946655273438,0.027041355147957802,0.0,88.63665545713107,15360.0
-3.1722426414489746,-3.197214365005493,0.02497132681310177,0.0,70.95332322970714,15360.0
-3.0847954750061035,-3.1146042346954346,0.029808592051267624,0.0,59.97718670854708,15360.0
-2.9539225101470947,-2.9818308353424072,0.027907587587833405,0.0,76.91058225853196,15360.0
-2.994889497756958,-3.022570848464966,0.02768036536872387,0.0,61.58712413735342,15360.0
-2.9991347789764404,-3.026991844177246,0.02785671129822731,0.0,61.87522448979687,15360.0
-3.0452663898468018,-3.072251558303833,0.026984764263033867,0.0,47.94615135301436,15360.0
-2.99515962600708,-3.0277352333068848,0.032575156539678574,0.0,53.19464323285033,15360.0
-2.9661765098571777,-3.0058388710021973,0.03966134041547775,0.0,72.94133713517925,15360.0
-2.892092704772949,-2.938174247741699,0.04608116298913956,0.0,90.8910406241052,15360.0
-2.9528653621673584,-2.9848244190216064,0.031959597021341324,0.0,87.62605153051777,15360.0
-3.0475926399230957,-3.0795717239379883,0.03197873756289482,0.0,71.17616040050157,15360.0
-3.0508272647857666,-3.08129620552063,0.03046867810189724,0.0,67.7072623938425,15360.0
-2.9966368675231934,-3.0271670818328857,0.030530046671628952,0.0,63.221050411225306,15360.0
-3.146597146987915,-3.175955057144165,0.029356790706515312,0.0,54.339992082315675,15360.0
-3.030001163482666,-3.059145450592041,0.029143579304218292,0.0,57.49135105718153,15360.0
-3.004080057144165,-3.034194231033325,0.03011394292116165,0.0,50.81329098578239,15360.0
-3.097738742828369,-3.1261978149414062,0.028459005057811737,0.0,52.88491879167142,15360.0
-3.066983222961426,-3.0959408283233643,0.028957944363355637,0.0,55.28698696467233,15360.0
-2.9941368103027344,-3.020601511001587,0.02646469697356224,0.0,41.49865487639959,15360.0
-2.987196922302246,-3.0178239345550537,0.030626479536294937,0.0,50.34049105176812,15360.0
-3.0938427448272705,-3.1205296516418457,0.026686491444706917,0.0,49.743058357945266,15360.0
-3.048187732696533,-3.079224109649658,0.031035762280225754,0.0,43.02383643178797,15360.0
-3.0491585731506348,-3.0808889865875244,0.031730398535728455,0.0,59.03606040821872,15360.0
-3.118197441101074,-3.15303635597229,0.03483864292502403,0.0,55.52542208636345,15360.0
-3.10575270652771,-3.1365621089935303,0.030809501186013222,0.0,55.47265305476331,15360.0
-3.1900978088378906,-3.218381643295288,0.028284316882491112,0.0,54.92826554709666,15360.0
-3.121882200241089,-3.1549367904663086,0.033055394887924194,0.0,58.10851093937095,15360.0
-3.0898804664611816,-3.1205623149871826,0.030682096257805824,0.0,56.45190380637954,15360.0
-3.040806770324707,-3.0726890563964844,0.031882043927907944,0.0,45.33660830299208,15360.0
-3.0443930625915527,-3.075368642807007,0.030975792557001114,0.0,57.15813360880469,15360.0
-3.1223204135894775,-3.157514810562134,0.03519401326775551,0.0,79.76987566230889,15360.0
-3.0034563541412354,-3.0353500843048096,0.031893473118543625,0.0,85.41508553429563,15360.0
-3.01485013961792,-3.0484073162078857,0.033556416630744934,0.0,92.61926377194581,15360.0
-2.994290828704834,-3.0275397300720215,0.03324761614203453,0.0,80.09185204751778,15360.0
-3.0134506225585938,-3.04268217086792,0.029230857267975807,0.0,69.01831937268781,15360.0
-3.02854585647583,-3.062798023223877,0.034251801669597626,0.0,78.0651610834752,15360.0
-3.056792736053467,-3.0868377685546875,0.030045321211218834,0.0,64.07078066283441,15360.0
-2.954124689102173,-2.985595464706421,0.03147052228450775,0.0,62.31898428730692,15360.0
-3.0286366939544678,-3.058708429336548,0.030072461813688278,0.0,82.77661398558757,15360.0
-2.942094087600708,-2.9741015434265137,0.03200770169496536,0.0,87.07076794073645,15360.0
-3.0468719005584717,-3.076592445373535,0.029720032587647438,0.0,68.61035205954094,15360.0
-3.1135480403900146,-3.141745090484619,0.02819686010479927,0.0,52.260173549134194,15360.0
-3.0668389797210693,-3.0941836833953857,0.027343841269612312,0.0,82.60787084062414,15360.0
-3.025374412536621,-3.053971529006958,0.028596721589565277,0.0,82.81590573030998,15360.0
-3.0458624362945557,-3.0764124393463135,0.03055054321885109,0.0,65.56994188635888,15360.0
-3.119509696960449,-3.148061513900757,0.028552116826176643,0.0,70.25986577100359,15360.0
-2.92476749420166,-2.957740545272827,0.03297411650419235,0.0,85.52956978754905,15360.0
-2.991797685623169,-3.0220227241516113,0.030225008726119995,0.0,97.76700140335345,15360.0
-3.1736667156219482,-3.205256223678589,0.0315893217921257,0.0,85.34422646313695,15360.0
-3.0631260871887207,-3.0899548530578613,0.026828130707144737,0.0,36.984552515897775,15360.0
-3.0695555210113525,-3.1032519340515137,0.03369671106338501,0.0,77.57248190036847,15360.0
-2.990264415740967,-3.0239787101745605,0.0337144136428833,0.0,128.9356374061204,15360.0
-3.0475456714630127,-3.0806455612182617,0.03309933841228485,0.0,119.67090065310204,15360.0
-3.171753168106079,-3.2021565437316895,0.030403176322579384,0.0,51.72577589002074,15360.0
-3.042942523956299,-3.073895215988159,0.03095223940908909,0.0,80.85163371289724,15360.0
-2.937579393386841,-2.9690957069396973,0.03151625022292137,0.0,128.51184001734896,15360.0
-3.1494524478912354,-3.18058443069458,0.031132671982049942,0.0,96.14916454232987,15360.0
-3.0510013103485107,-3.081940174102783,0.030939267948269844,0.0,50.560567648276894,15360.0
-3.060443878173828,-3.094777822494507,0.034333422780036926,0.0,95.860812202824,15360.0
-2.952418804168701,-2.9898695945739746,0.03745155408978462,0.0,109.46004918497353,15360.0
-3.0945920944213867,-3.125671625137329,0.031078742817044258,0.0,77.20882750610019,15360.0
-3.047969102859497,-3.0783631801605225,0.0303938090801239,0.0,91.05289274604935,15360.0
-2.948744058609009,-2.9849259853363037,0.0361819751560688,0.0,109.89788507136859,15360.0
-2.938580274581909,-2.969104290008545,0.030524693429470062,0.0,69.55466295118673,15360.0
-3.0301132202148438,-3.063602924346924,0.033490341156721115,0.0,75.39414244026271,15360.0
-3.0348775386810303,-3.0651214122772217,0.030244695022702217,0.0,100.05280950789083,15360.0
-3.11236834526062,-3.145949602127075,0.03358094021677971,0.0,58.32693072728177,15360.0
-3.0928235054016113,-3.1215033531188965,0.028679093345999718,0.0,52.59980726740941,15360.0
-3.1525511741638184,-3.1847143173217773,0.03216330334544182,0.0,90.99650634276199,15360.0
-2.969905376434326,-3.0059242248535156,0.03601942956447601,0.0,94.95349592310872,15360.0
-3.0586466789245605,-3.091510534286499,0.03286387026309967,0.0,74.60301415602981,15360.0
-3.0147018432617188,-3.0472428798675537,0.032539788633584976,0.0,97.14435407403968,15360.0
-3.1193814277648926,-3.152420997619629,0.03303974121809006,0.0,65.16293463815114,15360.0
-2.974416971206665,-3.007847309112549,0.033429935574531555,0.0,78.59111972884956,15360.0
-2.94008469581604,-2.9728710651397705,0.032787710428237915,0.0,127.46996002244211,15360.0
-3.044652223587036,-3.0780062675476074,0.03335423395037651,0.0,107.75152876990819,15360.0
-3.159365653991699,-3.1928229331970215,0.033458612859249115,0.0,41.158402078681455,15360.0
-3.084550142288208,-3.1164793968200684,0.031928665935993195,0.0,52.969962196694766,15360.0
-3.147162675857544,-3.185248613357544,0.038086310029029846,0.0,64.48222792638634,15360.0
-3.0556752681732178,-3.08777117729187,0.03209659829735756,0.0,58.257069691704736,15360.0
-3.0637335777282715,-3.0991342067718506,0.03540142998099327,0.0,52.82304642358166,15360.0
-3.180121898651123,-3.21600604057312,0.03588442876935005,0.0,32.549508706574805,15360.0
-3.177445650100708,-3.207760810852051,0.03031577542424202,0.0,35.224478346669315,15360.0
-3.0506021976470947,-3.0906546115875244,0.04005269333720207,0.0,51.933763939456696,15360.0
-3.105567693710327,-3.136059284210205,0.030491530895233154,0.0,43.2621926866494,15360.0
-3.0333054065704346,-3.070075511932373,0.03676968812942505,0.0,29.067877508274258,15360.0
-3.1905481815338135,-3.223396062850952,0.032846976071596146,0.0,56.019470524195306,15360.0
-3.167517900466919,-3.2024295330047607,0.034910667687654495,0.0,56.26940504922532,15360.0
-3.1561338901519775,-3.1907124519348145,0.03457854688167572,0.0,44.40890139426442,15360.0
-3.1168718338012695,-3.1674890518188477,0.05061779171228409,0.0,59.12155910351101,15360.0
-3.1169204711914062,-3.1497368812561035,0.03281565383076668,0.0,64.93907232411829,15360.0
-3.0738601684570312,-3.1116931438446045,0.03783385455608368,0.0,56.22818884359055,15360.0
-2.9811511039733887,-3.0132155418395996,0.032064758241176605,0.0,43.12198401311454,15360.0
-3.06738543510437,-3.103132963180542,0.035748355090618134,0.0,43.76939723793956,15360.0
-3.154576063156128,-3.18738055229187,0.03280488774180412,0.0,63.991556292818885,15360.0
-3.1027143001556396,-3.1388847827911377,0.03617068752646446,0.0,53.944257714795945,15360.0
-3.1242761611938477,-3.1585988998413086,0.03432232141494751,0.0,44.9428549394358,15360.0
-3.0720465183258057,-3.1051011085510254,0.03305383399128914,0.0,56.615711555782674,15360.0
-3.0783660411834717,-3.11350417137146,0.03513794764876366,0.0,86.48752190075471,15360.0
-3.1497583389282227,-3.1843957901000977,0.03463699296116829,0.0,84.87254962758283,15360.0
-3.155867099761963,-3.1872446537017822,0.03137730434536934,0.0,69.9244802292541,15360.0
-3.083159923553467,-3.117354154586792,0.03419479355216026,0.0,76.07342142423606,15360.0
-3.156156301498413,-3.1886980533599854,0.03254111111164093,0.0,69.65808927361287,15360.0
-3.0824522972106934,-3.11395001411438,0.03149769455194473,0.0,56.987004774049275,15360.0
-3.2692105770111084,-3.3022470474243164,0.03303653374314308,0.0,61.92629406802498,15360.0
-3.146273374557495,-3.179989814758301,0.03371697664260864,0.0,93.56964690311237,15360.0
-3.1280136108398438,-3.1668152809143066,0.038800936192274094,0.0,110.17936297094482,15360.0
-3.083818197250366,-3.1201012134552,0.03628241643309593,0.0,100.1856855220321,15360.0
-3.2074077129364014,-3.2386691570281982,0.03126174584031105,0.0,80.0026605214702,15360.0
-3.264874219894409,-3.2951130867004395,0.030239081010222435,0.0,64.85528984079048,15360.0
-3.184739828109741,-3.2138333320617676,0.029093975201249123,0.0,82.98391801364096,15360.0
-3.023883819580078,-3.054471492767334,0.030588001012802124,0.0,82.81021700006673,15360.0
-3.147505521774292,-3.177668571472168,0.03016270510852337,0.0,50.29218849171727,15360.0
-3.0831446647644043,-3.115314483642578,0.032169733196496964,0.0,65.03107675217568,15360.0
-3.0880582332611084,-3.119884490966797,0.03182651847600937,0.0,77.72998576821148,15360.0
-3.186079263687134,-3.2192704677581787,0.03319189324975014,0.0,52.585126161686404,15360.0
-3.1492655277252197,-3.181532382965088,0.032267142087221146,0.0,47.3021216424534,15360.0
-3.1686511039733887,-3.2001216411590576,0.03146975114941597,0.0,66.85791646325073,15360.0
-3.2521588802337646,-3.2848598957061768,0.03270111232995987,0.0,71.6982246428233,15360.0
-3.0904228687286377,-3.1242516040802,0.033829133957624435,0.0,85.21821007357904,15360.0
-3.14367938041687,-3.17793345451355,0.034253694117069244,0.0,99.35329233441192,15360.0
-3.304316282272339,-3.336681842803955,0.03236469626426697,0.0,85.10369404493603,15360.0
-3.2733023166656494,-3.304809093475342,0.03150596469640732,0.0,48.06826993502909,15360.0
-3.210139036178589,-3.2415266036987305,0.031388334929943085,0.0,60.89376509236435,15360.0
-3.1197102069854736,-3.1509058475494385,0.0311955027282238,0.0,82.51145159231267,15360.0
-3.2257399559020996,-3.2573981285095215,0.031657226383686066,0.0,67.7452886626983,15360.0
-3.1528046131134033,-3.1830856800079346,0.03028044104576111,0.0,53.85460056048033,15360.0
-3.2037885189056396,-3.235198736190796,0.031409356743097305,0.0,55.91695129421619,15360.0
-3.2927143573760986,-3.32175874710083,0.029044661670923233,0.0,68.89603799951392,15360.0
-3.1739983558654785,-3.2065560817718506,0.03255768120288849,0.0,75.06082260109926,15360.0
-3.196979284286499,-3.2351653575897217,0.03818700090050697,0.0,63.179928239111064,15360.0
-3.3308327198028564,-3.3629252910614014,0.032092366367578506,0.0,48.31924559944194,15360.0
-3.1152281761169434,-3.150728464126587,0.035500578582286835,0.0,60.32081700401536,15360.0
-3.1189322471618652,-3.1524548530578613,0.03352169692516327,0.0,71.05373541404597,15360.0
-3.3220911026000977,-3.3577895164489746,0.03569797798991203,0.0,45.12767429279408,15360.0
-3.066392183303833,-3.1086974143981934,0.042306192219257355,0.0,54.256831450232006,15360.0
-3.1583168506622314,-3.1930229663848877,0.03470536321401596,0.0,88.60551734415422,15360.0
-3.210564613342285,-3.2540173530578613,0.04345305636525154,0.0,96.90993771256552,15360.0
-3.236528158187866,-3.272091865539551,0.03556332737207413,0.0,106.83267197852598,15360.0
-3.2143800258636475,-3.2550301551818848,0.04065006226301193,0.0,105.8936664521156,15360.0
-3.2282259464263916,-3.2649662494659424,0.03674068674445152,0.0,82.41065726947673,15360.0
-3.206986665725708,-3.240595579147339,0.033609069883823395,0.0,65.71683396723795,15360.0
-3.288174629211426,-3.3210108280181885,0.032836101949214935,0.0,75.90121786042292,15360.0
-3.1507060527801514,-3.185168743133545,0.034463103860616684,0.0,73.43598747497856,15360.0
-3.264449119567871,-3.298992156982422,0.03454279527068138,0.0,81.98759973910678,15360.0
-3.2807860374450684,-3.3138163089752197,0.033030517399311066,0.0,62.3672897223282,15360.0
-3.282120704650879,-3.3136322498321533,0.031511709094047546,0.0,38.59071171030384,15360.0
-3.2008635997772217,-3.2392337322235107,0.038369037210941315,0.0,75.38812674948537,15360.0
-3.302314043045044,-3.335996150970459,0.0336831733584404,0.0,87.10566227505562,15360.0
-3.417275905609131,-3.454965829849243,0.03768973797559738,0.0,60.80952069162277,15360.0
-3.346207857131958,-3.3816046714782715,0.03539757430553436,0.0,26.49874357764931,15360.0
-3.3386497497558594,-3.376390218734741,0.037740159779787064,0.0,38.78558910850036,15360.0
-3.3438079357147217,-3.381606340408325,0.037798233330249786,0.0,45.45890449813105,15360.0
-3.2034265995025635,-3.2404088973999023,0.036981936544179916,0.0,36.50888525134671,15360.0
-3.3054544925689697,-3.341127872467041,0.0356738455593586,0.0,33.385828110234826,15360.0
-3.2861058712005615,-3.3234732151031494,0.03736681863665581,0.0,39.129597344786994,15360.0
-3.3997838497161865,-3.4327189922332764,0.032935451716184616,0.0,60.87718069445089,15360.0
-3.3471884727478027,-3.386852264404297,0.03966299444437027,0.0,65.92052923087564,15360.0
-3.405513286590576,-3.4437191486358643,0.038206424564123154,0.0,62.40264280679573,15360.0
-3.396106719970703,-3.435072183609009,0.03896526247262955,0.0,59.7296496829892,15360.0
-3.263340473175049,-3.3020241260528564,0.0386837013065815,0.0,67.0869504834903,15360.0
-3.25443696975708,-3.2920753955841064,0.037637487053871155,0.0,73.05701850897842,15360.0
-3.1854054927825928,-3.226304531097412,0.04089980944991112,0.0,67.74965149949526,15360.0
-3.2847580909729004,-3.320469379425049,0.035711873322725296,0.0,72.38262784113422,15360.0
-3.32466983795166,-3.362635612487793,0.03796543926000595,0.0,73.50847436267341,15360.0
-3.247877359390259,-3.2856550216674805,0.03777794912457466,0.0,74.15666889147572,15360.0
-3.3495984077453613,-3.3858649730682373,0.03626672923564911,0.0,69.54849791272923,15360.0
-3.421168327331543,-3.4571571350097656,0.03598901256918907,0.0,67.71376911449494,15360.0
-3.333179473876953,-3.373500347137451,0.04032089561223984,0.0,75.38043240170822,15360.0
-3.360614538192749,-3.3996846675872803,0.03907027468085289,0.0,100.76630121797331,15360.0
-3.350285291671753,-3.3857715129852295,0.03548690304160118,0.0,109.93564320977367,15360.0
-3.461029052734375,-3.495361089706421,0.03433225676417351,0.0,97.82523969852103,15360.0
-3.4000823497772217,-3.433094024658203,0.03301144018769264,0.0,69.73125012639449,15360.0
-3.292496681213379,-3.334409475326538,0.04191327467560768,0.0,73.5420872776769,15360.0
-3.2448105812072754,-3.2808539867401123,0.036043163388967514,0.0,95.05677792922397,15360.0
-3.3767964839935303,-3.4141323566436768,0.03733647242188454,0.0,101.16711759549973,15360.0
-3.3465399742126465,-3.3831663131713867,0.03662649914622307,0.0,92.06133617726879,15360.0
-3.3226475715637207,-3.3603222370147705,0.03767555579543114,0.0,56.46144795602264,15360.0
-3.362079381942749,-3.402172327041626,0.04009350761771202,0.0,71.87150883557153,15360.0
-3.114928722381592,-3.160853385925293,0.045924630016088486,0.0,106.30463502941328,15360.0
-3.319751262664795,-3.3610193729400635,0.04126766696572304,0.0,100.91552860113592,15360.0
-3.4252617359161377,-3.4643478393554688,0.039085324853658676,0.0,47.87630913685646,15360.0
-3.358964443206787,-3.3969695568084717,0.03800458461046219,0.0,79.25432812643227,15360.0
-3.28190279006958,-3.324636220932007,0.042733337730169296,0.0,106.67314839259684,15360.0
-3.3181464672088623,-3.355617046356201,0.03747159615159035,0.0,97.78955778334972,15360.0
-3.3473968505859375,-3.3862738609313965,0.03887595981359482,0.0,79.45705856639067,15360.0
-3.425004720687866,-3.462698459625244,0.03769437596201897,0.0,50.090412436313734,15360.0
-3.4110920429229736,-3.4501049518585205,0.039013590663671494,0.0,73.25060082917747,15360.0
-3.437103271484375,-3.476754903793335,0.03965236619114876,0.0,75.56298719960591,15360.0
-3.413447380065918,-3.454766035079956,0.041318535804748535,0.0,54.57859573715222,15360.0
-3.368739366531372,-3.4173381328582764,0.04859967902302742,0.0,85.98324790513088,15360.0
-3.4082143306732178,-3.453808546066284,0.0455947071313858,0.0,98.06942285357573,15360.0
-3.3250808715820312,-3.365330219268799,0.04025019332766533,0.0,66.37147655468875,15360.0
-3.559770107269287,-3.6020658016204834,0.04229613021016121,0.0,52.19655060353861,15360.0
-3.4327492713928223,-3.4716193675994873,0.03886895254254341,0.0,82.70806423968587,15360.0
-3.4513673782348633,-3.492983341217041,0.04161597415804863,0.0,78.94855395810362,15360.0
-3.5226261615753174,-3.5613012313842773,0.038674432784318924,0.0,51.67577024255775,15360.0
-3.4657487869262695,-3.5056328773498535,0.03988366574048996,0.0,78.15259645477879,15360.0
-3.435115098953247,-3.476806640625,0.041692622005939484,0.0,84.37525863459966,15360.0
-3.3222877979278564,-3.3656184673309326,0.043330732733011246,0.0,55.83942150872292,15360.0
-3.416072368621826,-3.462782144546509,0.04671059548854828,0.0,57.37343675909896,15360.0
-3.478069543838501,-3.5217702388763428,0.04370084032416344,0.0,74.51697675404897,15360.0
-3.4524893760681152,-3.497546434402466,0.04505722224712372,0.0,54.911213113019784,15360.0
-3.521273612976074,-3.564786195755005,0.04351223260164261,0.0,36.45836315922954,15360.0
-3.472162961959839,-3.5185039043426514,0.04634151980280876,0.0,55.77792258473069,15360.0
-3.488774538040161,-3.5352320671081543,0.046457305550575256,0.0,60.169388329725244,15360.0
-3.4224798679351807,-3.465712547302246,0.04323220252990723,0.0,48.522207887776446,15360.0
-3.5795373916625977,-3.626316785812378,0.046779293566942215,0.0,40.28114974697198,15360.0
-3.4693405628204346,-3.516566514968872,0.047225221991539,0.0,32.34996152631111,15360.0
-3.6102216243743896,-3.65189528465271,0.04167446866631508,0.0,51.92781853705546,15360.0
-3.4871017932891846,-3.5338025093078613,0.04670114815235138,0.0,51.08065618673744,15360.0
-3.387068510055542,-3.4280266761779785,0.0409577339887619,0.0,52.99042455134982,15360.0
-3.4547674655914307,-3.5000784397125244,0.045310914516448975,0.0,80.0583540445924,15360.0
-3.4788434505462646,-3.5240890979766846,0.04524509981274605,0.0,97.99236519358404,15360.0
-3.2617204189300537,-3.3134469985961914,0.05172571912407875,0.0,119.42483220625222,15360.0
-3.3425962924957275,-3.3919880390167236,0.04939202964305878,0.0,149.82047614061307,15360.0
-3.2373106479644775,-3.28812837600708,0.0508187897503376,0.0,157.386068581994,15360.0
-3.419842004776001,-3.461512804031372,0.041669752448797226,0.0,116.23093039463568,15360.0
-3.6625659465789795,-3.7013211250305176,0.038754530251026154,0.0,41.96331446627294,15360.0
-3.5321428775787354,-3.5755362510681152,0.04339238628745079,0.0,90.99126075316676,15360.0
-3.5538671016693115,-3.594536781311035,0.04066828638315201,0.0,110.2151991787467,15360.0
-3.418287754058838,-3.4611775875091553,0.04289046674966812,0.0,61.89350676120693,15360.0
-3.481437921524048,-3.5228705406188965,0.04143260791897774,0.0,63.32429854024948,15360.0
-3.381958484649658,-3.4244062900543213,0.04244814068078995,0.0,86.83702266392532,15360.0
-3.480484962463379,-3.523815155029297,0.043329764157533646,0.0,48.05715422758542,15360.0
-3.458765745162964,-3.5067460536956787,0.047980114817619324,0.0,55.06488317841661,15360.0
-3.615490198135376,-3.6616203784942627,0.04613099247217178,0.0,73.37574121217754,15360.0
-3.511446237564087,-3.562809944152832,0.05136315897107124,0.0,57.5588510870573,15360.0
-3.6508841514587402,-3.694624185562134,0.04374126344919205,0.0,35.67133277814633,15360.0
-3.4054834842681885,-3.4532246589660645,0.047741420567035675,0.0,70.323567682343,15360.0
-3.4172205924987793,-3.461850881576538,0.04462987184524536,0.0,84.17787730391515,15360.0
-3.5760581493377686,-3.619506359100342,0.043447211384773254,0.0,43.83873894723449,15360.0
-3.4429852962493896,-3.490767240524292,0.047782864421606064,0.0,63.28729648189578,15360.0
-3.544077157974243,-3.5927469730377197,0.048669636249542236,0.0,88.23602466425932,15360.0
-3.4462602138519287,-3.49932599067688,0.0530654713511467,0.0,61.855799267691616,15360.0
-3.7280771732330322,-3.774118661880493,0.04604175314307213,0.0,32.76554820326708,15360.0
-3.5875375270843506,-3.637725591659546,0.05018727853894234,0.0,63.913826863635165,15360.0
-3.6922495365142822,-3.7422327995300293,0.0499834306538105,0.0,73.03137900569992,15360.0
-3.8283185958862305,-3.874342441558838,0.046024199575185776,0.0,52.64223361770927,15360.0
-3.6832823753356934,-3.7352168560028076,0.05193342640995979,0.0,40.24480609568188,15360.0
-3.472074031829834,-3.517350196838379,0.04527658969163895,0.0,77.11618815607466,15360.0
-3.579385280609131,-3.6244044303894043,0.04501961171627045,0.0,86.46947967238209,15360.0
-3.4813830852508545,-3.5301401615142822,0.04875809699296951,0.0,52.107819678748285,15360.0
-3.7101871967315674,-3.7525551319122314,0.042367711663246155,0.0,25.653984255440083,15360.0
-3.6289870738983154,-3.678720235824585,0.04973265156149864,0.0,71.38456600129508,15360.0
-3.6527864933013916,-3.703598737716675,0.05081168934702873,0.0,94.67905615203814,15360.0
-3.6378066539764404,-3.693237781524658,0.05543171986937523,0.0,95.49883883531862,15360.0
-3.808454990386963,-3.854915142059326,0.04646039009094238,0.0,67.09294316897616,15360.0
-3.6637697219848633,-3.711296558380127,0.04752538353204727,0.0,45.95601595947803,15360.0
-3.825380802154541,-3.871824026107788,0.046443331986665726,0.0,72.63511851622567,15360.0
-3.6600019931793213,-3.7116284370422363,0.05162666738033295,0.0,100.7589328791506,15360.0
-3.7060658931732178,-3.7595937252044678,0.053528208285570145,0.0,109.80743783599196,15360.0
-3.6423161029815674,-3.692363977432251,0.050047118216753006,0.0,75.26391759505587,15360.0
-3.6048645973205566,-3.6528635025024414,0.04799969866871834,0.0,55.46662591329011,15360.0
-3.6246907711029053,-3.673503875732422,0.048812828958034515,0.0,91.94763070223988,15360.0
-3.7419955730438232,-3.7965004444122314,0.05450443550944328,0.0,96.39381059533822,15360.0
-3.7151968479156494,-3.7717976570129395,0.05660063028335571,0.0,53.47610919753742,15360.0
-3.7704825401306152,-3.821660280227661,0.051178403198719025,0.0,44.471060727302074,15360.0
-3.743584394454956,-3.7976019382476807,0.05401759594678879,0.0,74.85961297232315,15360.0
-3.7571663856506348,-3.8078131675720215,0.0506477914750576,0.0,62.27519922062381,15360.0
-3.803525686264038,-3.852797269821167,0.049270521849393845,0.0,33.84187586163835,15360.0
-3.9400956630706787,-3.9967563152313232,0.05666077509522438,0.0,72.4088708975729,15360.0
-3.786417245864868,-3.8380300998687744,0.051613662391901016,0.0,92.83035287180826,15360.0
-4.019800662994385,-4.071619033813477,0.05181775242090225,0.0,67.40566846736075,15360.0
-3.8354644775390625,-3.8923490047454834,0.05688388645648956,0.0,34.29722806280197,15360.0
-3.8997793197631836,-3.95180606842041,0.05202856287360191,0.0,64.20595772835631,15360.0
-3.618478298187256,-3.6744940280914307,0.05601741373538971,0.0,84.76798760614663,15360.0
-3.8414742946624756,-3.9010167121887207,0.059542618691921234,0.0,86.81527494735238,15360.0
-3.908350944519043,-3.963752031326294,0.05540093407034874,0.0,89.97219214170107,15360.0
-3.83444881439209,-3.888505697250366,0.05405719578266144,0.0,102.05558961514812,15360.0
-4.159458637237549,-4.213836193084717,0.054376546293497086,0.0,126.3126776466941,15360.0
-3.691340446472168,-3.749669075012207,0.05832735076546669,0.0,160.50965991700983,15360.0
-3.8114047050476074,-3.8650431632995605,0.053637780249118805,0.0,170.69934726222132,15360.0
-3.857396364212036,-3.90682315826416,0.04942671209573746,0.0,124.04258394591841,15360.0
-3.9647068977355957,-4.011171817779541,0.04646455496549606,0.0,38.80970433113974,15360.0
-4.001818656921387,-4.054539203643799,0.05272160470485687,0.0,101.91266238254637,15360.0
-3.872142791748047,-3.9304301738739014,0.05828765779733658,0.0,170.69792373710638,15360.0
-3.749744176864624,-3.8093721866607666,0.059629011899232864,0.0,166.51048191549236,15360.0
-4.158092021942139,-4.213415145874023,0.05532358959317207,0.0,93.0392553615227,15360.0
-4.225992679595947,-4.275913715362549,0.049920495599508286,0.0,49.60900553998788,15360.0
-3.8975045680999756,-3.9509670734405518,0.053462348878383636,0.0,116.07485251346323,15360.0
-3.8101320266723633,-3.861513376235962,0.05138232186436653,0.0,121.61324867661185,15360.0
-4.077643394470215,-4.134909152984619,0.05726677551865578,0.0,86.05051291036092,15360.0
-4.105238437652588,-4.160733699798584,0.05549546703696251,0.0,69.04854008759094,15360.0
-4.002476692199707,-4.055602550506592,0.05312683805823326,0.0,78.92348436205684,15360.0
-4.010829925537109,-4.065754413604736,0.054926417768001556,0.0,94.26185302536052,15360.0
-4.147516250610352,-4.199268341064453,0.05175330117344856,0.0,100.43949324080917,15360.0
-4.014480113983154,-4.072632789611816,0.05815354734659195,0.0,97.85576102095222,15360.0
-4.149363994598389,-4.206923007965088,0.05755900964140892,0.0,93.34208003935383,15360.0
-4.0294928550720215,-4.079801082611084,0.05030878633260727,0.0,104.15994026239053,15360.0
-4.034841060638428,-4.09938907623291,0.06454765051603317,0.0,97.9421778391537,15360.0
-4.111030101776123,-4.1741533279418945,0.06312212347984314,0.0,69.07753526398213,15360.0
-4.191164493560791,-4.242684364318848,0.051519762724637985,0.0,66.59791988189657,15360.0
-4.1596598625183105,-4.219663143157959,0.060003623366355896,0.0,100.95602643246154,15360.0
-4.033884525299072,-4.093362808227539,0.05947764590382576,0.0,109.54082862257808,15360.0
-4.1797261238098145,-4.235560417175293,0.05583349987864494,0.0,79.61843336590336,15360.0
-4.034559726715088,-4.090745449066162,0.05618532374501228,0.0,47.95496927170515,15360.0
-4.364441871643066,-4.421032428741455,0.05659046024084091,0.0,56.038077690815996,15360.0
-4.116306781768799,-4.174455642700195,0.058149028569459915,0.0,70.64199099025325,15360.0
-4.232010841369629,-4.291783809661865,0.05977232754230499,0.0,70.70376492903765,15360.0
-4.2352614402771,-4.2929887771606445,0.05772663280367851,0.0,73.5683286087962,15360.0
-4.157227516174316,-4.21669340133667,0.05946672335267067,0.0,93.08090166561938,15360.0
-4.043568134307861,-4.111311912536621,0.06774511188268661,0.0,103.2948901819242,15360.0
-4.112931728363037,-4.168935775756836,0.05600365251302719,0.0,89.53649841285817,15360.0
-4.279318332672119,-4.333467483520508,0.05414963886141777,0.0,70.40423887518851,15360.0
-4.3516950607299805,-4.418144702911377,0.06644951552152634,0.0,71.32511696892766,15360.0
-3.9263386726379395,-3.9976084232330322,0.07126907259225845,0.0,104.51819014333243,15360.0
-3.8794174194335938,-3.9409844875335693,0.061567485332489014,0.0,107.50653515475045,15360.0
-4.291015625,-4.345670223236084,0.0546555332839489,0.0,76.53138070237613,15360.0
-4.156973838806152,-4.225825309753418,0.06885123997926712,0.0,64.48235089635354,15360.0
-4.068247318267822,-4.123758792877197,0.05551006644964218,0.0,67.25631940963815,15360.0
-4.060235500335693,-4.121731281280518,0.06149684265255928,0.0,59.07490878533856,15360.0
-4.22792387008667,-4.303305625915527,0.07538178563117981,0.0,75.09411667453739,15360.0
-4.050360679626465,-4.121247291564941,0.07088705897331238,0.0,77.63346912145181,15360.0
-4.203446865081787,-4.260201930999756,0.056755051016807556,0.0,65.50457724972114,15360.0
-4.274712085723877,-4.343360424041748,0.06864837557077408,0.0,90.1041235584826,15360.0
-4.382789611816406,-4.444880485534668,0.06209150329232216,0.0,117.34169926033769,15360.0
-4.062279224395752,-4.119494438171387,0.057214949280023575,0.0,103.18635118892594,15360.0
-4.264960289001465,-4.32873010635376,0.06377024948596954,0.0,57.19598578821649,15360.0
-4.234353542327881,-4.293351650238037,0.05899897590279579,0.0,46.493261422145046,15360.0
-4.3346848487854,-4.399163246154785,0.06447822600603104,0.0,83.24435163427286,15360.0
-4.120866775512695,-4.18958044052124,0.06871451437473297,0.0,89.40400872457685,15360.0
-4.237048625946045,-4.297586441040039,0.060537856072187424,0.0,96.28022010883552,15360.0
-4.116048336029053,-4.178128719329834,0.062079090625047684,0.0,122.27124845520012,15360.0
-4.078838348388672,-4.139599800109863,0.060760848224163055,0.0,129.62392442080989,15360.0
-4.152444839477539,-4.218074321746826,0.06562929600477219,0.0,107.44096816134429,15360.0
-4.276247978210449,-4.3576741218566895,0.08142591267824173,0.0,82.4542327362072,15360.0
-4.331004619598389,-4.394333839416504,0.0633285865187645,0.0,61.166729970305596,15360.0
-4.46021032333374,-4.527707576751709,0.06749795377254486,0.0,50.395868567153194,15360.0
-4.411928176879883,-4.482870101928711,0.07094117999076843,0.0,72.74890646387456,15360.0
-4.365283489227295,-4.422517776489258,0.05723428353667259,0.0,106.29667784239585,15360.0
-4.433579921722412,-4.491326808929443,0.05774646997451782,0.0,111.94912189265139,15360.0
-4.205732822418213,-4.259068012237549,0.053335171192884445,0.0,80.76778035324689,15360.0
-4.300452709197998,-4.358578681945801,0.05812577158212662,0.0,55.56272818171217,15360.0
-4.42512321472168,-4.478261947631836,0.053138867020606995,0.0,109.58093701285101,15360.0
-4.341667175292969,-4.406064987182617,0.06439781188964844,0.0,116.06728548609489,15360.0
-4.34984016418457,-4.414582252502441,0.06474267691373825,0.0,97.08958005528075,15360.0
-4.450400352478027,-4.5008721351623535,0.05047333613038063,0.0,92.59150068033685,15360.0
-4.3934478759765625,-4.459834575653076,0.0663871318101883,0.0,78.88453306308745,15360.0
-4.530198097229004,-4.581921577453613,0.05172298476099968,0.0,54.5100918157275,15360.0
-4.419778347015381,-4.477846145629883,0.05806928500533104,0.0,61.959830339980314,15360.0
-4.3162007331848145,-4.375465393066406,0.0592639334499836,0.0,98.3722513247424,15360.0
-4.362272262573242,-4.415316581726074,0.05304443836212158,0.0,98.59787131380259,15360.0
-4.41655969619751,-4.469832420349121,0.053272802382707596,0.0,62.22305694427525,15360.0
-4.597323417663574,-4.6555376052856445,0.05821238458156586,0.0,51.234127293359585,15360.0
-4.4040374755859375,-4.4595770835876465,0.055539291352033615,0.0,67.28649772120191,15360.0
-4.218295574188232,-4.29548454284668,0.07718878239393234,0.0,99.15156444419124,15360.0
-4.251823902130127,-4.311822414398193,0.059998150914907455,0.0,111.00012722591934,15360.0
-4.236523151397705,-4.304347038269043,0.06782460957765579,0.0,87.4607492480063,15360.0
-4.26975154876709,-4.333315849304199,0.06356331706047058,0.0,88.53639006486895,15360.0
-4.434514045715332,-4.5007004737854,0.06618747860193253,0.0,89.04197889095477,15360.0
-4.373401165008545,-4.439273357391357,0.06587173789739609,0.0,72.45454898510991,15360.0
-4.5701823234558105,-4.629857540130615,0.0596746951341629,0.0,98.83200248757495,15360.0
-4.335265636444092,-4.40110969543457,0.06584397703409195,0.0,119.02285788756254,15360.0
-4.497872829437256,-4.55777645111084,0.05990348383784294,0.0,87.44428412080156,15360.0
-4.444877624511719,-4.507856845855713,0.06297885626554489,0.0,67.21321388105083,15360.0
-4.488926410675049,-4.555655479431152,0.0667295902967453,0.0,122.6925776785091,15360.0
-4.338351249694824,-4.408205509185791,0.06985454261302948,0.0,157.58776790859693,15360.0
-4.221530437469482,-4.282739639282227,0.06120997294783592,0.0,135.76438238507248,15360.0
-4.4556660652160645,-4.519530773162842,0.06386347860097885,0.0,98.94796865612831,15360.0
-4.44584321975708,-4.500992774963379,0.05515201762318611,0.0,93.75785380618926,15360.0
-4.410207748413086,-4.47189474105835,0.06168653443455696,0.0,98.42295782161943,15360.0
-4.374903202056885,-4.433756351470947,0.058853987604379654,0.0,70.16140070470615,15360.0
-4.304096698760986,-4.361992359161377,0.05789623782038689,0.0,54.51748534427475,15360.0
-4.5457892417907715,-4.605743408203125,0.05995529890060425,0.0,72.4414185026674,15360.0
-4.4595160484313965,-4.522058486938477,0.06254234910011292,0.0,61.74759570756995,15360.0
-4.435793399810791,-4.4893012046813965,0.053507376462221146,0.0,48.64792033118974,15360.0
-4.710607528686523,-4.771936416625977,0.061329055577516556,0.0,60.49432053872434,15360.0
-4.323854923248291,-4.382931232452393,0.05907553434371948,0.0,71.43525307200045,15360.0
-4.58433723449707,-4.6460041999816895,0.06166820600628853,0.0,48.594328652322496,15360.0
-4.4853010177612305,-4.54395866394043,0.05865639075636864,0.0,40.59508677195398,15360.0
-4.567926406860352,-4.625391006469727,0.057463765144348145,0.0,60.63534665965751,15360.0
-4.644491195678711,-4.69953727722168,0.055045343935489655,0.0,62.730998361678466,15360.0
-4.673361301422119,-4.739515781402588,0.06615310162305832,0.0,81.86397773218566,15360.0
-4.380505084991455,-4.455230712890625,0.07472632080316544,0.0,127.62389369297622,15360.0
-4.283123970031738,-4.3679094314575195,0.0847850888967514,0.0,153.22502924411774,15360.0
-4.561727523803711,-4.625559329986572,0.06383253633975983,0.0,120.49285427991218,15360.0
-4.3764262199401855,-4.43854284286499,0.06211705505847931,0.0,66.46581606454079,15360.0
-4.71933650970459,-4.787497043609619,0.06815962493419647,0.0,99.1790323702683,15360.0
-4.5441575050354,-4.610306739807129,0.06615003943443298,0.0,111.6656936996265,15360.0
-4.37939977645874,-4.4353179931640625,0.05591794475913048,0.0,93.39021313889717,15360.0
-4.537384033203125,-4.60270881652832,0.06532616913318634,0.0,76.41007217304484,15360.0
-4.5801801681518555,-4.638974189758301,0.05879339948296547,0.0,79.77579036358314,15360.0
-4.643336296081543,-4.7065839767456055,0.06324643641710281,0.0,93.79105796081083,15360.0
-4.5973639488220215,-4.656785488128662,0.059420954436063766,0.0,90.86403531313626,15360.0
-4.560580730438232,-4.621938705444336,0.0613570399582386,0.0,80.40063785174812,15360.0
-4.486794948577881,-4.54625940322876,0.059463806450366974,0.0,81.46233737575409,15360.0
-4.457639217376709,-4.512213230133057,0.05457358807325363,0.0,64.01937463077769,15360.0
-4.7111029624938965,-4.769098281860352,0.057994499802589417,0.0,69.80632238555803,15360.0
-4.717861652374268,-4.771911144256592,0.05404910072684288,0.0,67.25142610323752,15360.0
-4.78855037689209,-4.8436455726623535,0.055096372961997986,0.0,45.380646058393566,15360.0
-4.857167720794678,-4.913933277130127,0.05676588788628578,0.0,71.45859978848763,15360.0
-4.580879211425781,-4.63986349105835,0.058984242379665375,0.0,89.92745029818583,15360.0
-4.7617926597595215,-4.823607444763184,0.06181767210364342,0.0,72.9161275653461,15360.0
-4.758243083953857,-4.820278644561768,0.06203369423747063,0.0,55.747431029085355,15360.0
-4.665152072906494,-4.729913711547852,0.06475956737995148,0.0,78.32926612553,15360.0
-4.707211494445801,-4.768945217132568,0.06173405796289444,0.0,76.35981732788488,15360.0
-4.50946044921875,-4.568899154663086,0.05943862721323967,0.0,58.40362323359113,15360.0
-4.745900630950928,-4.813325881958008,0.06742589175701141,0.0,61.281077222438725,15360.0
-4.791887283325195,-4.862556457519531,0.07066784054040909,0.0,72.67467549671561,15360.0
-4.609144687652588,-4.684967517852783,0.07582283765077591,0.0,76.36214404298322,15360.0
-4.478506088256836,-4.553077697753906,0.07457148283720016,0.0,87.92741602620201,15360.0
-4.572779655456543,-4.640293598175049,0.06751325726509094,0.0,100.87403190667561,15360.0
-4.791682720184326,-4.855269432067871,0.06358631700277328,0.0,93.86253809641255,15360.0
-4.753498554229736,-4.820859909057617,0.06736166775226593,0.0,87.75426770963077,15360.0
-4.6489481925964355,-4.71049165725708,0.06154230982065201,0.0,122.16644844037845,15360.0
-4.573326587677002,-4.636536121368408,0.06320985406637192,0.0,119.93148546187126,15360.0
-4.6809868812561035,-4.7474260330200195,0.06643874198198318,0.0,90.10703504624225,15360.0
-4.662954330444336,-4.7192277908325195,0.056273624300956726,0.0,64.99765237534159,15360.0
-4.80101203918457,-4.862444877624512,0.061433181166648865,0.0,95.02072420583251,15360.0
-4.707951068878174,-4.773115158081055,0.06516347080469131,0.0,136.77713529158268,15360.0
-4.82578706741333,-4.877706527709961,0.05192013457417488,0.0,123.85788318425334,15360.0
-4.766567707061768,-4.825241565704346,0.05867378041148186,0.0,61.64314272726904,15360.0
-4.818719387054443,-4.884706020355225,0.06598790735006332,0.0,81.86973469117719,15360.0
-4.776739597320557,-4.840261459350586,0.06352206319570541,0.0,114.48832922532398,15360.0
-4.636383056640625,-4.696573734283447,0.06019046530127525,0.0,75.45630798835595,15360.0
-4.687154293060303,-4.751884460449219,0.064730204641819,0.0,100.14606090212152,15360.0
-4.59696626663208,-4.659001350402832,0.06203576177358627,0.0,111.38694903749376,15360.0
-4.654501438140869,-4.719515323638916,0.06501512974500656,0.0,91.61504306690014,15360.0
-4.622114658355713,-4.6837477684021,0.061634112149477005,0.0,138.9583196663993,15360.0
-4.690591812133789,-4.7599196434021,0.06932771950960159,0.0,136.99005296423718,15360.0
-4.624539375305176,-4.6942219734191895,0.06968118995428085,0.0,67.0148802902913,15360.0
-4.585977077484131,-4.666248798370361,0.0802711546421051,0.0,124.18695695929155,15360.0
-4.391005992889404,-4.481029033660889,0.09002508968114853,0.0,124.87602714587736,15360.0
-4.634307384490967,-4.711254596710205,0.07694707065820694,0.0,75.38769715137302,15360.0
-4.592011451721191,-4.689542770385742,0.09753119945526123,0.0,162.3258111844851,15360.0
-5.021303653717041,-5.087578296661377,0.06627461314201355,0.0,117.07646162450165,15360.0
-4.540501594543457,-4.621802806854248,0.08130013942718506,0.0,72.46532678243015,15360.0
-4.817138195037842,-4.902688026428223,0.08555044233798981,0.0,120.18070679748973,15360.0
-4.573149681091309,-4.652713298797607,0.07956305891275406,0.0,86.6253485148912,15360.0
-4.654626369476318,-4.738009929656982,0.08338426053524017,0.0,87.71965977936671,15360.0
-4.851505756378174,-4.9283552169799805,0.07684938609600067,0.0,89.04908778662154,15360.0
-4.90207052230835,-4.97759485244751,0.07552420347929001,0.0,92.20002140154176,15360.0
-4.94067907333374,-5.012560844421387,0.0718844011425972,0.0,88.55781491559411,15360.0
-4.974534034729004,-5.049468517303467,0.07493527978658676,0.0,59.340434267053595,15360.0
-4.72349214553833,-4.7965407371521,0.07304821908473969,0.0,92.74486295236369,15360.0
-4.891684055328369,-4.967557430267334,0.07587268203496933,0.0,78.94456574973155,15360.0
-5.041487693786621,-5.111876010894775,0.07038874924182892,0.0,65.9994244655142,15360.0
-5.126384258270264,-5.1982102394104,0.07182653993368149,0.0,74.22331568744652,15360.0
-5.0464982986450195,-5.118018627166748,0.07151840627193451,0.0,71.3925124301777,15360.0
-5.1134233474731445,-5.184011459350586,0.07058758288621902,0.0,78.77545783016535,15360.0
-5.027599811553955,-5.097294807434082,0.06969418376684189,0.0,86.11399525202961,15360.0
-4.9215779304504395,-4.989801406860352,0.06822240352630615,0.0,65.9273748868814,15360.0
-5.046087741851807,-5.112318992614746,0.06622979044914246,0.0,51.530842649076114,15360.0
-5.16969108581543,-5.232438087463379,0.06274741142988205,0.0,71.23441890964774,15360.0
-5.209624290466309,-5.274579048156738,0.06495541334152222,0.0,63.789214742317,15360.0
-4.978936195373535,-5.0480852127075195,0.06914737820625305,0.0,67.87998226833432,15360.0
-4.869846820831299,-4.93798303604126,0.06813786178827286,0.0,68.13396855189808,15360.0
-5.081659317016602,-5.1504340171813965,0.06877508014440536,0.0,42.83421874249308,15360.0
-5.138943672180176,-5.207507133483887,0.06856286525726318,0.0,56.666083142311926,15360.0
-5.136998653411865,-5.204977512359619,0.0679776594042778,0.0,70.7338868000621,15360.0
-5.099150657653809,-5.162176609039307,0.06302573531866074,0.0,41.77306031674078,15360.0
-5.2401323318481445,-5.305885314941406,0.06575476378202438,0.0,39.151527554391144,15360.0
-5.091507911682129,-5.151538372039795,0.06002971902489662,0.0,53.56626776470448,15360.0
-5.122199535369873,-5.188239097595215,0.06604071706533432,0.0,43.09069219996753,15360.0
-5.252309322357178,-5.312686443328857,0.06037718802690506,0.0,39.50089880302497,15360.0
-5.0514631271362305,-5.1145339012146,0.06307175010442734,0.0,57.632987349541665,15360.0
-5.129636287689209,-5.194718360900879,0.06508176028728485,0.0,69.54589220984485,15360.0
-5.08357572555542,-5.1500349044799805,0.06645866483449936,0.0,80.86492383174398,15360.0
-5.0335822105407715,-5.102686882019043,0.06910528987646103,0.0,115.03275886961853,15360.0
-5.075306415557861,-5.146744251251221,0.0714380070567131,0.0,140.80483116867433,15360.0
-4.800048828125,-4.863064765930176,0.06301721185445786,0.0,135.69430791327827,15360.0
-4.938730716705322,-5.001372814178467,0.06264085322618484,0.0,81.29791883066632,15360.0
-5.035808086395264,-5.09797477722168,0.06216694042086601,0.0,34.98484974279708,15360.0
-5.442690849304199,-5.504826068878174,0.06213293969631195,0.0,94.02193393404099,15360.0
-5.060037136077881,-5.12294864654541,0.06291089951992035,0.0,104.5877845678921,15360.0
-5.05088996887207,-5.11868953704834,0.06779876351356506,0.0,56.93983910635048,15360.0
-5.207046985626221,-5.265748977661133,0.05870123207569122,0.0,51.86464853312037,15360.0
-5.158666610717773,-5.221047878265381,0.06238093599677086,0.0,86.41384299913206,15360.0
-5.124734878540039,-5.185256004333496,0.06052125245332718,0.0,65.65278575695564,15360.0
-5.232087135314941,-5.296563148498535,0.06447601318359375,0.0,52.81538152865514,15360.0
-5.112263202667236,-5.175950527191162,0.06368731707334518,0.0,65.37878514769072,15360.0
-5.261712551116943,-5.325531482696533,0.06381870806217194,0.0,69.84102957178203,15360.0
-5.317473888397217,-5.379817485809326,0.06234227493405342,0.0,66.80379214753017,15360.0
-5.379697799682617,-5.4484124183654785,0.06871572136878967,0.0,67.19365847744547,15360.0
-5.1013665199279785,-5.16782808303833,0.06646217405796051,0.0,83.29551100641604,15360.0
-5.1898064613342285,-5.254075050354004,0.06426922231912613,0.0,78.74370097113076,15360.0
-5.1806840896606445,-5.24587869644165,0.06519350409507751,0.0,66.67486443698701,15360.0
-5.284034729003906,-5.348526954650879,0.06449244916439056,0.0,55.050103183384685,15360.0
-5.4635491371154785,-5.531649589538574,0.06810103356838226,0.0,41.51576500002823,15360.0
-5.230180740356445,-5.29481840133667,0.06463617831468582,0.0,38.133764025380295,15360.0
-5.455894470214844,-5.517578125,0.06168510392308235,0.0,33.55235362931208,15360.0
-5.331314563751221,-5.396653175354004,0.06534002721309662,0.0,39.15441767528498,15360.0
-5.324518203735352,-5.39371395111084,0.06919673830270767,0.0,47.77827268637466,15360.0
-5.383279323577881,-5.4559783935546875,0.07269883155822754,0.0,62.83556942579522,15360.0
-5.420376777648926,-5.493864059448242,0.07348725944757462,0.0,59.2488031542349,15360.0
-5.439636707305908,-5.515891075134277,0.07625483721494675,0.0,40.11756040931208,15360.0
-5.543084144592285,-5.624549865722656,0.08146806806325912,0.0,57.56359416818311,15360.0
-5.401297569274902,-5.477728843688965,0.07642843574285507,0.0,85.45109509134431,15360.0
-5.435726642608643,-5.51096773147583,0.07524161040782928,0.0,123.01003273128649,15360.0
-5.446500778198242,-5.5239577293396,0.07745540142059326,0.0,166.51529174184915,15360.0
-5.112005233764648,-5.198418617248535,0.08641403168439865,0.0,231.46588363810395,15360.0
-4.635561943054199,-4.7312798500061035,0.09571759402751923,0.0,296.2302716061088,15360.0
-4.3368377685546875,-4.435374736785889,0.09853632003068924,0.0,269.9730614697337,15360.0
-5.017589092254639,-5.089797019958496,0.07220712304115295,0.0,100.24882830423878,15360.0
-4.903933525085449,-4.969008922576904,0.0650748685002327,0.0,168.74850454613642,15360.0
-4.4456071853637695,-4.519859313964844,0.0742509663105011,0.0,185.55783116627526,15360.0
-5.147156715393066,-5.219423770904541,0.07226832211017609,0.0,119.1775862116744,15360.0
-4.687426567077637,-4.755704402923584,0.06827742606401443,0.0,211.72368930622176,15360.0
-4.8731770515441895,-4.936622142791748,0.06344567984342575,0.0,99.40131692793784,15360.0
-4.509594440460205,-4.598604202270508,0.08901000767946243,0.0,250.70566888848705,15360.0
-4.551065921783447,-4.613702297210693,0.06263531744480133,0.0,287.7650369573855,15360.0
-4.934848308563232,-5.016058921813965,0.08121117949485779,0.0,67.17776267236171,15360.0
-4.913870811462402,-4.986999034881592,0.07312802970409393,0.0,190.28716260499323,15360.0
-4.889616966247559,-4.96323823928833,0.07362115383148193,0.0,76.71714901318508,15360.0
-4.81939697265625,-4.902903079986572,0.08350768685340881,0.0,153.53540449211448,15360.0
-5.2023396492004395,-5.288453578948975,0.08611492067575455,0.0,106.54101327495677,15360.0
-5.135181903839111,-5.211759567260742,0.0765780657529831,0.0,125.45622831156591,15360.0
-4.961267471313477,-5.053065776824951,0.09179741889238358,0.0,159.20501665551535,15360.0
-5.291214942932129,-5.369524002075195,0.0783097892999649,0.0,65.09108780991319,15360.0
-5.100405216217041,-5.181153774261475,0.08074849098920822,0.0,149.2575858568148,15360.0
-5.185949325561523,-5.267959117889404,0.08200980722904205,0.0,76.57890313985487,15360.0
-5.2538886070251465,-5.3433146476745605,0.08942665904760361,0.0,105.20389526695367,15360.0
-5.253223896026611,-5.331821918487549,0.07859750837087631,0.0,108.72244180057531,15360.0
-5.326053142547607,-5.412591457366943,0.08653650432825089,0.0,55.71317081237244,15360.0
-5.231024742126465,-5.316730976104736,0.08570446819067001,0.0,106.87419084874949,15360.0
-5.446256637573242,-5.521094799041748,0.07483956962823868,0.0,49.57983361946618,15360.0
-5.398285865783691,-5.488755226135254,0.09047029912471771,0.0,95.23995399145402,15360.0
-5.340947151184082,-5.413206577301025,0.07226040959358215,0.0,87.8620294801988,15360.0
-5.2914252281188965,-5.372802734375,0.08137809485197067,0.0,54.81156497748744,15360.0
-5.270748615264893,-5.347611427307129,0.07686294615268707,0.0,109.5506680068663,15360.0
-5.610573768615723,-5.68764066696167,0.07706853747367859,0.0,62.43416777957742,15360.0
-5.256474494934082,-5.33119010925293,0.07471557706594467,0.0,68.15760306378183,15360.0
-5.621225357055664,-5.694360733032227,0.07313454896211624,0.0,92.07502903655545,15360.0
-5.399472713470459,-5.475768089294434,0.07629574090242386,0.0,36.606933847306856,15360.0
-5.480147838592529,-5.5498785972595215,0.06973082572221756,0.0,82.23861980119635,15360.0
-5.353999614715576,-5.434521675109863,0.08052171021699905,0.0,66.1360837692926,15360.0
-5.349183559417725,-5.41920280456543,0.07001765817403793,0.0,63.9848809551213,15360.0
-5.839821815490723,-5.9143385887146,0.07451649755239487,0.0,75.31468431165372,15360.0
-5.30045747756958,-5.377068519592285,0.07661157101392746,0.0,71.86045642421318,15360.0
-5.56074333190918,-5.631553649902344,0.07081014662981033,0.0,79.55467343301336,15360.0
-5.567905902862549,-5.647598743438721,0.07969237864017487,0.0,95.04876632123492,15360.0
-5.591939449310303,-5.665772914886475,0.07383288443088531,0.0,67.59520043545119,15360.0
-5.598927021026611,-5.6759185791015625,0.0769927129149437,0.0,94.67750158235344,15360.0
-5.605956077575684,-5.673712730407715,0.06775660067796707,0.0,103.30100877171826,15360.0
-5.815970420837402,-5.8893327713012695,0.07336349785327911,0.0,51.55256946975342,15360.0
-5.581445217132568,-5.653090953826904,0.07164738327264786,0.0,69.11498147778309,15360.0
-5.569364547729492,-5.641833305358887,0.07246895134449005,0.0,76.31608362025858,15360.0
-5.77407169342041,-5.851613998413086,0.07754197716712952,0.0,48.23408104791366,15360.0
-5.68583345413208,-5.75560998916626,0.06977718323469162,0.0,48.729459823313164,15360.0
-5.690192699432373,-5.7672858238220215,0.07709112763404846,0.0,70.64484244285606,15360.0
-5.510256290435791,-5.582231044769287,0.07197554409503937,0.0,59.87906078037072,15360.0
-5.834875106811523,-5.907441139221191,0.07256707549095154,0.0,40.78912149105224,15360.0
-5.490227699279785,-5.5671796798706055,0.07695280015468597,0.0,75.32357301637137,15360.0
-5.613222599029541,-5.687156677246094,0.07393376529216766,0.0,104.67042880240523,15360.0
-5.583323955535889,-5.665868282318115,0.08254501223564148,0.0,79.29602257664321,15360.0
-5.765068054199219,-5.8433451652526855,0.07827628403902054,0.0,43.14773385020159,15360.0
-5.902654647827148,-5.981131553649902,0.07847712934017181,0.0,63.86273050758756,15360.0
-5.7349853515625,-5.819466590881348,0.08448055386543274,0.0,62.28758638556621,15360.0
-5.602454662322998,-5.676971435546875,0.07451875507831573,0.0,43.014070378346304,15360.0
-6.0250043869018555,-6.104267597198486,0.0792621597647667,0.0,51.927154723807966,15360.0
-5.699639320373535,-5.780388832092285,0.08075080066919327,0.0,65.85427137509528,15360.0
-5.8598313331604,-5.9405059814453125,0.08067476004362106,0.0,55.545673257680065,15360.0
-5.928443431854248,-6.006228446960449,0.0777866318821907,0.0,40.04227259532552,15360.0
-5.549898624420166,-5.632718086242676,0.08281870931386948,0.0,63.22488566017509,15360.0
-5.65437126159668,-5.744332790374756,0.08996134251356125,0.0,78.45390217630832,15360.0
-5.72136116027832,-5.803123950958252,0.0817619040608406,0.0,86.74643698655738,15360.0
-6.00576114654541,-6.086757183074951,0.08099470287561417,0.0,75.63127839007598,15360.0
-5.757132530212402,-5.840090274810791,0.08295603096485138,0.0,70.25266393944776,15360.0
-5.870568752288818,-5.948343276977539,0.07777421921491623,0.0,77.62520328229702,15360.0
-5.595630168914795,-5.682775020599365,0.08714559674263,0.0,100.47379436745861,15360.0
-5.75010871887207,-5.830339431762695,0.08022982627153397,0.0,124.84114877240228,15360.0
-5.582507610321045,-5.669302940368652,0.08679532259702682,0.0,93.92021663412348,15360.0
-5.860443592071533,-5.9375104904174805,0.07706737518310547,0.0,47.892531261603324,15360.0
-5.637322902679443,-5.718308925628662,0.08098824322223663,0.0,105.86111210009415,15360.0
-5.712712287902832,-5.7940673828125,0.08135472238063812,0.0,99.32921027622358,15360.0
-6.0338006019592285,-6.118829250335693,0.08502958714962006,0.0,61.38691051197194,15360.0
-5.877883434295654,-5.959993839263916,0.08211121708154678,0.0,72.34889317815247,15360.0
-5.921585559844971,-6.01589298248291,0.09430813789367676,0.0,77.22138284379102,15360.0
-5.757724285125732,-5.845307350158691,0.08758175373077393,0.0,67.22570100671028,15360.0
-5.9901885986328125,-6.076460361480713,0.08627145737409592,0.0,45.07998516858759,15360.0
-6.02085018157959,-6.113602638244629,0.09275293350219727,0.0,66.63040174074065,15360.0
-5.56117582321167,-5.647237300872803,0.08606118708848953,0.0,60.54845502024139,15360.0
-5.9721360206604,-6.074278831481934,0.10214272141456604,0.0,69.35603328075261,15360.0
-5.851377964019775,-5.9515910148620605,0.10021369159221649,0.0,96.43057906732491,15360.0
-5.989550590515137,-6.073256015777588,0.08370549976825714,0.0,91.729880564832,15360.0
-5.7565741539001465,-5.850813865661621,0.09423915296792984,0.0,55.05824200936201,15360.0
-6.106901168823242,-6.184938430786133,0.07803784310817719,0.0,74.09380902390551,15360.0
-6.123333930969238,-6.213578224182129,0.09024637192487717,0.0,69.4591031953291,15360.0
-5.9558563232421875,-6.047029972076416,0.09117603302001953,0.0,44.61892328327163,15360.0
-5.797755241394043,-5.883779048919678,0.08602514117956161,0.0,86.54996339748816,15360.0
-6.122011661529541,-6.2170844078063965,0.09507185965776443,0.0,85.12363724318794,15360.0
-6.019227027893066,-6.101597309112549,0.0823708102107048,0.0,73.71714406287602,15360.0
-6.014190673828125,-6.10167932510376,0.08748933672904968,0.0,77.85128606542591,15360.0
-6.0756096839904785,-6.1692214012146,0.09361212700605392,0.0,70.41829262887477,15360.0
-6.001641750335693,-6.086091041564941,0.08445019274950027,0.0,81.84906404274734,15360.0
-6.425445079803467,-6.510560989379883,0.08511587232351303,0.0,106.07726464041144,15360.0
-5.54282808303833,-5.636727809906006,0.09389996528625488,0.0,135.90061771584388,15360.0
-4.7375359535217285,-4.854127883911133,0.11659251153469086,0.0,164.3132960849301,15360.0
-5.380262851715088,-5.490638732910156,0.11037758737802505,0.0,150.13701579798908,15360.0
-5.437688827514648,-5.526518821716309,0.0888284295797348,0.0,66.59887666031364,15360.0
-5.53900146484375,-5.633751392364502,0.09475185722112656,0.0,112.14065027170122,15360.0
-6.009300231933594,-6.099058151245117,0.08975688368082047,0.0,99.00663433218803,15360.0
-5.547454833984375,-5.654744625091553,0.10728950798511505,0.0,91.1356724132415,15360.0
-5.433140277862549,-5.527270317077637,0.09413018822669983,0.0,145.03340578676972,15360.0
-5.722821235656738,-5.823603630065918,0.10078202188014984,0.0,107.07326199631926,15360.0
-5.769927024841309,-5.864736080169678,0.09480918198823929,0.0,66.00196752256393,15360.0
-5.771209716796875,-5.862290859222412,0.09108170866966248,0.0,115.07248649721002,15360.0
-5.697989463806152,-5.781940937042236,0.08395223319530487,0.0,60.18342876556488,15360.0
-5.867530345916748,-5.968186378479004,0.100655198097229,0.0,107.2153877518411,15360.0
-5.7310686111450195,-5.820080757141113,0.08900944888591766,0.0,82.82373527976151,15360.0
-6.023591041564941,-6.130612373352051,0.1070227175951004,0.0,77.86729345195975,15360.0
-5.986523151397705,-6.078221321105957,0.0916982889175415,0.0,90.34996145379672,15360.0
-5.996666431427002,-6.1001057624816895,0.1034381315112114,0.0,70.70278582778647,15360.0
-6.002225875854492,-6.087882995605469,0.08565469831228256,0.0,83.9412045956191,15360.0
-6.1654486656188965,-6.25234842300415,0.08690030127763748,0.0,66.54506780992091,15360.0
-6.141743183135986,-6.2347941398620605,0.09305012971162796,0.0,88.16909369426251,15360.0
-6.182050704956055,-6.266317367553711,0.08426644653081894,0.0,64.83787379159754,15360.0
-6.057732105255127,-6.152881145477295,0.09514807164669037,0.0,76.11041415172068,15360.0
-6.2490339279174805,-6.3362836837768555,0.08724939078092575,0.0,71.48659818889381,15360.0
-5.7770094871521,-5.865781784057617,0.0887729674577713,0.0,72.0739434904322,15360.0
-6.179250240325928,-6.27375602722168,0.09450682252645493,0.0,81.02861582575787,15360.0
-6.129783630371094,-6.220793724060059,0.09100843966007233,0.0,96.4561141980885,15360.0
-6.05841588973999,-6.142824649810791,0.08440939337015152,0.0,74.33263170868206,15360.0
-6.103034973144531,-6.202278137207031,0.09924276173114777,0.0,94.2804641617508,15360.0
-6.415253162384033,-6.499112606048584,0.08385863155126572,0.0,79.6428266010834,15360.0
-6.136441230773926,-6.229764461517334,0.0933222845196724,0.0,64.97963243610197,15360.0
-6.219496250152588,-6.30753231048584,0.0880369171500206,0.0,83.43980496394751,15360.0
-6.129689693450928,-6.210631847381592,0.08094368129968643,0.0,64.87854636746232,15360.0
-6.129661560058594,-6.214103698730469,0.0844421535730362,0.0,61.46330075203369,15360.0
-6.250726222991943,-6.330755233764648,0.08002869039773941,0.0,77.21834344643096,15360.0
-6.205528259277344,-6.285466194152832,0.0799381211400032,0.0,61.58656773374053,15360.0
-6.023689270019531,-6.106064796447754,0.0823742151260376,0.0,47.46125239835225,15360.0
-6.2657999992370605,-6.345826148986816,0.08002744615077972,0.0,58.19523430432571,15360.0
-6.096913814544678,-6.186017036437988,0.08910168707370758,0.0,82.13919800687529,15360.0
-6.161250114440918,-6.24470853805542,0.08345936238765717,0.0,96.53909814036956,15360.0
-6.122497081756592,-6.202887535095215,0.08038970828056335,0.0,75.5318871811618,15360.0
-6.290359973907471,-6.374849796295166,0.08449061959981918,0.0,63.87177170981922,15360.0
-6.3654866218566895,-6.442286968231201,0.07680220156908035,0.0,80.63209342043028,15360.0
-6.24484395980835,-6.326664924621582,0.08182023465633392,0.0,68.85786241584361,15360.0
-6.060677528381348,-6.14573335647583,0.08505725860595703,0.0,89.80281758779242,15360.0
-6.152101516723633,-6.2380146980285645,0.08591146767139435,0.0,99.46981725995425,15360.0
-6.019918441772461,-6.107723712921143,0.08780352771282196,0.0,114.04723850641754,15360.0
-6.060723304748535,-6.141784191131592,0.08106131851673126,0.0,108.94638165074485,15360.0
-6.102309703826904,-6.180924892425537,0.07861664891242981,0.0,71.67731611539648,15360.0
-6.018808364868164,-6.100327014923096,0.08151829242706299,0.0,104.35213175197552,15360.0
-6.294500350952148,-6.375443458557129,0.08094403147697449,0.0,101.64759993659224,15360.0
-6.09637451171875,-6.183188438415527,0.08681496977806091,0.0,87.71300423864697,15360.0
-6.220947265625,-6.306985378265381,0.08603999018669128,0.0,79.52174429235137,15360.0
-6.271210670471191,-6.3631463050842285,0.091937355697155,0.0,93.05557436837171,15360.0
-6.362020015716553,-6.453665733337402,0.09164466708898544,0.0,89.68129209870762,15360.0
-6.151541233062744,-6.241674900054932,0.09013351052999496,0.0,81.34607221366811,15360.0
-6.368752479553223,-6.451712608337402,0.08295907080173492,0.0,117.95213495224925,15360.0
-6.199492931365967,-6.288375377655029,0.088882677257061,0.0,92.62473144830206,15360.0
-6.313092231750488,-6.398115158081055,0.08502430468797684,0.0,83.59025318453831,15360.0
-6.446286201477051,-6.536774635314941,0.09048909693956375,0.0,120.9755175153369,15360.0
-6.469781398773193,-6.560166835784912,0.09038509428501129,0.0,81.48682549099009,15360.0
-6.347772121429443,-6.432626247406006,0.08485471457242966,0.0,76.66283003696347,15360.0
-6.418823719024658,-6.498318195343018,0.0794944241642952,0.0,107.60045728871276,15360.0
-6.4970784187316895,-6.580679893493652,0.08360232412815094,0.0,59.13604868737068,15360.0
-6.341203689575195,-6.4232025146484375,0.08199743181467056,0.0,85.50446230288576,15360.0
-6.605953693389893,-6.691146373748779,0.08519309014081955,0.0,105.52491933321637,15360.0
-6.519839763641357,-6.5995049476623535,0.07966235280036926,0.0,60.332230205403775,15360.0
-6.7233123779296875,-6.808244228363037,0.08493395894765854,0.0,80.38176545995732,15360.0
-6.4646687507629395,-6.540196418762207,0.07552774995565414,0.0,81.06590554630284,15360.0
-6.641852855682373,-6.72334623336792,0.0814913734793663,0.0,54.04798812551643,15360.0
-6.369813919067383,-6.447569370269775,0.07775484025478363,0.0,55.86229623796413,15360.0
-6.684938430786133,-6.761404037475586,0.07646401226520538,0.0,60.36111250377197,15360.0
-6.737919807434082,-6.818546772003174,0.08062801510095596,0.0,58.734104687590154,15360.0
-6.682279109954834,-6.756077289581299,0.07379791140556335,0.0,54.76537512892639,15360.0
-6.577755928039551,-6.6599884033203125,0.08223158866167068,0.0,62.44684130054132,15360.0
-6.637031555175781,-6.7168498039245605,0.07981787621974945,0.0,55.81362523426788,15360.0
-6.540499687194824,-6.623795509338379,0.08329654484987259,0.0,41.9284797951524,15360.0
-6.935038089752197,-7.016700267791748,0.08166264742612839,0.0,60.94356018952187,15360.0
-6.484824180603027,-6.571299076080322,0.08647516369819641,0.0,54.68528223328002,15360.0
-6.638457775115967,-6.7211079597473145,0.08265040814876556,0.0,66.90643331471549,15360.0
-6.422730922698975,-6.510347843170166,0.08761817961931229,0.0,62.539378057351755,15360.0
-6.472558975219727,-6.560397624969482,0.08783932775259018,0.0,55.50499396088041,15360.0
-6.57354211807251,-6.667468547821045,0.09392722696065903,0.0,65.32240919896273,15360.0
-6.38265323638916,-6.468166828155518,0.08551380038261414,0.0,86.77700321727711,15360.0
-6.379954814910889,-6.486112117767334,0.10615765303373337,0.0,117.35799079797529,15360.0
-6.484319686889648,-6.575618267059326,0.09130199998617172,0.0,105.89612884534738,15360.0
-6.518282413482666,-6.60446310043335,0.08618026226758957,0.0,95.80628050090296,15360.0
-6.610972881317139,-6.704036235809326,0.09306252747774124,0.0,68.4350090402378,15360.0
-7.003883361816406,-7.097754001617432,0.09387098997831345,0.0,86.0637552339944,15360.0
-6.741716384887695,-6.830330848693848,0.08861235529184341,0.0,103.60248273387589,15360.0
-6.636102676391602,-6.729096412658691,0.09299303591251373,0.0,86.46072372178895,15360.0
-6.452173233032227,-6.539060592651367,0.08688709884881973,0.0,86.58308827777931,15360.0
-6.653787612915039,-6.741888523101807,0.08810142427682877,0.0,69.7316369197293,15360.0
-6.536336421966553,-6.614591121673584,0.07825550436973572,0.0,77.40544934683467,15360.0
-6.796886920928955,-6.884664535522461,0.08777593076229095,0.0,69.85246786758418,15360.0
-6.546961307525635,-6.627688884735107,0.08072717487812042,0.0,56.87348353168409,15360.0
-6.617108345031738,-6.703726768493652,0.08661826699972153,0.0,101.14700720075899,15360.0
-6.729997158050537,-6.816550254821777,0.0865519791841507,0.0,86.07818162771878,15360.0
-6.683787822723389,-6.764400959014893,0.08061261475086212,0.0,89.71301434795079,15360.0
-6.639162063598633,-6.729654788970947,0.09049441665410995,0.0,120.3487225741282,15360.0
-5.9340434074401855,-6.040052890777588,0.10601124167442322,0.0,146.02415286697456,15360.0
-6.54426383972168,-6.63027811050415,0.08601164072751999,0.0,130.06724825347558,15360.0
-6.329150199890137,-6.428900718688965,0.09974968433380127,0.0,111.88461828497975,15360.0
-6.28110408782959,-6.363312244415283,0.0822095051407814,0.0,154.46056111327516,15360.0
-6.278960227966309,-6.3813629150390625,0.10240345448255539,0.0,193.52895834179853,15360.0
-6.728902339935303,-6.816647052764893,0.0877443179488182,0.0,174.70053665762916,15360.0
-6.78731632232666,-6.875207424163818,0.0878927931189537,0.0,88.6168735588971,15360.0
-6.741486072540283,-6.829609394073486,0.0881226435303688,0.0,154.7778736095124,15360.0
-6.8234357833862305,-6.9050493240356445,0.08161385357379913,0.0,110.14527448014371,15360.0
-7.073822975158691,-7.159421443939209,0.08560029417276382,0.0,85.93200248201215,15360.0
-6.751486301422119,-6.836188793182373,0.0847020223736763,0.0,124.57484518128972,15360.0
-6.561431884765625,-6.651320934295654,0.08988882601261139,0.0,98.72325101870348,15360.0
-7.013307571411133,-7.098841190338135,0.08553231507539749,0.0,78.53309402207496,15360.0
-6.536889553070068,-6.629239082336426,0.09234901517629623,0.0,83.14284636702149,15360.0
-7.149113655090332,-7.232783794403076,0.08367244154214859,0.0,71.45555718829685,15360.0
-6.304869174957275,-6.400100231170654,0.09523209184408188,0.0,87.56727173822702,15360.0
-6.978316783905029,-7.063374996185303,0.08505740761756897,0.0,88.8266229111153,15360.0
-6.7480340003967285,-6.8429646492004395,0.09493108093738556,0.0,102.38510259476551,15360.0
-6.794022560119629,-6.88285493850708,0.08883219212293625,0.0,72.17584395262868,15360.0
-6.782602310180664,-6.860545635223389,0.07794268429279327,0.0,75.9879208351042,15360.0
-6.896437644958496,-6.998186111450195,0.1017509326338768,0.0,73.77745482910903,15360.0
-6.855311393737793,-6.933013439178467,0.07770002633333206,0.0,63.279027874923166,15360.0
-6.889096260070801,-6.989572048187256,0.10047690570354462,0.0,81.79003759202328,15360.0
-7.057947158813477,-7.146906852722168,0.0889594778418541,0.0,91.69160377714631,15360.0
-6.965925216674805,-7.047123432159424,0.0811971127986908,0.0,52.87346381383606,15360.0
-6.714582443237305,-6.806056022644043,0.09147118777036667,0.0,98.55243631430044,15360.0
-6.940334796905518,-7.030001640319824,0.089667908847332,0.0,74.53904038937587,15360.0
-6.838168144226074,-6.932374954223633,0.09420588612556458,0.0,55.88838475445009,15360.0
-6.646536350250244,-6.737353324890137,0.09081673622131348,0.0,74.27476737879483,15360.0
-6.663278102874756,-6.764575481414795,0.10129716992378235,0.0,69.13040223732642,15360.0
-6.761960983276367,-6.853418827056885,0.09145887196063995,0.0,74.12791062684046,15360.0
-6.974852561950684,-7.075469017028809,0.10061696171760559,0.0,82.16291472225836,15360.0
-7.125369071960449,-7.2122273445129395,0.0868583545088768,0.0,87.66789627288767,15360.0
-6.760777950286865,-6.860224723815918,0.09944716095924377,0.0,84.93362316251809,15360.0
-6.683573246002197,-6.774184703826904,0.090611033141613,0.0,58.382794196150805,15360.0
-6.7321624755859375,-6.817985534667969,0.08582508563995361,0.0,83.03486234689602,15360.0
-6.755182266235352,-6.851376533508301,0.09619340300559998,0.0,89.75044640319491,15360.0
-6.863438129425049,-6.938407897949219,0.07497083395719528,0.0,54.489545875604605,15360.0
-7.18601131439209,-7.282151699066162,0.09614188224077225,0.0,69.72014009345241,15360.0
-7.00936222076416,-7.0888895988464355,0.07952836155891418,0.0,99.35186858229909,15360.0
-7.026413440704346,-7.117404460906982,0.09099055826663971,0.0,84.06132998649994,15360.0
-7.028618812561035,-7.109837055206299,0.08121667057275772,0.0,128.51117326902735,15360.0
-7.172656059265137,-7.253665447235107,0.08101005852222443,0.0,109.99197864946507,15360.0
-6.731429576873779,-6.817800998687744,0.08637106418609619,0.0,74.55928119959223,15360.0
-6.99098539352417,-7.072907447814941,0.0819234624505043,0.0,129.5430566720137,15360.0
-6.727253437042236,-6.808104991912842,0.08085419982671738,0.0,124.49976254491408,15360.0
-7.021364212036133,-7.10886287689209,0.08750037848949432,0.0,71.89460771063477,15360.0
-6.940073490142822,-7.016652584075928,0.07657761126756668,0.0,115.705874817445,15360.0
-6.986353397369385,-7.067698001861572,0.08134696632623672,0.0,147.4716050383838,15360.0
-7.028581619262695,-7.113675117492676,0.08509282767772675,0.0,88.00316130512377,15360.0
-7.005796432495117,-7.083877086639404,0.07808128744363785,0.0,74.92073354138459,15360.0
-6.869649887084961,-6.9580559730529785,0.08840620517730713,0.0,136.68849617132972,15360.0
-7.3211212158203125,-7.413090705871582,0.09196971356868744,0.0,112.18958262566193,15360.0
-7.167325019836426,-7.253477096557617,0.08615407347679138,0.0,74.55246338456737,15360.0
-6.947588920593262,-7.03525972366333,0.0876697227358818,0.0,125.99974335189361,15360.0
-6.840278625488281,-6.931884765625,0.09160642325878143,0.0,136.90224588769235,15360.0
-7.103983402252197,-7.197638988494873,0.0936557725071907,0.0,102.14715098734501,15360.0
-6.709672451019287,-6.797274589538574,0.08760162442922592,0.0,102.98253081200079,15360.0
-6.866787910461426,-6.952409744262695,0.08562417328357697,0.0,103.61506371816509,15360.0
-7.2700886726379395,-7.352465629577637,0.08237665146589279,0.0,74.67397695245518,15360.0
-7.06350564956665,-7.152949810028076,0.08944564312696457,0.0,77.53018585143369,15360.0
-7.1890058517456055,-7.266964435577393,0.0779566839337349,0.0,74.31677877061632,15360.0
-6.918978691101074,-7.012854099273682,0.09387609362602234,0.0,40.21446351991776,15360.0
-6.651558876037598,-6.724804401397705,0.07324729114770889,0.0,90.89647049151758,15360.0
-6.956666946411133,-7.040251731872559,0.08358363807201385,0.0,73.58605785729895,15360.0
-7.156030654907227,-7.230472087860107,0.07444164156913757,0.0,64.92414155071631,15360.0
-7.0250701904296875,-7.1103620529174805,0.08529182523488998,0.0,92.17677028050572,15360.0
-6.977200031280518,-7.054737567901611,0.07753746956586838,0.0,88.60766587237693,15360.0
-7.231354236602783,-7.315454959869385,0.08410127460956573,0.0,69.8203672810751,15360.0
-7.1092000007629395,-7.190686225891113,0.08148685097694397,0.0,77.56227758781301,15360.0
-7.387543201446533,-7.469372749328613,0.08182778209447861,0.0,82.30649713110411,15360.0
-7.1111650466918945,-7.192209243774414,0.08104613423347473,0.0,90.86833349695,15360.0
-7.207611083984375,-7.281326770782471,0.07371640205383301,0.0,92.60088777705161,15360.0
-7.176555156707764,-7.255945205688477,0.07939045876264572,0.0,71.93599338703186,15360.0
-7.607825756072998,-7.681894779205322,0.07406962662935257,0.0,89.77823162816799,15360.0
-7.395158767700195,-7.4706926345825195,0.07553501427173615,0.0,83.96854850543679,15360.0
-7.098723888397217,-7.175859451293945,0.07713375985622406,0.0,48.8134877919993,15360.0
-7.130890846252441,-7.208772659301758,0.07788213342428207,0.0,99.25450368127792,15360.0
-6.949093818664551,-7.02500057220459,0.07590503245592117,0.0,91.59997549142483,15360.0
-6.917108058929443,-7.00042724609375,0.08331825584173203,0.0,68.95337699540258,15360.0
-6.946011543273926,-7.024249076843262,0.07823990285396576,0.0,115.78094393056423,15360.0
-7.098074436187744,-7.18100643157959,0.08293105661869049,0.0,88.9110007112441,15360.0
-6.978265285491943,-7.059816360473633,0.08155126869678497,0.0,78.23058664940552,15360.0
-7.067355155944824,-7.150452136993408,0.08309552073478699,0.0,83.65714194178686,15360.0
-7.162160396575928,-7.255929470062256,0.0937679260969162,0.0,91.76223164893388,15360.0
-7.0421857833862305,-7.128603458404541,0.08641751110553741,0.0,84.4949926489923,15360.0
-7.0745649337768555,-7.165197372436523,0.09063328802585602,0.0,105.8840459065891,15360.0
-7.223933219909668,-7.311837196350098,0.08790196478366852,0.0,111.32850669587305,15360.0
-7.372167587280273,-7.458265781402588,0.08609949052333832,0.0,89.20019513577346,15360.0
-6.988480567932129,-7.0767035484313965,0.08822326362133026,0.0,98.46824617359853,15360.0
-6.768406391143799,-6.8621697425842285,0.09376358985900879,0.0,109.86432271413192,15360.0
-7.154935836791992,-7.244961738586426,0.09002649039030075,0.0,77.76726783435043,15360.0
-7.465620994567871,-7.5531415939331055,0.08752260357141495,0.0,81.5409386921011,15360.0
-7.279160976409912,-7.367175102233887,0.08801264315843582,0.0,77.26327214335542,15360.0
-7.674622535705566,-7.759683132171631,0.08505886048078537,0.0,53.7889198961948,15360.0
-7.580639362335205,-7.665994644165039,0.08535587042570114,0.0,68.5184248584942,15360.0
-7.5173258781433105,-7.600319862365723,0.08299575001001358,0.0,68.58896863982632,15360.0
-7.381038188934326,-7.461140155792236,0.08010254800319672,0.0,56.772779318387975,15360.0
-7.364044189453125,-7.441761493682861,0.07771702855825424,0.0,71.64312946502672,15360.0
-7.197195053100586,-7.280482769012451,0.0832902118563652,0.0,81.82186621881067,15360.0
-7.596945762634277,-7.684338569641113,0.08739234507083893,0.0,88.82079579322402,15360.0
-7.03261137008667,-7.113814830780029,0.0812026783823967,0.0,137.62418276221365,15360.0
-6.6809210777282715,-6.777893543243408,0.09697242081165314,0.0,197.365461225939,15360.0
-6.398683547973633,-6.491850852966309,0.09316703677177429,0.0,186.64791471905457,15360.0
-6.9018354415893555,-6.982972145080566,0.08113764226436615,0.0,78.69690696132066,15360.0
-6.684684753417969,-6.773940563201904,0.08925497531890869,0.0,148.61476756481426,15360.0
-6.868262767791748,-6.948019027709961,0.07975613325834274,0.0,165.82771395168402,15360.0
-6.961777687072754,-7.046573162078857,0.08479644358158112,0.0,82.66538867388486,15360.0
-7.000814914703369,-7.0845255851745605,0.08371178805828094,0.0,160.9018839770437,15360.0
-7.346743583679199,-7.433505058288574,0.08676280081272125,0.0,118.52996413761954,15360.0
-6.827121257781982,-6.911848545074463,0.08472614735364914,0.0,130.96652710671324,15360.0
-6.956653118133545,-7.046402454376221,0.08974890410900116,0.0,137.79825918755557,15360.0
-7.008058071136475,-7.095214366912842,0.0871570035815239,0.0,98.72502366833835,15360.0
-6.934153079986572,-7.039532661437988,0.10537981986999512,0.0,147.5328411492823,15360.0
-7.281303405761719,-7.373648166656494,0.09234270453453064,0.0,131.20813552757616,15360.0
-7.226687431335449,-7.320741653442383,0.09405329823493958,0.0,72.63984343532742,15360.0
-7.11168909072876,-7.2092976570129395,0.09761003404855728,0.0,131.7844155066384,15360.0
-7.309186935424805,-7.394636631011963,0.08544787019491196,0.0,79.86575788042556,15360.0
-7.462184429168701,-7.564906597137451,0.10272305458784103,0.0,108.6562262253986,15360.0
-7.757840633392334,-7.8442158699035645,0.08637619018554688,0.0,99.47208509432802,15360.0
-7.575290203094482,-7.671797275543213,0.09650744497776031,0.0,75.59742425527423,15360.0
-7.181344032287598,-7.269687175750732,0.08834231644868851,0.0,130.84225140599392,15360.0
-7.438259601593018,-7.52288818359375,0.084628626704216,0.0,64.95144745345625,15360.0
-7.169931411743164,-7.246790885925293,0.07685952633619308,0.0,112.23580157797316,15360.0
-7.271182060241699,-7.362862586975098,0.09167973697185516,0.0,125.05068043856197,15360.0
-7.592857360839844,-7.679921627044678,0.08706530183553696,0.0,96.52410553350008,15360.0
-7.459089756011963,-7.540403842926025,0.08131645619869232,0.0,79.43285865308505,15360.0
-7.63946533203125,-7.7383246421813965,0.09886050969362259,0.0,119.1473844866828,15360.0
-7.071931838989258,-7.1529154777526855,0.08098305761814117,0.0,141.84185114646914,15360.0
-7.323166370391846,-7.413700580596924,0.09053472429513931,0.0,88.02453877007589,15360.0
-7.460025310516357,-7.541916847229004,0.08189280331134796,0.0,94.65332192734678,15360.0
-6.950956344604492,-7.042082786560059,0.09112522006034851,0.0,147.58981932410663,15360.0
-7.290605068206787,-7.3737897872924805,0.08318616449832916,0.0,96.68827249521784,15360.0
-7.156946182250977,-7.239350318908691,0.08240527659654617,0.0,94.67798271230622,15360.0
-7.303918838500977,-7.39395809173584,0.09003937989473343,0.0,138.3465528951709,15360.0
-7.176382064819336,-7.260488510131836,0.0841076523065567,0.0,72.52851837171892,15360.0
-7.3681793212890625,-7.46150016784668,0.09331811964511871,0.0,117.9758951276179,15360.0
-7.419633865356445,-7.510853290557861,0.0912197157740593,0.0,86.60566515987293,15360.0
-7.56147575378418,-7.640676975250244,0.07920096814632416,0.0,78.77259872044888,15360.0
-7.466364860534668,-7.555935382843018,0.08957002311944962,0.0,78.51799294747622,15360.0
-7.468929767608643,-7.552597999572754,0.08366654813289642,0.0,60.85171257005909,15360.0
-7.630928993225098,-7.722012996673584,0.09108474105596542,0.0,75.23772647818707,15360.0
-7.6632981300354,-7.755233287811279,0.09193636476993561,0.0,74.72543659057646,15360.0
-7.544848442077637,-7.626856803894043,0.08200879395008087,0.0,54.82585121292489,15360.0
-7.573968887329102,-7.660974979400635,0.0870056226849556,0.0,42.43489377895926,15360.0
-7.357226371765137,-7.4403076171875,0.08308067172765732,0.0,57.995532310246915,15360.0
-7.473805904388428,-7.555368423461914,0.08156207203865051,0.0,47.44476240606983,15360.0
-7.840794563293457,-7.924248695373535,0.08345543593168259,0.0,43.97264428927332,15360.0
-7.188558101654053,-7.27238130569458,0.08382243663072586,0.0,62.02649818539933,15360.0
-7.856446266174316,-7.939667224884033,0.08321940153837204,0.0,51.65547286515263,15360.0
-7.647927761077881,-7.730443000793457,0.08251508325338364,0.0,46.686313856577506,15360.0
-7.660136699676514,-7.738934516906738,0.07879827171564102,0.0,53.36407828090958,15360.0
-7.417509078979492,-7.499622821807861,0.0821135938167572,0.0,55.04535376178867,15360.0
-7.6995086669921875,-7.7838616371154785,0.08434965461492538,0.0,38.56614447957443,15360.0
-7.697272300720215,-7.776099681854248,0.07882872223854065,0.0,70.34694297640522,15360.0
-7.848782539367676,-7.934710502624512,0.08592821657657623,0.0,72.70668328866799,15360.0
-8.13930606842041,-8.219659805297852,0.08035136014223099,0.0,55.916366187229556,15360.0
-7.743856430053711,-7.821451663970947,0.07759656757116318,0.0,53.01502495667548,15360.0
-7.904997825622559,-7.98313045501709,0.07813633978366852,0.0,61.65183986457724,15360.0
-7.615571022033691,-7.6932573318481445,0.07768461853265762,0.0,49.01176733882689,15360.0
-7.725274085998535,-7.8051652908325195,0.079890176653862,0.0,52.45948012140039,15360.0
-7.962341785430908,-8.033235549926758,0.07089542597532272,0.0,68.81530179285086,15360.0
-7.879894733428955,-7.962372303009033,0.08247903734445572,0.0,64.61946749815058,15360.0
-7.964700222015381,-8.041144371032715,0.07644663751125336,0.0,74.38538143587778,15360.0
-7.582137107849121,-7.662949085235596,0.08081189543008804,0.0,68.82859702799303,15360.0
-7.63362979888916,-7.713828086853027,0.0801982581615448,0.0,67.24616371065606,15360.0
-8.076811790466309,-8.15133285522461,0.07452156394720078,0.0,88.0922453884755,15360.0
-7.838404655456543,-7.922593593597412,0.08418835699558258,0.0,97.29777178182536,15360.0
-7.869784355163574,-7.952631950378418,0.0828469917178154,0.0,76.64317486989951,15360.0
-8.130422592163086,-8.207720756530762,0.07729870826005936,0.0,46.48623795848189,15360.0
-7.96730899810791,-8.06068229675293,0.09337206184864044,0.0,81.9242216105366,15360.0
-7.9004740715026855,-7.980384826660156,0.07991015166044235,0.0,96.37077310786918,15360.0
-7.750401973724365,-7.841520309448242,0.09111752361059189,0.0,90.82056536335564,15360.0
-7.624826908111572,-7.718665599822998,0.09383995085954666,0.0,94.66054319922573,15360.0
-7.566092491149902,-7.647143840789795,0.08105234801769257,0.0,68.45810223520894,15360.0
-7.640254497528076,-7.731173038482666,0.09091582149267197,0.0,97.44767216519337,15360.0
-7.643118858337402,-7.738491535186768,0.09537245333194733,0.0,140.57787545112026,15360.0
-7.308346271514893,-7.389296531677246,0.08095093816518784,0.0,137.07927728304622,15360.0
-7.358069896697998,-7.441717147827148,0.08364807069301605,0.0,96.67179877887357,15360.0
-7.8008832931518555,-7.881037712097168,0.08015330880880356,0.0,74.97874079046528,15360.0
-7.5598554611206055,-7.643161296844482,0.08330561220645905,0.0,95.62977446330109,15360.0
-7.366288185119629,-7.4433512687683105,0.07706310600042343,0.0,139.1194802318447,15360.0
-7.830169677734375,-7.9164252281188965,0.08625652641057968,0.0,108.05164600117287,15360.0
-7.860714912414551,-7.9341816902160645,0.07346603274345398,0.0,43.21205528064553,15360.0
-7.801079750061035,-7.879590034484863,0.07850975543260574,0.0,78.03953992482617,15360.0
-7.496969699859619,-7.58134651184082,0.08437652885913849,0.0,89.48687119197217,15360.0
-7.549578666687012,-7.6246185302734375,0.07504184544086456,0.0,71.41939250264626,15360.0
-8.071052551269531,-8.15796947479248,0.08691354840993881,0.0,58.80570256584981,15360.0
-7.35115385055542,-7.430349349975586,0.07919354736804962,0.0,85.96478564214786,15360.0
-8.30514907836914,-8.388214111328125,0.08306445181369781,0.0,102.9651196027539,15360.0
-7.691230297088623,-7.778231143951416,0.08700159192085266,0.0,120.60410415041692,15360.0
-7.85345983505249,-7.93284273147583,0.07938563823699951,0.0,84.52341361780964,15360.0
-7.837000370025635,-7.9208526611328125,0.08385191112756729,0.0,111.88627745489208,15360.0
-7.564873218536377,-7.658212184906006,0.09333839267492294,0.0,133.93594814532483,15360.0
-7.777677536010742,-7.87129020690918,0.09361466765403748,0.0,127.59591246086758,15360.0
-7.725041389465332,-7.828040599822998,0.10299817472696304,0.0,99.85869403130573,15360.0
-7.927302360534668,-8.020676612854004,0.09337236732244492,0.0,154.59836699849484,15360.0
-7.6918110847473145,-7.797826766967773,0.10601507127285004,0.0,145.5272324356188,15360.0
-7.462386131286621,-7.547844886779785,0.08545710146427155,0.0,94.60608957537406,15360.0
-7.746004104614258,-7.8460845947265625,0.10008002817630768,0.0,145.0239529892698,15360.0
-7.9944353103637695,-8.105875968933105,0.11143935471773148,0.0,180.7466925250092,15360.0
-7.3029704093933105,-7.387260913848877,0.08428893983364105,0.0,118.64379701163102,15360.0
-7.4686737060546875,-7.5662312507629395,0.09755740314722061,0.0,76.16244284924393,15360.0
-7.142279148101807,-7.2375874519348145,0.09530634433031082,0.0,155.92184455361328,15360.0
-7.848239421844482,-7.942899227142334,0.09466042369604111,0.0,116.7294436068798,15360.0
-7.541643142700195,-7.63956356048584,0.0979207381606102,0.0,141.19071333919007,15360.0
-7.387338638305664,-7.48846960067749,0.10113152861595154,0.0,139.27815107026635,15360.0
-7.680120468139648,-7.773377418518066,0.0932556614279747,0.0,122.56955014415752,15360.0
-7.564054012298584,-7.675025463104248,0.11097332090139389,0.0,138.31823027921376,15360.0
-7.700910568237305,-7.7979559898376465,0.09704700112342834,0.0,107.77971297860097,15360.0
-7.680130481719971,-7.777044773101807,0.09691242128610611,0.0,117.25284118016815,15360.0
-7.588888168334961,-7.695389270782471,0.10650160908699036,0.0,128.81039493272047,15360.0
-7.583526611328125,-7.689642906188965,0.10611741244792938,0.0,114.83267940483898,15360.0
-7.557916641235352,-7.650660037994385,0.09274334460496902,0.0,122.94604613812214,15360.0
-7.997862339019775,-8.107341766357422,0.10948112607002258,0.0,107.82621391626799,15360.0
-7.9441022872924805,-8.034109115600586,0.09000810980796814,0.0,97.83538261906791,15360.0
-7.838503360748291,-7.929500102996826,0.09099537879228592,0.0,98.05212802785267,15360.0
-7.667316913604736,-7.756576061248779,0.08925991505384445,0.0,96.15108845286332,15360.0
-7.7694926261901855,-7.84914493560791,0.07965297251939774,0.0,86.65269004172737,15360.0
-7.819798946380615,-7.904159069061279,0.08435984700918198,0.0,91.5486979603653,15360.0
-8.060367584228516,-8.142931938171387,0.0825648158788681,0.0,96.67115804062098,15360.0
-8.053114891052246,-8.129754066467285,0.07663942873477936,0.0,109.3284051425862,15360.0
-8.379725456237793,-8.468928337097168,0.08920466899871826,0.0,81.36744819279231,15360.0
-8.086277961730957,-8.169840812683105,0.08356205374002457,0.0,115.70234376375701,15360.0
-8.05974006652832,-8.140108108520508,0.08036558330059052,0.0,99.14805201809611,15360.0
-7.891271114349365,-7.977025508880615,0.085753433406353,0.0,96.49032234259512,15360.0
-8.184070587158203,-8.267187118530273,0.08311968296766281,0.0,93.89785527737251,15360.0
-7.7994384765625,-7.880163192749023,0.08072356134653091,0.0,77.57111811764644,15360.0
-8.101519584655762,-8.19091510772705,0.08939636498689651,0.0,89.19891059335684,15360.0
-8.116896629333496,-8.202444076538086,0.08554836362600327,0.0,93.04945949651344,15360.0
-7.852205753326416,-7.940870761871338,0.08866400271654129,0.0,103.86574700584131,15360.0
-7.700006484985352,-7.782911777496338,0.08290602266788483,0.0,124.32325543760398,15360.0
-7.762122631072998,-7.843508243560791,0.08138492703437805,0.0,125.83572915502498,15360.0
-7.89198112487793,-7.971868515014648,0.07988567650318146,0.0,102.80731435532252,15360.0
-8.009088516235352,-8.089208602905273,0.08011801540851593,0.0,75.8365429183319,15360.0
-7.53967809677124,-7.6176347732543945,0.07795631140470505,0.0,99.67398589181808,15360.0
-7.916894912719727,-8.005297660827637,0.08840077370405197,0.0,117.19764118591414,15360.0
-7.6559271812438965,-7.736264228820801,0.080337755382061,0.0,78.63636982239186,15360.0
-8.05348014831543,-8.138171195983887,0.08468956500291824,0.0,107.91867384207688,15360.0
-7.674772262573242,-7.760168075561523,0.08539659529924393,0.0,114.40601290781703,15360.0
-8.044306755065918,-8.121506690979004,0.07719670236110687,0.0,130.29416271699273,15360.0
-8.260129928588867,-8.345788955688477,0.08565735816955566,0.0,103.19543445646245,15360.0
-7.859403133392334,-7.937883377075195,0.07848019152879715,0.0,101.02604875401983,15360.0
-8.022171020507812,-8.10560131072998,0.08343019336462021,0.0,98.06725385798741,15360.0
-7.8176350593566895,-7.897802352905273,0.08016622066497803,0.0,94.75458849372853,15360.0
-7.905575752258301,-7.989789009094238,0.08421450108289719,0.0,70.68661070317344,15360.0
-7.947514057159424,-8.027253150939941,0.07974188774824142,0.0,75.80459806363267,15360.0
-7.765744686126709,-7.842111587524414,0.07636555284261703,0.0,108.28006734734508,15360.0
-8.260007858276367,-8.343700408935547,0.08369170129299164,0.0,81.85715407611721,15360.0
-8.012983322143555,-8.090693473815918,0.07770628482103348,0.0,86.49516100877402,15360.0
-8.279414176940918,-8.367619514465332,0.08820471912622452,0.0,86.5979596853776,15360.0
-7.814683437347412,-7.889939308166504,0.07525576651096344,0.0,102.56234391004537,15360.0
-8.43014907836914,-8.512297630310059,0.08214709907770157,0.0,70.52813274426,15360.0
-7.7754974365234375,-7.85792350769043,0.08242294937372208,0.0,79.56251755262625,15360.0
-7.93078088760376,-8.009600639343262,0.07882026582956314,0.0,99.62716125843,15360.0
-8.410564422607422,-8.505006790161133,0.0944422036409378,0.0,78.6182757885417,15360.0
-8.146966934204102,-8.228113174438477,0.0811459943652153,0.0,99.85275437810108,15360.0
-7.976222515106201,-8.06554889678955,0.08932758122682571,0.0,60.35862805502466,15360.0
-8.253032684326172,-8.33347225189209,0.08044042438268661,0.0,104.47633648084393,15360.0
-8.040910720825195,-8.128759384155273,0.08785070478916168,0.0,93.32514541065325,15360.0
-8.319703102111816,-8.406240463256836,0.0865393579006195,0.0,73.52119754569105,15360.0
-7.971773624420166,-8.056866645812988,0.08509262651205063,0.0,96.35577429731723,15360.0
-8.09257984161377,-8.185065269470215,0.09248533099889755,0.0,105.01217276507352,15360.0
-8.105353355407715,-8.19229793548584,0.0869455561041832,0.0,81.48072278072246,15360.0
-8.547239303588867,-8.631104469299316,0.08386610448360443,0.0,72.5769562826948,15360.0
-8.267621040344238,-8.366694450378418,0.09907248616218567,0.0,84.56025821723193,15360.0
-8.289851188659668,-8.374910354614258,0.08505864441394806,0.0,91.59094285691731,15360.0
-8.446393966674805,-8.530644416809082,0.08425165712833405,0.0,82.42410279828789,15360.0
-7.994757175445557,-8.076950073242188,0.08219333738088608,0.0,80.41558567696427,15360.0
-8.583181381225586,-8.65771198272705,0.07453146576881409,0.0,84.44639279624505,15360.0
-8.217495918273926,-8.29948902130127,0.08199111372232437,0.0,97.70090496194192,15360.0
-8.26539134979248,-8.341214179992676,0.07582283765077591,0.0,72.5504322936202,15360.0
-8.377561569213867,-8.458903312683105,0.08134087175130844,0.0,100.77969431585161,15360.0
-7.823957443237305,-7.905068874359131,0.08111270517110825,0.0,89.00572107221556,15360.0
-8.211699485778809,-8.29450798034668,0.08280857652425766,0.0,78.5355563438984,15360.0
-8.165117263793945,-8.254709243774414,0.08959336578845978,0.0,80.400884397984,15360.0
-8.090968132019043,-8.17967700958252,0.08870910108089447,0.0,94.52882246147992,15360.0
-8.720760345458984,-8.81063461303711,0.08987273275852203,0.0,84.09827589479332,15360.0
-8.640839576721191,-8.72258186340332,0.08173983544111252,0.0,86.09204652196067,15360.0
-8.204188346862793,-8.288541793823242,0.08435609936714172,0.0,94.85566854300473,15360.0
-8.311147689819336,-8.395142555236816,0.08399442583322525,0.0,87.20547346949122,15360.0
-8.291130065917969,-8.371768951416016,0.0806422308087349,0.0,75.8109450540674,15360.0
-8.313206672668457,-8.391824722290039,0.07861961424350739,0.0,90.53383647131807,15360.0
-8.36417007446289,-8.451434135437012,0.08726457506418228,0.0,96.60884782195201,15360.0
-8.328887939453125,-8.40824031829834,0.0793541967868805,0.0,89.26269672746237,15360.0
-8.284876823425293,-8.367630004882812,0.0827532485127449,0.0,105.97888856962753,15360.0
-8.17253303527832,-8.250247955322266,0.07771598547697067,0.0,65.66397625895999,15360.0
-8.197310447692871,-8.28366470336914,0.08635464310646057,0.0,94.00351741627468,15360.0
-8.591862678527832,-8.671765327453613,0.07990279048681259,0.0,92.56920380663499,15360.0
-8.357901573181152,-8.441535949707031,0.08363533020019531,0.0,68.94394289533379,15360.0
-7.897010326385498,-7.978813648223877,0.0818033516407013,0.0,82.1998873986985,15360.0
-8.611096382141113,-8.701757431030273,0.09066011756658554,0.0,83.80375644198284,15360.0
-8.671859741210938,-8.747806549072266,0.07594671845436096,0.0,69.71008450196955,15360.0
-8.523957252502441,-8.613229751586914,0.08927294611930847,0.0,104.18351119489625,15360.0
-8.167879104614258,-8.247981071472168,0.0801006332039833,0.0,102.02858403268561,15360.0
-8.262491226196289,-8.344829559326172,0.08233843743801117,0.0,87.90172474206037,15360.0
-8.411316871643066,-8.492574691772461,0.08125882595777512,0.0,117.32717337993842,15360.0
-7.798057556152344,-7.877709865570068,0.07965034991502762,0.0,159.53008060847114,15360.0
-8.387958526611328,-8.478254318237305,0.09029483795166016,0.0,134.77569052893676,15360.0
-8.397355079650879,-8.4795560836792,0.08220043778419495,0.0,116.60820627191099,15360.0
-8.031941413879395,-8.126969337463379,0.0950249657034874,0.0,158.58221508840438,15360.0
-8.268023490905762,-8.349220275878906,0.0811958983540535,0.0,130.17685141495235,15360.0
-7.94965124130249,-8.03084659576416,0.08119501918554306,0.0,116.93912541508743,15360.0
-8.289545059204102,-8.37575912475586,0.08621253073215485,0.0,153.89480466344096,15360.0
-8.793929100036621,-8.872321128845215,0.0783902034163475,0.0,111.38154118056943,15360.0
-8.36294937133789,-8.444414138793945,0.08146318048238754,0.0,113.80749878525869,15360.0
-8.388392448425293,-8.465798377990723,0.07740692049264908,0.0,109.2950618234307,15360.0
-8.22610855102539,-8.305577278137207,0.07946967333555222,0.0,86.80104162989356,15360.0
-8.424489974975586,-8.498048782348633,0.07355894893407822,0.0,87.22390947204578,15360.0
-8.609613418579102,-8.685667037963867,0.0760519802570343,0.0,100.41080058943379,15360.0
-8.209362030029297,-8.282126426696777,0.07276207953691483,0.0,70.83305160571825,15360.0
-8.328336715698242,-8.404762268066406,0.07642295211553574,0.0,105.10401792411994,15360.0
-8.74966812133789,-8.828755378723145,0.07908626645803452,0.0,109.07137643204713,15360.0
-9.421475410461426,-9.49305248260498,0.07157788425683975,0.0,64.55809962281936,15360.0
-8.557085990905762,-8.637615203857422,0.08052723854780197,0.0,107.37385717839054,15360.0
-8.558544158935547,-8.64017105102539,0.08162537217140198,0.0,96.1392324686957,15360.0
-8.359003067016602,-8.434330940246582,0.07532835751771927,0.0,65.51551924737706,15360.0
-8.89990520477295,-8.986523628234863,0.08661995828151703,0.0,103.25135851223924,15360.0
-8.381132125854492,-8.459321022033691,0.07818882912397385,0.0,72.93246114161471,15360.0
-8.344579696655273,-8.426806449890137,0.0822257548570633,0.0,71.61236437782873,15360.0
-8.529325485229492,-8.615798950195312,0.0864737331867218,0.0,97.74433289215484,15360.0
-8.298917770385742,-8.37724781036377,0.07833077758550644,0.0,69.47921999590078,15360.0
-8.217279434204102,-8.29952621459961,0.0822451263666153,0.0,79.99668754333506,15360.0
-8.844233512878418,-8.923283576965332,0.07905112206935883,0.0,69.64405616757521,15360.0
-8.758946418762207,-8.836264610290527,0.07731644064188004,0.0,65.77224806626617,15360.0
-8.49035930633545,-8.569774627685547,0.07941345870494843,0.0,70.82236833904886,15360.0
-8.729900360107422,-8.802700996398926,0.07280135154724121,0.0,45.538934228590186,15360.0
-8.697927474975586,-8.7799072265625,0.08197867125272751,0.0,62.67838305674935,15360.0
-8.384208679199219,-8.46004581451416,0.07583682239055634,0.0,64.82480879044152,15360.0
-8.91845703125,-8.993743896484375,0.07528771460056305,0.0,58.03547369958864,15360.0
-8.180479049682617,-8.255230903625488,0.07475227862596512,0.0,63.380168221670814,15360.0
-8.382085800170898,-8.453182220458984,0.07109591364860535,0.0,65.40566417483794,15360.0
-8.851445198059082,-8.931334495544434,0.07988902926445007,0.0,81.18156353579495,15360.0
-8.72391128540039,-8.801651954650879,0.07774253189563751,0.0,98.7570695932314,15360.0
-8.463828086853027,-8.536649703979492,0.07282174378633499,0.0,84.08714767188816,15360.0
-8.627427101135254,-8.702019691467285,0.07459356635808945,0.0,75.31449024509243,15360.0
-8.626592636108398,-8.702532768249512,0.07594029605388641,0.0,132.70212973648407,15360.0
-8.44935131072998,-8.535058975219727,0.08570478111505508,0.0,153.6666862178966,15360.0
-8.254764556884766,-8.330202102661133,0.07543910294771194,0.0,136.48669170409886,15360.0
-8.744742393493652,-8.821972846984863,0.07722930610179901,0.0,78.69477115397912,15360.0
-8.408771514892578,-8.484771728515625,0.0759979635477066,0.0,136.47474587235294,15360.0
-8.426104545593262,-8.507187843322754,0.08108202368021011,0.0,163.63872014518068,15360.0
-8.975265502929688,-9.052789688110352,0.07752326130867004,0.0,110.41162981073845,15360.0
-8.516035079956055,-8.599408149719238,0.0833732932806015,0.0,97.44097805221668,15360.0
-8.145243644714355,-8.231440544128418,0.08619615435600281,0.0,146.51964158700576,15360.0
-8.467791557312012,-8.55838394165039,0.09059381484985352,0.0,84.63769100390105,15360.0
-8.606019973754883,-8.690933227539062,0.0849151611328125,0.0,82.44078692552519,15360.0
-8.695140838623047,-8.792061805725098,0.09692022204399109,0.0,116.70688599949716,15360.0
-8.274651527404785,-8.37557601928711,0.10092323273420334,0.0,76.67904413669815,15360.0
-8.503233909606934,-8.582691192626953,0.07945608347654343,0.0,87.22747254502089,15360.0
-8.304753303527832,-8.399560928344727,0.09480694681406021,0.0,80.86097314097772,15360.0
-8.460962295532227,-8.535703659057617,0.0747411772608757,0.0,91.22337828612075,15360.0
-8.753419876098633,-8.848760604858398,0.09534318000078201,0.0,65.0520870194515,15360.0
-8.689667701721191,-8.7678804397583,0.07821329683065414,0.0,80.4459556074944,15360.0
-8.143362998962402,-8.235312461853027,0.09194736182689667,0.0,90.5210556269485,15360.0
-8.796707153320312,-8.881659507751465,0.08495164662599564,0.0,106.9323126874142,15360.0
-8.989069938659668,-9.087597846984863,0.09852631390094757,0.0,68.09223042706131,15360.0
-8.841286659240723,-8.925735473632812,0.08445004373788834,0.0,79.22025800003507,15360.0
-8.529805183410645,-8.62458324432373,0.09477823227643967,0.0,64.58802055048125,15360.0
-9.003009796142578,-9.090621948242188,0.08761359751224518,0.0,79.47851140583148,15360.0
-8.79062557220459,-8.878515243530273,0.08788955211639404,0.0,76.7612642773375,15360.0
-8.752800941467285,-8.8406982421875,0.08789697289466858,0.0,71.26721319682768,15360.0
-8.44985580444336,-8.538176536560059,0.08831850439310074,0.0,61.264093981523864,15360.0
-8.555347442626953,-8.640812873840332,0.08546758443117142,0.0,80.89498596948788,15360.0
-8.662668228149414,-8.746460914611816,0.08379305154085159,0.0,94.40902490453401,15360.0
-9.027193069458008,-9.11163330078125,0.08443797379732132,0.0,76.41940995134794,15360.0
-8.897823333740234,-8.973567962646484,0.07574444264173508,0.0,74.16891496500118,15360.0
-8.58870792388916,-8.670950889587402,0.0822422206401825,0.0,92.89128702014776,15360.0
-8.37220573425293,-8.44669246673584,0.07449112832546234,0.0,64.69881554366859,15360.0
-8.677756309509277,-8.762507438659668,0.08474969118833542,0.0,75.73552777716424,15360.0
-8.524663925170898,-8.60373306274414,0.07906976342201233,0.0,69.48441267520307,15360.0
-8.606317520141602,-8.684887886047363,0.07857045531272888,0.0,89.1979528289661,15360.0
-8.503194808959961,-8.586516380310059,0.08332192152738571,0.0,108.18622995100615,15360.0
-8.827807426452637,-8.910099983215332,0.08229216188192368,0.0,108.0943346130621,15360.0
-8.616002082824707,-8.69432544708252,0.07832108438014984,0.0,84.82273978514459,15360.0
-8.820112228393555,-8.901074409484863,0.0809602215886116,0.0,101.67145428472209,15360.0
-8.732165336608887,-8.81513786315918,0.08297323435544968,0.0,104.34070628958258,15360.0
-9.098480224609375,-9.178923606872559,0.08044113963842392,0.0,97.96628192276724,15360.0
-9.0040922164917,-9.089162826538086,0.08507243543863297,0.0,83.06900436556622,15360.0
-8.938405990600586,-9.023696899414062,0.08529104292392731,0.0,128.89649253081762,15360.0
-8.782827377319336,-8.869948387145996,0.08711957931518555,0.0,163.9341055520875,15360.0
-8.579919815063477,-8.673407554626465,0.09348833560943604,0.0,119.39713251617513,15360.0
-8.773962020874023,-8.85688304901123,0.08292266726493835,0.0,81.33222770446915,15360.0
-8.727802276611328,-8.826777458190918,0.0989769697189331,0.0,135.8331041854227,15360.0
-8.580526351928711,-8.661734580993652,0.08120842278003693,0.0,91.6662908505003,15360.0
-8.65036678314209,-8.732877731323242,0.0825110524892807,0.0,104.58413133927199,15360.0
-8.411966323852539,-8.49962329864502,0.08765668421983719,0.0,110.07053890867057,15360.0
-8.647019386291504,-8.727080345153809,0.08006163686513901,0.0,132.36004381369244,15360.0
-8.708322525024414,-8.800431251525879,0.09210808575153351,0.0,84.16340727709914,15360.0
-8.745992660522461,-8.82774829864502,0.08175696432590485,0.0,113.01998207447762,15360.0
-8.566376686096191,-8.652975082397461,0.0865989476442337,0.0,120.93931414597358,15360.0
-8.700032234191895,-8.783270835876465,0.08323899656534195,0.0,129.08585561433,15360.0
-8.749741554260254,-8.82988452911377,0.08014342188835144,0.0,76.72667551900503,15360.0
-8.764115333557129,-8.84202766418457,0.07791092991828918,0.0,103.64791609357137,15360.0
-8.736578941345215,-8.821104049682617,0.08452387899160385,0.0,90.5111116907128,15360.0
-8.920442581176758,-8.997335433959961,0.0768953263759613,0.0,96.93948792934594,15360.0
-8.811469078063965,-8.897704124450684,0.0862349346280098,0.0,117.663695703599,15360.0
-8.841787338256836,-8.927322387695312,0.08553268015384674,0.0,86.42133998043343,15360.0
-8.240211486816406,-8.328967094421387,0.08875706791877747,0.0,105.78694158821732,15360.0
-8.671493530273438,-8.766133308410645,0.09464025497436523,0.0,136.94400566424315,15360.0
-8.728154182434082,-8.806766510009766,0.07861457020044327,0.0,93.13319101716324,15360.0
-8.884772300720215,-8.970492362976074,0.08571851998567581,0.0,94.12517153341122,15360.0
-8.733241081237793,-8.816729545593262,0.08348982036113739,0.0,97.22048694323523,15360.0
-8.69144344329834,-8.774449348449707,0.08300388604402542,0.0,91.44985988331992,15360.0
-8.511287689208984,-8.596604347229004,0.08531853556632996,0.0,107.86075363462253,15360.0
-8.47951602935791,-8.56289005279541,0.08337369561195374,0.0,68.02700342711671,15360.0
-9.010835647583008,-9.095077514648438,0.08423994481563568,0.0,84.90587542824024,15360.0
-8.88061809539795,-8.95612621307373,0.0755092203617096,0.0,66.0979557151473,15360.0
-9.026654243469238,-9.10496997833252,0.0783165767788887,0.0,63.00633769223394,15360.0
-9.036606788635254,-9.11779499053955,0.08118799328804016,0.0,74.06643260558329,15360.0
-8.876623153686523,-8.957015037536621,0.08038879930973053,0.0,68.06843738945066,15360.0
-8.755342483520508,-8.83578109741211,0.08043604344129562,0.0,65.81192559862363,15360.0
-8.984281539916992,-9.064474105834961,0.08019528537988663,0.0,56.11236330670043,15360.0
-8.679645538330078,-8.758124351501465,0.07847832143306732,0.0,70.23418931274199,15360.0
-9.146146774291992,-9.224568367004395,0.0784231498837471,0.0,73.12397577686689,15360.0
-9.2889986038208,-9.366817474365234,0.07781796902418137,0.0,47.2677428491684,15360.0
-9.059624671936035,-9.133082389831543,0.07345999032258987,0.0,63.23237924853431,15360.0
-9.046584129333496,-9.125863075256348,0.07927818596363068,0.0,88.89837244727467,15360.0
-9.53964900970459,-9.622358322143555,0.08270803093910217,0.0,71.76668124849921,15360.0
-8.732598304748535,-8.811321258544922,0.07872409373521805,0.0,72.567177225055,15360.0
-8.812379837036133,-8.900053024291992,0.08767186105251312,0.0,105.7975089270932,15360.0
-8.832050323486328,-8.919307708740234,0.08725308626890182,0.0,101.1656101122685,15360.0
-9.302816390991211,-9.381877899169922,0.07905922085046768,0.0,78.63605298477239,15360.0
-8.95833683013916,-9.052571296691895,0.09423533827066422,0.0,150.52506242443138,15360.0
-8.712112426757812,-8.793354034423828,0.08124098926782608,0.0,129.11155320282123,15360.0
-8.829209327697754,-8.917093276977539,0.08788532763719559,0.0,94.66474568261948,15360.0
-8.968356132507324,-9.053279876708984,0.08492087572813034,0.0,105.57598646488667,15360.0
-8.863775253295898,-8.944782257080078,0.08100549876689911,0.0,109.15914520924802,15360.0
-9.2130765914917,-9.294289588928223,0.08121200650930405,0.0,91.81042644160826,15360.0
-8.76341438293457,-8.84170913696289,0.07829652726650238,0.0,89.79848723136404,15360.0
-8.631247520446777,-8.716805458068848,0.08555912226438522,0.0,121.8148104729657,15360.0
-9.00619125366211,-9.08569049835205,0.079500712454319,0.0,136.4320284761118,15360.0
-9.344568252563477,-9.429082870483398,0.08451758325099945,0.0,71.74653896416953,15360.0
-9.01144027709961,-9.094518661499023,0.08307863771915436,0.0,148.49840313929073,15360.0
-9.049376487731934,-9.133172988891602,0.08379495143890381,0.0,125.44499154649198,15360.0
-9.108609199523926,-9.187548637390137,0.07894022017717361,0.0,85.85489441841851,15360.0
-8.500938415527344,-8.584030151367188,0.08308974653482437,0.0,102.56969110651951,15360.0
-9.480942726135254,-9.559864044189453,0.0789242759346962,0.0,115.24954684559808,15360.0
-8.730494499206543,-8.811750411987305,0.0812554582953453,0.0,79.95172293039042,15360.0
-9.240886688232422,-9.316509246826172,0.0756206288933754,0.0,79.53034494145835,15360.0
-9.302838325500488,-9.38842487335205,0.08558770269155502,0.0,99.00935463233863,15360.0
-8.596567153930664,-8.677939414978027,0.0813722088932991,0.0,97.1479050669125,15360.0
-9.055444717407227,-9.13222885131836,0.07678376138210297,0.0,91.91606107340822,15360.0
-9.698197364807129,-9.778589248657227,0.08039075881242752,0.0,88.30091098801618,15360.0
-9.114213943481445,-9.201970100402832,0.0877550020813942,0.0,115.28499319855737,15360.0
-8.837060928344727,-8.917720794677734,0.08066202700138092,0.0,90.19626951760586,15360.0
-9.19330883026123,-9.273241996765137,0.0799335315823555,0.0,86.59156473602079,15360.0
-9.267026901245117,-9.346741676330566,0.0797152891755104,0.0,100.72631659707456,15360.0
-8.863859176635742,-8.939532279968262,0.07567346096038818,0.0,68.14784940029492,15360.0
-8.96126937866211,-9.041138648986816,0.07987150549888611,0.0,80.78226428998668,15360.0
-9.167877197265625,-9.245922088623047,0.07804621011018753,0.0,86.3528814609263,15360.0
-9.346420288085938,-9.423185348510742,0.07676546275615692,0.0,98.15446513869134,15360.0
-9.220846176147461,-9.29761028289795,0.07676420360803604,0.0,81.31305420142178,15360.0
-9.009292602539062,-9.090730667114258,0.0814388319849968,0.0,74.73826927058806,15360.0
-9.156047821044922,-9.230231285095215,0.07418534904718399,0.0,87.87879176220326,15360.0
-8.884737014770508,-8.965561866760254,0.08082737773656845,0.0,83.03017671414679,15360.0
-8.845118522644043,-8.924838066101074,0.0797184482216835,0.0,78.05106965816067,15360.0
-8.940488815307617,-9.018190383911133,0.07770033925771713,0.0,68.78916411875387,15360.0
-8.714801788330078,-8.79540729522705,0.08060584217309952,0.0,72.88175208671902,15360.0
-9.02985668182373,-9.106217384338379,0.07635954022407532,0.0,79.63659490468375,15360.0
-9.360480308532715,-9.445632934570312,0.08515136688947678,0.0,83.89417987989962,15360.0
-9.469450950622559,-9.5519380569458,0.08248522877693176,0.0,84.67091421654264,15360.0
-9.425836563110352,-9.506400108337402,0.08056299388408661,0.0,65.46276913854373,15360.0
-9.312254905700684,-9.399309158325195,0.08705582469701767,0.0,112.57639114089024,15360.0
-9.315860748291016,-9.397661209106445,0.08179921656847,0.0,116.01778225515528,15360.0
-9.130993843078613,-9.211886405944824,0.08089227229356766,0.0,88.8083971128551,15360.0
-9.525753021240234,-9.61148738861084,0.08573400974273682,0.0,92.23008956944915,15360.0
-8.778509140014648,-8.859707832336426,0.08119627088308334,0.0,166.52860156768674,15360.0
-8.678404808044434,-8.763141632080078,0.08473686873912811,0.0,189.2160104874668,15360.0
-8.748644828796387,-8.826541900634766,0.0778961032629013,0.0,111.10115572418319,15360.0
-9.134116172790527,-9.214642524719238,0.08052905648946762,0.0,140.84918182922934,15360.0
-8.441815376281738,-8.522436141967773,0.08062112331390381,0.0,167.69646311978633,15360.0
-9.604598999023438,-9.680862426757812,0.07626499980688095,0.0,122.39133596166583,15360.0
-8.984108924865723,-9.065478324890137,0.08136958628892899,0.0,133.10337679089747,15360.0
-8.975190162658691,-9.046889305114746,0.07170052081346512,0.0,156.72564233409267,15360.0
-9.307998657226562,-9.385711669921875,0.07771187275648117,0.0,93.05498701369523,15360.0
-9.014373779296875,-9.088809967041016,0.07443812489509583,0.0,168.20303169913544,15360.0
-8.726851463317871,-8.808079719543457,0.08122741430997849,0.0,151.7731281835011,15360.0
-9.592083930969238,-9.669754981994629,0.07767138630151749,0.0,84.87060735546157,15360.0
-9.282673835754395,-9.360030174255371,0.07735402137041092,0.0,142.15256328010662,15360.0
-9.03865909576416,-9.118135452270508,0.07947904616594315,0.0,107.19222251311024,15360.0
-9.392962455749512,-9.468770027160645,0.07580830901861191,0.0,101.9728167082265,15360.0
-9.341182708740234,-9.423552513122559,0.0823708102107048,0.0,149.59657175872084,15360.0
-9.357657432556152,-9.431415557861328,0.07375715672969818,0.0,86.54506326670631,15360.0
-9.241059303283691,-9.323830604553223,0.08276545256376266,0.0,115.16395194872439,15360.0
-9.143815994262695,-9.218098640441895,0.07428645342588425,0.0,136.7548278193901,15360.0
-9.215571403503418,-9.297164916992188,0.08159498125314713,0.0,67.99629549872911,15360.0
-9.366400718688965,-9.44402027130127,0.07762006670236588,0.0,129.8278088833525,15360.0
-9.169644355773926,-9.248251914978027,0.07860855758190155,0.0,69.05222852876649,15360.0
-9.346266746520996,-9.423590660095215,0.07732067257165909,0.0,110.45172604580614,15360.0
-9.318288803100586,-9.395648956298828,0.07736141234636307,0.0,88.46509619439658,15360.0
-9.474015235900879,-9.552400588989258,0.07838545739650726,0.0,73.80784415822647,15360.0
-9.650716781616211,-9.72997760772705,0.0792619064450264,0.0,95.03200397013983,15360.0
-8.960417747497559,-9.041163444519043,0.08074512332677841,0.0,76.45894245522396,15360.0
-9.618284225463867,-9.69622802734375,0.07794592529535294,0.0,88.74075778877068,15360.0
-9.053786277770996,-9.133966445922852,0.08018039911985397,0.0,95.65202617327705,15360.0
-9.169805526733398,-9.247197151184082,0.07739078998565674,0.0,71.71192094684142,15360.0
-9.797089576721191,-9.870173454284668,0.07308288663625717,0.0,84.93309330952944,15360.0
-9.356504440307617,-9.432621955871582,0.07612006366252899,0.0,83.59183579003178,15360.0
-9.480189323425293,-9.552695274353027,0.07250649482011795,0.0,62.592018581555465,15360.0
-9.414556503295898,-9.487256050109863,0.07269927114248276,0.0,106.5474613417475,15360.0
-9.608790397644043,-9.682478904724121,0.07368849217891693,0.0,86.38370942705039,15360.0
-9.455801010131836,-9.530186653137207,0.07438482344150543,0.0,68.46091921860666,15360.0
-9.360424995422363,-9.431413650512695,0.070987768471241,0.0,115.37796874832182,15360.0
-9.473431587219238,-9.547369956970215,0.07393894344568253,0.0,109.85692943766185,15360.0
-9.618853569030762,-9.69095230102539,0.07210175693035126,0.0,49.75849752570099,15360.0
-9.835188865661621,-9.90722942352295,0.07204016298055649,0.0,93.77958492376493,15360.0
-9.847579002380371,-9.918417930603027,0.0708378255367279,0.0,73.90745003266228,15360.0
-9.645477294921875,-9.719050407409668,0.07357274740934372,0.0,60.24390283419056,15360.0
-9.98012638092041,-10.058106422424316,0.0779818668961525,0.0,75.65414779232282,15360.0
-9.234750747680664,-9.311415672302246,0.07666153460741043,0.0,55.73234874717347,15360.0
-9.42243766784668,-9.502812385559082,0.08037355542182922,0.0,78.46433797591541,15360.0
-9.27218246459961,-9.35110855102539,0.0789261907339096,0.0,79.85078433005557,15360.0
-9.349186897277832,-9.426986694335938,0.07779933512210846,0.0,56.98871095126465,15360.0
-9.495062828063965,-9.568425178527832,0.07335970550775528,0.0,70.91981898682845,15360.0
-9.646458625793457,-9.727157592773438,0.08069832623004913,0.0,67.25768921173717,15360.0
-8.963857650756836,-9.040968894958496,0.07711160182952881,0.0,65.70668282026675,15360.0
-9.745481491088867,-9.825213432312012,0.079733707010746,0.0,71.88221095362354,15360.0
-9.919828414916992,-9.999423027038574,0.07959859073162079,0.0,59.67146035549862,15360.0
-9.641987800598145,-9.719419479370117,0.07743192464113235,0.0,70.65999084514348,15360.0
-9.069945335388184,-9.147564888000488,0.07761915773153305,0.0,70.43815923828316,15360.0
-9.311044692993164,-9.384912490844727,0.07387112081050873,0.0,83.62237692955243,15360.0
-9.587517738342285,-9.663556098937988,0.07603785395622253,0.0,70.26585294011666,15360.0
-9.53232192993164,-9.609201431274414,0.07688197493553162,0.0,71.1023411131052,15360.0
-9.555869102478027,-9.635457038879395,0.07958582043647766,0.0,91.27171151083579,15360.0
-9.192693710327148,-9.268534660339355,0.07583750784397125,0.0,73.50913288017728,15360.0
-9.41850471496582,-9.495623588562012,0.07711999863386154,0.0,64.20090575994476,15360.0
-9.406919479370117,-9.487783432006836,0.08086493611335754,0.0,64.83469135491252,15360.0
-9.601358413696289,-9.673941612243652,0.07258272171020508,0.0,75.28818071860036,15360.0
-9.449405670166016,-9.524520874023438,0.07511381059885025,0.0,84.64380605220678,15360.0
-9.652134895324707,-9.723735809326172,0.0716017335653305,0.0,116.94958721225402,15360.0
-9.746842384338379,-9.82540225982666,0.07856211811304092,0.0,103.72981103322337,15360.0
-9.631587982177734,-9.70853042602539,0.0769413635134697,0.0,93.3960768366294,15360.0
-9.713775634765625,-9.790766716003418,0.07698936760425568,0.0,80.41817047012546,15360.0
-9.445270538330078,-9.521145820617676,0.07587797194719315,0.0,92.79164886477824,15360.0
-9.706220626831055,-9.78603458404541,0.07981564849615097,0.0,79.4004050181146,15360.0
-9.87158203125,-9.948644638061523,0.07706361263990402,0.0,107.67314692045956,15360.0
-9.395950317382812,-9.480555534362793,0.08460541069507599,0.0,132.2442579226655,15360.0
-9.28594970703125,-9.364405632019043,0.07845789939165115,0.0,97.54006373408703,15360.0
-9.550646781921387,-9.631635665893555,0.0809902772307396,0.0,84.7925322383398,15360.0
-9.441690444946289,-9.5224609375,0.08076874911785126,0.0,108.42921588641637,15360.0
-9.73213005065918,-9.821640968322754,0.08950827270746231,0.0,138.69323182607295,15360.0
-9.416394233703613,-9.489395141601562,0.07300187647342682,0.0,101.33312277125471,15360.0
-9.650322914123535,-9.737151145935059,0.0868304967880249,0.0,104.98459263331985,15360.0
-9.405424118041992,-9.479801177978516,0.07437847554683685,0.0,134.16726269209468,15360.0
-8.99699878692627,-9.082530975341797,0.08553440868854523,0.0,112.24441329087126,15360.0
-9.356719017028809,-9.429577827453613,0.0728597566485405,0.0,100.92460582993985,15360.0
-9.048815727233887,-9.133191108703613,0.08437494933605194,0.0,171.69447382966422,15360.0
-9.89370059967041,-9.965571403503418,0.07187189161777496,0.0,61.721944837383205,15360.0
-9.316808700561523,-9.39330005645752,0.07649233937263489,0.0,155.54923584035967,15360.0
-9.310237884521484,-9.389973640441895,0.07973943650722504,0.0,124.57464617985083,15360.0
-9.857413291931152,-9.928061485290527,0.07064875215291977,0.0,101.08294829877666,15360.0
-9.693451881408691,-9.772467613220215,0.07901739329099655,0.0,115.97117840542701,15360.0
-9.600160598754883,-9.670366287231445,0.07020740211009979,0.0,80.7358272528248,15360.0
-9.196516990661621,-9.276753425598145,0.0802360326051712,0.0,134.92091352005698,15360.0
-9.610498428344727,-9.685749053955078,0.07524970173835754,0.0,81.35747218506589,15360.0
-10.011612892150879,-10.080613136291504,0.06900061666965485,0.0,110.42059240844496,15360.0
-9.638041496276855,-9.716444969177246,0.07840462774038315,0.0,105.96351073167281,15360.0
-9.704069137573242,-9.777010917663574,0.07293911278247833,0.0,76.86100286150403,15360.0
-9.875699043273926,-9.950021743774414,0.07432443648576736,0.0,89.57031545333422,15360.0
-9.858908653259277,-9.929149627685547,0.07024181634187698,0.0,67.46572449224232,15360.0
-9.384552955627441,-9.460371017456055,0.07581641525030136,0.0,96.88946613011501,15360.0
-9.291993141174316,-9.366968154907227,0.07497214525938034,0.0,74.1050752627498,15360.0
-9.375136375427246,-9.45256233215332,0.0774255096912384,0.0,77.31272919919935,15360.0
-9.525673866271973,-9.606660842895508,0.08098729699850082,0.0,95.21805613306658,15360.0
-9.58840560913086,-9.665224075317383,0.07681753486394882,0.0,78.18926503615089,15360.0
-9.409746170043945,-9.489688873291016,0.07994208484888077,0.0,98.12515995016084,15360.0
-9.839360237121582,-9.911290168762207,0.0719306468963623,0.0,82.20837002478147,15360.0
-9.215272903442383,-9.294427871704102,0.07915257662534714,0.0,72.46064330047682,15360.0
-9.851926803588867,-9.931578636169434,0.07965194433927536,0.0,103.86222023653538,15360.0
-9.600913047790527,-9.679768562316895,0.07885526865720749,0.0,87.21607220336308,15360.0
-9.58072566986084,-9.663979530334473,0.0832558423280716,0.0,98.70175445227186,15360.0
-9.471652030944824,-9.556511878967285,0.08486101031303406,0.0,143.8370621244356,15360.0
-9.46044635772705,-9.541024208068848,0.08057833462953568,0.0,100.5978962743429,15360.0
-9.396219253540039,-9.47282600402832,0.07660604268312454,0.0,97.03280805236594,15360.0
-9.876745223999023,-9.96574592590332,0.08900371938943863,0.0,149.0820481406246,15360.0
-9.840527534484863,-9.913777351379395,0.07325039803981781,0.0,95.93523890865185,15360.0
-9.608728408813477,-9.689640045166016,0.08091145008802414,0.0,112.68551384967701,15360.0
-9.339101791381836,-9.411226272583008,0.07212260365486145,0.0,136.1584012357253,15360.0
-9.543268203735352,-9.623891830444336,0.08062507957220078,0.0,100.4064912502063,15360.0
-9.453354835510254,-9.53120231628418,0.07784412801265717,0.0,153.173486682842,15360.0
-9.062459945678711,-9.144330024719238,0.08186832070350647,0.0,125.34249886014958,15360.0
-9.66799259185791,-9.744843482971191,0.0768502727150917,0.0,126.08832146985444,15360.0
-9.62959098815918,-9.713343620300293,0.0837545245885849,0.0,126.82826091269546,15360.0
-9.56180191040039,-9.64014720916748,0.0783470869064331,0.0,127.30328933475694,15360.0
-9.445104598999023,-9.52259349822998,0.07748844474554062,0.0,114.25558911534186,15360.0
-9.955537796020508,-10.027069091796875,0.07153217494487762,0.0,108.49867633951396,15360.0
-9.661218643188477,-9.735167503356934,0.0739501342177391,0.0,101.51664056364686,15360.0
-9.562180519104004,-9.635054588317871,0.07287120819091797,0.0,109.95427263052517,15360.0
-9.702397346496582,-9.776922225952148,0.07452546060085297,0.0,101.07773232667567,15360.0
-9.694547653198242,-9.769418716430664,0.07487040013074875,0.0,117.25034287531273,15360.0
-9.731130599975586,-9.79698657989502,0.06585516780614853,0.0,92.06899679407616,15360.0
-9.934133529663086,-10.007660865783691,0.07352591305971146,0.0,89.82399106835999,15360.0
-9.830548286437988,-9.903538703918457,0.07299241423606873,0.0,95.86058169414163,15360.0
-9.633420944213867,-9.700823783874512,0.06740094721317291,0.0,74.617050104338,15360.0
-9.805072784423828,-9.87874698638916,0.07367747277021408,0.0,80.3176746047567,15360.0
-9.877963066101074,-9.94389820098877,0.06593536585569382,0.0,76.3162214042519,15360.0
-9.550812721252441,-9.620345115661621,0.0695323720574379,0.0,68.54689610855337,15360.0
-9.944538116455078,-10.012880325317383,0.06834237277507782,0.0,69.33347384737984,15360.0
-10.06764030456543,-10.136856079101562,0.06921516358852386,0.0,69.7895616023898,15360.0
-9.965319633483887,-10.038235664367676,0.07291515916585922,0.0,71.26757162290822,15360.0
-10.152524948120117,-10.22569751739502,0.07317246496677399,0.0,60.087707524957985,15360.0
-9.979063987731934,-10.050353050231934,0.07128895074129105,0.0,86.8227200035349,15360.0
-9.915483474731445,-9.988177299499512,0.07269295305013657,0.0,74.65328568553377,15360.0
-10.010910034179688,-10.086782455444336,0.0758734717965126,0.0,69.38907959881325,15360.0
-10.347554206848145,-10.41970443725586,0.07214980572462082,0.0,97.76120671950977,15360.0
-9.52050495147705,-9.59562873840332,0.0751233622431755,0.0,105.61036494909854,15360.0
-10.307859420776367,-10.376801490783691,0.06894119828939438,0.0,94.12514548381603,15360.0
-10.06149959564209,-10.135255813598633,0.07375728338956833,0.0,65.57878877023596,15360.0
-9.721938133239746,-9.797533988952637,0.07559745758771896,0.0,109.64766900929267,15360.0
-10.317238807678223,-10.38931655883789,0.07208333909511566,0.0,72.50589084114624,15360.0
-9.934666633605957,-10.009940147399902,0.0752711147069931,0.0,76.82895799420064,15360.0
-9.923338890075684,-9.996331214904785,0.07299543172121048,0.0,65.86078910853392,15360.0
-10.139581680297852,-10.211591720581055,0.07201018184423447,0.0,78.20200849322373,15360.0
-9.798542022705078,-9.872394561767578,0.07385654747486115,0.0,61.32442962476231,15360.0
-10.07451343536377,-10.14841365814209,0.07390285283327103,0.0,84.30186969677348,15360.0
-10.3401517868042,-10.41174602508545,0.07159258425235748,0.0,48.83408662999019,15360.0
-10.054941177368164,-10.129129409790039,0.07418575137853622,0.0,79.3053941437385,15360.0
-10.34038257598877,-10.4150390625,0.07465583831071854,0.0,60.90111735713542,15360.0
-10.067890167236328,-10.142598152160645,0.07470448315143585,0.0,71.67542567786803,15360.0
-9.791028022766113,-9.864883422851562,0.07385554164648056,0.0,75.33871567304368,15360.0
-9.910916328430176,-9.98636531829834,0.07544903457164764,0.0,112.78491095595277,15360.0
-9.571741104125977,-9.642186164855957,0.07044555991888046,0.0,99.30198252188353,15360.0
-9.68899154663086,-9.759968757629395,0.07097531110048294,0.0,109.73249244257694,15360.0
-10.268020629882812,-10.340030670166016,0.07201267033815384,0.0,104.1796692190551,15360.0
-9.865168571472168,-9.937253952026367,0.07208414375782013,0.0,120.99857942722865,15360.0
-10.054524421691895,-10.124907493591309,0.07038343697786331,0.0,105.49391822273691,15360.0
-9.93635082244873,-10.012984275817871,0.07663238793611526,0.0,107.48160658787252,15360.0
-9.768919944763184,-9.842376708984375,0.07345474511384964,0.0,104.08049905357214,15360.0
-9.781416893005371,-9.856212615966797,0.0747937336564064,0.0,107.61984505474204,15360.0
-9.928046226501465,-10.00167179107666,0.07362426072359085,0.0,124.38831382475543,15360.0
-9.66694450378418,-9.743406295776367,0.07646138966083527,0.0,109.84450794373406,15360.0
-9.724709510803223,-9.800339698791504,0.07562843710184097,0.0,87.66492001195034,15360.0
-10.290007591247559,-10.364824295043945,0.0748172178864479,0.0,102.08257944195057,15360.0
-9.942584991455078,-10.019848823547363,0.0772612914443016,0.0,79.06519509112033,15360.0
-9.716400146484375,-9.787165641784668,0.0707617923617363,0.0,93.0321722157148,15360.0
-9.453288078308105,-9.534358024597168,0.08106838911771774,0.0,95.1595817995296,15360.0
-10.360960960388184,-10.438217163085938,0.07725390791893005,0.0,106.28338847016013,15360.0
-9.769872665405273,-9.854657173156738,0.08478385955095291,0.0,115.09250830509734,15360.0
-10.023478507995605,-10.108043670654297,0.08456746488809586,0.0,95.27459125402248,15360.0
-9.964337348937988,-10.039277076721191,0.07493814080953598,0.0,100.08096663424334,15360.0
-10.04252815246582,-10.118943214416504,0.07641084492206573,0.0,79.76334519154955,15360.0
-10.043339729309082,-10.116318702697754,0.07297798246145248,0.0,80.84590903362187,15360.0
-10.199159622192383,-10.279149055480957,0.07998759299516678,0.0,120.50131230785479,15360.0
-10.144486427307129,-10.222662925720215,0.07817795127630234,0.0,118.17293276863607,15360.0
-9.956002235412598,-10.031142234802246,0.07513819634914398,0.0,86.86752379691312,15360.0
-10.422492027282715,-10.495591163635254,0.07310149818658829,0.0,71.41875227070459,15360.0
-10.20789909362793,-10.283434867858887,0.07553473860025406,0.0,90.6852016362946,15360.0
-9.880535125732422,-9.951348304748535,0.07081406563520432,0.0,58.83051323189472,15360.0
-10.058445930480957,-10.130792617797852,0.07234559953212738,0.0,101.9244589618073,15360.0
-10.02401065826416,-10.100264549255371,0.07625381648540497,0.0,83.75024908103286,15360.0
-10.199812889099121,-10.27267837524414,0.0728672668337822,0.0,66.42309393969128,15360.0
-10.273028373718262,-10.342363357543945,0.06933580338954926,0.0,100.00471227322677,15360.0
-10.059121131896973,-10.130542755126953,0.07142238318920135,0.0,78.371070306823,15360.0
-9.95329475402832,-10.01994800567627,0.06664939969778061,0.0,82.80420030240802,15360.0
-10.026114463806152,-10.101582527160645,0.07546865940093994,0.0,96.05912367584332,15360.0
-10.169571876525879,-10.23617172241211,0.06659999489784241,0.0,69.1309343108335,15360.0
-10.096074104309082,-10.17261028289795,0.0765356570482254,0.0,82.36347529959008,15360.0
-10.73044204711914,-10.797036170959473,0.06659665703773499,0.0,76.84726398180626,15360.0
-9.99862289428711,-10.071855545043945,0.07323352247476578,0.0,63.236516356739465,15360.0
-10.029122352600098,-10.095541954040527,0.06642265617847443,0.0,79.25752601326177,15360.0
-10.346943855285645,-10.41837215423584,0.07142683118581772,0.0,86.66694415561085,15360.0
-10.159523963928223,-10.22619342803955,0.0666695088148117,0.0,89.44232546983596,15360.0
-10.313216209411621,-10.382568359375,0.06935377418994904,0.0,77.6525137380095,15360.0
-10.098523139953613,-10.169421195983887,0.0709010660648346,0.0,77.07628437683782,15360.0
-10.275145530700684,-10.346880912780762,0.07173438370227814,0.0,115.04210675164639,15360.0
-10.387033462524414,-10.458433151245117,0.07140061259269714,0.0,93.07749836343656,15360.0
-10.084532737731934,-10.153032302856445,0.06850030273199081,0.0,63.177618509663276,15360.0
-10.158421516418457,-10.230057716369629,0.0716378316283226,0.0,115.86260288110162,15360.0
-10.256922721862793,-10.32480239868164,0.0678798109292984,0.0,80.90604343566709,15360.0
-10.69620418548584,-10.766989707946777,0.07078637182712555,0.0,75.01755672295423,15360.0
-10.011717796325684,-10.079113006591797,0.06739196926355362,0.0,99.02260189211822,15360.0
-10.053837776184082,-10.13064956665039,0.07681289315223694,0.0,112.26430422968971,15360.0
-10.176018714904785,-10.243825912475586,0.06780548393726349,0.0,104.21358210582159,15360.0
-10.541813850402832,-10.615372657775879,0.07355930656194687,0.0,83.90806202179091,15360.0
-10.31205940246582,-10.38782787322998,0.07576831430196762,0.0,95.16136065494962,15360.0
-10.54366397857666,-10.613876342773438,0.07021358609199524,0.0,104.69741288229149,15360.0
-10.82103443145752,-10.891566276550293,0.0705316886305809,0.0,56.14535734173504,15360.0
-9.777419090270996,-9.847366333007812,0.06994710862636566,0.0,93.33631883633151,15360.0
-10.349546432495117,-10.422808647155762,0.0732618123292923,0.0,85.75638821662437,15360.0
-10.494662284851074,-10.572257041931152,0.07759571820497513,0.0,95.3388411995107,15360.0
-10.109023094177246,-10.18129825592041,0.0722736120223999,0.0,84.98244272480058,15360.0
-10.092205047607422,-10.159242630004883,0.06703805923461914,0.0,91.0204850666727,15360.0
-10.430510520935059,-10.502066612243652,0.0715564489364624,0.0,86.8698028329659,15360.0
-9.883133888244629,-9.948259353637695,0.0651240423321724,0.0,115.46715548696162,15360.0
-10.550496101379395,-10.621439933776855,0.0709436908364296,0.0,108.77981539589325,15360.0
-10.155613899230957,-10.222930908203125,0.06731686741113663,0.0,78.37369166345421,15360.0
-10.425610542297363,-10.490711212158203,0.06510253995656967,0.0,89.73110481955761,15360.0
-10.51369571685791,-10.584440231323242,0.07074728608131409,0.0,93.70835832859076,15360.0
-10.038945198059082,-10.106932640075684,0.06798617541790009,0.0,72.87835985645879,15360.0
-10.53984546661377,-10.6041841506958,0.0643397867679596,0.0,80.29038327574233,15360.0
-10.399303436279297,-10.472966194152832,0.07366283237934113,0.0,74.94081246142461,15360.0
-10.20093059539795,-10.272327423095703,0.0713997632265091,0.0,90.76339129914142,15360.0
-10.330175399780273,-10.407732963562012,0.0775580108165741,0.0,66.33190782724348,15360.0
-10.421530723571777,-10.492947578430176,0.07141531258821487,0.0,71.40872828210956,15360.0
-10.314655303955078,-10.388937950134277,0.07428023964166641,0.0,82.1727629036805,15360.0
-10.522025108337402,-10.596978187561035,0.07494931668043137,0.0,57.9103685730245,15360.0
-10.246964454650879,-10.317170143127441,0.07020603865385056,0.0,86.98487758599934,15360.0
-10.304590225219727,-10.375960350036621,0.07137219607830048,0.0,73.49020888992816,15360.0
-10.1157865524292,-10.184012413024902,0.06822764873504639,0.0,82.40037268414993,15360.0
-10.121459007263184,-10.19036865234375,0.06890921294689178,0.0,64.38260521107169,15360.0
-10.56394100189209,-10.635303497314453,0.07136218249797821,0.0,72.1366595705683,15360.0
-10.193781852722168,-10.263887405395508,0.07010553777217865,0.0,71.9728063093083,15360.0
-10.25373363494873,-10.32461929321289,0.07088471204042435,0.0,61.712036879323314,15360.0
-10.397897720336914,-10.467511177062988,0.06961345672607422,0.0,63.85922399855119,15360.0
-10.482004165649414,-10.552416801452637,0.07041540741920471,0.0,94.6115658917843,15360.0
-10.545671463012695,-10.61727237701416,0.07160185277462006,0.0,57.01076704241104,15360.0
-10.578582763671875,-10.65155029296875,0.07296862453222275,0.0,89.87232395617809,15360.0
-10.289082527160645,-10.360943794250488,0.07185941189527512,0.0,88.1866856745717,15360.0
-10.194095611572266,-10.26414966583252,0.07005177438259125,0.0,94.30203447584476,15360.0
-10.510405540466309,-10.58155632019043,0.0711524710059166,0.0,99.45592312567447,15360.0
-10.584165573120117,-10.653851509094238,0.06968704611063004,0.0,73.96143234511015,15360.0
-10.421271324157715,-10.490571975708008,0.06930400431156158,0.0,76.62367523405769,15360.0
-10.295378684997559,-10.365633010864258,0.07025114446878433,0.0,106.29545125621085,15360.0
-10.571856498718262,-10.64064884185791,0.06879254430532455,0.0,102.18848584911149,15360.0
-10.58877944946289,-10.656973838806152,0.06819821894168854,0.0,68.92522986568581,15360.0
-10.452007293701172,-10.52123737335205,0.06922908872365952,0.0,94.00500000653516,15360.0
-10.24703311920166,-10.316959381103516,0.06992914527654648,0.0,99.96186794315584,15360.0
-10.755813598632812,-10.824736595153809,0.06892421841621399,0.0,67.03664368004755,15360.0
-10.221269607543945,-10.291276931762695,0.0700041726231575,0.0,91.75731030755733,15360.0
-10.677480697631836,-10.745702743530273,0.06821873784065247,0.0,121.67381347345632,15360.0
-10.38447380065918,-10.457432746887207,0.07295792549848557,0.0,85.78186874622263,15360.0
-10.42583179473877,-10.494107246398926,0.06827501952648163,0.0,99.43606080218352,15360.0
-10.25426959991455,-10.322190284729004,0.06792136281728745,0.0,87.70235346739537,15360.0
-9.754019737243652,-9.820021629333496,0.06600096076726913,0.0,96.85634655763188,15360.0
-10.726259231567383,-10.792993545532227,0.06673081964254379,0.0,85.17894198694763,15360.0
-10.462890625,-10.530198097229004,0.06731115281581879,0.0,86.66233543848223,15360.0
-10.616908073425293,-10.686185836791992,0.06927846372127533,0.0,97.32942443579608,15360.0
-10.427480697631836,-10.495532035827637,0.06805288791656494,0.0,87.14977844786424,15360.0
-10.42996883392334,-10.499663352966309,0.06969278305768967,0.0,78.98878310410922,15360.0
-10.04659366607666,-10.11621379852295,0.06962314248085022,0.0,127.74571843248793,15360.0
-10.457809448242188,-10.529577255249023,0.07176361232995987,0.0,91.22793913100283,15360.0
-9.803889274597168,-9.8751802444458,0.07128774374723434,0.0,99.43236181180676,15360.0
-10.018548965454102,-10.083341598510742,0.0647907555103302,0.0,79.29613202002376,15360.0
-10.362913131713867,-10.433289527893066,0.07037579268217087,0.0,85.05665900282956,15360.0
-10.569931983947754,-10.64164924621582,0.07171766459941864,0.0,104.06196097570698,15360.0
-10.350123405456543,-10.423386573791504,0.07326077669858932,0.0,148.19123095775538,15360.0
-10.630389213562012,-10.700868606567383,0.07047930359840393,0.0,118.08934659665115,15360.0
-10.354208946228027,-10.421967506408691,0.06775882095098495,0.0,73.23911923579733,15360.0
-10.317132949829102,-10.385534286499023,0.06840359419584274,0.0,104.06533062808492,15360.0
-10.522377967834473,-10.58846664428711,0.06608892977237701,0.0,89.91325611066371,15360.0
-11.002581596374512,-11.070550918579102,0.06796839833259583,0.0,90.91528405154985,15360.0
-10.582098960876465,-10.653417587280273,0.07131993025541306,0.0,123.33759384620834,15360.0
-10.741521835327148,-10.810561180114746,0.06903936713933945,0.0,95.2336930589001,15360.0
-10.266630172729492,-10.332574844360352,0.06594408303499222,0.0,94.7367449019309,15360.0
-10.708738327026367,-10.779820442199707,0.07108568400144577,0.0,104.2948616067032,15360.0
-10.170807838439941,-10.235764503479004,0.06495454907417297,0.0,102.47515967634668,15360.0
-10.523335456848145,-10.596630096435547,0.07329612225294113,0.0,123.03987487838984,15360.0
-10.866515159606934,-10.936663627624512,0.07014806568622589,0.0,80.06024075452521,15360.0
-10.975051879882812,-11.038975715637207,0.06392403692007065,0.0,92.22238227898838,15360.0
-10.688207626342773,-10.757182121276855,0.06897425651550293,0.0,102.57254157111518,15360.0
-10.51274585723877,-10.578492164611816,0.0657445415854454,0.0,85.62632514994083,15360.0
-10.640442848205566,-10.709290504455566,0.06884893029928207,0.0,108.51227744829563,15360.0
-10.487080574035645,-10.55638599395752,0.06930510699748993,0.0,141.62026576396605,15360.0
-10.648624420166016,-10.719280242919922,0.07065217196941376,0.0,101.84681316388767,15360.0
-10.495935440063477,-10.566499710083008,0.07056616246700287,0.0,84.63601290020037,15360.0
-10.933838844299316,-11.006173133850098,0.07233153283596039,0.0,105.92619731793418,15360.0
-10.651274681091309,-10.72480583190918,0.07353225350379944,0.0,84.38758955524136,15360.0
-10.296799659729004,-10.364758491516113,0.06795858591794968,0.0,78.08488447519791,15360.0
-10.079065322875977,-10.152615547180176,0.07355209439992905,0.0,76.30522902106789,15360.0
-10.098386764526367,-10.1658935546875,0.0675061047077179,0.0,69.95524718297098,15360.0
-10.438382148742676,-10.512293815612793,0.07390998303890228,0.0,81.85022363659019,15360.0
-10.166566848754883,-10.241894721984863,0.07532842457294464,0.0,75.10513654877599,15360.0
-10.426255226135254,-10.500833511352539,0.07457592338323593,0.0,88.78838628200619,15360.0
-11.169137001037598,-11.240509033203125,0.07137426733970642,0.0,85.36462154985306,15360.0
-10.642200469970703,-10.710186958312988,0.0679851621389389,0.0,60.07673754726167,15360.0
-10.806658744812012,-10.879130363464355,0.07247336208820343,0.0,48.51406094498936,15360.0
-10.556147575378418,-10.625569343566895,0.06942118704319,0.0,69.63448610131323,15360.0
-10.669219970703125,-10.743769645690918,0.07455051690340042,0.0,85.85032286945048,15360.0
-10.898775100708008,-10.96748161315918,0.06870567798614502,0.0,51.24903359401268,15360.0
-10.613534927368164,-10.69123363494873,0.07770023494958878,0.0,101.745309601983,15360.0
-10.305816650390625,-10.372138023376465,0.06631999462842941,0.0,108.50712425334146,15360.0
-10.754758834838867,-10.829219818115234,0.07445972412824631,0.0,88.81578925069488,15360.0
-10.535334587097168,-10.60912799835205,0.07379432767629623,0.0,106.60980962522092,15360.0
-10.472271919250488,-10.548277854919434,0.07600715756416321,0.0,117.89028555366619,15360.0
-10.748565673828125,-10.823342323303223,0.07477570325136185,0.0,122.03120206027229,15360.0
-10.42313003540039,-10.491765022277832,0.06863507628440857,0.0,99.32661568345003,15360.0
-10.528985977172852,-10.604249954223633,0.07526341825723648,0.0,109.35326049522062,15360.0
-10.415050506591797,-10.48245620727539,0.06740711629390717,0.0,130.2611387308211,15360.0
-10.285840034484863,-10.356344223022461,0.07050471007823944,0.0,76.78394332756396,15360.0
-10.373830795288086,-10.444091796875,0.07026280462741852,0.0,112.65919977675337,15360.0
-10.877333641052246,-10.948975563049316,0.07164207845926285,0.0,105.21168722585394,15360.0
-10.802842140197754,-10.87071418762207,0.06787183880805969,0.0,75.64333321613933,15360.0
-10.716510772705078,-10.791606903076172,0.075095534324646,0.0,97.95492414996286,15360.0
-11.248382568359375,-11.32026481628418,0.07188387215137482,0.0,112.65410684896189,15360.0
-10.841592788696289,-10.909931182861328,0.06833883374929428,0.0,75.04412048754286,15360.0
-10.781081199645996,-10.850485801696777,0.06940672546625137,0.0,101.86278901966477,15360.0
-10.393228530883789,-10.465930938720703,0.07270245254039764,0.0,147.95107910045863,15360.0
-10.372431755065918,-10.441625595092773,0.06919708102941513,0.0,78.59175773668257,15360.0
-10.859127044677734,-10.932138442993164,0.07300710678100586,0.0,99.6899909003011,15360.0
-10.694599151611328,-10.770288467407227,0.07568645477294922,0.0,108.1078338111307,15360.0
-11.061796188354492,-11.13244342803955,0.07065076380968094,0.0,90.24443057924198,15360.0
-10.859663009643555,-10.924428939819336,0.0647706538438797,0.0,52.07808682563771,15360.0
-10.451715469360352,-10.52450942993164,0.07279393076896667,0.0,111.58432006784382,15360.0
-11.211930274963379,-11.279240608215332,0.06731585413217545,0.0,67.37911953437496,15360.0
-11.099715232849121,-11.169086456298828,0.06937361508607864,0.0,89.92087464873383,15360.0
-10.20449447631836,-10.272100448608398,0.06760749220848083,0.0,102.92731995983907,15360.0
-10.628281593322754,-10.69823169708252,0.06995019316673279,0.0,84.74469786363464,15360.0
-10.820545196533203,-10.887858390808105,0.0673103779554367,0.0,109.92858358460933,15360.0
-10.93345832824707,-11.001681327819824,0.06822462379932404,0.0,101.78458920893242,15360.0
-10.887453079223633,-10.954059600830078,0.06660475581884384,0.0,73.53247650631879,15360.0
-11.05146312713623,-11.124577522277832,0.07311644405126572,0.0,120.72981382070391,15360.0
-10.886722564697266,-10.959305763244629,0.07258057594299316,0.0,59.284600417656776,15360.0
-10.50724983215332,-10.573712348937988,0.06645825505256653,0.0,95.08457903629744,15360.0
-10.541670799255371,-10.606672286987305,0.06499950587749481,0.0,79.52405976285424,15360.0
-10.723295211791992,-10.793966293334961,0.07067396491765976,0.0,70.45092478265624,15360.0
-11.282587051391602,-11.344206809997559,0.0616142675280571,0.0,71.50560722094565,15360.0
-11.031458854675293,-11.10244083404541,0.07098004221916199,0.0,59.26960162680109,15360.0
-10.936930656433105,-11.002782821655273,0.06585044413805008,0.0,74.76187664930211,15360.0
-10.6246976852417,-10.69049072265625,0.06579364836215973,0.0,83.44287102070075,15360.0
-10.880390167236328,-10.941278457641602,0.06089155003428459,0.0,85.92741980601393,15360.0
-10.821407318115234,-10.883527755737305,0.06212207302451134,0.0,67.15528774608092,15360.0
-10.916302680969238,-10.980599403381348,0.06429421156644821,0.0,50.94184020252264,15360.0
-10.91787338256836,-10.982043266296387,0.0641697496175766,0.0,78.28124270910622,15360.0
-11.085753440856934,-11.153342247009277,0.0675927922129631,0.0,104.83812383185048,15360.0
-10.48595905303955,-10.54882526397705,0.06286965310573578,0.0,99.0485942215366,15360.0
-10.873950958251953,-10.936464309692383,0.0625140517950058,0.0,88.3597059413646,15360.0
-10.597576141357422,-10.661178588867188,0.06360255926847458,0.0,82.67408615632327,15360.0
-10.565871238708496,-10.630828857421875,0.06495729088783264,0.0,84.04037724688379,15360.0
-11.480063438415527,-11.55125904083252,0.07119818776845932,0.0,84.00371039479137,15360.0
-10.791559219360352,-10.857033729553223,0.06547697633504868,0.0,118.01516472071489,15360.0
-10.387049674987793,-10.451132774353027,0.0640825405716896,0.0,99.5529678546476,15360.0
-10.687437057495117,-10.755115509033203,0.06767935305833817,0.0,87.84595608042423,15360.0
-10.64046573638916,-10.708026885986328,0.06756282597780228,0.0,133.4561906949141,15360.0
-10.652276039123535,-10.722914695739746,0.07063720375299454,0.0,163.75373675739039,15360.0
-10.925066947937012,-10.994447708129883,0.06938003748655319,0.0,80.09925144050128,15360.0
-11.043694496154785,-11.109130859375,0.06543586403131485,0.0,127.86219241416457,15360.0
-10.739995956420898,-10.809552192687988,0.0695551410317421,0.0,110.61807860824719,15360.0
-10.772476196289062,-10.83713150024414,0.06465598195791245,0.0,125.19279420108177,15360.0
-10.76549243927002,-10.83491039276123,0.06942109763622284,0.0,96.37475658350722,15360.0
-10.869379997253418,-10.939427375793457,0.0700489953160286,0.0,114.9502154551993,15360.0
-10.72713565826416,-10.80541706085205,0.07827941328287125,0.0,141.1881172302629,15360.0
-10.822172164916992,-10.890398979187012,0.06822866946458817,0.0,112.46267392463521,15360.0
-10.900339126586914,-10.974170684814453,0.07383115589618683,0.0,140.37467788778562,15360.0
-10.857086181640625,-10.928032875061035,0.07094640284776688,0.0,121.39093198616051,15360.0
-10.5745267868042,-10.647150993347168,0.0726231187582016,0.0,138.08726553627343,15360.0
-10.685108184814453,-10.7498140335083,0.06470588594675064,0.0,84.33686291794375,15360.0
-10.838455200195312,-10.91236686706543,0.07391142100095749,0.0,143.73732117745527,15360.0
-10.941007614135742,-11.00721549987793,0.0662086084485054,0.0,131.33958614373793,15360.0
-10.858260154724121,-10.929668426513672,0.07140564918518066,0.0,90.97391872602948,15360.0
-10.6473970413208,-10.723384857177734,0.07598647475242615,0.0,149.48186621514017,15360.0
-11.065030097961426,-11.137993812561035,0.07296474277973175,0.0,105.77564765011414,15360.0
-11.339219093322754,-11.411349296569824,0.07213357090950012,0.0,83.98691442169368,15360.0
-10.373779296875,-10.439846992492676,0.06606894731521606,0.0,140.00081805763924,15360.0
-10.650813102722168,-10.723122596740723,0.07230890542268753,0.0,95.24851123915515,15360.0
-11.236406326293945,-11.306893348693848,0.07048666477203369,0.0,118.36403197197117,15360.0
-10.90627670288086,-10.980558395385742,0.07428096979856491,0.0,85.46474159172926,15360.0
-10.98339557647705,-11.053427696228027,0.07003404945135117,0.0,105.1342496924011,15360.0
-10.949318885803223,-11.024261474609375,0.07494433969259262,0.0,105.55902862336855,15360.0
-11.062456130981445,-11.129011154174805,0.06655092537403107,0.0,83.74526823339396,15360.0
-10.502971649169922,-10.573274612426758,0.07030568271875381,0.0,116.99236289997343,15360.0
-10.908663749694824,-10.979657173156738,0.07099135965108871,0.0,107.76949369076475,15360.0
-11.223581314086914,-11.304971694946289,0.08138970285654068,0.0,98.23176986019146,15360.0
-10.978471755981445,-11.049544334411621,0.07107312977313995,0.0,97.79421163164625,15360.0
-10.316487312316895,-10.390792846679688,0.07430457323789597,0.0,84.61689996454403,15360.0
-10.748296737670898,-10.822226524353027,0.07392676174640656,0.0,92.8723542599204,15360.0
-11.54744815826416,-11.624269485473633,0.07682280987501144,0.0,98.96233024973172,15360.0
-11.035353660583496,-11.117445945739746,0.08209484070539474,0.0,75.39752416661632,15360.0
-10.849748611450195,-10.926918983459473,0.07716939598321915,0.0,120.89493215981697,15360.0
-11.016934394836426,-11.087708473205566,0.07077311724424362,0.0,81.86434047335958,15360.0
-10.946507453918457,-11.025799751281738,0.07929529994726181,0.0,121.4276646829698,15360.0
-11.07962417602539,-11.145624160766602,0.06600279361009598,0.0,120.94483724722961,15360.0
-11.315216064453125,-11.396549224853516,0.0813300684094429,0.0,101.0570213461459,15360.0
-11.006747245788574,-11.075469017028809,0.06872428953647614,0.0,95.67551636012803,15360.0
-10.888463020324707,-10.968667030334473,0.08020326495170593,0.0,123.16587538969371,15360.0
-11.540043830871582,-11.608413696289062,0.06836987286806107,0.0,73.64556483372482,15360.0
-10.416934967041016,-10.483323097229004,0.06638860702514648,0.0,105.37745346204795,15360.0
-11.004469871520996,-11.071854591369629,0.06738732010126114,0.0,80.5097342964017,15360.0
-11.307580947875977,-11.37021255493164,0.06262990087270737,0.0,83.54190550823392,15360.0
-10.7310791015625,-10.795589447021484,0.06451273709535599,0.0,99.30727579178034,15360.0
-10.885660171508789,-10.950653076171875,0.06499343365430832,0.0,64.4475834438266,15360.0
-10.923527717590332,-10.987813949584961,0.06428715586662292,0.0,83.73632534260308,15360.0
-11.235210418701172,-11.300146102905273,0.0649339109659195,0.0,77.26630447311972,15360.0
-11.326263427734375,-11.391650199890137,0.06538500636816025,0.0,89.89743221661867,15360.0
-11.12855052947998,-11.1919584274292,0.06340748816728592,0.0,100.06476345292744,15360.0
-11.193078994750977,-11.25950813293457,0.06643031537532806,0.0,69.52651891375004,15360.0
-11.142314910888672,-11.20320987701416,0.0608973428606987,0.0,59.32410943069897,15360.0
-11.30566120147705,-11.368868827819824,0.06320702284574509,0.0,103.79958203636016,15360.0
-10.946588516235352,-11.0084810256958,0.06189417839050293,0.0,65.82865712369073,15360.0
-10.982986450195312,-11.045894622802734,0.06290599703788757,0.0,94.27662586136867,15360.0
-11.003437042236328,-11.069921493530273,0.06648679077625275,0.0,133.87743656309695,15360.0
-10.894516944885254,-10.963071823120117,0.06855366379022598,0.0,102.39864974908174,15360.0
-10.79311466217041,-10.856587409973145,0.06347601860761642,0.0,80.62962120750029,15360.0
-10.90270709991455,-10.97369384765625,0.07098562270402908,0.0,87.25420520336813,15360.0
-10.251561164855957,-10.309662818908691,0.0581020787358284,0.0,72.8963359887326,15360.0
-11.046584129333496,-11.117012977600098,0.07042752206325531,0.0,83.79172515854937,15360.0
-10.696032524108887,-10.762694358825684,0.06666173040866852,0.0,87.05027798648476,15360.0
-10.388171195983887,-10.456690788269043,0.06851688027381897,0.0,86.60906913172053,15360.0
-11.07217025756836,-11.143752098083496,0.07158544659614563,0.0,104.7013110471919,15360.0
-10.844820976257324,-10.907052993774414,0.06223041191697121,0.0,76.42541579073415,15360.0
-11.016332626342773,-11.085881233215332,0.06954734027385712,0.0,86.50113954862778,15360.0
-11.467595100402832,-11.536794662475586,0.06920202076435089,0.0,94.75836923772535,15360.0
-11.312888145446777,-11.378808975219727,0.06591916084289551,0.0,86.40305880200631,15360.0
-11.205317497253418,-11.270679473876953,0.06536094099283218,0.0,75.53981507693412,15360.0
-10.98703670501709,-11.05401611328125,0.06698053330183029,0.0,101.66788421520089,15360.0
-11.368597984313965,-11.435649871826172,0.06705165654420853,0.0,102.39525761448117,15360.0
-11.209380149841309,-11.281094551086426,0.07171673327684402,0.0,89.80770526286109,15360.0
-10.327352523803711,-10.39584732055664,0.06849159300327301,0.0,131.39425151187208,15360.0
-10.810546875,-10.882283210754395,0.07173658162355423,0.0,105.41769811693536,15360.0
-10.664491653442383,-10.729928970336914,0.0654364749789238,0.0,98.72930569238285,15360.0
-11.072535514831543,-11.143705368041992,0.07117042690515518,0.0,124.70400848403868,15360.0
-10.86259937286377,-10.929561614990234,0.06696218997240067,0.0,103.99214358099952,15360.0
-10.602115631103516,-10.670988082885742,0.06887177377939224,0.0,148.97648516097433,15360.0
-11.370559692382812,-11.43687915802002,0.06631992757320404,0.0,88.20919719086349,15360.0
-10.874341011047363,-10.940814018249512,0.06647295504808426,0.0,93.45160252661861,15360.0
-11.00314712524414,-11.073267936706543,0.07011911273002625,0.0,81.19809138611757,15360.0
-10.75368881225586,-10.82219409942627,0.06851086765527725,0.0,109.3336091940426,15360.0
-10.732904434204102,-10.799565315246582,0.06665966659784317,0.0,118.7007994963747,15360.0
-11.0855712890625,-11.154867172241211,0.06929659098386765,0.0,80.83126134827658,15360.0
-10.827075004577637,-10.892110824584961,0.0650351271033287,0.0,138.6255529864483,15360.0
-11.189512252807617,-11.253983497619629,0.06447041779756546,0.0,75.13890501486381,15360.0
-10.808375358581543,-10.874493598937988,0.06611368805170059,0.0,107.81483440147488,15360.0
-10.991957664489746,-11.059450149536133,0.06749342381954193,0.0,102.6605647888369,15360.0
-10.611185073852539,-10.672758102416992,0.061571020632982254,0.0,105.81602439004729,15360.0
-10.886248588562012,-10.95372486114502,0.06747641414403915,0.0,92.22096659716688,15360.0
-10.85650634765625,-10.921149253845215,0.0646442100405693,0.0,109.07513429692335,15360.0
-11.187359809875488,-11.252511024475098,0.06515054404735565,0.0,117.89100820190403,15360.0
-11.472930908203125,-11.53907299041748,0.06614397466182709,0.0,110.14962925701924,15360.0
-11.010035514831543,-11.071396827697754,0.061361394822597504,0.0,93.79607733506806,15360.0
-11.105413436889648,-11.167967796325684,0.06255830079317093,0.0,96.07652781552186,15360.0
-11.047863960266113,-11.109549522399902,0.061684634536504745,0.0,93.84872447092073,15360.0
-11.339405059814453,-11.403634071350098,0.06422870606184006,0.0,94.77405887291103,15360.0
-11.064745903015137,-11.127657890319824,0.06291010975837708,0.0,91.94321483777766,15360.0
-11.335680961608887,-11.401864051818848,0.06618301570415497,0.0,112.49557169041019,15360.0
-11.008970260620117,-11.071771621704102,0.06279948353767395,0.0,124.68304580786779,15360.0
-11.569799423217773,-11.631926536560059,0.06212562322616577,0.0,74.6185156118482,15360.0
-11.249346733093262,-11.311492919921875,0.06214988976716995,0.0,103.27367272757029,15360.0
-10.897595405578613,-10.959543228149414,0.061946336179971695,0.0,131.22102145171314,15360.0
-11.398931503295898,-11.461358070373535,0.062424737960100174,0.0,103.58906120887083,15360.0
-11.034344673156738,-11.096707344055176,0.06236251816153526,0.0,60.6497163045746,15360.0
-11.26074504852295,-11.319522857666016,0.05877814441919327,0.0,88.49100576961902,15360.0
-11.468379020690918,-11.530778884887695,0.06239975988864899,0.0,105.45301930970815,15360.0
-11.667681694030762,-11.728970527648926,0.06128788739442825,0.0,89.8225670098922,15360.0
-10.984731674194336,-11.051470756530762,0.06673762202262878,0.0,103.18598730276211,15360.0
-11.05360221862793,-11.116395950317383,0.06279310584068298,0.0,91.0336984729502,15360.0
-11.641852378845215,-11.705747604370117,0.06389513611793518,0.0,95.8329863113127,15360.0
-11.523401260375977,-11.587265968322754,0.06386467814445496,0.0,117.22955760006143,15360.0
-11.231679916381836,-11.292720794677734,0.06103990226984024,0.0,115.71551979854371,15360.0
-11.450498580932617,-11.510042190551758,0.05954374372959137,0.0,77.45667627965945,15360.0
-10.90542984008789,-10.969313621520996,0.06388300657272339,0.0,98.07840709887635,15360.0
-11.794719696044922,-11.855833053588867,0.06111522391438484,0.0,101.95599407582779,15360.0
-11.060004234313965,-11.125062942504883,0.06505846232175827,0.0,117.19949664073597,15360.0
-11.641027450561523,-11.700348854064941,0.05931911990046501,0.0,62.568233187293906,15360.0
-11.402515411376953,-11.465066909790039,0.06255260854959488,0.0,75.28192922190156,15360.0
-11.697259902954102,-11.75881290435791,0.06155236437916756,0.0,78.00641137512143,15360.0
-11.191166877746582,-11.252903938293457,0.061741963028907776,0.0,71.91110640130847,15360.0
-11.41545581817627,-11.475582122802734,0.06012275442481041,0.0,58.11605011967856,15360.0
-11.032395362854004,-11.094748497009277,0.06235149875283241,0.0,116.85516800654642,15360.0
-11.115951538085938,-11.17461109161377,0.05866092070937157,0.0,68.89336607915511,15360.0
-11.486908912658691,-11.548985481262207,0.06207788363099098,0.0,124.73950928357135,15360.0
-11.333222389221191,-11.394084930419922,0.0608610101044178,0.0,164.00433197498919,15360.0
-11.151772499084473,-11.211503028869629,0.05973461642861366,0.0,81.34327287730562,15360.0
-11.449616432189941,-11.514334678649902,0.06471384316682816,0.0,165.3806037992869,15360.0
-10.811319351196289,-10.872976303100586,0.06165875867009163,0.0,159.66583947791312,15360.0
-12.010736465454102,-12.075601577758789,0.06486327201128006,0.0,104.94986598596056,15360.0
-11.296547889709473,-11.362116813659668,0.0655716061592102,0.0,137.57089438194242,15360.0
-10.455748558044434,-10.525256156921387,0.06950688362121582,0.0,166.26674769305583,15360.0
-11.249105453491211,-11.313448905944824,0.06434376537799835,0.0,120.31410878567907,15360.0
-11.453680038452148,-11.521769523620605,0.06808789819478989,0.0,113.49547784878071,15360.0
-10.806716918945312,-10.875874519348145,0.06915631890296936,0.0,158.2911193416108,15360.0
-11.424266815185547,-11.499098777770996,0.07483264803886414,0.0,97.20931824997376,15360.0
-11.125748634338379,-11.188578605651855,0.06282820552587509,0.0,150.30562342729485,15360.0
-11.138594627380371,-11.213136672973633,0.07454096525907516,0.0,103.11239021092908,15360.0
-11.138412475585938,-11.202259063720703,0.06384803354740143,0.0,111.74444224188149,15360.0
-10.861800193786621,-10.929952621459961,0.06815292686223984,0.0,118.25871809446812,15360.0
-11.660552024841309,-11.725076675415039,0.06452453881502151,0.0,95.89309937435034,15360.0
-11.469109535217285,-11.534791946411133,0.06568054854869843,0.0,117.06631662272342,15360.0
-11.273241996765137,-11.344599723815918,0.07135558128356934,0.0,119.07716038164612,15360.0
-11.275278091430664,-11.339672088623047,0.06438984721899033,0.0,80.41777737635756,15360.0
-11.797779083251953,-11.865785598754883,0.06800349056720734,0.0,117.37457246180207,15360.0
-11.251898765563965,-11.314830780029297,0.06293250620365143,0.0,77.22383438308334,15360.0
-11.33726692199707,-11.401019096374512,0.06374860554933548,0.0,96.4026613315822,15360.0
-10.706305503845215,-10.775071144104004,0.06876394897699356,0.0,104.07998096079241,15360.0
-11.610515594482422,-11.677774429321289,0.06725852191448212,0.0,77.58541590714306,15360.0
-11.310494422912598,-11.390315055847168,0.07981931418180466,0.0,146.79369194262497,15360.0
-11.08963394165039,-11.156912803649902,0.06727954745292664,0.0,149.1112852228983,15360.0
-11.498616218566895,-11.56406021118164,0.06544607132673264,0.0,71.41050921496878,15360.0
-10.575689315795898,-10.641003608703613,0.06531583517789841,0.0,140.7712380320749,15360.0
-11.731878280639648,-11.794316291809082,0.06243903562426567,0.0,113.98479130151465,15360.0
-11.293675422668457,-11.360541343688965,0.0668637603521347,0.0,90.76715553841866,15360.0
-10.664416313171387,-10.726519584655762,0.06210476905107498,0.0,120.60745330189145,15360.0
-11.183513641357422,-11.253826141357422,0.07031209021806717,0.0,92.86782985967032,15360.0
-10.97332763671875,-11.038469314575195,0.06513921916484833,0.0,86.04366528088309,15360.0
-11.332189559936523,-11.397464752197266,0.06527625769376755,0.0,100.36789396938487,15360.0
-11.057649612426758,-11.12194538116455,0.06429479271173477,0.0,77.22012143576656,15360.0
-11.50123119354248,-11.56500244140625,0.0637713372707367,0.0,99.79828724388096,15360.0
-11.39659309387207,-11.465606689453125,0.0690142959356308,0.0,86.68583697648597,15360.0
-11.548937797546387,-11.61329460144043,0.0643538311123848,0.0,86.7909879294208,15360.0
-11.330037117004395,-11.39926528930664,0.06922680884599686,0.0,94.79752899702108,15360.0
-11.672128677368164,-11.742857933044434,0.0707298070192337,0.0,96.49618610009408,15360.0
-11.39576244354248,-11.460351943969727,0.0645926371216774,0.0,95.56873231291122,15360.0
-11.293222427368164,-11.3569917678833,0.06377046555280685,0.0,85.54298661212555,15360.0
-11.449309349060059,-11.514055252075195,0.06474753469228745,0.0,77.10122851035833,15360.0
-11.497323036193848,-11.565364837646484,0.06804612278938293,0.0,87.40315816357378,15360.0
-11.627748489379883,-11.68517780303955,0.05742824450135231,0.0,68.1978638670351,15360.0
-11.695652961730957,-11.76338005065918,0.06772887706756592,0.0,91.12285544226232,15360.0
-11.635189056396484,-11.699034690856934,0.06384460628032684,0.0,88.40443968836075,15360.0
-11.278494834899902,-11.34577751159668,0.06728219985961914,0.0,94.06452382722696,15360.0
-11.584092140197754,-11.64670181274414,0.0626099482178688,0.0,106.9123094751761,15360.0
-11.998797416687012,-12.069144248962402,0.0703495666384697,0.0,85.08162758839765,15360.0
-10.955891609191895,-11.019181251525879,0.06329064816236496,0.0,106.16157469021687,15360.0
-11.363550186157227,-11.429343223571777,0.06579069793224335,0.0,92.38758090770513,15360.0
-11.333008766174316,-11.39975643157959,0.06674961000680923,0.0,90.72152535731959,15360.0
-11.512322425842285,-11.572830200195312,0.060504477471113205,0.0,126.9997135917631,15360.0
-10.924139022827148,-10.993236541748047,0.06909605860710144,0.0,74.73683467275228,15360.0
-11.401305198669434,-11.46304988861084,0.061746228486299515,0.0,145.21033005503583,15360.0
-11.109981536865234,-11.180124282836914,0.07014088332653046,0.0,84.5152922036985,15360.0
-11.204156875610352,-11.270307540893555,0.06615059077739716,0.0,122.08698720496295,15360.0
-11.590828895568848,-11.659199714660645,0.06837210059165955,0.0,123.78926931570294,15360.0
-11.618657112121582,-11.685964584350586,0.06730742752552032,0.0,108.94599935750716,15360.0
-11.425559043884277,-11.491873741149902,0.06631375104188919,0.0,105.5894893233642,15360.0
-11.456722259521484,-11.527655601501465,0.07093188911676407,0.0,78.12020623712142,15360.0
-11.519699096679688,-11.580663681030273,0.06096461042761803,0.0,92.43885909643373,15360.0
-11.688519477844238,-11.757634162902832,0.06911702454090118,0.0,64.16091427382288,15360.0
-11.72867488861084,-11.790567398071289,0.061889875680208206,0.0,114.23292566745658,15360.0
-12.05368423461914,-12.116973876953125,0.0632922351360321,0.0,82.90482990774342,15360.0
-11.745100021362305,-11.812504768371582,0.06740404665470123,0.0,86.90774302306477,15360.0
-12.03445053100586,-12.099645614624023,0.06519374251365662,0.0,111.83077757723389,15360.0
-11.672734260559082,-11.748607635498047,0.07587520033121109,0.0,81.95340082983617,15360.0
-11.496264457702637,-11.569964408874512,0.07369892299175262,0.0,113.32403676940571,15360.0
-11.86449909210205,-11.935511589050293,0.07100982964038849,0.0,88.40857585401625,15360.0
-11.776140213012695,-11.85257625579834,0.07643696665763855,0.0,77.08098876657158,15360.0
-12.262852668762207,-12.332438468933105,0.06958547979593277,0.0,77.17294686371783,15360.0
-11.663636207580566,-11.7333345413208,0.06969726830720901,0.0,70.10895850118845,15360.0
-11.518990516662598,-11.587077140808105,0.06808850169181824,0.0,78.85495547353311,15360.0
-11.804147720336914,-11.873010635375977,0.0688619315624237,0.0,68.76808683333853,15360.0
-11.401849746704102,-11.476016998291016,0.07416912168264389,0.0,132.71192182075862,15360.0
-11.7665433883667,-11.837430000305176,0.07088379561901093,0.0,107.2451817594011,15360.0
-12.037908554077148,-12.111075401306152,0.07316641509532928,0.0,99.73839702970308,15360.0
-11.512537956237793,-11.583139419555664,0.07059852033853531,0.0,78.61126395569825,15360.0
-11.649042129516602,-11.718316078186035,0.06927011162042618,0.0,85.71632335474322,15360.0
-11.910932540893555,-11.986062049865723,0.0751277282834053,0.0,92.63155205537302,15360.0
-11.519088745117188,-11.58379077911377,0.06470455974340439,0.0,84.71715581443333,15360.0
-11.150705337524414,-11.225193977355957,0.07448609918355942,0.0,68.85759313460744,15360.0
-11.621519088745117,-11.6893892288208,0.06786996871232986,0.0,82.87255559461592,15360.0
-12.010440826416016,-12.082795143127441,0.0723547637462616,0.0,114.28926776161676,15360.0
-11.242596626281738,-11.314581871032715,0.07198113948106766,0.0,147.72095729795961,15360.0
-11.518122673034668,-11.58283805847168,0.06471387296915054,0.0,75.54928043824475,15360.0
-11.53603744506836,-11.604212760925293,0.06817429512739182,0.0,120.22675798739873,15360.0
-11.890381813049316,-11.95771598815918,0.06733164936304092,0.0,106.08618433782438,15360.0
-11.259421348571777,-11.325738906860352,0.06632127612829208,0.0,90.50147752241648,15360.0
-11.316746711730957,-11.383817672729492,0.06707251816987991,0.0,113.36159121759638,15360.0
-11.67651081085205,-11.744275093078613,0.06776661425828934,0.0,112.84054282309964,15360.0
-11.817023277282715,-11.880533218383789,0.06351057440042496,0.0,98.76200199762764,15360.0
-12.108949661254883,-12.175553321838379,0.06660261750221252,0.0,106.04589306460687,15360.0
-11.659669876098633,-11.724898338317871,0.0652247816324234,0.0,103.83307749095192,15360.0
-11.919523239135742,-11.98579216003418,0.0662655383348465,0.0,79.06454003947704,15360.0
-11.946048736572266,-12.012885093688965,0.06683911383152008,0.0,89.27723124414186,15360.0
-11.545900344848633,-11.614667892456055,0.06876873970031738,0.0,84.37423727918434,15360.0
-12.138556480407715,-12.205838203430176,0.06728418171405792,0.0,108.06237683111112,15360.0
-11.466334342956543,-11.532339096069336,0.06600476056337357,0.0,53.00361332615565,15360.0
-12.162522315979004,-12.231823921203613,0.06930086016654968,0.0,117.43463728598287,15360.0
-11.593524932861328,-11.656719207763672,0.06319547444581985,0.0,54.50727775569526,15360.0
-11.442239761352539,-11.513251304626465,0.07100974023342133,0.0,119.9791271580899,15360.0
-11.846400260925293,-11.907002449035645,0.060605213046073914,0.0,84.50097526410944,15360.0
-11.626338005065918,-11.68990707397461,0.06356977671384811,0.0,86.89463216054781,15360.0
-12.400369644165039,-12.46601676940918,0.06564371287822723,0.0,78.62119610374212,15360.0
-12.190840721130371,-12.256261825561523,0.06542440503835678,0.0,92.78879932991907,15360.0
-11.539898872375488,-11.612170219421387,0.0722721666097641,0.0,130.50833762911466,15360.0
-11.08261489868164,-11.151090621948242,0.06847658008337021,0.0,145.79370086843667,15360.0
-11.575056076049805,-11.63864803314209,0.06359340250492096,0.0,84.55957600477154,15360.0
-11.513249397277832,-11.583465576171875,0.07021541893482208,0.0,121.00623875561028,15360.0
-11.69510555267334,-11.758576393127441,0.06346957385540009,0.0,107.12480738033771,15360.0
-11.892861366271973,-11.960773468017578,0.06791560351848602,0.0,87.32648314084446,15360.0
-11.15215015411377,-11.214929580688477,0.0627773329615593,0.0,115.54767351144551,15360.0
-11.506285667419434,-11.575779914855957,0.0694969967007637,0.0,95.73783982543732,15360.0
-11.855483055114746,-11.920933723449707,0.06545517593622208,0.0,73.89362578903176,15360.0
-11.349019050598145,-11.414109230041504,0.06508903950452805,0.0,101.21397799587865,15360.0
-11.356478691101074,-11.422114372253418,0.06563229113817215,0.0,63.618722718421516,15360.0
-11.678086280822754,-11.741745948791504,0.06365983188152313,0.0,107.35334614151068,15360.0
-11.860305786132812,-11.925801277160645,0.0654950737953186,0.0,73.02949067302181,15360.0
-11.864179611206055,-11.929780960083008,0.06560090184211731,0.0,89.92436756297982,15360.0
-11.482807159423828,-11.550383567810059,0.06757652759552002,0.0,76.49228788017665,15360.0
-11.867297172546387,-11.92539119720459,0.058092404156923294,0.0,96.4615839194089,15360.0
-11.701908111572266,-11.764647483825684,0.06273600459098816,0.0,88.73023569721472,15360.0
-11.676932334899902,-11.73501968383789,0.05808483064174652,0.0,90.48398734733996,15360.0
-11.432028770446777,-11.497392654418945,0.06536147743463516,0.0,105.4243644918976,15360.0
-11.115354537963867,-11.174162864685059,0.05881105363368988,0.0,100.75550591568079,15360.0
-12.010807991027832,-12.08053970336914,0.06973420828580856,0.0,125.35175848577424,15360.0
-12.269822120666504,-12.330324172973633,0.06050201877951622,0.0,108.3607858901168,15360.0
-10.909197807312012,-10.9740571975708,0.0648563876748085,0.0,110.13633629037112,15360.0
-11.633821487426758,-11.695202827453613,0.06137794628739357,0.0,100.57957598224196,15360.0
-11.624853134155273,-11.683303833007812,0.05844938009977341,0.0,95.56719433147596,15360.0
-11.766921997070312,-11.83267879486084,0.06575266271829605,0.0,108.68727984540507,15360.0
-11.853755950927734,-11.91555404663086,0.06179255247116089,0.0,99.50212714271346,15360.0
-12.147984504699707,-12.216597557067871,0.06861347705125809,0.0,135.2576376352072,15360.0
-11.661121368408203,-11.726476669311523,0.06535422056913376,0.0,90.11093083929468,15360.0
-11.50478744506836,-11.57070541381836,0.06591703742742538,0.0,98.18719580928608,15360.0
-11.58230209350586,-11.6463041305542,0.06400226801633835,0.0,111.72181875134682,15360.0
-12.236440658569336,-12.29932689666748,0.06288279592990875,0.0,72.55373240452589,15360.0
-11.485748291015625,-11.551064491271973,0.0653141438961029,0.0,115.43243968455798,15360.0
-11.988317489624023,-12.054155349731445,0.06584081053733826,0.0,92.62383532811862,15360.0
-11.771411895751953,-11.833740234375,0.06233132630586624,0.0,102.10620133857063,15360.0
-11.592671394348145,-11.656695365905762,0.06402426213026047,0.0,89.77842545185285,15360.0
-11.636908531188965,-11.702128410339355,0.06522031128406525,0.0,102.49732947177378,15360.0
-12.115692138671875,-12.183239936828613,0.06754562258720398,0.0,78.66306904704612,15360.0
-12.254850387573242,-12.316328048706055,0.061477527022361755,0.0,106.66728634559033,15360.0
-12.052441596984863,-12.122241973876953,0.06979965418577194,0.0,105.55536833353509,15360.0
-11.856868743896484,-11.923355102539062,0.06648734956979752,0.0,143.26044992642943,15360.0
-12.160958290100098,-12.227828979492188,0.06687075644731522,0.0,77.95484034297779,15360.0
-12.155467987060547,-12.225008010864258,0.069541335105896,0.0,109.80998675824874,15360.0
-11.650911331176758,-11.711545944213867,0.06063171848654747,0.0,88.25055639297076,15360.0
-12.044739723205566,-12.112686157226562,0.06794372946023941,0.0,86.68208228234057,15360.0
-12.086213111877441,-12.145350456237793,0.059137627482414246,0.0,107.97971321454646,15360.0
-12.623184204101562,-12.694731712341309,0.07154560089111328,0.0,75.43895441169035,15360.0
-11.614913940429688,-11.67815113067627,0.06323826313018799,0.0,123.07420685634263,15360.0
-11.856121063232422,-11.920857429504395,0.06473536044359207,0.0,92.98842449894968,15360.0
-11.783283233642578,-11.850356101989746,0.06707075983285904,0.0,82.21382056966067,15360.0
-11.830683708190918,-11.889718055725098,0.05903085693717003,0.0,92.37035009678175,15360.0
-12.217495918273926,-12.279531478881836,0.06203468516469002,0.0,63.19931833093173,15360.0
-12.018278121948242,-12.085633277893066,0.06735183298587799,0.0,85.48080271062402,15360.0
-12.186769485473633,-12.249040603637695,0.06227228417992592,0.0,69.17915996136094,15360.0
-12.638381958007812,-12.706536293029785,0.06815292686223984,0.0,83.25117574240485,15360.0
-12.355786323547363,-12.413189888000488,0.05740567296743393,0.0,87.51686764072409,15360.0
-12.025713920593262,-12.088273048400879,0.06255797296762466,0.0,78.54017954778057,15360.0
-11.548343658447266,-11.613557815551758,0.06521224230527878,0.0,102.61876155108303,15360.0
-10.61860466003418,-10.684831619262695,0.06622452288866043,0.0,116.84767832863912,15360.0
-11.309600830078125,-11.37252140045166,0.0629168227314949,0.0,80.29058964395871,15360.0
-11.870734214782715,-11.93413257598877,0.06340021640062332,0.0,92.41416024042458,15360.0
-12.033259391784668,-12.095783233642578,0.06252335011959076,0.0,89.11527555294606,15360.0
-11.256237983703613,-11.31680679321289,0.060568101704120636,0.0,89.59392984234674,15360.0
-11.992657661437988,-12.05341911315918,0.060760993510484695,0.0,121.3365789616597,15360.0
-11.191482543945312,-11.2532377243042,0.061756763607263565,0.0,95.00885696550277,15360.0
-11.775042533874512,-11.839089393615723,0.06404652446508408,0.0,112.02570898479689,15360.0
-11.438318252563477,-11.506303787231445,0.0679856538772583,0.0,152.2165518703585,15360.0
-12.463963508605957,-12.523080825805664,0.05911239609122276,0.0,71.73597382383832,15360.0
-11.448909759521484,-11.514111518859863,0.06520181894302368,0.0,137.52862209479161,15360.0
-12.276552200317383,-12.339823722839355,0.06327077746391296,0.0,98.35962802320508,15360.0
-11.385846138000488,-11.451407432556152,0.06556623429059982,0.0,80.54631760650769,15360.0
-12.384038925170898,-12.44470500946045,0.0606694296002388,0.0,89.04550834212276,15360.0
-12.010936737060547,-12.07394790649414,0.06301221996545792,0.0,93.43707445671888,15360.0
-12.611666679382324,-12.673067092895508,0.06140432506799698,0.0,85.79828409405836,15360.0
-12.10814380645752,-12.167980194091797,0.0598330944776535,0.0,93.64632009755098,15360.0
-12.30778980255127,-12.372881889343262,0.06509242206811905,0.0,86.44659059178974,15360.0
-11.857416152954102,-11.91594123840332,0.05852710083127022,0.0,87.7909087634517,15360.0
-11.995320320129395,-12.066177368164062,0.07085409760475159,0.0,109.48137805602988,15360.0
-11.919550895690918,-11.978461265563965,0.05891070514917374,0.0,69.98782813095993,15360.0
-11.929962158203125,-11.994093894958496,0.06413228809833527,0.0,106.83783598536547,15360.0
-11.663691520690918,-11.722166061401367,0.05847485363483429,0.0,98.18465183653672,15360.0
-12.045632362365723,-12.108725547790527,0.0630938708782196,0.0,77.4973460109136,15360.0
-11.698250770568848,-11.757765769958496,0.05951637402176857,0.0,108.05946753189214,15360.0
-12.571906089782715,-12.634317398071289,0.06241420656442642,0.0,83.74647141404766,15360.0
-12.061184883117676,-12.121164321899414,0.05997643619775772,0.0,101.08488355296056,15360.0
-11.807190895080566,-11.87024211883545,0.06305213272571564,0.0,78.45784561234773,15360.0
-12.280078887939453,-12.342022895812988,0.061944734305143356,0.0,93.78367442664657,15360.0
-12.009285926818848,-12.0752534866333,0.06596770137548447,0.0,106.55146391890682,15360.0
-12.77140998840332,-12.83343505859375,0.06202562525868416,0.0,79.04461610396967,15360.0
-12.212128639221191,-12.279863357543945,0.06773900985717773,0.0,98.72021279920021,15360.0
-11.944644927978516,-12.000336647033691,0.05569155514240265,0.0,67.14663912367256,15360.0
-12.832184791564941,-12.895483016967773,0.06329616159200668,0.0,107.48518971039469,15360.0
-12.702675819396973,-12.762124061584473,0.05945047363638878,0.0,86.00610168666844,15360.0
-11.935873985290527,-12.001535415649414,0.0656604990363121,0.0,90.94336617753657,15360.0
-13.110340118408203,-13.170929908752441,0.06059171259403229,0.0,113.71794950081683,15360.0
-12.773412704467773,-12.83731460571289,0.06390023976564407,0.0,69.14934416795587,15360.0
-11.747994422912598,-11.808206558227539,0.060215093195438385,0.0,114.5566005291295,15360.0
-12.026267051696777,-12.08849048614502,0.06222514435648918,0.0,87.37789009999761,15360.0
-12.072381973266602,-12.13565731048584,0.06327878683805466,0.0,115.00181067785635,15360.0
-11.843342781066895,-11.906529426574707,0.06318632513284683,0.0,112.52012357546279,15360.0
-12.15134048461914,-12.214844703674316,0.06350472569465637,0.0,87.92157178257293,15360.0
-12.68459701538086,-12.748507499694824,0.06391295790672302,0.0,98.81289495600011,15360.0
-11.7464599609375,-11.807817459106445,0.06135569140315056,0.0,120.76798593390214,15360.0
-11.932005882263184,-11.994242668151855,0.062234725803136826,0.0,139.22314384305048,15360.0
-12.603074073791504,-12.658427238464355,0.05535203218460083,0.0,79.82595883345,15360.0
-12.518648147583008,-12.583149909973145,0.06450312584638596,0.0,138.25628239124572,15360.0
-12.230789184570312,-12.286006927490234,0.05522088706493378,0.0,81.96213031043285,15360.0
-11.959149360656738,-12.02321720123291,0.06406697630882263,0.0,110.5475407182193,15360.0
-12.71879768371582,-12.777497291564941,0.05869930237531662,0.0,95.88349202131896,15360.0
-12.461226463317871,-12.52698040008545,0.06575646996498108,0.0,90.4690394313986,15360.0
-12.037903785705566,-12.097726821899414,0.059824492782354355,0.0,101.45627118473256,15360.0
-12.186603546142578,-12.254057884216309,0.06745591759681702,0.0,81.21244686696687,15360.0
-12.002968788146973,-12.065492630004883,0.06252152472734451,0.0,95.16907470785809,15360.0
-11.627233505249023,-11.68917465209961,0.06194102391600609,0.0,78.16753270662736,15360.0
-12.138849258422852,-12.199457168579102,0.06061070039868355,0.0,85.02328669611965,15360.0
-12.248479843139648,-12.310851097106934,0.06237053498625755,0.0,82.90291082982007,15360.0
-11.795748710632324,-11.85995864868164,0.06421170383691788,0.0,99.33821514660038,15360.0
-11.739470481872559,-11.806227684020996,0.06675694137811661,0.0,101.54291304344186,15360.0
-11.698736190795898,-11.76547908782959,0.06674391776323318,0.0,127.39017129547615,15360.0
-12.175721168518066,-12.23530101776123,0.05957641452550888,0.0,79.49420157588656,15360.0
-12.664010047912598,-12.727641105651855,0.06363199651241302,0.0,126.99117383918686,15360.0
-12.29483413696289,-12.354598045349121,0.059764109551906586,0.0,87.38261194028259,15360.0
-11.855534553527832,-11.915675163269043,0.06014351174235344,0.0,136.00676649197604,15360.0
-12.16565990447998,-12.2278470993042,0.06218336522579193,0.0,107.53114550123149,15360.0
-12.39533519744873,-12.45505428314209,0.059716615825891495,0.0,115.75150242928055,15360.0
-12.100693702697754,-12.161508560180664,0.06081225723028183,0.0,107.79110632017772,15360.0
-12.115978240966797,-12.179498672485352,0.06351820379495621,0.0,123.13296880838345,15360.0
-12.009965896606445,-12.074618339538574,0.06465829163789749,0.0,99.10006480432897,15360.0
-12.732193946838379,-12.796408653259277,0.06421475857496262,0.0,128.94676462129806,15360.0
-12.756392478942871,-12.817070960998535,0.060677867382764816,0.0,98.8096723640241,15360.0
-12.224825859069824,-12.28481674194336,0.05999145284295082,0.0,115.38774718544082,15360.0
-12.47787094116211,-12.538257598876953,0.060388900339603424,0.0,90.93897877160806,15360.0
-12.082172393798828,-12.14846420288086,0.0662916749715805,0.0,95.3875098021733,15360.0
-13.018289566040039,-13.079174995422363,0.060889922082424164,0.0,89.93332591644194,15360.0
-12.308870315551758,-12.38062572479248,0.0717572420835495,0.0,110.02701994614354,15360.0
-12.801533699035645,-12.860453605651855,0.05892045795917511,0.0,61.66576283008406,15360.0
-11.9537353515625,-12.018264770507812,0.0645301565527916,0.0,84.15280543255952,15360.0
-11.870570182800293,-11.92768383026123,0.057113830000162125,0.0,65.85542858993381,15360.0
-12.721013069152832,-12.784270286560059,0.0632612407207489,0.0,105.80433520702486,15360.0
-12.67294979095459,-12.731550216674805,0.05859840288758278,0.0,59.11559325037272,15360.0
-12.333718299865723,-12.395084381103516,0.0613693930208683,0.0,102.32406220366445,15360.0
-12.275094985961914,-12.337416648864746,0.06231779232621193,0.0,79.19277890424934,15360.0
-12.559405326843262,-12.623340606689453,0.06393571197986603,0.0,110.54970903335779,15360.0
-12.586764335632324,-12.650472640991211,0.06370873004198074,0.0,97.2465595894349,15360.0
-12.09026050567627,-12.155617713928223,0.06535341590642929,0.0,122.30562073008564,15360.0
-12.030328750610352,-12.08940315246582,0.05907619372010231,0.0,77.00211844547542,15360.0
-12.623407363891602,-12.683785438537598,0.06037662923336029,0.0,100.0800549614756,15360.0
-12.252992630004883,-12.312073707580566,0.059080254286527634,0.0,81.32735567549867,15360.0
-11.932174682617188,-11.995655059814453,0.06348231434822083,0.0,111.92707160935568,15360.0
-12.376437187194824,-12.43629264831543,0.05985802039504051,0.0,69.16695226021189,15360.0
-12.295296669006348,-12.361297607421875,0.06600116938352585,0.0,102.22064388236402,15360.0
-11.948564529418945,-12.00788688659668,0.05932479351758957,0.0,123.22172759582926,15360.0
-12.300628662109375,-12.367664337158203,0.06703504920005798,0.0,108.69393423225355,15360.0
-12.888399124145508,-12.949193000793457,0.06079382449388504,0.0,96.60608539259172,15360.0
-12.18693733215332,-12.25355339050293,0.06661812216043472,0.0,123.19805391156297,15360.0
-12.439196586608887,-12.500600814819336,0.061402637511491776,0.0,73.30384333930127,15360.0
-12.776308059692383,-12.837108612060547,0.0607968345284462,0.0,86.541281064409,15360.0
-12.565268516540527,-12.628650665283203,0.06338642537593842,0.0,108.30670279955602,15360.0
-12.159255981445312,-12.220844268798828,0.06159107759594917,0.0,145.6533436226875,15360.0
-12.257472038269043,-12.318934440612793,0.06146353483200073,0.0,65.14443630226702,15360.0
-12.267118453979492,-12.324719429016113,0.05759792774915695,0.0,94.24678592416265,15360.0
-12.153538703918457,-12.213382720947266,0.059844449162483215,0.0,68.59278462019503,15360.0
-12.525177001953125,-12.585795402526855,0.06061665713787079,0.0,74.72725568677089,15360.0
-12.619546890258789,-12.680158615112305,0.0606098435819149,0.0,72.0440184138834,15360.0
-12.369719505310059,-12.431974411010742,0.06225879117846489,0.0,95.75924003223768,15360.0
-12.129754066467285,-12.19001293182373,0.06025959178805351,0.0,61.7345929632528,15360.0
-12.207535743713379,-12.269073486328125,0.06153690442442894,0.0,118.16627331416167,15360.0
-12.561442375183105,-12.617840766906738,0.05639828369021416,0.0,90.87929811328473,15360.0
-12.268353462219238,-12.327046394348145,0.05869435891509056,0.0,113.88927006372869,15360.0
-12.65088939666748,-12.709426879882812,0.05854308232665062,0.0,119.6207300256708,15360.0
-12.147319793701172,-12.203332901000977,0.056012678891420364,0.0,86.5870718975543,15360.0
-12.417909622192383,-12.479626655578613,0.06171851232647896,0.0,102.79662898682817,15360.0
-12.009387969970703,-12.068589210510254,0.05920189991593361,0.0,82.77968621920706,15360.0
-12.670730590820312,-12.729070663452148,0.05834164470434189,0.0,94.57401079594693,15360.0
-12.244140625,-12.304378509521484,0.06024015694856644,0.0,81.27965153699806,15360.0
-12.300639152526855,-12.360331535339355,0.05968992039561272,0.0,105.68638907347808,15360.0
-12.47140121459961,-12.533063888549805,0.06166407838463783,0.0,91.75290819126681,15360.0
-12.21572208404541,-12.273696899414062,0.05797633156180382,0.0,105.78113953842892,15360.0
-12.574090003967285,-12.632452011108398,0.05836011469364166,0.0,97.85357292781387,15360.0
-12.968877792358398,-13.026979446411133,0.05810185894370079,0.0,99.04979752921523,15360.0
-12.794356346130371,-12.85804557800293,0.0636904165148735,0.0,126.71974214094378,15360.0
-12.876803398132324,-12.933369636535645,0.056566573679447174,0.0,75.01559389796763,15360.0
-12.304973602294922,-12.364563941955566,0.059592824429273605,0.0,116.29771515290346,15360.0
-12.291958808898926,-12.350442886352539,0.05848557874560356,0.0,93.25072492534777,15360.0
-12.57841682434082,-12.63782024383545,0.059403713792562485,0.0,76.31046456230561,15360.0
-12.593873023986816,-12.651257514953613,0.05738243833184242,0.0,80.10051122447527,15360.0
-12.873730659484863,-12.930654525756836,0.05692369118332863,0.0,69.33172284672081,15360.0
-12.33372974395752,-12.396729469299316,0.06300017237663269,0.0,101.05366692666966,15360.0
-13.030560493469238,-13.090100288391113,0.059540923684835434,0.0,85.46079594021323,15360.0
-12.929585456848145,-12.984949111938477,0.055365271866321564,0.0,95.42912296703496,15360.0
-12.184080123901367,-12.244080543518066,0.0600019171833992,0.0,83.99149869949207,15360.0
-12.909286499023438,-12.964444160461426,0.055154986679553986,0.0,76.20545693732024,15360.0
-13.027308464050293,-13.088452339172363,0.061146073043346405,0.0,89.09667393110178,15360.0
-12.733372688293457,-12.790827751159668,0.05745331570506096,0.0,101.74202248449538,15360.0
-12.419051170349121,-12.4736328125,0.05457790940999985,0.0,56.55437881695041,15360.0
-12.368383407592773,-12.427857398986816,0.05946910381317139,0.0,86.61154769115831,15360.0
-12.505427360534668,-12.563742637634277,0.058315176516771317,0.0,73.66306946223433,15360.0
-12.362228393554688,-12.424012184143066,0.061781324446201324,0.0,103.78057533587172,15360.0
-12.829310417175293,-12.88835334777832,0.059040166437625885,0.0,79.73437458998119,15360.0
-12.343912124633789,-12.403546333312988,0.059634044766426086,0.0,86.68961422140508,15360.0
-12.754453659057617,-12.81467342376709,0.060221314430236816,0.0,79.1021062548182,15360.0
-12.63890552520752,-12.698213577270508,0.0593087337911129,0.0,79.21321027639665,15360.0
-12.380969047546387,-12.435464859008789,0.05449504777789116,0.0,70.81114813773843,15360.0
-12.979761123657227,-13.036968231201172,0.05720963701605797,0.0,84.39623328553752,15360.0
-12.865413665771484,-12.92000961303711,0.0545949749648571,0.0,100.32082533980264,15360.0
-12.84461784362793,-12.903679847717285,0.059061355888843536,0.0,122.6164071698782,15360.0
-12.213125228881836,-12.270249366760254,0.05712314695119858,0.0,70.33650629293912,15360.0
-12.926308631896973,-12.986679077148438,0.060369327664375305,0.0,114.33914039139468,15360.0
-12.500001907348633,-12.563572883605957,0.06357134878635406,0.0,150.7333737371277,15360.0
-12.4489107131958,-12.51257610321045,0.06367123872041702,0.0,96.88808478506206,15360.0
-12.296279907226562,-12.358006477355957,0.06172662228345871,0.0,87.59557428899264,15360.0
-12.638631820678711,-12.698719024658203,0.060089707374572754,0.0,100.50892095824871,15360.0
-12.90710163116455,-12.968891143798828,0.06179146468639374,0.0,58.40500739253382,15360.0
-13.08995246887207,-13.148015022277832,0.0580623522400856,0.0,118.32790688238379,15360.0
-12.28178882598877,-12.341007232666016,0.059219393879175186,0.0,105.08258722157866,15360.0
-12.770706176757812,-12.830103874206543,0.059396304190158844,0.0,78.63147617431633,15360.0
-12.895206451416016,-12.955538749694824,0.06033213809132576,0.0,128.79228348985205,15360.0
-12.551349639892578,-12.60897159576416,0.0576215460896492,0.0,70.15064677814264,15360.0
-12.711984634399414,-12.769562721252441,0.0575815849006176,0.0,100.77935303280434,15360.0
-13.1229829788208,-13.181615829467773,0.05862884223461151,0.0,115.26753949784491,15360.0
-12.493968963623047,-12.550349235534668,0.056380923837423325,0.0,93.97566638334429,15360.0
-12.801650047302246,-12.85807991027832,0.056425731629133224,0.0,92.00923473156458,15360.0
-12.55476188659668,-12.6152982711792,0.06053505092859268,0.0,96.40385579799204,15360.0
-12.82508659362793,-12.883665084838867,0.05857580155134201,0.0,74.2012857121954,15360.0
-13.143985748291016,-13.211771965026855,0.06778845191001892,0.0,89.17753709132862,15360.0
-12.600141525268555,-12.659111976623535,0.058967627584934235,0.0,112.72752482910872,15360.0
-12.844808578491211,-12.908785820007324,0.06397419422864914,0.0,74.98934330429825,15360.0
-12.397326469421387,-12.456587791442871,0.059260495007038116,0.0,81.77802346882369,15360.0
-12.884346961975098,-12.946760177612305,0.0624135360121727,0.0,76.53749775438767,15360.0
-13.294967651367188,-13.362051010131836,0.06708027422428131,0.0,79.66007337327743,15360.0
-12.91252326965332,-12.970094680786133,0.057570140808820724,0.0,75.92626093052098,15360.0
-13.00395393371582,-13.07059383392334,0.06663774698972702,0.0,104.48446490801621,15360.0
-13.038866996765137,-13.098275184631348,0.059407223016023636,0.0,112.19416070535513,15360.0
-13.329923629760742,-13.387459754943848,0.05753589794039726,0.0,98.79821072097359,15360.0
-13.461438179016113,-13.522462844848633,0.061024945229291916,0.0,104.06011736698812,15360.0
-13.045294761657715,-13.10232162475586,0.05702657997608185,0.0,69.10604336535503,15360.0
-12.601457595825195,-12.660744667053223,0.059285689145326614,0.0,104.20764467020685,15360.0
-12.807887077331543,-12.865401268005371,0.057515308260917664,0.0,67.45751246591428,15360.0
-12.326874732971191,-12.388320922851562,0.0614461675286293,0.0,119.91080399072848,15360.0
-13.219544410705566,-13.277053833007812,0.05751116946339607,0.0,59.53853597339438,15360.0
-13.332812309265137,-13.397516250610352,0.06470274925231934,0.0,126.63437050910841,15360.0
-12.634231567382812,-12.695996284484863,0.06176668033003807,0.0,125.66070210920074,15360.0
-12.837560653686523,-12.898632049560547,0.06107671931385994,0.0,73.46251439505845,15360.0
-12.543713569641113,-12.604387283325195,0.06067211925983429,0.0,145.8528854134014,15360.0
-13.02831745147705,-13.08575439453125,0.05743784084916115,0.0,48.29671573606876,15360.0
-12.257369041442871,-12.316568374633789,0.05920105054974556,0.0,154.045528748417,15360.0
-12.585765838623047,-12.644449234008789,0.0586840957403183,0.0,144.78384001139258,15360.0
-12.90664291381836,-12.966782569885254,0.06014057621359825,0.0,125.63619896512321,15360.0
-12.542380332946777,-12.603392601013184,0.06101178377866745,0.0,106.75612724496438,15360.0
-12.690644264221191,-12.756654739379883,0.06600647419691086,0.0,144.80080183893267,15360.0
-12.698541641235352,-12.759478569030762,0.06093429774045944,0.0,102.1167847936769,15360.0
-13.020767211914062,-13.077987670898438,0.05722649767994881,0.0,108.62741488996045,15360.0
-12.824151039123535,-12.884991645812988,0.06084124371409416,0.0,124.28443212993415,15360.0
-12.99105167388916,-13.047245979309082,0.05619314685463905,0.0,102.32923546491162,15360.0
-12.712945938110352,-12.7749605178833,0.062018733471632004,0.0,116.90420984490812,15360.0
-13.418909072875977,-13.478474617004395,0.05956755578517914,0.0,111.4140073332039,15360.0
-12.82315731048584,-12.88115406036377,0.05800150707364082,0.0,117.85314799719528,15360.0
-12.667832374572754,-12.725850105285645,0.05801142752170563,0.0,103.77636184056978,15360.0
-13.648754119873047,-13.70933723449707,0.06058209761977196,0.0,116.18662347828968,15360.0
-12.80005931854248,-12.86081600189209,0.06075670197606087,0.0,103.7240927692025,15360.0
-12.884265899658203,-12.946215629577637,0.0619497075676918,0.0,131.6775070058092,15360.0
-12.97386646270752,-13.037907600402832,0.06403816491365433,0.0,125.47978230915116,15360.0
-13.223146438598633,-13.280608177185059,0.05745796114206314,0.0,95.94741516064428,15360.0
-12.770076751708984,-12.834908485412598,0.06482544541358948,0.0,128.00784129195912,15360.0
-12.857946395874023,-12.91485595703125,0.0569109283387661,0.0,89.31452675409069,15360.0
-12.777192115783691,-12.837578773498535,0.060384683310985565,0.0,75.65745077291955,15360.0
-12.933216094970703,-12.99301815032959,0.05980101600289345,0.0,95.72800308448134,15360.0
-13.06025218963623,-13.12428092956543,0.06402965635061264,0.0,93.80283528784908,15360.0
-12.706351280212402,-12.768108367919922,0.06175563484430313,0.0,88.04082513126687,15360.0
-13.230015754699707,-13.29539966583252,0.0653885081410408,0.0,94.04624542270223,15360.0
-13.237302780151367,-13.299333572387695,0.06202982738614082,0.0,89.82940982985585,15360.0
-12.82497501373291,-12.88952350616455,0.06455206125974655,0.0,86.51668523859045,15360.0
-13.772072792053223,-13.83333969116211,0.061266615986824036,0.0,91.22368390971762,15360.0
-12.932382583618164,-12.997259140014648,0.06487636268138885,0.0,97.14836621039032,15360.0
-13.169340133666992,-13.232666969299316,0.06332959234714508,0.0,107.89766687646161,15360.0
-12.482996940612793,-12.547382354736328,0.06438668817281723,0.0,90.80810286441728,15360.0
-13.434405326843262,-13.500347137451172,0.06594397127628326,0.0,96.23135256825854,15360.0
-12.499454498291016,-12.559789657592773,0.06033717095851898,0.0,93.80973225979106,15360.0
-13.036209106445312,-13.09874439239502,0.06253179162740707,0.0,89.92954490479858,15360.0
-12.839418411254883,-12.899507522583008,0.06008746102452278,0.0,83.25472314303529,15360.0
-13.418158531188965,-13.475028038024902,0.0568697527050972,0.0,105.39142420388144,15360.0
-13.5470552444458,-13.608352661132812,0.061297815293073654,0.0,105.04550441870599,15360.0
-13.213163375854492,-13.27083969116211,0.05767601728439331,0.0,94.94389402399594,15360.0
-13.287901878356934,-13.3475923538208,0.059683866798877716,0.0,120.36703503714739,15360.0
-12.254032135009766,-12.30933952331543,0.0553055964410305,0.0,91.9723263567937,15360.0
-12.78273868560791,-12.83974838256836,0.05700920149683952,0.0,91.3785415526954,15360.0
-13.019220352172852,-13.072447776794434,0.05322999879717827,0.0,113.70176992284303,15360.0
-12.875871658325195,-12.933808326721191,0.057934921234846115,0.0,100.22259045186462,15360.0
-12.809042930603027,-12.86274528503418,0.05370509997010231,0.0,96.01964896133045,15360.0
-12.860039710998535,-12.91886043548584,0.05882418900728226,0.0,98.26995399494163,15360.0
-12.949780464172363,-13.001989364624023,0.05221153795719147,0.0,94.6156342169067,15360.0
-12.810327529907227,-12.870237350463867,0.05990928038954735,0.0,89.84123292387777,15360.0
-12.716015815734863,-12.774320602416992,0.05830547958612442,0.0,122.11275258876884,15360.0
-13.165773391723633,-13.220986366271973,0.05521216616034508,0.0,109.94685578439373,15360.0
-12.844036102294922,-12.901941299438477,0.0579073429107666,0.0,82.92547330585086,15360.0
-13.00158977508545,-13.05720043182373,0.05560724809765816,0.0,85.67846283456952,15360.0
-12.857977867126465,-12.91628646850586,0.05831082910299301,0.0,85.24352328335382,15360.0
-13.445514678955078,-13.502593040466309,0.05707754194736481,0.0,99.2597934771365,15360.0
-13.10366439819336,-13.161046981811523,0.057379063218832016,0.0,140.39826252748279,15360.0
-13.08154582977295,-13.138888359069824,0.05734024941921234,0.0,79.38205161043639,15360.0
-12.468708038330078,-12.526894569396973,0.05818624421954155,0.0,119.2201078389514,15360.0
-13.047079086303711,-13.104155540466309,0.057078178972005844,0.0,96.966673107739,15360.0
-13.247452735900879,-13.308202743530273,0.060748953372240067,0.0,103.50397448146451,15360.0
-12.580981254577637,-12.640912055969238,0.05993056669831276,0.0,125.93810749464232,15360.0
-13.312560081481934,-13.371794700622559,0.05923985317349434,0.0,77.26507672612323,15360.0
-12.535395622253418,-12.596111297607422,0.060714658349752426,0.0,129.28080911264493,15360.0
-12.698431968688965,-12.756731033325195,0.058299679309129715,0.0,112.03408526164472,15360.0
-12.939788818359375,-13.003426551818848,0.06363794207572937,0.0,109.80807336750992,15360.0
-12.578415870666504,-12.637280464172363,0.05886412784457207,0.0,91.40414521708229,15360.0
-13.180327415466309,-13.24301528930664,0.06268967688083649,0.0,93.32656151498156,15360.0
-12.335325241088867,-12.396684646606445,0.061357010155916214,0.0,94.60815856514387,15360.0
-12.610915184020996,-12.671194076538086,0.060283977538347244,0.0,140.22854004963685,15360.0
-13.003983497619629,-13.057491302490234,0.053510308265686035,0.0,77.52340079314328,15360.0
-12.307406425476074,-12.366339683532715,0.05893120914697647,0.0,122.64321189661334,15360.0
-12.623369216918945,-12.679889678955078,0.05652186647057533,0.0,138.83434491070858,15360.0
-12.3860502243042,-12.441189765930176,0.05514274910092354,0.0,96.52386827520024,15360.0
-12.757546424865723,-12.818060874938965,0.06051642820239067,0.0,144.24148287285234,15360.0
-12.900354385375977,-12.957491874694824,0.05713855102658272,0.0,90.8283222609643,15360.0
-13.233259201049805,-13.292043685913086,0.05878587067127228,0.0,137.46663913674055,15360.0
-12.73925495147705,-12.796127319335938,0.056871701031923294,0.0,117.07684710226906,15360.0
-12.932084083557129,-12.986994743347168,0.0549091100692749,0.0,142.36077934164473,15360.0
-12.643917083740234,-12.702754974365234,0.05884237214922905,0.0,97.05668500069844,15360.0
-12.912266731262207,-12.970399856567383,0.058134693652391434,0.0,151.39983670762496,15360.0
-13.402802467346191,-13.463980674743652,0.06118132174015045,0.0,119.92765395175572,15360.0
-13.065342903137207,-13.120484352111816,0.055141087621450424,0.0,131.13943691982186,15360.0
-12.697565078735352,-12.755934715270996,0.05837086960673332,0.0,116.8489959909066,15360.0
-13.036287307739258,-13.092963218688965,0.056676216423511505,0.0,109.67778304777157,15360.0
-13.202471733093262,-13.260686874389648,0.058215562254190445,0.0,125.36955129769667,15360.0
-13.031662940979004,-13.089788436889648,0.05812818184494972,0.0,96.80551785056637,15360.0
-13.338422775268555,-13.39785099029541,0.05942545086145401,0.0,128.92722852145556,15360.0
-13.173046112060547,-13.229619979858398,0.05657597631216049,0.0,96.86934434689057,15360.0
-13.420948028564453,-13.483755111694336,0.06280689686536789,0.0,135.74042004873257,15360.0
-13.219635963439941,-13.280341148376465,0.060704879462718964,0.0,117.08396518056279,15360.0
-13.461048126220703,-13.519474029541016,0.058425091207027435,0.0,110.2681535229114,15360.0
-13.016020774841309,-13.070712089538574,0.05469531938433647,0.0,124.37288371712407,15360.0
-13.11318588256836,-13.171111106872559,0.05792321264743805,0.0,100.45996266422449,15360.0
-12.47017765045166,-12.527031898498535,0.05685444176197052,0.0,128.69949009877155,15360.0
-13.013111114501953,-13.068939208984375,0.0558243952691555,0.0,84.28000585741331,15360.0
-12.745820999145508,-12.800725936889648,0.054906535893678665,0.0,118.05313359931142,15360.0
-13.16341781616211,-13.21834659576416,0.054927196353673935,0.0,98.33427006629194,15360.0
-12.445460319519043,-12.503741264343262,0.05827914923429489,0.0,124.87353045372255,15360.0
-12.836201667785645,-12.894899368286133,0.05869997665286064,0.0,150.98828534575492,15360.0
-12.763933181762695,-12.823811531066895,0.0598783940076828,0.0,108.54782363116603,15360.0
-12.592333793640137,-12.647253036499023,0.05491991713643074,0.0,117.46894202496581,15360.0
-13.167046546936035,-13.233979225158691,0.0669320672750473,0.0,116.8855197877939,15360.0
-12.773420333862305,-12.832284927368164,0.0588642880320549,0.0,137.94701529304336,15360.0
-12.929611206054688,-12.997758865356445,0.06814923882484436,0.0,119.9269470968474,15360.0
-12.636274337768555,-12.69366455078125,0.05739136040210724,0.0,137.70010177749717,15360.0
-12.652246475219727,-12.717691421508789,0.06544404476881027,0.0,129.19416182599727,15360.0
-12.943377494812012,-13.001956939697266,0.05857504904270172,0.0,105.68980666340184,15360.0
-13.15771198272705,-13.219161987304688,0.061449985951185226,0.0,101.99259810983831,15360.0
-12.881593704223633,-12.941478729248047,0.059885330498218536,0.0,98.66723382753928,15360.0
-12.724040985107422,-12.786112785339355,0.062071699649095535,0.0,118.37324959191146,15360.0
-13.318718910217285,-13.383472442626953,0.06475473940372467,0.0,89.48543384040374,15360.0
-13.314703941345215,-13.374797821044922,0.06009138002991676,0.0,125.12757797225106,15360.0
-13.462339401245117,-13.526455879211426,0.0641166940331459,0.0,102.72866108921029,15360.0
-13.424520492553711,-13.488565444946289,0.06404803693294525,0.0,91.76095884550016,15360.0
-13.121530532836914,-13.178701400756836,0.05717376247048378,0.0,105.78474195350374,15360.0
-13.500675201416016,-13.565954208374023,0.06528043001890182,0.0,85.65847412667378,15360.0
-12.643123626708984,-12.69762134552002,0.05449747294187546,0.0,92.27866413076957,15360.0
-13.555585861206055,-13.622228622436523,0.06664310395717621,0.0,100.68584105467052,15360.0
-13.953550338745117,-14.011214256286621,0.0576641820371151,0.0,84.21881392923945,15360.0
-12.965656280517578,-13.02536392211914,0.05971062183380127,0.0,75.90168626662454,15360.0
-13.218316078186035,-13.27875804901123,0.060442328453063965,0.0,72.83864775380844,15360.0
-13.482954978942871,-13.542387962341309,0.05943991616368294,0.0,81.78853703137307,15360.0
-13.855952262878418,-13.914340019226074,0.058387525379657745,0.0,62.07337953894254,15360.0
-14.366202354431152,-14.430234909057617,0.06403101980686188,0.0,77.17288251638603,15360.0
-13.35507869720459,-13.415295600891113,0.06021381542086601,0.0,66.9182861588789,15360.0
-13.649088859558105,-13.715638160705566,0.06654788553714752,0.0,85.6220716850546,15360.0
-13.551260948181152,-13.608989715576172,0.05772988498210907,0.0,84.4380350211819,15360.0
-13.7571382522583,-13.811929702758789,0.054793570190668106,0.0,89.53968592243051,15360.0
-14.166411399841309,-14.224486351013184,0.05807195603847504,0.0,82.70255521980987,15360.0
-13.401947975158691,-13.45602798461914,0.054078154265880585,0.0,82.23492710480042,15360.0
-13.775693893432617,-13.831693649291992,0.05599942430853844,0.0,84.4183364134139,15360.0
-13.34069538116455,-13.398160934448242,0.057463131844997406,0.0,80.94242728304971,15360.0
-13.344427108764648,-13.403071403503418,0.058644525706768036,0.0,89.36109072670429,15360.0
-13.271894454956055,-13.326948165893555,0.05504893511533737,0.0,88.22555063172061,15360.0
-13.017552375793457,-13.0792875289917,0.06173519790172577,0.0,112.27649225910561,15360.0
-13.689952850341797,-13.747088432312012,0.05713352933526039,0.0,73.65213452434025,15360.0
-13.369739532470703,-13.42477035522461,0.055037036538124084,0.0,114.73961206539015,15360.0
-13.487967491149902,-13.55051326751709,0.06254417449235916,0.0,60.190265906916906,15360.0
-13.38510799407959,-13.442615509033203,0.05750690773129463,0.0,96.07564779634524,15360.0
-13.080102920532227,-13.138208389282227,0.05810673534870148,0.0,80.99396073376941,15360.0
-13.131158828735352,-13.186063766479492,0.054908476769924164,0.0,94.69987926243235,15360.0
-13.767241477966309,-13.826251029968262,0.059012893587350845,0.0,77.03408721691898,15360.0
-13.933320045471191,-13.988862991333008,0.0555451475083828,0.0,73.67069049269188,15360.0
-13.552305221557617,-13.605998992919922,0.05369538813829422,0.0,83.0760173963007,15360.0
-13.780213356018066,-13.83347225189209,0.05326167494058609,0.0,81.29289489959004,15360.0
-13.587785720825195,-13.640993118286133,0.053203385323286057,0.0,54.52682160580498,15360.0
-14.041690826416016,-14.094054222106934,0.05236555635929108,0.0,92.62584018754822,15360.0
-14.06297492980957,-14.11923885345459,0.056266676634550095,0.0,90.17067607367483,15360.0
-12.997199058532715,-13.05378246307373,0.05658143013715744,0.0,74.47064828438461,15360.0
-13.40194034576416,-13.456472396850586,0.054534777998924255,0.0,96.1219185078946,15360.0
-13.465922355651855,-13.523075103759766,0.05715286731719971,0.0,103.42823882871652,15360.0
-13.670324325561523,-13.723926544189453,0.05360579490661621,0.0,91.46314358464096,15360.0
-13.763002395629883,-13.818704605102539,0.055699337273836136,0.0,87.11064353822526,15360.0
-13.021280288696289,-13.074197769165039,0.05291781947016716,0.0,84.1522365799626,15360.0
-13.95430850982666,-14.008391380310059,0.05408599600195885,0.0,81.37178185287935,15360.0
-13.567861557006836,-13.619232177734375,0.05137372389435768,0.0,83.7693752203965,15360.0
-13.76339054107666,-13.819022178649902,0.05563110485672951,0.0,111.6915783077661,15360.0
-13.534212112426758,-13.587846755981445,0.053637612611055374,0.0,104.23381388683457,15360.0
-13.264256477355957,-13.32016372680664,0.05590909346938133,0.0,101.42255054080715,15360.0
-13.265965461730957,-13.318541526794434,0.05257653445005417,0.0,102.69387728551311,15360.0
-13.466456413269043,-13.525436401367188,0.058974988758563995,0.0,89.54098457730309,15360.0
-13.473873138427734,-13.52662181854248,0.052747052162885666,0.0,100.25010183104278,15360.0
-13.747365951538086,-13.80315113067627,0.05579039826989174,0.0,80.78569942023127,15360.0
-13.218002319335938,-13.269941329956055,0.05193719640374184,0.0,104.65161092925942,15360.0
-13.301058769226074,-13.357599258422852,0.0565384179353714,0.0,81.31453434103281,15360.0
-13.553935050964355,-13.607672691345215,0.05373985320329666,0.0,91.61136084687558,15360.0
-13.635919570922852,-13.69404125213623,0.05812219902873039,0.0,114.65248633355274,15360.0
-14.010900497436523,-14.065603256225586,0.05470301955938339,0.0,134.97375294151286,15360.0
-13.311556816101074,-13.364362716674805,0.05280403420329094,0.0,78.82798165776585,15360.0
-13.580120086669922,-13.633501052856445,0.053381189703941345,0.0,116.00165036167019,15360.0
-12.954537391662598,-13.005765914916992,0.05123037472367287,0.0,105.29923468008079,15360.0
-14.323073387145996,-14.377260208129883,0.05419089272618294,0.0,105.31940104345631,15360.0
-13.231929779052734,-13.286046028137207,0.05411665886640549,0.0,131.0934118558206,15360.0
-13.236407279968262,-13.29012680053711,0.05372270569205284,0.0,112.18490531185208,15360.0
-13.341340065002441,-13.396377563476562,0.05503867194056511,0.0,133.2570620395359,15360.0
-13.359872817993164,-13.415865898132324,0.055994052439928055,0.0,135.3485686810533,15360.0
-13.300334930419922,-13.355494499206543,0.055159542709589005,0.0,144.30393367748218,15360.0
-13.539286613464355,-13.594712257385254,0.05542699620127678,0.0,101.35916478533026,15360.0
-13.087903022766113,-13.142674446105957,0.054769568145275116,0.0,121.82654655760396,15360.0
-13.515745162963867,-13.57496166229248,0.059217050671577454,0.0,138.39246445972364,15360.0
-13.020062446594238,-13.07292652130127,0.05286633223295212,0.0,67.43336433910164,15360.0
-13.609675407409668,-13.668146133422852,0.05846744403243065,0.0,153.00958694174284,15360.0
-13.478696823120117,-13.535201072692871,0.05650504305958748,0.0,90.57906783290512,15360.0
-13.414801597595215,-13.47070598602295,0.05590362846851349,0.0,128.5015063308995,15360.0
-13.695572853088379,-13.751163482666016,0.05559173971414566,0.0,100.27977689913304,15360.0
-13.393705368041992,-13.451494216918945,0.05778927356004715,0.0,109.52083873954514,15360.0
-13.447186470031738,-13.505475997924805,0.05829126760363579,0.0,102.16777249302487,15360.0
-14.139697074890137,-14.197481155395508,0.05778387933969498,0.0,105.67301160910215,15360.0
-13.47745132446289,-13.533493995666504,0.05604374408721924,0.0,102.92165202977303,15360.0
-13.68157958984375,-13.736218452453613,0.05463731661438942,0.0,115.73422951386458,15360.0
-13.614688873291016,-13.671366691589355,0.05667729675769806,0.0,92.3669600408494,15360.0
-13.604185104370117,-13.661287307739258,0.05710027739405632,0.0,120.63893427234431,15360.0
-13.84481430053711,-13.899078369140625,0.05426541343331337,0.0,99.16572823699052,15360.0
-14.182562828063965,-14.23985481262207,0.05729023739695549,0.0,95.2868353789189,15360.0
-13.051854133605957,-13.108513832092285,0.05665978416800499,0.0,110.85829059785922,15360.0
-13.51102352142334,-13.56700611114502,0.055981531739234924,0.0,94.36158485847511,15360.0
-13.71277141571045,-13.771565437316895,0.058795057237148285,0.0,117.50640611260901,15360.0
-13.066136360168457,-13.1231107711792,0.05697552114725113,0.0,85.77874504351765,15360.0
-13.614452362060547,-13.674771308898926,0.060319043695926666,0.0,97.93472229444856,15360.0
-13.858121871948242,-13.911844253540039,0.05372451990842819,0.0,104.42475492483085,15360.0
-13.7957763671875,-13.854447364807129,0.05867297574877739,0.0,83.52798889759387,15360.0
-13.575549125671387,-13.626592636108398,0.05104722082614899,0.0,101.68529872909212,15360.0
-13.532581329345703,-13.58973217010498,0.05715242773294449,0.0,90.87500729681854,15360.0
-13.472044944763184,-13.525802612304688,0.053758732974529266,0.0,116.46583430171522,15360.0
-13.801743507385254,-13.854390144348145,0.052647147327661514,0.0,78.07060592943787,15360.0
-13.853192329406738,-13.903939247131348,0.05075208097696304,0.0,108.01480838305393,15360.0
-14.089178085327148,-14.145516395568848,0.05633579567074776,0.0,99.145218750428,15360.0
-13.512800216674805,-13.5656156539917,0.05281640961766243,0.0,103.51475506859833,15360.0
-13.523456573486328,-13.579435348510742,0.055979471653699875,0.0,111.76874260172981,15360.0
-13.606548309326172,-13.658829689025879,0.052284952253103256,0.0,91.29378479652748,15360.0
-13.375621795654297,-13.429325103759766,0.0537070706486702,0.0,137.53860097270558,15360.0
-14.14492416381836,-14.197488784790039,0.05256371572613716,0.0,87.1411930771423,15360.0
-12.959776878356934,-13.017489433288574,0.05771028250455856,0.0,139.94527565214813,15360.0
-13.208425521850586,-13.258682250976562,0.050254032015800476,0.0,91.12546039768273,15360.0
-13.428893089294434,-13.481892585754395,0.05300037935376167,0.0,139.64752010112306,15360.0
-13.370709419250488,-13.422842025756836,0.052134037017822266,0.0,117.8824687252653,15360.0
-13.30504322052002,-13.357771873474121,0.05272432044148445,0.0,122.71877143034843,15360.0
-14.102896690368652,-14.162109375,0.05921294167637825,0.0,115.51170561771337,15360.0
-13.438150405883789,-13.489171981811523,0.0510200597345829,0.0,117.21885096753579,15360.0
-13.546212196350098,-13.601853370666504,0.05563659220933914,0.0,114.19611191867389,15360.0
-13.623250007629395,-13.678498268127441,0.055249884724617004,0.0,115.90013570706977,15360.0
-14.184979438781738,-14.240105628967285,0.05512947589159012,0.0,108.16663254188448,15360.0
-13.411213874816895,-13.469437599182129,0.058223843574523926,0.0,136.96668748505766,15360.0
-13.618253707885742,-13.672703742980957,0.05445028468966484,0.0,107.83064321438785,15360.0
-13.459046363830566,-13.512253761291504,0.05320761725306511,0.0,121.93856522867725,15360.0
-13.524189949035645,-13.579670906066895,0.05548027530312538,0.0,125.90599900152523,15360.0
-13.855084419250488,-13.908651351928711,0.05356955528259277,0.0,106.34338541212477,15360.0
-13.775568008422852,-13.834138870239258,0.058573346585035324,0.0,105.64401942752016,15360.0
-13.82900619506836,-13.886234283447266,0.057228509336709976,0.0,103.78981732008248,15360.0
-13.451186180114746,-13.502565383911133,0.05137838050723076,0.0,83.29258338498947,15360.0
-13.980182647705078,-14.036515235900879,0.05633360892534256,0.0,73.13146304360615,15360.0
-13.572495460510254,-13.626482963562012,0.053991224616765976,0.0,93.05661772951943,15360.0
-14.028887748718262,-14.085062980651855,0.05617523193359375,0.0,68.65519013537197,15360.0
-13.47495174407959,-13.528922080993652,0.05397055298089981,0.0,99.21451444892503,15360.0
-13.753418922424316,-13.807565689086914,0.05414234846830368,0.0,88.40006798439157,15360.0
-13.560041427612305,-13.612918853759766,0.05287885665893555,0.0,113.7040057483855,15360.0
-14.074137687683105,-14.13129997253418,0.05716365948319435,0.0,77.54696038812774,15360.0
-13.856070518493652,-13.910833358764648,0.054767124354839325,0.0,129.9868356130006,15360.0
-13.581094741821289,-13.640278816223145,0.05918437987565994,0.0,111.7225769609603,15360.0
-13.78518295288086,-13.839871406555176,0.05468637868762016,0.0,68.21967659981979,15360.0
-13.786665916442871,-13.838601112365723,0.051936253905296326,0.0,113.62574793538192,15360.0
-13.759182929992676,-13.813727378845215,0.0545453317463398,0.0,77.27124898623984,15360.0
-14.272147178649902,-14.32421588897705,0.05207262933254242,0.0,117.76222998426321,15360.0
-13.723973274230957,-13.778889656066895,0.05491006374359131,0.0,116.65615968476227,15360.0
-13.959096908569336,-14.013547897338867,0.054448917508125305,0.0,130.9097736260308,15360.0
-13.993361473083496,-14.049837112426758,0.056475091725587845,0.0,129.2368166879639,15360.0
-13.313064575195312,-13.36746597290039,0.05440428480505943,0.0,118.55004424369453,15360.0
-14.001788139343262,-14.062422752380371,0.060635101050138474,0.0,88.51410688747235,15360.0
-13.16115951538086,-13.214193344116211,0.05303064361214638,0.0,122.9439311637133,15360.0
-13.773737907409668,-13.828235626220703,0.05449845269322395,0.0,88.41235685173588,15360.0
-13.603060722351074,-13.654202461242676,0.05114635080099106,0.0,103.29564636376728,15360.0
-14.312582969665527,-14.36406421661377,0.051478125154972076,0.0,86.18873914283927,15360.0
-13.672380447387695,-13.727880477905273,0.05549953877925873,0.0,105.02592924187854,15360.0
-13.940784454345703,-13.995479583740234,0.054691411554813385,0.0,101.23364067455596,15360.0
-14.15456771850586,-14.208395957946777,0.05382862314581871,0.0,112.89581074308471,15360.0
-13.796728134155273,-13.85118293762207,0.05445503443479538,0.0,69.84006912588275,15360.0
-13.8649320602417,-13.9160737991333,0.05114059895277023,0.0,98.90851896567918,15360.0
-14.033597946166992,-14.088988304138184,0.05539017170667648,0.0,108.505983705366,15360.0
-14.285146713256836,-14.335307121276855,0.050159845501184464,0.0,71.91500470192966,15360.0
-13.587522506713867,-13.645956039428711,0.058432985097169876,0.0,111.48089647956458,15360.0
-14.080986976623535,-14.13039493560791,0.04940570890903473,0.0,92.95578273182944,15360.0
-13.694348335266113,-13.75070571899414,0.05635986849665642,0.0,86.80511041588211,15360.0
-14.351502418518066,-14.402704238891602,0.05120278149843216,0.0,121.12753207951319,15360.0
-13.947632789611816,-14.00259017944336,0.05495590716600418,0.0,58.81379311890232,15360.0
-13.901856422424316,-13.95179271697998,0.049935441464185715,0.0,96.46466572825892,15360.0
-14.16778564453125,-14.221287727355957,0.05350259691476822,0.0,90.2327300884134,15360.0
-14.489964485168457,-14.539698600769043,0.049732107669115067,0.0,83.76019703157563,15360.0
-13.948339462280273,-14.005549430847168,0.05720572546124458,0.0,118.14471669909315,15360.0
-13.927373886108398,-13.979117393493652,0.05174199864268303,0.0,100.66671288669461,15360.0
-13.815011024475098,-13.87034797668457,0.05533784255385399,0.0,99.90778107758831,15360.0
-14.010628700256348,-14.062520980834961,0.05189286917448044,0.0,99.50492670007671,15360.0
-13.89436149597168,-13.949769020080566,0.05540509521961212,0.0,73.78087444263306,15360.0
-13.7087984085083,-13.758490562438965,0.04969295114278793,0.0,101.42273030373039,15360.0
-13.474542617797852,-13.526835441589355,0.052291564643383026,0.0,74.84082710135424,15360.0
-14.403834342956543,-14.452939987182617,0.049104996025562286,0.0,113.33625497545069,15360.0
-13.610200881958008,-13.668869018554688,0.05866848677396774,0.0,112.20251574293745,15360.0
-13.201459884643555,-13.256067276000977,0.054606735706329346,0.0,181.04255334436223,15360.0
-14.033398628234863,-14.0910062789917,0.057608798146247864,0.0,103.32317465434643,15360.0
-13.628641128540039,-13.679848670959473,0.05120363086462021,0.0,114.80537398645002,15360.0
-13.871000289916992,-13.926674842834473,0.05567421764135361,0.0,114.71157861896951,15360.0
-13.655766487121582,-13.706849098205566,0.05107817426323891,0.0,96.72565269155893,15360.0
-13.748438835144043,-13.802799224853516,0.054363202303647995,0.0,113.06284325379563,15360.0
-14.066774368286133,-14.118508338928223,0.05173082649707794,0.0,101.35541641357185,15360.0
-13.896963119506836,-13.951295852661133,0.05433217063546181,0.0,111.9580604258531,15360.0
-13.746171951293945,-13.800107955932617,0.05393962934613228,0.0,97.2156969500375,15360.0
-13.834925651550293,-13.889429092407227,0.054504383355379105,0.0,92.33159292138716,15360.0
-14.273844718933105,-14.33016300201416,0.05632229521870613,0.0,70.8842672941397,15360.0
-14.347111701965332,-14.402341842651367,0.05523031949996948,0.0,105.89831490294357,15360.0
-13.753401756286621,-13.805890083312988,0.05248940736055374,0.0,77.87661144199048,15360.0
-14.274478912353516,-14.331494331359863,0.05701449140906334,0.0,89.76253184355866,15360.0
-14.246231079101562,-14.30120849609375,0.05497865378856659,0.0,100.3248845303767,15360.0
-14.145806312561035,-14.20732593536377,0.06151755526661873,0.0,99.675538499294,15360.0
-14.447920799255371,-14.506574630737305,0.0586509108543396,0.0,76.72874644572508,15360.0
-14.300201416015625,-14.355507850646973,0.055305030196905136,0.0,95.41636098937045,15360.0
-13.59049129486084,-13.64864730834961,0.05815351381897926,0.0,84.36822304845843,15360.0
-13.931071281433105,-13.98628044128418,0.05521438270807266,0.0,111.34069294929945,15360.0
-13.721187591552734,-13.772149085998535,0.050962623208761215,0.0,85.67468071257647,15360.0
-14.126729011535645,-14.177871704101562,0.0511411651968956,0.0,94.03080352269373,15360.0
-14.594145774841309,-14.645853996276855,0.051710788160562515,0.0,91.76830998401918,15360.0
-14.209230422973633,-14.26330280303955,0.05406791716814041,0.0,98.0339744182917,15360.0
-14.123088836669922,-14.179534912109375,0.056440457701683044,0.0,97.58427870348598,15360.0
-13.555693626403809,-13.607234001159668,0.05153892561793327,0.0,142.22563599494043,15360.0
-14.057734489440918,-14.109883308410645,0.05215199664235115,0.0,121.72878481619014,15360.0
-13.987956047058105,-14.037476539611816,0.04951987415552139,0.0,88.35880567334844,15360.0
-13.973610877990723,-14.024923324584961,0.05130709335207939,0.0,142.11973234268348,15360.0
-14.281542778015137,-14.332141876220703,0.050599854439496994,0.0,77.18824091673687,15360.0
-14.19077205657959,-14.243247032165527,0.05247525870800018,0.0,113.21120507343839,15360.0
-14.103900909423828,-14.15433120727539,0.05042848363518715,0.0,96.71167607119499,15360.0
-14.204498291015625,-14.254483222961426,0.049986258149147034,0.0,81.11066970964272,15360.0
-14.302667617797852,-14.352953910827637,0.05029160901904106,0.0,105.73047380864027,15360.0
-13.933388710021973,-13.9839506149292,0.05056292191147804,0.0,75.25268090182705,15360.0
-14.213090896606445,-14.261452674865723,0.048359550535678864,0.0,86.60560517941616,15360.0
-14.428229331970215,-14.476530075073242,0.04830097407102585,0.0,73.55898513917167,15360.0
-14.373995780944824,-14.423775672912598,0.04978085309267044,0.0,57.52414701542113,15360.0
-13.72360897064209,-13.77165699005127,0.04804564639925957,0.0,74.48357153734922,15360.0
-14.170685768127441,-14.222641944885254,0.05195740610361099,0.0,58.29866446628669,15360.0
-14.220284461975098,-14.268872261047363,0.04859001934528351,0.0,75.5121694557897,15360.0
-14.470587730407715,-14.523695945739746,0.05310587212443352,0.0,77.1258236023103,15360.0
-14.63680362701416,-14.68448543548584,0.047683123499155045,0.0,76.25607230328642,15360.0
-13.963175773620605,-14.012205123901367,0.04902989789843559,0.0,84.93309414183537,15360.0
-14.47964859008789,-14.529770851135254,0.05012248083949089,0.0,86.20780945378048,15360.0
-14.409161567687988,-14.459940910339355,0.05077877268195152,0.0,100.26034834097585,15360.0
-14.492267608642578,-14.545774459838867,0.05350701883435249,0.0,73.37396287789247,15360.0
-14.542474746704102,-14.59675121307373,0.054276809096336365,0.0,87.32183726528204,15360.0
-14.557249069213867,-14.609746932983398,0.05249948427081108,0.0,67.91085497505603,15360.0
-14.477189064025879,-14.528647422790527,0.0514565147459507,0.0,93.15600989076134,15360.0
-14.397711753845215,-14.44571590423584,0.04800485074520111,0.0,56.5721839007845,15360.0
-14.221363067626953,-14.272623062133789,0.0512569323182106,0.0,87.20784491792404,15360.0
-14.181380271911621,-14.236546516418457,0.05516333132982254,0.0,59.62298795313161,15360.0
-13.767467498779297,-13.81663703918457,0.049170732498168945,0.0,85.33566310148312,15360.0
-14.464071273803711,-14.516402244567871,0.052328113466501236,0.0,64.55135153759538,15360.0
-14.307535171508789,-14.360182762145996,0.05264437198638916,0.0,89.77924520007163,15360.0
-14.3996000289917,-14.454989433288574,0.05538761243224144,0.0,58.72771861419524,15360.0
-14.645126342773438,-14.69783878326416,0.05271495133638382,0.0,89.92875009082934,15360.0
-14.498503684997559,-14.550251960754395,0.05174679681658745,0.0,77.542844632776,15360.0
-14.47091293334961,-14.520191192626953,0.049282465130090714,0.0,67.00336165955908,15360.0
-13.994141578674316,-14.050119400024414,0.05598052963614464,0.0,58.6746970585288,15360.0
-13.64298152923584,-13.695408821105957,0.052428655326366425,0.0,77.10914461254755,15360.0
-13.880589485168457,-13.932924270629883,0.052331991493701935,0.0,81.06063724769328,15360.0
-14.303757667541504,-14.3551607131958,0.05140061676502228,0.0,97.94673148682328,15360.0
-14.52857780456543,-14.580673217773438,0.052094172686338425,0.0,64.24992288370424,15360.0
-14.607419967651367,-14.657309532165527,0.04989015683531761,0.0,95.73638787176596,15360.0
-14.478572845458984,-14.528172492980957,0.049597881734371185,0.0,107.16884781380809,15360.0
-14.603184700012207,-14.65563678741455,0.05244888737797737,0.0,76.41151746810408,15360.0
-14.56137466430664,-14.618159294128418,0.056781232357025146,0.0,77.15468734671524,15360.0
-14.40188980102539,-14.458090782165527,0.0562010183930397,0.0,93.4120484719734,15360.0
-14.611318588256836,-14.665310859680176,0.05399736389517784,0.0,86.07051605953602,15360.0
-14.157668113708496,-14.207512855529785,0.04984365031123161,0.0,74.40148933270495,15360.0
-14.058445930480957,-14.112672805786133,0.054227277636528015,0.0,86.7847780988286,15360.0
-14.683030128479004,-14.733067512512207,0.05003919079899788,0.0,94.94929524678759,15360.0
-14.410201072692871,-14.460074424743652,0.04987161606550217,0.0,91.91130288529438,15360.0
-14.103501319885254,-14.158488273620605,0.05499139800667763,0.0,100.50525398976602,15360.0
-14.6476411819458,-14.699798583984375,0.05215834826231003,0.0,80.63564363123433,15360.0
-14.413763999938965,-14.466157913208008,0.05239482596516609,0.0,91.89858787893549,15360.0
-14.392714500427246,-14.446930885314941,0.05421550199389458,0.0,107.5144777097524,15360.0
-14.114458084106445,-14.166871070861816,0.052410006523132324,0.0,72.73025547589562,15360.0
-13.827719688415527,-13.88013744354248,0.05241844430565834,0.0,118.91747939000389,15360.0
-14.457839965820312,-14.509187698364258,0.05134552717208862,0.0,100.65299804535431,15360.0
-14.388413429260254,-14.443035125732422,0.05462156608700752,0.0,98.21570004524285,15360.0
-14.291616439819336,-14.34240436553955,0.05078812688589096,0.0,89.26609105307281,15360.0
-14.364490509033203,-14.415823936462402,0.05133182927966118,0.0,73.01926289074197,15360.0
-14.516202926635742,-14.569897651672363,0.05369554087519646,0.0,95.44059418817378,15360.0
-14.925646781921387,-14.976385116577148,0.05074417591094971,0.0,81.67417847170486,15360.0
-14.065874099731445,-14.125199317932129,0.05932836979627609,0.0,120.04952626935537,15360.0
-13.842952728271484,-13.8966646194458,0.05371439456939697,0.0,127.54235278107413,15360.0
-14.12057876586914,-14.17385482788086,0.053274933248758316,0.0,75.81526551997894,15360.0
-14.206250190734863,-14.257780075073242,0.05153106525540352,0.0,80.03214048909793,15360.0
-14.56913948059082,-14.622766494750977,0.05362926051020622,0.0,94.4588750680108,15360.0
-13.963176727294922,-14.01391315460205,0.05074048414826393,0.0,83.04340244913585,15360.0
-14.249789237976074,-14.301977157592773,0.052188098430633545,0.0,105.24661690304471,15360.0
-14.540411949157715,-14.593047142028809,0.052630748599767685,0.0,84.42778307790978,15360.0
-14.247817039489746,-14.299818992614746,0.0520036481320858,0.0,83.46910687211434,15360.0
-14.863668441772461,-14.920842170715332,0.057169314473867416,0.0,102.76103518956967,15360.0
-14.395784378051758,-14.452413558959961,0.05662745237350464,0.0,132.8142355634233,15360.0
-13.746397018432617,-13.7991943359375,0.05279994010925293,0.0,84.76188141077675,15360.0
-13.893649101257324,-13.946335792541504,0.05268552154302597,0.0,104.1526306076538,15360.0
-14.301036834716797,-14.354470252990723,0.05343180522322655,0.0,83.6449556578113,15360.0
-14.372668266296387,-14.421204566955566,0.0485353022813797,0.0,109.04722265834876,15360.0
-13.826212882995605,-13.878406524658203,0.052195269614458084,0.0,105.3879381226683,15360.0
-14.157022476196289,-14.215579986572266,0.05856021121144295,0.0,121.91790492278908,15360.0
-14.57283878326416,-14.630881309509277,0.058040801435709,0.0,131.31103596440207,15360.0
-13.980437278747559,-14.036676406860352,0.0562400221824646,0.0,92.16265273403995,15360.0
-14.206250190734863,-14.261078834533691,0.05483401194214821,0.0,120.57497857042554,15360.0
-14.10256290435791,-14.158429145812988,0.05586675554513931,0.0,95.23751030943947,15360.0
-13.929288864135742,-13.981099128723145,0.05180994048714638,0.0,97.28161443607343,15360.0
-14.244532585144043,-14.294475555419922,0.049941468983888626,0.0,96.97717680019201,15360.0
-13.666403770446777,-13.720111846923828,0.053707778453826904,0.0,95.97063249846144,15360.0
-14.547307014465332,-14.603581428527832,0.05627170577645302,0.0,109.98366428297238,15360.0
-13.886850357055664,-13.940067291259766,0.05321548134088516,0.0,114.92083060097268,15360.0
-14.100201606750488,-14.1568603515625,0.056660253554582596,0.0,137.7223545670908,15360.0
-14.190756797790527,-14.247408866882324,0.05665131285786629,0.0,91.76092463321959,15360.0
-14.17103385925293,-14.226102828979492,0.05507006123661995,0.0,106.14681338480489,15360.0
-14.378582000732422,-14.433523178100586,0.054944396018981934,0.0,120.885001578705,15360.0
-13.792932510375977,-13.848398208618164,0.05546493083238602,0.0,122.92914779506722,15360.0
-14.299168586730957,-14.352425575256348,0.05325494334101677,0.0,120.51384855858355,15360.0
-14.438288688659668,-14.494080543518066,0.055790014564991,0.0,81.08672694622997,15360.0
-13.728803634643555,-13.783756256103516,0.054954010993242264,0.0,108.9574941955874,15360.0
-14.458272933959961,-14.510717391967773,0.052444927394390106,0.0,77.9664733715231,15360.0
-14.409709930419922,-14.465999603271484,0.056292638182640076,0.0,102.50309584732045,15360.0
-13.962139129638672,-14.020812034606934,0.05867333710193634,0.0,119.31461559300007,15360.0
-14.03288745880127,-14.088383674621582,0.05549914017319679,0.0,110.24951203786561,15360.0
-13.958942413330078,-14.015222549438477,0.056281112134456635,0.0,154.3184972197641,15360.0
-13.865548133850098,-13.918684959411621,0.0531393401324749,0.0,105.53809749633164,15360.0
-14.349837303161621,-14.39832878112793,0.04849284514784813,0.0,100.9340768475096,15360.0
-14.237561225891113,-14.287039756774902,0.04947679117321968,0.0,100.61292769419491,15360.0
-14.046863555908203,-14.10003662109375,0.05317562073469162,0.0,99.45668030019773,15360.0
-14.015397071838379,-14.066767692565918,0.051368288695812225,0.0,116.90930142642463,15360.0
-14.44397258758545,-14.498330116271973,0.05435577780008316,0.0,97.84574460524318,15360.0
-14.367356300354004,-14.418951034545898,0.05159105733036995,0.0,129.21335284255287,15360.0
-13.834916114807129,-13.889629364013672,0.054716188460588455,0.0,133.63713103816318,15360.0
-14.11662769317627,-14.16689682006836,0.05026812478899956,0.0,94.32987054496456,15360.0
-14.330856323242188,-14.380109786987305,0.04925459623336792,0.0,109.84955553786524,15360.0
-14.468052864074707,-14.517152786254883,0.04909972846508026,0.0,87.06374076186037,15360.0
-14.361481666564941,-14.414091110229492,0.05260424315929413,0.0,126.52931406051579,15360.0
-14.512401580810547,-14.5604887008667,0.04808755964040756,0.0,109.85286925627254,15360.0
-14.415925025939941,-14.465981483459473,0.05005515366792679,0.0,112.35173809441615,15360.0
-14.327282905578613,-14.37936019897461,0.05207690969109535,0.0,115.69377378250027,15360.0
-14.276835441589355,-14.327923774719238,0.05108575522899628,0.0,77.10328969540826,15360.0
-13.973250389099121,-14.01926326751709,0.046016525477170944,0.0,116.45707679523719,15360.0
-14.576742172241211,-14.62640380859375,0.04966067522764206,0.0,96.02504697120388,15360.0
-14.304770469665527,-14.349979400634766,0.045213378965854645,0.0,105.45326433900016,15360.0
-14.57516098022461,-14.625223159790039,0.05006273463368416,0.0,141.0978682764804,15360.0
-14.303850173950195,-14.353922843933105,0.05007654428482056,0.0,73.70858542592235,15360.0
-14.433659553527832,-14.484254837036133,0.05059414356946945,0.0,95.19860436118996,15360.0
-14.262015342712402,-14.309110641479492,0.04709562286734581,0.0,99.80693844153545,15360.0
-14.254483222961426,-14.309699058532715,0.055218636989593506,0.0,138.494430780829,15360.0
-14.278203964233398,-14.330903053283691,0.05269636958837509,0.0,109.35917312442315,15360.0
-14.719043731689453,-14.768486976623535,0.04943833872675896,0.0,96.62364779311547,15360.0
-13.885791778564453,-13.933293342590332,0.04750441759824753,0.0,131.16332855802585,15360.0
-13.98316764831543,-14.033072471618652,0.04990430921316147,0.0,120.40395385424677,15360.0
-14.363672256469727,-14.41321086883545,0.04953843355178833,0.0,84.19611545159137,15360.0
-14.88591480255127,-14.935867309570312,0.04994703456759453,0.0,79.49328283297885,15360.0
-14.297554969787598,-14.34520435333252,0.04765267297625542,0.0,89.89805627847882,15360.0
-13.985856056213379,-14.041333198547363,0.05547376722097397,0.0,85.78106324301044,15360.0
-14.465777397155762,-14.51874828338623,0.05296552553772926,0.0,105.39086030976743,15360.0
-14.290314674377441,-14.335611343383789,0.04529312998056412,0.0,89.48809622303314,15360.0
-14.446112632751465,-14.49566650390625,0.049553513526916504,0.0,115.19653663422737,15360.0
-14.7590970993042,-14.812448501586914,0.05334879830479622,0.0,82.38253525398781,15360.0
-14.90986156463623,-14.957733154296875,0.04787434637546539,0.0,107.16602023119981,15360.0
-14.968209266662598,-15.016283988952637,0.04807327687740326,0.0,105.58986970175776,15360.0
-14.649106979370117,-14.701505661010742,0.05239581689238548,0.0,104.38959734262805,15360.0
-14.863959312438965,-14.912308692932129,0.04834828898310661,0.0,76.9898393048324,15360.0
-14.436545372009277,-14.485234260559082,0.048686347901821136,0.0,98.0961694402749,15360.0
-14.579554557800293,-14.628475189208984,0.04892176762223244,0.0,87.04421354911769,15360.0
-14.864276885986328,-14.915472984313965,0.05119564011693001,0.0,126.36728041840671,15360.0
-14.449747085571289,-14.496946334838867,0.04719860479235649,0.0,87.99058577661717,15360.0
-15.087662696838379,-15.13661003112793,0.048946719616651535,0.0,90.44001053398101,15360.0
-14.27751350402832,-14.327518463134766,0.05000301077961922,0.0,144.69741934808002,15360.0
-14.169099807739258,-14.220785140991211,0.051683682948350906,0.0,133.64013931910713,15360.0
-14.5990629196167,-14.648138999938965,0.049077607691287994,0.0,96.67091425752,15360.0
-14.9014310836792,-14.948395729064941,0.0469663105905056,0.0,109.20184205471729,15360.0
-14.629680633544922,-14.676787376403809,0.04710538685321808,0.0,85.75675798885207,15360.0
-14.924905776977539,-14.97496223449707,0.05005909502506256,0.0,98.38606637165249,15360.0
-14.431313514709473,-14.48089599609375,0.04958153888583183,0.0,116.06171189381625,15360.0
-14.848796844482422,-14.899291038513184,0.05049709975719452,0.0,106.55729925178629,15360.0
-14.699750900268555,-14.744821548461914,0.04507352039217949,0.0,104.15795760446223,15360.0
-14.804585456848145,-14.853748321533203,0.049161024391651154,0.0,129.9703933581254,15360.0
-15.058415412902832,-15.110472679138184,0.0520525798201561,0.0,154.83199201752583,15360.0
-14.450764656066895,-14.501224517822266,0.05045522749423981,0.0,157.56878132867578,15360.0
-14.160563468933105,-14.20763111114502,0.04707043617963791,0.0,131.9474827975172,15360.0
-14.684712409973145,-14.733444213867188,0.048729315400123596,0.0,125.97789669946891,15360.0
-14.200582504272461,-14.249475479125977,0.04889257252216339,0.0,106.9900545856803,15360.0
-14.543353080749512,-14.593061447143555,0.049710873514413834,0.0,111.36861516696617,15360.0
-14.070660591125488,-14.123106002807617,0.05244350805878639,0.0,112.02535037480364,15360.0
-14.728890419006348,-14.784915924072266,0.05602366104722023,0.0,135.08667792331437,15360.0
-14.520800590515137,-14.572314262390137,0.05151152238249779,0.0,62.22777815789586,15360.0
-14.05803108215332,-14.107666969299316,0.04963399097323418,0.0,107.9556157384837,15360.0
-14.654450416564941,-14.708609580993652,0.05415928736329079,0.0,70.8445097081009,15360.0
-14.639842987060547,-14.689787864685059,0.049946364015340805,0.0,104.2506171896765,15360.0
-14.948948860168457,-15.001435279846191,0.05248696357011795,0.0,87.00696255235952,15360.0
-14.38792610168457,-14.439593315124512,0.05166920647025108,0.0,88.96500215877221,15360.0
-15.182826042175293,-15.232842445373535,0.05001712962985039,0.0,97.36137881978755,15360.0
-14.527432441711426,-14.575103759765625,0.047668494284152985,0.0,96.6438496398926,15360.0
-14.971396446228027,-15.02182674407959,0.050432439893484116,0.0,70.18157960304605,15360.0
-14.787433624267578,-14.835386276245117,0.04795331880450249,0.0,96.55772160951315,15360.0
-14.956059455871582,-15.006414413452148,0.05035199970006943,0.0,76.96199507952296,15360.0
-14.191266059875488,-14.236886978149414,0.0456189326941967,0.0,99.18596864553807,15360.0
-15.07898235321045,-15.128270149230957,0.04928814619779587,0.0,84.33855463888499,15360.0
-14.743926048278809,-14.795926094055176,0.05199524015188217,0.0,109.78870933449701,15360.0
-14.901280403137207,-14.946234703063965,0.044954814016819,0.0,106.0302937502011,15360.0
-14.644535064697266,-14.69747543334961,0.05294099822640419,0.0,97.74679928268635,15360.0
-14.694276809692383,-14.740362167358398,0.046081461012363434,0.0,110.95071156308266,15360.0
-15.220845222473145,-15.270365715026855,0.04951957240700722,0.0,101.90263446091883,15360.0
-14.685517311096191,-14.736210823059082,0.050692565739154816,0.0,109.44980671644645,15360.0
-14.203155517578125,-14.25200080871582,0.048844825476408005,0.0,132.02561308423608,15360.0
-14.260668754577637,-14.311697006225586,0.051029931753873825,0.0,128.10506746010978,15360.0
-14.607352256774902,-14.660273551940918,0.05292282998561859,0.0,160.29617263219893,15360.0
-14.642654418945312,-14.696471214294434,0.05381666496396065,0.0,101.71926029500104,15360.0
-13.936144828796387,-13.985551834106445,0.049406103789806366,0.0,166.11631034428163,15360.0
-14.23973560333252,-14.289383888244629,0.04964756220579147,0.0,109.8414934277028,15360.0
-14.779406547546387,-14.827635765075684,0.048230692744255066,0.0,147.05097411399126,15360.0
-14.979873657226562,-15.027997016906738,0.048124488443136215,0.0,90.01851272616697,15360.0
-14.820834159851074,-14.870559692382812,0.049726564437150955,0.0,126.08654168988446,15360.0
-14.471851348876953,-14.526127815246582,0.054275862872600555,0.0,103.95055204353353,15360.0
-15.038250923156738,-15.092713356018066,0.05446362867951393,0.0,113.93786383781166,15360.0
-14.682713508605957,-14.735198020935059,0.05248689651489258,0.0,97.22244844441049,15360.0
-14.874990463256836,-14.929143905639648,0.05415382608771324,0.0,96.03541334629213,15360.0
-15.346354484558105,-15.39714527130127,0.050790004432201385,0.0,100.66506976388278,15360.0
-14.512255668640137,-14.568671226501465,0.05641595646739006,0.0,128.17423265816078,15360.0
-14.691954612731934,-14.74024772644043,0.048295892775058746,0.0,64.25233568332322,15360.0
-14.60912799835205,-14.659865379333496,0.050737787038087845,0.0,99.59187654186572,15360.0
-14.424193382263184,-14.473732948303223,0.04953770712018013,0.0,116.99896597830976,15360.0
-14.522150039672852,-14.57752513885498,0.05537629872560501,0.0,143.79532945957843,15360.0
-14.680282592773438,-14.731143951416016,0.050859853625297546,0.0,87.89796835834923,15360.0
-15.104046821594238,-15.155405044555664,0.051357630640268326,0.0,140.48211290456348,15360.0
-14.79143238067627,-14.841564178466797,0.05012870952486992,0.0,94.11849463213697,15360.0
-14.88223934173584,-14.939509391784668,0.05726899951696396,0.0,123.84974838499164,15360.0
-14.782323837280273,-14.834479331970215,0.052158817648887634,0.0,134.526826927404,15360.0
-14.972515106201172,-15.028609275817871,0.056094471365213394,0.0,84.81763182038766,15360.0
-14.900450706481934,-14.953445434570312,0.052998222410678864,0.0,129.91904652271478,15360.0
-14.906905174255371,-14.961684226989746,0.05477534234523773,0.0,71.95532978620881,15360.0
-14.495019912719727,-14.544147491455078,0.04912947863340378,0.0,90.37639186916776,15360.0
-15.016329765319824,-15.06993579864502,0.053606145083904266,0.0,82.62209292117934,15360.0
-15.007493019104004,-15.055781364440918,0.04828396812081337,0.0,74.21189412441844,15360.0
-14.784750938415527,-14.837189674377441,0.052436713129282,0.0,86.19478785189573,15360.0
-15.460134506225586,-15.511637687683105,0.05150127410888672,0.0,119.50231742864727,15360.0
-14.99687671661377,-15.050911903381348,0.05403498187661171,0.0,104.0896897635416,15360.0
-14.88630485534668,-14.935123443603516,0.048819564282894135,0.0,99.35867651946478,15360.0
-15.072234153747559,-15.120988845825195,0.0487554706633091,0.0,61.020975955481504,15360.0
-14.85330581665039,-14.903398513793945,0.050091709941625595,0.0,77.58897459849167,15360.0
-15.277217864990234,-15.325711250305176,0.04849052429199219,0.0,88.076847358578,15360.0
-15.12656021118164,-15.179889678955078,0.05333136022090912,0.0,77.628653199277,15360.0
-15.29881477355957,-15.346034049987793,0.04722016677260399,0.0,76.86541083612508,15360.0
-15.41553020477295,-15.462100982666016,0.04657313600182533,0.0,66.96443626481934,15360.0
-15.28585147857666,-15.333160400390625,0.04731018468737602,0.0,64.35708851268609,15360.0
-14.803669929504395,-14.85181999206543,0.048149045556783676,0.0,90.13255372711438,15360.0
-15.221202850341797,-15.268645286560059,0.047444023191928864,0.0,85.12639332709956,15360.0
-15.353619575500488,-15.40086555480957,0.047244276851415634,0.0,65.63981106609823,15360.0
-15.17527961730957,-15.22219467163086,0.04691649228334427,0.0,101.98710581641883,15360.0
-15.884434700012207,-15.93620777130127,0.05177018791437149,0.0,86.92654138065157,15360.0
-15.560334205627441,-15.6110200881958,0.050684042274951935,0.0,59.66715130453394,15360.0
-15.324277877807617,-15.37578296661377,0.05150637403130531,0.0,105.99951400089863,15360.0
-14.966004371643066,-15.013968467712402,0.04796094074845314,0.0,95.92405085463456,15360.0
-15.618572235107422,-15.665932655334473,0.047359976917505264,0.0,67.44438204918875,15360.0
-14.432665824890137,-14.481523513793945,0.04885697737336159,0.0,94.69632798101857,15360.0
-14.921616554260254,-14.964763641357422,0.04314582049846649,0.0,91.17063063476473,15360.0
-15.454668998718262,-15.503803253173828,0.04913231357932091,0.0,142.15733640698568,15360.0
-15.195829391479492,-15.248979568481445,0.05314687266945839,0.0,112.77185470662171,15360.0
-14.75974178314209,-14.810009002685547,0.05026952549815178,0.0,94.44051907966589,15360.0
-15.427338600158691,-15.483514785766602,0.05617428198456764,0.0,83.49991361743321,15360.0
-14.877394676208496,-14.926011085510254,0.04862048849463463,0.0,79.05165563629758,15360.0
-15.630868911743164,-15.681833267211914,0.0509658083319664,0.0,83.22764064125069,15360.0
-15.564468383789062,-15.614798545837402,0.05032385513186455,0.0,102.30581275296841,15360.0
-15.313261032104492,-15.363811492919922,0.05055023729801178,0.0,60.3017631139498,15360.0
-15.5300874710083,-15.5767183303833,0.04663178697228432,0.0,54.655276158391125,15360.0
-14.89539623260498,-14.939764976501465,0.04437342658638954,0.0,71.49329335871411,15360.0
-15.752392768859863,-15.79948616027832,0.04709426313638687,0.0,73.47281410283199,15360.0
-15.52872371673584,-15.575498580932617,0.04677356779575348,0.0,78.14725158027545,15360.0
-14.903532028198242,-14.950236320495605,0.046701010316610336,0.0,69.41662859545953,15360.0
-15.059398651123047,-15.106280326843262,0.04688568040728569,0.0,105.39068935010985,15360.0
-15.274016380310059,-15.319086074829102,0.04507165774703026,0.0,108.84966288055092,15360.0
-15.19773006439209,-15.24273681640625,0.04500902071595192,0.0,91.82855961334087,15360.0
-15.551118850708008,-15.59520149230957,0.04408210143446922,0.0,94.4651417528235,15360.0
-15.055386543273926,-15.104567527770996,0.04917875677347183,0.0,98.55109813153369,15360.0
-15.15227222442627,-15.200826644897461,0.04855521023273468,0.0,95.96251105315169,15360.0
-15.00068473815918,-15.050755500793457,0.05007186904549599,0.0,120.72656491731126,15360.0
-14.39445972442627,-14.443344116210938,0.04888330027461052,0.0,128.30607779831385,15360.0
-15.042183876037598,-15.087384223937988,0.0452023521065712,0.0,113.96299566495138,15360.0
-15.1759614944458,-15.22289752960205,0.04693659394979477,0.0,80.9974903704851,15360.0
-14.49897289276123,-14.547541618347168,0.04856842756271362,0.0,154.43664904232878,15360.0
-14.907958984375,-14.955042839050293,0.047083839774131775,0.0,89.59316496037063,15360.0
-15.490316390991211,-15.535061836242676,0.04474462941288948,0.0,130.1538054161327,15360.0
-14.639812469482422,-14.689834594726562,0.05002353712916374,0.0,101.1370899634957,15360.0
-15.00514030456543,-15.060014724731445,0.05487145110964775,0.0,123.58424716556341,15360.0
-15.06978988647461,-15.122681617736816,0.05289282277226448,0.0,110.7604701129254,15360.0
-15.523824691772461,-15.56834602355957,0.044521547853946686,0.0,103.81249945133064,15360.0
-14.898158073425293,-14.947226524353027,0.049066077917814255,0.0,96.81854043203217,15360.0
-14.81469440460205,-14.861823081970215,0.0471268929541111,0.0,112.73570802880667,15360.0
-14.77488899230957,-14.82276439666748,0.04787351191043854,0.0,89.24886580857397,15360.0
-15.262724876403809,-15.308572769165039,0.045848216861486435,0.0,73.5301652443504,15360.0
-15.32678508758545,-15.372051239013672,0.04526552930474281,0.0,98.23463573284121,15360.0
-14.9501953125,-14.999155044555664,0.0489613376557827,0.0,77.87262460754872,15360.0
-15.413296699523926,-15.466290473937988,0.05299532786011696,0.0,101.40052724680649,15360.0
-14.936657905578613,-14.987133979797363,0.05048010125756264,0.0,87.35897879069695,15360.0
-15.402785301208496,-15.44979476928711,0.047009266912937164,0.0,123.78512874320812,15360.0
-15.274503707885742,-15.323749542236328,0.04924570024013519,0.0,82.38328282060183,15360.0
-14.599746704101562,-14.650540351867676,0.050792574882507324,0.0,98.39467714251347,15360.0
-14.858282089233398,-14.905203819274902,0.046920403838157654,0.0,99.45258743174679,15360.0
-14.86481761932373,-14.910870552062988,0.04605375975370407,0.0,103.67803232550341,15360.0
-15.22120189666748,-15.27096176147461,0.04976470768451691,0.0,82.76677147838465,15360.0
-15.718049049377441,-15.766006469726562,0.047952428460121155,0.0,72.72472048931503,15360.0
-14.962873458862305,-15.00773811340332,0.044868938624858856,0.0,91.50990491592454,15360.0
-15.317037582397461,-15.361842155456543,0.044804226607084274,0.0,91.14989032456114,15360.0
-15.387681007385254,-15.43441104888916,0.046726323664188385,0.0,76.48391606702725,15360.0
-15.276979446411133,-15.324641227722168,0.04766147583723068,0.0,82.39835094940327,15360.0
-15.092462539672852,-15.140439987182617,0.04797779396176338,0.0,84.17354035060498,15360.0
-15.396008491516113,-15.446666717529297,0.050654519349336624,0.0,107.8973633607178,15360.0
-15.507569313049316,-15.5582275390625,0.05065528303384781,0.0,97.13654854638662,15360.0
-15.848113059997559,-15.90246868133545,0.05435996130108833,0.0,93.22121848012137,15360.0
-15.952670097351074,-16.001060485839844,0.04839092493057251,0.0,76.85658692570013,15360.0
-15.69764232635498,-15.74313735961914,0.045497436076402664,0.0,84.08735598329291,15360.0
-14.910934448242188,-14.95811653137207,0.047181155532598495,0.0,82.18624341071586,15360.0
-14.810799598693848,-14.858927726745605,0.04812604933977127,0.0,84.17946744213515,15360.0
-15.344446182250977,-15.393486976623535,0.0490378811955452,0.0,82.44235282565818,15360.0
-15.546077728271484,-15.595478057861328,0.049395833164453506,0.0,97.59485077021863,15360.0
-15.539507865905762,-15.586217880249023,0.04670851305127144,0.0,96.69654037040937,15360.0
-15.181001663208008,-15.226761817932129,0.0457579642534256,0.0,78.10357868070247,15360.0
-15.01427936553955,-15.063348770141602,0.049072589725255966,0.0,96.2078740997138,15360.0
-15.825411796569824,-15.875866889953613,0.050452232360839844,0.0,89.03446655775346,15360.0
-15.133402824401855,-15.183910369873047,0.05050821974873543,0.0,63.2911773606076,15360.0
-15.42780590057373,-15.478015899658203,0.05021141842007637,0.0,89.1317029435994,15360.0
-15.350831985473633,-15.396450996398926,0.045621760189533234,0.0,84.22437710641353,15360.0
-15.183083534240723,-15.231857299804688,0.04877912253141403,0.0,67.44892563028795,15360.0
-15.494343757629395,-15.541763305664062,0.047419674694538116,0.0,99.61629641603638,15360.0
-15.500577926635742,-15.548766136169434,0.04818807169795036,0.0,96.34562437377846,15360.0
-15.51318645477295,-15.563300132751465,0.050116267055273056,0.0,88.50227955887263,15360.0
-15.414751052856445,-15.459362983703613,0.044612396508455276,0.0,82.98590327252377,15360.0
-15.793757438659668,-15.84235954284668,0.04860579967498779,0.0,90.20795864795699,15360.0
-15.276819229125977,-15.326340675354004,0.049517739564180374,0.0,118.91700400928848,15360.0
-15.1604585647583,-15.206961631774902,0.0465020053088665,0.0,78.67630547686618,15360.0
-15.446523666381836,-15.49152660369873,0.04500489681959152,0.0,62.08202841929468,15360.0
-15.349621772766113,-15.396658897399902,0.04703778028488159,0.0,78.71602932254363,15360.0
-15.127881050109863,-15.174333572387695,0.04645141214132309,0.0,71.34417835690816,15360.0
-15.513242721557617,-15.56039810180664,0.04715609923005104,0.0,89.49272037291544,15360.0
-15.754124641418457,-15.801607131958008,0.04748668149113655,0.0,78.97888080337069,15360.0
-15.378217697143555,-15.421676635742188,0.04346250370144844,0.0,68.64270715055623,15360.0
-15.165533065795898,-15.211225509643555,0.045691702514886856,0.0,73.11463425044124,15360.0
-15.455363273620605,-15.49933910369873,0.04397722706198692,0.0,59.83118370654483,15360.0
-15.239699363708496,-15.282913208007812,0.0432172454893589,0.0,62.362956583085634,15360.0
-15.605835914611816,-15.648940086364746,0.0431024543941021,0.0,65.5828859370983,15360.0
-15.475828170776367,-15.520112037658691,0.044287070631980896,0.0,88.30372996384231,15360.0
-15.69511890411377,-15.746320724487305,0.05120151489973068,0.0,93.85263246389309,15360.0
-15.856048583984375,-15.902831077575684,0.04678088426589966,0.0,78.00824742372062,15360.0
-15.251206398010254,-15.296035766601562,0.044828929007053375,0.0,75.61489359261937,15360.0
-15.413176536560059,-15.459650993347168,0.04647548124194145,0.0,101.36901874294175,15360.0
-15.249444961547852,-15.297185897827148,0.04773915186524391,0.0,88.83672133562001,15360.0
-15.073633193969727,-15.120746612548828,0.04711533337831497,0.0,110.16545970304783,15360.0
-15.63154411315918,-15.682674407958984,0.051128875464200974,0.0,85.23451478855529,15360.0
-15.318426132202148,-15.369396209716797,0.05096905305981636,0.0,115.02699706588974,15360.0
-15.605985641479492,-15.655654907226562,0.04967234283685684,0.0,85.824878251113,15360.0
-15.273813247680664,-15.318588256835938,0.044779181480407715,0.0,126.82987699375474,15360.0
-14.663661003112793,-14.711564064025879,0.04790240526199341,0.0,145.8612773105782,15360.0
-14.838094711303711,-14.890389442443848,0.05229397490620613,0.0,139.8461607820593,15360.0
-15.186379432678223,-15.240567207336426,0.054186079651117325,0.0,90.113645220946,15360.0
-14.834599494934082,-14.884622573852539,0.050022754818201065,0.0,118.68826191334823,15360.0
-14.972732543945312,-15.022683143615723,0.04995327442884445,0.0,120.9624682556726,15360.0
-14.820870399475098,-14.865948677062988,0.04508185759186745,0.0,108.72699552600537,15360.0
-15.777097702026367,-15.830774307250977,0.0536770261824131,0.0,146.03089277881966,15360.0
-15.023011207580566,-15.077695846557617,0.05468488857150078,0.0,145.65991170053357,15360.0
-14.995098114013672,-15.058582305908203,0.06348611414432526,0.0,95.00374370390803,15360.0
-14.734745025634766,-14.801962852478027,0.06721838563680649,0.0,151.6014756662703,15360.0
-14.563788414001465,-14.618707656860352,0.05492057278752327,0.0,176.46171896687807,15360.0
-15.10517692565918,-15.154677391052246,0.04949953407049179,0.0,102.18684398496376,15360.0
-15.13430404663086,-15.197710037231445,0.06340818107128143,0.0,160.56900002799492,15360.0
-15.211624145507812,-15.267289161682129,0.055668529123067856,0.0,112.75542908899703,15360.0
-15.237150192260742,-15.2977294921875,0.06058275327086449,0.0,124.87062621968022,15360.0
-14.244339942932129,-14.296228408813477,0.05188453197479248,0.0,144.780822538599,15360.0
-15.263147354125977,-15.31795597076416,0.05481065437197685,0.0,117.29599574968431,15360.0
-14.973260879516602,-15.032720565795898,0.05945848301053047,0.0,122.17548459784453,15360.0
-15.076566696166992,-15.12990665435791,0.053339820355176926,0.0,157.77204119809036,15360.0
-15.468178749084473,-15.518712043762207,0.050532206892967224,0.0,125.82253064044382,15360.0
-15.075133323669434,-15.128996849060059,0.053866758942604065,0.0,121.57010804269453,15360.0
-14.8960599899292,-14.94808292388916,0.05201952904462814,0.0,151.32870673384028,15360.0
-15.222570419311523,-15.276423454284668,0.05385487526655197,0.0,122.60770018930285,15360.0
-14.756945610046387,-14.813628196716309,0.056684184819459915,0.0,136.3719218855369,15360.0
-15.38475227355957,-15.43601131439209,0.05126079171895981,0.0,107.69642207196658,15360.0
-15.20235538482666,-15.255098342895508,0.05273997411131859,0.0,85.21779362991575,15360.0
-15.687347412109375,-15.738885879516602,0.05153791233897209,0.0,96.28979938945872,15360.0
-15.55799674987793,-15.610939979553223,0.05294124782085419,0.0,115.45184418796732,15360.0
-15.847850799560547,-15.894068717956543,0.04621636122465134,0.0,101.95301667836178,15360.0
-15.89393138885498,-15.940255165100098,0.04632370173931122,0.0,85.14206504051408,15360.0
-15.478128433227539,-15.522412300109863,0.044283799827098846,0.0,101.79761538918987,15360.0
-15.286016464233398,-15.332117080688477,0.04609689861536026,0.0,117.25469105673741,15360.0
-15.38111400604248,-15.42859172821045,0.047473397105932236,0.0,102.77090087519291,15360.0
-15.1116361618042,-15.158313751220703,0.046678684651851654,0.0,102.17208511582167,15360.0
-15.931173324584961,-15.97533893585205,0.04416550323367119,0.0,85.60857359458466,15360.0
-15.659468650817871,-15.701016426086426,0.04154868796467781,0.0,96.05518090847009,15360.0
-15.226224899291992,-15.271526336669922,0.04530128091573715,0.0,105.58663880251585,15360.0
-15.384949684143066,-15.432223320007324,0.04727431759238243,0.0,122.81678673228153,15360.0
-15.964591026306152,-16.00896453857422,0.04437078535556793,0.0,120.87649955483123,15360.0
-15.098851203918457,-15.14272403717041,0.043869927525520325,0.0,110.81199431309389,15360.0
-15.541122436523438,-15.588546752929688,0.04742217808961868,0.0,126.86662304328135,15360.0
-15.152911186218262,-15.198841094970703,0.04593145474791527,0.0,125.23026578476846,15360.0
-14.955409049987793,-15.000044822692871,0.04463868588209152,0.0,102.14000991033255,15360.0
-15.620224952697754,-15.669687271118164,0.049463529139757156,0.0,102.67220601935733,15360.0
-15.747756004333496,-15.793316841125488,0.04556109756231308,0.0,108.12312576254271,15360.0
-15.36551570892334,-15.41208553314209,0.046565424650907516,0.0,98.25988566682678,15360.0
-15.83825969696045,-15.879934310913086,0.04167972877621651,0.0,64.67306950290276,15360.0
-15.538238525390625,-15.585381507873535,0.04713966324925423,0.0,117.97360543913433,15360.0
-15.728961944580078,-15.774518013000488,0.045557837933301926,0.0,71.97954726887023,15360.0
-15.575042724609375,-15.620949745178223,0.04590463638305664,0.0,126.55962898473804,15360.0
-14.99773120880127,-15.044538497924805,0.046807661652565,0.0,131.98224681068166,15360.0
-15.53575611114502,-15.582097053527832,0.04634125903248787,0.0,89.391307689536,15360.0
-15.629233360290527,-15.67636489868164,0.047132816165685654,0.0,109.03502200727957,15360.0
-15.198461532592773,-15.249102592468262,0.05064069479703903,0.0,117.27390989664039,15360.0
-15.475967407226562,-15.525177001953125,0.049204643815755844,0.0,107.89238307424081,15360.0
-15.980391502380371,-16.025968551635742,0.045575082302093506,0.0,107.68795071117094,15360.0
-15.277332305908203,-15.323363304138184,0.04603004455566406,0.0,121.55308713564825,15360.0
-15.963927268981934,-16.016292572021484,0.052369389683008194,0.0,100.43582426867368,15360.0
-15.511406898498535,-15.558046340942383,0.0466419979929924,0.0,115.94536539293453,15360.0
-15.3085298538208,-15.357927322387695,0.0493982695043087,0.0,107.58555203714585,15360.0
-15.683327674865723,-15.732538223266602,0.04921070486307144,0.0,84.19111583283075,15360.0
-15.902175903320312,-15.945783615112305,0.04360676556825638,0.0,106.00777513897134,15360.0
-15.3596830368042,-15.41018009185791,0.05049474909901619,0.0,124.11729075301615,15360.0
-15.61679458618164,-15.666508674621582,0.04971562325954437,0.0,85.65011934297358,15360.0
-15.442556381225586,-15.489910125732422,0.04734892025589943,0.0,130.62337801437093,15360.0
-15.288666725158691,-15.335346221923828,0.04667983204126358,0.0,86.1404862542327,15360.0
-15.718220710754395,-15.765280723571777,0.0470653735101223,0.0,131.49221799387934,15360.0
-15.577192306518555,-15.622920989990234,0.0457291416823864,0.0,89.1875855892988,15360.0
-15.553507804870605,-15.599661827087402,0.04615267738699913,0.0,112.43386227188158,15360.0
-15.38550090789795,-15.432106971740723,0.04660362750291824,0.0,95.32699644061046,15360.0
-15.318024635314941,-15.362279891967773,0.044258005917072296,0.0,94.26060212625862,15360.0
-15.497553825378418,-15.543448448181152,0.04589492455124855,0.0,111.33171596176862,15360.0
-15.910351753234863,-15.954499244689941,0.04414986073970795,0.0,99.7461821769563,15360.0
-15.784940719604492,-15.82962417602539,0.04468321427702904,0.0,119.73845048447023,15360.0
-15.733956336975098,-15.779080390930176,0.045127976685762405,0.0,94.86970778377962,15360.0
-15.647199630737305,-15.689372062683105,0.042168498039245605,0.0,123.51847443099506,15360.0
-15.46130084991455,-15.505309104919434,0.044004376977682114,0.0,116.54178094453214,15360.0
-15.5504150390625,-15.593697547912598,0.04328768700361252,0.0,130.82565667864912,15360.0
-15.43937873840332,-15.485087394714355,0.04570949450135231,0.0,131.3806146365929,15360.0
-15.409201622009277,-15.455193519592285,0.04599442705512047,0.0,161.28895619923279,15360.0
-14.709426879882812,-14.757535934448242,0.04810938984155655,0.0,117.50104170896174,15360.0
-14.748770713806152,-14.791696548461914,0.04292605444788933,0.0,158.53959505295637,15360.0
-15.556415557861328,-15.603330612182617,0.04690881073474884,0.0,56.66804953454396,15360.0
-15.0239839553833,-15.072291374206543,0.048306625336408615,0.0,140.8897321938611,15360.0
-14.993681907653809,-15.0486478805542,0.05496742203831673,0.0,80.44933514930403,15360.0
-15.157696723937988,-15.203258514404297,0.045560237020254135,0.0,126.19096832900644,15360.0
-14.910134315490723,-14.957974433898926,0.047839272767305374,0.0,107.97274857626759,15360.0
-15.467793464660645,-15.513289451599121,0.045496754348278046,0.0,165.29226120150443,15360.0
-15.0437593460083,-15.095417976379395,0.05166112259030342,0.0,137.2068559920814,15360.0
-15.342853546142578,-15.388525009155273,0.045670460909605026,0.0,120.27295304897697,15360.0
-14.962218284606934,-15.010672569274902,0.048454444855451584,0.0,154.06878361885575,15360.0
-15.42241382598877,-15.472044944763184,0.049626950174570084,0.0,85.63598301283449,15360.0
-15.446503639221191,-15.492119789123535,0.04561743512749672,0.0,137.05184151128654,15360.0
-14.27168083190918,-14.318840980529785,0.04716094210743904,0.0,114.73036113122754,15360.0
-15.53779125213623,-15.580658912658691,0.04286683350801468,0.0,113.05243487305638,15360.0
-15.51325798034668,-15.558638572692871,0.0453794002532959,0.0,77.69638010653948,15360.0
-15.118687629699707,-15.163500785827637,0.04481043294072151,0.0,103.24062513661423,15360.0
-15.653356552124023,-15.699145317077637,0.04578321427106857,0.0,78.34393608929629,15360.0
-14.954235076904297,-14.998600959777832,0.044369734823703766,0.0,90.22815377456358,15360.0
-15.8250150680542,-15.871795654296875,0.04677673056721687,0.0,88.97603866954765,15360.0
-15.460122108459473,-15.511080741882324,0.05095294490456581,0.0,111.71622887348691,15360.0
-15.458098411560059,-15.510430335998535,0.0523325577378273,0.0,111.01224733050093,15360.0
-15.184398651123047,-15.234522819519043,0.05012323707342148,0.0,100.52074859450953,15360.0
-15.332199096679688,-15.378084182739258,0.045882049947977066,0.0,95.9534237777326,15360.0
-15.484415054321289,-15.5288724899292,0.04446060210466385,0.0,106.29578918908366,15360.0
-15.258744239807129,-15.311482429504395,0.05274166911840439,0.0,109.19621132736442,15360.0
-15.064545631408691,-15.121837615966797,0.057293012738227844,0.0,145.79601786095498,15360.0
-15.485311508178711,-15.537787437438965,0.05247344449162483,0.0,108.38458960769975,15360.0
-15.476612091064453,-15.519906044006348,0.04329235479235649,0.0,124.46409681058628,15360.0
-15.545741081237793,-15.591090202331543,0.045352768152952194,0.0,98.79319389864533,15360.0
-15.458932876586914,-15.505626678466797,0.04669361561536789,0.0,97.44957863990449,15360.0
-15.697320938110352,-15.743976593017578,0.04665816202759743,0.0,110.04283956810522,15360.0
-15.699538230895996,-15.744715690612793,0.045177556574344635,0.0,91.81237015815141,15360.0
-15.703399658203125,-15.748441696166992,0.0450391061604023,0.0,92.64226362351522,15360.0
-15.519499778747559,-15.562376022338867,0.04287591204047203,0.0,78.75328913163828,15360.0
-15.786818504333496,-15.830370903015137,0.04354975000023842,0.0,74.02025844048475,15360.0
-15.541215896606445,-15.58932113647461,0.048105206340551376,0.0,91.09176261736785,15360.0
-15.648232460021973,-15.691147804260254,0.04291694611310959,0.0,85.39612345680254,15360.0
-15.574766159057617,-15.618800163269043,0.044036343693733215,0.0,108.09258021644877,15360.0
-15.488064765930176,-15.531683921813965,0.04362163692712784,0.0,109.27813367532013,15360.0
-15.19053840637207,-15.23495101928711,0.04441215842962265,0.0,133.63895275245534,15360.0
-16.13410186767578,-16.179765701293945,0.04566901922225952,0.0,92.4406373991677,15360.0
-15.782452583312988,-15.827754020690918,0.04530148580670357,0.0,108.13448437825033,15360.0
-15.564966201782227,-15.607172966003418,0.042202793061733246,0.0,89.8506491355186,15360.0
-15.573766708374023,-15.616118431091309,0.0423528328537941,0.0,82.16978003233893,15360.0
-15.913372993469238,-15.958559036254883,0.04518605023622513,0.0,107.08708215770967,15360.0
-15.628804206848145,-15.67081069946289,0.042003270238637924,0.0,84.38405992870057,15360.0
-15.659454345703125,-15.705801963806152,0.04635090008378029,0.0,103.8564008270069,15360.0
-15.725635528564453,-15.773055076599121,0.04741935431957245,0.0,142.10102574241407,15360.0
-15.954238891601562,-16.004480361938477,0.05024482309818268,0.0,96.65116761775191,15360.0
-15.958797454833984,-16.00221824645996,0.04342307150363922,0.0,107.07921400262819,15360.0
-16.040857315063477,-16.086780548095703,0.04592442512512207,0.0,96.2696011492585,15360.0
-15.816243171691895,-15.859131813049316,0.04288646951317787,0.0,100.38185594420563,15360.0
-16.149290084838867,-16.194459915161133,0.0451667346060276,0.0,93.69720313820625,15360.0
-15.90652084350586,-15.947717666625977,0.04119662940502167,0.0,93.5664795502155,15360.0
-15.83425521850586,-15.877801895141602,0.043543484061956406,0.0,93.36699104091501,15360.0
-15.938214302062988,-15.982054710388184,0.043839093297719955,0.0,83.70416588525644,15360.0
-15.755236625671387,-15.79767894744873,0.04244241863489151,0.0,86.4171789372436,15360.0
-16.073888778686523,-16.116056442260742,0.0421680212020874,0.0,108.27442537449504,15360.0
-15.829339981079102,-15.87894058227539,0.049604855477809906,0.0,91.39952590879413,15360.0
-16.27450180053711,-16.325654983520508,0.05115511640906334,0.0,100.21567856846397,15360.0
-16.026668548583984,-16.067974090576172,0.04130535200238228,0.0,103.86520501568076,15360.0
-15.491484642028809,-15.53268051147461,0.04119453579187393,0.0,133.33871525967214,15360.0
-16.21848487854004,-16.26266098022461,0.0441804938018322,0.0,106.02052304066329,15360.0
-16.05746841430664,-16.104337692260742,0.04687070846557617,0.0,138.17865148712886,15360.0
-15.779406547546387,-15.82494831085205,0.04554273560643196,0.0,80.93249603178198,15360.0
-15.63062858581543,-15.673314094543457,0.04268956184387207,0.0,109.06264447459341,15360.0
-15.75355052947998,-15.796621322631836,0.043076951056718826,0.0,128.75545606371395,15360.0
-16.308250427246094,-16.353511810302734,0.04526270180940628,0.0,109.21440028536075,15360.0
-16.202089309692383,-16.24910545349121,0.047016359865665436,0.0,79.55265362424451,15360.0
-15.896344184875488,-15.937857627868652,0.04151660576462746,0.0,116.83308930486766,15360.0
-16.129186630249023,-16.171926498413086,0.04273998364806175,0.0,66.23107787176204,15360.0
-15.890819549560547,-15.933783531188965,0.042967770248651505,0.0,121.9170061656187,15360.0
-16.127696990966797,-16.17292594909668,0.045228082686662674,0.0,93.56839374640323,15360.0
-16.17949867248535,-16.224550247192383,0.045052047818899155,0.0,74.89141270849477,15360.0
-15.808145523071289,-15.850651741027832,0.042507074773311615,0.0,97.01106600353076,15360.0
-16.100645065307617,-16.14332389831543,0.04267984628677368,0.0,87.88199944349986,15360.0
-15.912943840026855,-15.955275535583496,0.042332638055086136,0.0,88.4036889786533,15360.0
-16.25269889831543,-16.296945571899414,0.044243037700653076,0.0,81.65046603871896,15360.0
-15.955265045166016,-16.000625610351562,0.0453580766916275,0.0,95.28235956832746,15360.0
-16.477619171142578,-16.523754119873047,0.0461360327899456,0.0,104.68737010680059,15360.0
-16.606220245361328,-16.650197982788086,0.04398088902235031,0.0,53.36094251034411,15360.0
-16.12894058227539,-16.169580459594727,0.040639348328113556,0.0,106.20517150190705,15360.0
-16.544490814208984,-16.589656829833984,0.04516647383570671,0.0,80.55645020717874,15360.0
-16.109403610229492,-16.153522491455078,0.044121306389570236,0.0,86.80308404590106,15360.0
-15.688128471374512,-15.731504440307617,0.04337849095463753,0.0,115.63085500431914,15360.0
-15.988143920898438,-16.03639030456543,0.04824119433760643,0.0,141.65782457875312,15360.0
-16.548547744750977,-16.60086441040039,0.05232037603855133,0.0,96.54735090467773,15360.0
-16.170000076293945,-16.221803665161133,0.051803745329380035,0.0,111.65332082743494,15360.0
-15.867592811584473,-15.908671379089355,0.0410766638815403,0.0,107.76580918217819,15360.0
-16.03475570678711,-16.085769653320312,0.05101531744003296,0.0,129.22870017346648,15360.0
-15.924189567565918,-15.980952262878418,0.056765444576740265,0.0,92.18359679284492,15360.0
-15.986368179321289,-16.038373947143555,0.05200944095849991,0.0,116.82883073026291,15360.0
-15.925848960876465,-15.971611976623535,0.04576114937663078,0.0,90.47075663354711,15360.0
-16.1219539642334,-16.16828727722168,0.046333201229572296,0.0,99.90784767379805,15360.0
-16.2454891204834,-16.2985897064209,0.05310262739658356,0.0,131.2469750182128,15360.0
-16.446636199951172,-16.501272201538086,0.054638803005218506,0.0,143.03404270607552,15360.0
-16.291501998901367,-16.34575843811035,0.05425628274679184,0.0,101.1396369704194,15360.0
-15.972936630249023,-16.021743774414062,0.048807285726070404,0.0,110.85559090179954,15360.0
-14.883894920349121,-14.932723999023438,0.04882913455367088,0.0,163.7955168414926,15360.0
-15.905362129211426,-15.9501314163208,0.04476747661828995,0.0,100.95237688023566,15360.0
-15.570237159729004,-15.61728572845459,0.04704965278506279,0.0,121.59448624007224,15360.0
-15.182232856750488,-15.222744941711426,0.04051350802183151,0.0,168.5120959813534,15360.0
-15.955656051635742,-15.999983787536621,0.04432962089776993,0.0,82.67259491650336,15360.0
-15.488633155822754,-15.53274917602539,0.04411519691348076,0.0,185.90943116887513,15360.0
-16.15131187438965,-16.19817352294922,0.04686364158987999,0.0,103.47027235990974,15360.0
-15.9664306640625,-16.008073806762695,0.04164240136742592,0.0,116.1369401177399,15360.0
-15.760241508483887,-15.805729866027832,0.04548710212111473,0.0,118.65855023192934,15360.0
-15.938289642333984,-15.978302001953125,0.040014710277318954,0.0,80.38478044259968,15360.0
-15.822725296020508,-15.866381645202637,0.04365493729710579,0.0,117.67217829588385,15360.0
-16.368335723876953,-16.410358428955078,0.042023658752441406,0.0,79.28231466342353,15360.0
-15.61625862121582,-15.66063404083252,0.04437608644366264,0.0,129.73909482135647,15360.0
-15.851152420043945,-15.894867897033691,0.043716683983802795,0.0,112.8730712359784,15360.0
-16.05879783630371,-16.102088928222656,0.04329073429107666,0.0,100.04683036733068,15360.0
-16.230863571166992,-16.275630950927734,0.04476797580718994,0.0,89.13316726510443,15360.0
-16.302845001220703,-16.349687576293945,0.04684514179825783,0.0,115.03624324461032,15360.0
-16.243335723876953,-16.28809928894043,0.04476446285843849,0.0,89.5493325211829,15360.0
-15.416418075561523,-15.462098121643066,0.04568096622824669,0.0,112.48175888072579,15360.0
-16.40424346923828,-16.45012092590332,0.045879147946834564,0.0,87.9444603089814,15360.0
-16.24391746520996,-16.291828155517578,0.04791520535945892,0.0,104.96898081578671,15360.0
-15.974292755126953,-16.01317024230957,0.03888079896569252,0.0,126.70521651929285,15360.0
-16.464223861694336,-16.508888244628906,0.044663939625024796,0.0,123.91472642926826,15360.0
-16.06500244140625,-16.112018585205078,0.047014880925416946,0.0,91.94575448923499,15360.0
-16.132234573364258,-16.18195343017578,0.04971448332071304,0.0,136.491257170787,15360.0
-16.232515335083008,-16.275484085083008,0.04296797886490822,0.0,111.85511308291487,15360.0
-16.49983024597168,-16.542470932006836,0.04264320433139801,0.0,100.02105465760616,15360.0
-15.808752059936523,-15.853368759155273,0.0446196086704731,0.0,117.87542212860713,15360.0
-16.40216636657715,-16.453327178955078,0.05116046220064163,0.0,105.18713203566841,15360.0
-16.12610626220703,-16.190418243408203,0.06431464850902557,0.0,108.37518271494534,15360.0
-15.977773666381836,-16.052013397216797,0.07424364984035492,0.0,115.13291323809543,15360.0
-15.941974639892578,-15.997528076171875,0.05555401369929314,0.0,95.01240731021727,15360.0
-15.689757347106934,-15.732319831848145,0.04256157949566841,0.0,117.16933918532375,15360.0
-16.302202224731445,-16.355144500732422,0.05294138565659523,0.0,116.71147149451845,15360.0
-15.693439483642578,-15.762195587158203,0.06875509768724442,0.0,148.94201703593743,15360.0
-16.195085525512695,-16.271638870239258,0.07654838263988495,0.0,128.66956197347037,15360.0
-16.239273071289062,-16.295881271362305,0.05661056563258171,0.0,122.85184107782874,15360.0
-16.13725471496582,-16.182910919189453,0.045654717832803726,0.0,140.5817765541862,15360.0
-16.325037002563477,-16.395593643188477,0.07056089490652084,0.0,90.11951080687163,15360.0
-16.65476417541504,-16.74803352355957,0.09326530992984772,0.0,136.1016298363363,15360.0
-16.189350128173828,-16.261043548583984,0.07169508934020996,0.0,87.07370287136423,15360.0
-16.54469108581543,-16.59236717224121,0.0476764552295208,0.0,121.69138809307253,15360.0
-16.584569931030273,-16.650386810302734,0.06581679731607437,0.0,91.05948667556116,15360.0
-16.558696746826172,-16.64872169494629,0.09002253413200378,0.0,127.20305239278889,15360.0
-16.12184715270996,-16.18562889099121,0.06378094106912613,0.0,121.20779551033993,15360.0
-16.31757164001465,-16.36272430419922,0.045154549181461334,0.0,165.66569849585346,15360.0
-16.56114387512207,-16.63408660888672,0.07294353097677231,0.0,125.06288984695497,15360.0
-16.351375579833984,-16.444713592529297,0.09334277361631393,0.0,113.72157186972468,15360.0
-16.140974044799805,-16.19168472290039,0.050705380737781525,0.0,101.83723347510275,15360.0
-16.593656539916992,-16.650758743286133,0.05709708854556084,0.0,115.58303731595473,15360.0
-16.43928337097168,-16.526830673217773,0.08755026012659073,0.0,91.4444318147796,15360.0
-16.000951766967773,-16.061758041381836,0.06080596148967743,0.0,105.46630973668834,15360.0
-16.65570831298828,-16.704328536987305,0.04862027242779732,0.0,105.1932946072806,15360.0
-16.103322982788086,-16.17789649963379,0.07457195967435837,0.0,101.96286149047913,15360.0
-16.162397384643555,-16.221345901489258,0.058944813907146454,0.0,118.85415277940635,15360.0
-16.225839614868164,-16.273101806640625,0.047258198261260986,0.0,135.4471042828698,15360.0
-16.49188232421875,-16.55500030517578,0.06311293691396713,0.0,103.51520517609349,15360.0
-15.941162109375,-15.987039566040039,0.04587632790207863,0.0,170.30850374031144,15360.0
-16.175981521606445,-16.233095169067383,0.05711100995540619,0.0,119.97546446338819,15360.0
-16.176067352294922,-16.22962188720703,0.053556181490421295,0.0,129.44927690274764,15360.0
-15.72751522064209,-15.773734092712402,0.04621795192360878,0.0,151.27346714056137,15360.0
-16.272117614746094,-16.327802658081055,0.055683597922325134,0.0,99.24851831117331,15360.0
-16.258018493652344,-16.30954360961914,0.05152652785181999,0.0,123.24869377095737,15360.0
-16.11937141418457,-16.166887283325195,0.04751316085457802,0.0,140.492956606488,15360.0
-15.968073844909668,-16.01441192626953,0.04634038731455803,0.0,92.77485797570182,15360.0
-16.08631706237793,-16.134544372558594,0.04822660610079765,0.0,219.781961055594,15360.0
-15.998537063598633,-16.05050277709961,0.05196235328912735,0.0,155.88830321032216,15360.0
-15.882062911987305,-15.92913818359375,0.04707922041416168,0.0,144.72997833531554,15360.0
-15.846753120422363,-15.889469146728516,0.04271640256047249,0.0,167.22423636198369,15360.0
-16.063602447509766,-16.111175537109375,0.04757080227136612,0.0,108.66757848995677,15360.0
-16.086483001708984,-16.13199234008789,0.045508094131946564,0.0,149.78759179535416,15360.0
-16.204851150512695,-16.250207901000977,0.04535723477602005,0.0,140.14499812307807,15360.0
-15.504034042358398,-15.551362037658691,0.047329191118478775,0.0,128.46468297563064,15360.0
-15.510076522827148,-15.554140090942383,0.04406460374593735,0.0,169.92198145177005,15360.0
-16.66521453857422,-16.70867156982422,0.04345942661166191,0.0,105.90148060652061,15360.0
-15.897196769714355,-15.938977241516113,0.04178343340754509,0.0,141.20748202796523,15360.0
-16.235593795776367,-16.27777671813965,0.04218246042728424,0.0,100.06988330898842,15360.0
-16.386791229248047,-16.431480407714844,0.044685594737529755,0.0,115.62444751748164,15360.0
-15.731006622314453,-15.774456977844238,0.043445561081171036,0.0,117.75376788453062,15360.0
-16.19517707824707,-16.23870277404785,0.04352854937314987,0.0,94.16602956650726,15360.0
-16.303558349609375,-16.34825325012207,0.044695548713207245,0.0,121.41796627867414,15360.0
-16.253440856933594,-16.295583724975586,0.042141303420066833,0.0,107.92703210467754,15360.0
-16.400882720947266,-16.44985580444336,0.04897187277674675,0.0,159.04265255736064,15360.0
-16.79364585876465,-16.838111877441406,0.044465623795986176,0.0,71.51746293132449,15360.0
-16.40671730041504,-16.448143005371094,0.04142490401864052,0.0,104.16072048133907,15360.0
-16.362586975097656,-16.40984344482422,0.04725484549999237,0.0,71.01303337495231,15360.0
-16.350370407104492,-16.39171600341797,0.04134262725710869,0.0,71.9181862879556,15360.0
-16.361061096191406,-16.40412712097168,0.043069783598184586,0.0,93.33269468913282,15360.0
-16.45794105529785,-16.50083351135254,0.04289346933364868,0.0,95.08508427703042,15360.0
-16.40805435180664,-16.450624465942383,0.042568765580654144,0.0,81.51267929163387,15360.0
-16.459617614746094,-16.497901916503906,0.03828224912285805,0.0,110.30554491470384,15360.0
-16.34086036682129,-16.382001876831055,0.04114116355776787,0.0,83.23229085706176,15360.0
-16.00882339477539,-16.0534725189209,0.04464896395802498,0.0,134.54968950875016,15360.0
-16.69385528564453,-16.732349395751953,0.03849105164408684,0.0,104.31815598238022,15360.0
-16.594022750854492,-16.639150619506836,0.045128561556339264,0.0,135.04897411023393,15360.0
-16.5417423248291,-16.58368682861328,0.04194575175642967,0.0,105.15527519788597,15360.0
-16.477008819580078,-16.515512466430664,0.03850221633911133,0.0,118.9451225427197,15360.0
-16.602252960205078,-16.640724182128906,0.03846322000026703,0.0,102.14172241987131,15360.0
-16.211061477661133,-16.25129508972168,0.04023587331175804,0.0,117.4643478986488,15360.0
-16.416799545288086,-16.455442428588867,0.03864685073494911,0.0,139.03986685639305,15360.0
-17.148529052734375,-17.18977165222168,0.04124043509364128,0.0,63.811394902091116,15360.0
-16.435068130493164,-16.47211265563965,0.037040214985609055,0.0,116.08558173285182,15360.0
-16.660043716430664,-16.700756072998047,0.040712784975767136,0.0,105.62510960527247,15360.0
-16.945106506347656,-16.987031936645508,0.04192860424518585,0.0,88.34758260188701,15360.0
-16.333045959472656,-16.371538162231445,0.038491930812597275,0.0,132.19916593613647,15360.0
-16.145185470581055,-16.18425941467285,0.03907563537359238,0.0,136.6490179190056,15360.0
-16.882375717163086,-16.92268943786621,0.04031574726104736,0.0,90.1261729002245,15360.0
-16.265453338623047,-16.303497314453125,0.038042809814214706,0.0,166.25401221782866,15360.0
-17.127161026000977,-17.171579360961914,0.04441853240132332,0.0,89.19247266098932,15360.0
-16.0476131439209,-16.089494705200195,0.04188288375735283,0.0,136.87889887680208,15360.0
-16.84722137451172,-16.88960075378418,0.042378347367048264,0.0,111.56404854725744,15360.0
-16.6215763092041,-16.662933349609375,0.04135977849364281,0.0,115.94756208515238,15360.0
-16.482038497924805,-16.527320861816406,0.045283492654561996,0.0,117.44980249953933,15360.0
-16.723369598388672,-16.763471603393555,0.040105801075696945,0.0,92.43932010545932,15360.0
-16.736167907714844,-16.777353286743164,0.04118843004107475,0.0,123.37139601429547,15360.0
-17.029890060424805,-17.07592010498047,0.04602590575814247,0.0,113.96101776654018,15360.0
-16.514719009399414,-16.563188552856445,0.048471398651599884,0.0,124.69103861342343,15360.0
-16.285655975341797,-16.32527732849121,0.03961969166994095,0.0,103.19130304598775,15360.0
-16.870738983154297,-16.914051055908203,0.0433121882379055,0.0,83.06476700337991,15360.0
-16.517967224121094,-16.56217384338379,0.04420534148812294,0.0,112.39674850802744,15360.0
-16.66666030883789,-16.704734802246094,0.038073938339948654,0.0,85.78354067729897,15360.0
-16.757984161376953,-16.797019958496094,0.03903631493449211,0.0,119.77934221940782,15360.0
-16.566293716430664,-16.605243682861328,0.03894660994410515,0.0,78.15129213942433,15360.0
-16.460933685302734,-16.499666213989258,0.038731690496206284,0.0,111.98668232999937,15360.0
-16.860179901123047,-16.901996612548828,0.041814081370830536,0.0,73.69904833020091,15360.0
-16.077106475830078,-16.118000030517578,0.04089774563908577,0.0,118.7801826550692,15360.0
-16.334463119506836,-16.375843048095703,0.041378628462553024,0.0,114.78921416656588,15360.0
-16.565969467163086,-16.605287551879883,0.039321303367614746,0.0,122.00555649200724,15360.0
-16.69704818725586,-16.739032745361328,0.041983019560575485,0.0,118.55794469337908,15360.0
-16.248350143432617,-16.28792381286621,0.03957093879580498,0.0,132.25553675943178,15360.0
-16.10807991027832,-16.14986801147461,0.041793663054704666,0.0,125.46279705671914,15360.0
-16.929353713989258,-16.96967315673828,0.040316544473171234,0.0,95.73887904623754,15360.0
-16.81175994873047,-16.854562759399414,0.04279671981930733,0.0,108.84316287205037,15360.0
-17.116443634033203,-17.158632278442383,0.04219135269522667,0.0,82.4912915026132,15360.0
-16.76753807067871,-16.80725860595703,0.03972046449780464,0.0,101.96609551199043,15360.0
-16.966602325439453,-17.006750106811523,0.040147241204977036,0.0,72.82801355705143,15360.0
-16.584665298461914,-16.6257381439209,0.041073329746723175,0.0,118.88982776423006,15360.0
-16.699819564819336,-16.738584518432617,0.038761164993047714,0.0,84.57665106862473,15360.0
-16.476051330566406,-16.515777587890625,0.039728667587041855,0.0,106.35081611499827,15360.0
-17.17511558532715,-17.2164363861084,0.041321344673633575,0.0,97.08202554639594,15360.0
-16.987642288208008,-17.02863883972168,0.04099824279546738,0.0,86.17955518796114,15360.0
-16.833141326904297,-16.872528076171875,0.039387986063957214,0.0,89.98845992236923,15360.0
-17.040367126464844,-17.08158302307129,0.041214000433683395,0.0,95.77703870606075,15360.0
-16.800369262695312,-16.841960906982422,0.04159129783511162,0.0,102.1179155317967,15360.0
-16.784507751464844,-16.82347297668457,0.03896687924861908,0.0,115.10233818231616,15360.0
-16.65748405456543,-16.697200775146484,0.03972042351961136,0.0,59.68521086141361,15360.0
-16.572784423828125,-16.61306381225586,0.04027784988284111,0.0,120.64441820067388,15360.0
-16.652080535888672,-16.6926212310791,0.040536630898714066,0.0,63.68796095441181,15360.0
-16.61048126220703,-16.651674270629883,0.04119070991873741,0.0,99.71402295123754,15360.0
-16.66223907470703,-16.70037078857422,0.038137055933475494,0.0,71.59334126194366,15360.0
-16.620166778564453,-16.661334991455078,0.041164882481098175,0.0,98.45899672420468,15360.0
-16.752111434936523,-16.789997100830078,0.03788933902978897,0.0,82.5396696564228,15360.0
-16.745018005371094,-16.78801155090332,0.0429927222430706,0.0,83.08711745571637,15360.0
-16.597763061523438,-16.636754989624023,0.03899366408586502,0.0,107.66916452300507,15360.0
-17.11513328552246,-17.154691696166992,0.03956214711070061,0.0,78.2345183256842,15360.0
-16.779386520385742,-16.817556381225586,0.03816986083984375,0.0,74.35821762806344,15360.0
-16.64515495300293,-16.684734344482422,0.03957945853471756,0.0,82.72695308774189,15360.0
-17.02382469177246,-17.064247131347656,0.04041724279522896,0.0,96.04400848502843,15360.0
-17.44243812561035,-17.48281478881836,0.040378279983997345,0.0,102.5842185000014,15360.0
-16.679636001586914,-16.7202091217041,0.040570758283138275,0.0,68.05963266476022,15360.0
-16.521638870239258,-16.561996459960938,0.040354155004024506,0.0,165.14953791359687,15360.0
-16.73178482055664,-16.770984649658203,0.03919726982712746,0.0,125.70666252822177,15360.0
-16.812782287597656,-16.856365203857422,0.04358236491680145,0.0,92.21078790974303,15360.0
-15.54150104522705,-15.585413932800293,0.04390997812151909,0.0,145.65357011804537,15360.0
-16.18001365661621,-16.221481323242188,0.041469138115644455,0.0,115.11995358603919,15360.0
-15.799707412719727,-15.844419479370117,0.044715654104948044,0.0,175.2490758589971,15360.0
-16.045549392700195,-16.086772918701172,0.041224438697099686,0.0,95.47682733902836,15360.0
-16.632600784301758,-16.678735733032227,0.04613311216235161,0.0,139.66429863387287,15360.0
-16.119739532470703,-16.16975212097168,0.05001642927527428,0.0,79.89488972955685,15360.0
-15.908137321472168,-15.957047462463379,0.04891381412744522,0.0,134.52480652433368,15360.0
-16.8123836517334,-16.857194900512695,0.04480765759944916,0.0,72.59398781411149,15360.0
-16.046245574951172,-16.08997917175293,0.04373382776975632,0.0,95.31623798796699,15360.0
-16.5045223236084,-16.545364379882812,0.04084480553865433,0.0,99.8850606234198,15360.0
-17.0888729095459,-17.131690979003906,0.04282232001423836,0.0,89.83725485059486,15360.0
-16.77048110961914,-16.81852912902832,0.048050131648778915,0.0,113.44459380033817,15360.0
-16.447473526000977,-16.48910140991211,0.04162868484854698,0.0,96.04730936414994,15360.0
-16.54617691040039,-16.58857536315918,0.04239893704652786,0.0,138.82036556893783,15360.0
-16.535953521728516,-16.578407287597656,0.04245370626449585,0.0,107.81210249185052,15360.0
-16.231115341186523,-16.275056838989258,0.04394099861383438,0.0,131.53285141709705,15360.0
-16.193273544311523,-16.234638214111328,0.04136558622121811,0.0,101.44617589630623,15360.0
-16.58834457397461,-16.630870819091797,0.0425279326736927,0.0,96.47339876551972,15360.0
-16.664173126220703,-16.71125602722168,0.04709029570221901,0.0,112.27014929978107,15360.0
-16.41693115234375,-16.459043502807617,0.04210894554853439,0.0,109.37876494702681,15360.0
-17.058128356933594,-17.105409622192383,0.0472751148045063,0.0,99.8228990300828,15360.0
-16.885915756225586,-16.92691421508789,0.04100076109170914,0.0,98.3984155369225,15360.0
-16.870269775390625,-16.90999412536621,0.03972366824746132,0.0,111.94768924325764,15360.0
-17.321998596191406,-17.36682891845703,0.04483133181929588,0.0,75.38036196560599,15360.0
-16.883895874023438,-16.924884796142578,0.040985144674777985,0.0,120.98531376732355,15360.0
-16.781639099121094,-16.823259353637695,0.04162323474884033,0.0,93.34686323366044,15360.0
-16.700563430786133,-16.740333557128906,0.03976684808731079,0.0,124.85695188776661,15360.0
-15.857245445251465,-15.898311614990234,0.041062161326408386,0.0,158.303349332009,15360.0
-16.563426971435547,-16.602800369262695,0.03936760127544403,0.0,142.3555567438894,15360.0
-16.598752975463867,-16.64276695251465,0.04401170834898949,0.0,112.91679403203679,15360.0
-16.10880470275879,-16.15431785583496,0.0455133281648159,0.0,185.14602869534122,15360.0
-16.32061004638672,-16.36033821105957,0.0397244431078434,0.0,116.69137314498096,15360.0
-16.308568954467773,-16.348176956176758,0.0396093986928463,0.0,147.00589876165128,15360.0
-16.74017906188965,-16.7800350189209,0.0398542657494545,0.0,115.09363466745125,15360.0
-16.744333267211914,-16.784530639648438,0.04020099341869354,0.0,129.18572096096247,15360.0
-16.43636703491211,-16.480857849121094,0.04448981210589409,0.0,148.13060892814175,15360.0
-16.714759826660156,-16.7589054107666,0.04414588212966919,0.0,125.06943491128264,15360.0
-16.855165481567383,-16.893699645996094,0.03853239864110947,0.0,103.79662579136638,15360.0
-16.40187644958496,-16.444047927856445,0.042169272899627686,0.0,107.56701148647448,15360.0
-16.983835220336914,-17.029041290283203,0.04520969092845917,0.0,91.11237761716446,15360.0
-16.46742820739746,-16.51360511779785,0.04618068411946297,0.0,109.6808358124786,15360.0
-17.05112648010254,-17.090614318847656,0.039488159120082855,0.0,97.97441837972337,15360.0
-16.577999114990234,-16.618507385253906,0.04050946235656738,0.0,103.11035766425162,15360.0
-16.944988250732422,-16.98389434814453,0.03890034183859825,0.0,95.99471714836183,15360.0
-17.11734390258789,-17.15687370300293,0.03952896222472191,0.0,60.335221882646316,15360.0
-17.117225646972656,-17.155555725097656,0.03832884505391121,0.0,85.12982590293775,15360.0
-17.453641891479492,-17.49225425720215,0.038613155484199524,0.0,59.37174690831292,15360.0
-17.51739501953125,-17.558856964111328,0.041457850486040115,0.0,85.66499203774784,15360.0
-16.94062614440918,-16.979022979736328,0.03839695453643799,0.0,65.89315105921946,15360.0
-16.680130004882812,-16.717830657958984,0.03769897297024727,0.0,101.3314189128559,15360.0
-17.427431106567383,-17.46455955505371,0.03712640330195427,0.0,78.26429449014626,15360.0
-16.998456954956055,-17.040739059448242,0.04227929189801216,0.0,97.78097154866181,15360.0
-17.11725616455078,-17.159740447998047,0.04248559847474098,0.0,65.20082789958857,15360.0
-17.125059127807617,-17.165937423706055,0.0408802255988121,0.0,125.22476194285015,15360.0
-17.1483154296875,-17.185258865356445,0.036940619349479675,0.0,124.08711614453365,15360.0
-17.311491012573242,-17.35245132446289,0.04096101224422455,0.0,99.81289081587279,15360.0
-16.812339782714844,-16.8574275970459,0.04508708417415619,0.0,122.88104577162441,15360.0
-16.977121353149414,-17.021291732788086,0.04417462646961212,0.0,95.07385789404603,15360.0
-17.026729583740234,-17.067014694213867,0.04028008133172989,0.0,109.6273310802591,15360.0
-17.034982681274414,-17.072622299194336,0.037639837712049484,0.0,120.40245301649085,15360.0
-16.792736053466797,-16.835670471191406,0.042932428419589996,0.0,137.3784234616743,15360.0
-17.197256088256836,-17.247087478637695,0.04983244836330414,0.0,105.37226797078117,15360.0
-16.92205810546875,-16.96363067626953,0.041576556861400604,0.0,138.01481589804135,15360.0
-16.890480041503906,-16.931798934936523,0.04132135212421417,0.0,102.21917162196733,15360.0
-16.82853889465332,-16.872167587280273,0.04362943023443222,0.0,118.67364364765449,15360.0
-16.847570419311523,-16.889421463012695,0.04185628145933151,0.0,77.97064281618597,15360.0
-17.16529655456543,-17.203392028808594,0.038091257214546204,0.0,89.93482861091923,15360.0
-17.084083557128906,-17.126346588134766,0.04225919768214226,0.0,88.23673861298874,15360.0
-16.878042221069336,-16.927736282348633,0.04969678819179535,0.0,122.35252799911581,15360.0
-16.993982315063477,-17.03741455078125,0.04343494027853012,0.0,100.0332019769484,15360.0
-17.219194412231445,-17.26146697998047,0.04227513447403908,0.0,120.40336860764309,15360.0
-16.945781707763672,-16.98691749572754,0.0411389134824276,0.0,145.19405274196257,15360.0
-17.266672134399414,-17.306297302246094,0.03962273150682449,0.0,88.63912398674404,15360.0
-17.16741180419922,-17.20369529724121,0.03628327697515488,0.0,133.45147403924165,15360.0
-16.69280433654785,-16.73267364501953,0.03986974433064461,0.0,135.9964260313223,15360.0
-17.12126350402832,-17.158571243286133,0.03730517625808716,0.0,64.28003609931378,15360.0
-16.44162368774414,-16.4816837310791,0.04006208851933479,0.0,130.2195111642174,15360.0
-16.74384117126465,-16.782249450683594,0.03840427100658417,0.0,166.7148014484002,15360.0
-17.302459716796875,-17.338706970214844,0.03624788299202919,0.0,93.30898449271729,15360.0
-16.514522552490234,-16.555444717407227,0.04092343896627426,0.0,139.51490728305458,15360.0
-17.12911605834961,-17.16832160949707,0.03920696675777435,0.0,116.08684942592915,15360.0
-17.167081832885742,-17.210569381713867,0.04348618909716606,0.0,87.81071021649406,15360.0
-17.164180755615234,-17.208703994750977,0.044523317366838455,0.0,112.30327420780185,15360.0
-17.1791934967041,-17.22480010986328,0.045608196407556534,0.0,82.37083315020264,15360.0
-17.057964324951172,-17.099950790405273,0.04198979586362839,0.0,100.46175539705524,15360.0
-17.564699172973633,-17.605731964111328,0.04103464260697365,0.0,63.14011725358055,15360.0
-17.246896743774414,-17.283172607421875,0.03627185896039009,0.0,115.10138634046919,15360.0
-17.26724624633789,-17.305683135986328,0.03843287378549576,0.0,83.01273465979874,15360.0
-17.418676376342773,-17.458660125732422,0.03997955471277237,0.0,100.38038323351704,15360.0
-17.186092376708984,-17.223541259765625,0.03744623810052872,0.0,100.0221550107392,15360.0
-17.261198043823242,-17.299409866333008,0.03821616247296333,0.0,86.90389740369258,15360.0
-17.445648193359375,-17.483619689941406,0.03797514736652374,0.0,66.09631604773234,15360.0
-17.457050323486328,-17.49492073059082,0.037869468331336975,0.0,93.37587565752673,15360.0
-17.324462890625,-17.361095428466797,0.03663427755236626,0.0,84.47321304449665,15360.0
-17.403493881225586,-17.441450119018555,0.037958525121212006,0.0,104.84354023107021,15360.0
-17.518856048583984,-17.556293487548828,0.037436600774526596,0.0,95.09818669017274,15360.0
-17.44369125366211,-17.481285095214844,0.03759865462779999,0.0,91.92871151955288,15360.0
-16.983154296875,-17.023347854614258,0.04019422456622124,0.0,122.79334914565482,15360.0
-17.560529708862305,-17.596555709838867,0.036022674292325974,0.0,77.14832233442657,15360.0
-17.182849884033203,-17.22076988220215,0.03792217746376991,0.0,83.30073524678124,15360.0
-17.09775733947754,-17.135778427124023,0.038020506501197815,0.0,85.03978423720615,15360.0
-17.387027740478516,-17.425058364868164,0.03803227096796036,0.0,63.7281133280623,15360.0
-17.647703170776367,-17.684688568115234,0.03698904067277908,0.0,58.227467657170585,15360.0
-16.957046508789062,-16.99913215637207,0.042083222419023514,0.0,79.72502561316868,15360.0
-16.899242401123047,-16.941316604614258,0.04207175225019455,0.0,100.07189328883946,15360.0
-17.669559478759766,-17.712474822998047,0.04291939735412598,0.0,114.08043804242645,15360.0
-17.657756805419922,-17.702871322631836,0.045106444507837296,0.0,79.86986113391401,15360.0
-16.9829044342041,-17.023935317993164,0.04103165119886398,0.0,128.85558785228937,15360.0
-16.995946884155273,-17.03890037536621,0.042949896305799484,0.0,132.0145438721692,15360.0
-16.95539665222168,-16.996232986450195,0.04083370417356491,0.0,114.95052957113019,15360.0
-16.85299301147461,-16.894756317138672,0.041763242334127426,0.0,114.94264215788003,15360.0
-17.05103874206543,-17.09554100036621,0.04450267180800438,0.0,89.64990560100813,15360.0
-17.3319091796875,-17.3745059967041,0.042591068893671036,0.0,82.78986492410014,15360.0
-16.787517547607422,-16.831178665161133,0.04365994781255722,0.0,109.99137036600241,15360.0
-17.12171745300293,-17.1597900390625,0.038074471056461334,0.0,78.31707400690135,15360.0
-17.28631019592285,-17.32740592956543,0.04109252989292145,0.0,83.59569293962724,15360.0
-17.18601417541504,-17.229381561279297,0.04336404427886009,0.0,124.76434618169667,15360.0
-17.48780632019043,-17.534074783325195,0.046266019344329834,0.0,104.37859632114422,15360.0
-16.93753433227539,-16.98973846435547,0.052204981446266174,0.0,141.79779287347992,15360.0
-16.517696380615234,-16.566539764404297,0.04884723946452141,0.0,142.57286738625064,15360.0
-17.541034698486328,-17.58183479309082,0.0408029705286026,0.0,71.23220620025285,15360.0
-16.583932876586914,-16.62587547302246,0.041944000869989395,0.0,158.173442545569,15360.0
-16.967267990112305,-17.0136661529541,0.04639856889843941,0.0,128.5931320341556,15360.0
-17.396177291870117,-17.44748878479004,0.05131443217396736,0.0,98.43518250992207,15360.0
-17.080961227416992,-17.1351375579834,0.05417700484395027,0.0,153.93278748388008,15360.0
-17.31900405883789,-17.37041473388672,0.051412131637334824,0.0,130.63207038180548,15360.0
-17.356159210205078,-17.403438568115234,0.04728127643465996,0.0,113.45496261337996,15360.0
-16.828927993774414,-16.870384216308594,0.04145503789186478,0.0,140.6543881585669,15360.0
-17.301347732543945,-17.34967803955078,0.04833346605300903,0.0,99.14013859951471,15360.0
-17.09775733947754,-17.15019416809082,0.05243842676281929,0.0,92.5170081532089,15360.0
-17.10453987121582,-17.15668487548828,0.05214734748005867,0.0,125.84406677980495,15360.0
-17.172222137451172,-17.22654151916504,0.05431700870394707,0.0,85.03721573371757,15360.0
-16.70118522644043,-16.747262954711914,0.046076178550720215,0.0,128.2689434199979,15360.0
-17.03335189819336,-17.074695587158203,0.04133954271674156,0.0,131.42309217608496,15360.0
-17.609621047973633,-17.65080451965332,0.04118375480175018,0.0,87.22452256683538,15360.0
-17.041290283203125,-17.08757209777832,0.0462799146771431,0.0,122.99262076755045,15360.0
-17.33450698852539,-17.37700843811035,0.04249599203467369,0.0,97.08999923253681,15360.0
-17.58332061767578,-17.625293731689453,0.04197292402386665,0.0,69.88259396548962,15360.0
-17.776899337768555,-17.82468605041504,0.0477868877351284,0.0,110.29281624583712,15360.0
-17.051748275756836,-17.10569190979004,0.053946081548929214,0.0,82.89229001508103,15360.0
-17.57062339782715,-17.629175186157227,0.05854739993810654,0.0,70.03983416690558,15360.0
-17.390592575073242,-17.442359924316406,0.051767390221357346,0.0,85.84484302207164,15360.0
-17.428361892700195,-17.475914001464844,0.04755117744207382,0.0,72.4287781020235,15360.0
-17.58446502685547,-17.626502990722656,0.04204408451914787,0.0,79.8159675568716,15360.0
-17.2529354095459,-17.290708541870117,0.03777138888835907,0.0,92.46617900337743,15360.0
-17.547956466674805,-17.587617874145508,0.03965603932738304,0.0,81.3311687558162,15360.0
-17.591087341308594,-17.632904052734375,0.04182569682598114,0.0,77.66523047327527,15360.0
-17.471433639526367,-17.514881134033203,0.043447189033031464,0.0,88.03940063061438,15360.0
-17.534997940063477,-17.576129913330078,0.0411297008395195,0.0,88.12958405792251,15360.0
-17.38992691040039,-17.429990768432617,0.040065836161375046,0.0,115.77358157128988,15360.0
-17.601436614990234,-17.639432907104492,0.037994273006916046,0.0,65.50066594612312,15360.0
-17.5788631439209,-17.614850997924805,0.035987574607133865,0.0,112.75757421021865,15360.0
-17.574222564697266,-17.61336326599121,0.03913849592208862,0.0,71.67641216487546,15360.0
-17.378360748291016,-17.418983459472656,0.04061998799443245,0.0,144.3435147529719,15360.0
-17.960308074951172,-18.00249671936035,0.042186010628938675,0.0,80.3265954806543,15360.0
-17.405296325683594,-17.44862937927246,0.04332974925637245,0.0,131.86844327800688,15360.0
-17.219236373901367,-17.263385772705078,0.04414835944771767,0.0,154.90344367935242,15360.0
-17.282854080200195,-17.322866439819336,0.040012676268815994,0.0,124.03760038369929,15360.0
-17.351362228393555,-17.39212417602539,0.04075917229056358,0.0,112.27457874700352,15360.0
-17.451679229736328,-17.493654251098633,0.04197537526488304,0.0,105.3694324105655,15360.0
-16.524084091186523,-16.5701961517334,0.0461123064160347,0.0,132.26027548948764,15360.0
-16.79642677307129,-16.84508514404297,0.04865804687142372,0.0,151.3228281458491,15360.0
-17.510074615478516,-17.55393409729004,0.04385681822896004,0.0,126.86577469493817,15360.0
-17.275104522705078,-17.315494537353516,0.04038895666599274,0.0,99.43257611368954,15360.0
-17.25682258605957,-17.292879104614258,0.03605881705880165,0.0,139.69207265851085,15360.0
-17.365835189819336,-17.40431022644043,0.038473788648843765,0.0,127.86802125806508,15360.0
-17.04350471496582,-17.093090057373047,0.04958184063434601,0.0,155.4239372047467,15360.0
-17.202173233032227,-17.253437042236328,0.05126338079571724,0.0,149.2061275744771,15360.0
-17.676109313964844,-17.72887420654297,0.05276403948664665,0.0,96.90030640719233,15360.0
-17.032209396362305,-17.080223083496094,0.048012420535087585,0.0,121.61880273946308,15360.0
-17.362958908081055,-17.400524139404297,0.03756798431277275,0.0,84.49044039764826,15360.0
-17.137271881103516,-17.174999237060547,0.03773202747106552,0.0,126.6971219952525,15360.0
-17.622905731201172,-17.66484260559082,0.04193468019366264,0.0,140.33306358292387,15360.0
-17.41918182373047,-17.46406364440918,0.04488419368863106,0.0,102.04749400611358,15360.0
-17.437925338745117,-17.4779052734375,0.03998111933469772,0.0,121.92835778297751,15360.0
-17.040224075317383,-17.077131271362305,0.036911480128765106,0.0,111.74657405348736,15360.0
-17.149616241455078,-17.188947677612305,0.03933073207736015,0.0,142.58733848197718,15360.0
-16.78845977783203,-16.828706741333008,0.040249861776828766,0.0,167.50245845723924,15360.0
-16.76658821105957,-16.807743072509766,0.04115060344338417,0.0,109.00584221515068,15360.0
-16.889646530151367,-16.926433563232422,0.03678695857524872,0.0,111.10844096597728,15360.0
-16.968109130859375,-17.00424575805664,0.03613485395908356,0.0,104.73032222134381,15360.0
-17.192758560180664,-17.23431396484375,0.04155607521533966,0.0,85.59378767739311,15360.0
-17.025320053100586,-17.068233489990234,0.042912885546684265,0.0,113.75361654360795,15360.0
-17.580873489379883,-17.61603546142578,0.03516155108809471,0.0,94.76803368809139,15360.0
-17.27692222595215,-17.316434860229492,0.03951089456677437,0.0,116.6847525017492,15360.0
-17.01868438720703,-17.06033706665039,0.041648346930742264,0.0,170.09756441173758,15360.0
-17.46127700805664,-17.500898361206055,0.039624862372875214,0.0,99.38007218901579,15360.0
-17.37618064880371,-17.41522979736328,0.03904621675610542,0.0,129.7606645366363,15360.0
-17.225257873535156,-17.262502670288086,0.03724369779229164,0.0,98.03796245061822,15360.0
-17.389352798461914,-17.426639556884766,0.03728789836168289,0.0,146.98543599105614,15360.0
-17.532072067260742,-17.566987991333008,0.03491153195500374,0.0,83.61508791713179,15360.0
-17.022703170776367,-17.060550689697266,0.03784608840942383,0.0,134.349625086675,15360.0
-17.1917667388916,-17.22901725769043,0.03724948689341545,0.0,118.4737398955244,15360.0
-17.4929141998291,-17.532209396362305,0.03929638862609863,0.0,106.00701568409778,15360.0
-17.36530303955078,-17.405696868896484,0.040394846349954605,0.0,98.02220787266775,15360.0
-17.72638702392578,-17.763689041137695,0.03729618713259697,0.0,97.64054549704217,15360.0
-17.470645904541016,-17.506122589111328,0.0354730486869812,0.0,116.63386598070332,15360.0
-17.081483840942383,-17.117084503173828,0.035602930933237076,0.0,122.69149580960182,15360.0
-16.849143981933594,-16.8852481842041,0.03610346093773842,0.0,113.2053245549449,15360.0
-17.459012985229492,-17.492116928100586,0.03310183808207512,0.0,101.19566777497799,15360.0
-17.44455909729004,-17.47956657409668,0.03500387817621231,0.0,119.3708153607562,15360.0
-17.476240158081055,-17.514162063598633,0.03791631758213043,0.0,129.79989024271663,15360.0
-17.62691879272461,-17.66180419921875,0.03487936034798622,0.0,101.84160711804535,15360.0
-17.680768966674805,-17.712736129760742,0.0319698341190815,0.0,94.47116039975712,15360.0
-17.495384216308594,-17.53248405456543,0.0371006540954113,0.0,97.24660283570424,15360.0
-17.803293228149414,-17.838125228881836,0.03483056649565697,0.0,97.38480612878497,15360.0
-17.69700813293457,-17.731107711791992,0.03409858047962189,0.0,93.35369775944744,15360.0
-17.41654396057129,-17.45182991027832,0.03528213128447533,0.0,115.22655169233678,15360.0
-17.380340576171875,-17.41350746154785,0.03316215053200722,0.0,113.58242859620088,15360.0
-16.93022346496582,-16.967185974121094,0.03696385398507118,0.0,126.80824934838938,15360.0
-17.53229522705078,-17.56827163696289,0.03597710281610489,0.0,89.22203451105288,15360.0
-16.83523941040039,-16.87354278564453,0.03830370679497719,0.0,91.5714180359847,15360.0
-17.322744369506836,-17.355836868286133,0.03309731185436249,0.0,83.72299925488218,15360.0
-17.466386795043945,-17.502758026123047,0.036373432725667953,0.0,71.02216566642812,15360.0
-17.480207443237305,-17.517248153686523,0.03703903406858444,0.0,95.37500258761706,15360.0
-16.968364715576172,-17.00545310974121,0.037086449563503265,0.0,119.24554485686647,15360.0
-18.02082061767578,-18.056331634521484,0.0355059877038002,0.0,91.35261348655688,15360.0
-17.36845588684082,-17.408260345458984,0.03979779779911041,0.0,111.87217743444737,15360.0
-17.615966796875,-17.655553817749023,0.039583783596754074,0.0,103.15020174870786,15360.0
-17.15215492248535,-17.1900634765625,0.03790856525301933,0.0,94.11829973399108,15360.0
-17.233360290527344,-17.272674560546875,0.03931530937552452,0.0,130.61037859669173,15360.0
-17.495121002197266,-17.53769302368164,0.04257173091173172,0.0,118.20175276384452,15360.0
-17.589099884033203,-17.63206672668457,0.042967889457941055,0.0,101.55055416409091,15360.0
-17.327720642089844,-17.370746612548828,0.04302357882261276,0.0,164.77082353146525,15360.0
-17.56414794921875,-17.603219985961914,0.03907422348856926,0.0,90.57405457377725,15360.0
-17.49241828918457,-17.530656814575195,0.03823806717991829,0.0,150.6929759862735,15360.0
-17.162744522094727,-17.20037269592285,0.03762955591082573,0.0,148.56304018826367,15360.0
-17.51666259765625,-17.55840492248535,0.041742049157619476,0.0,103.7479046783684,15360.0
-17.259611129760742,-17.30325698852539,0.043646227568387985,0.0,166.5174903529665,15360.0
-17.763349533081055,-17.80280303955078,0.03945546969771385,0.0,95.54754331810594,15360.0
-16.987672805786133,-17.025859832763672,0.03818608820438385,0.0,140.06198078587218,15360.0
-17.369474411010742,-17.41202163696289,0.04254920408129692,0.0,144.1936673270029,15360.0
-17.718181610107422,-17.76056480407715,0.04237455874681473,0.0,68.74901059654755,15360.0
-17.47860336303711,-17.516523361206055,0.037918344140052795,0.0,117.61583328827015,15360.0
-17.62137794494629,-17.657930374145508,0.03655266761779785,0.0,81.31835392792401,15360.0
-17.483976364135742,-17.517833709716797,0.033858608454465866,0.0,132.529799653445,15360.0
-17.117467880249023,-17.154869079589844,0.03739761933684349,0.0,136.21841659609578,15360.0
-17.055191040039062,-17.097179412841797,0.04198797792196274,0.0,140.0079539578388,15360.0
-17.504016876220703,-17.544605255126953,0.04058995470404625,0.0,142.9567721364315,15360.0
-17.805339813232422,-17.843305587768555,0.0379674918949604,0.0,104.63971426881957,15360.0
-16.95038414001465,-16.98949432373047,0.03910880908370018,0.0,164.91135494942833,15360.0
-17.17717742919922,-17.2143611907959,0.037182245403528214,0.0,120.5380576107141,15360.0
-17.518964767456055,-17.554325103759766,0.03535841032862663,0.0,110.61904688433488,15360.0
-17.019367218017578,-17.053512573242188,0.03414653241634369,0.0,141.4169796328303,15360.0
-17.688066482543945,-17.72256851196289,0.034502796828746796,0.0,82.63279046756227,15360.0
-17.38753318786621,-17.42485809326172,0.03732436150312424,0.0,138.47720204375426,15360.0
-17.83797264099121,-17.874265670776367,0.036297958344221115,0.0,102.2788945733917,15360.0
-17.32601547241211,-17.36176872253418,0.03575176000595093,0.0,149.4661174666418,15360.0
-17.458433151245117,-17.49923324584961,0.04080183804035187,0.0,167.00926010931093,15360.0
-17.32579803466797,-17.362998962402344,0.0372004508972168,0.0,86.50526102885725,15360.0
-17.25568962097168,-17.291973114013672,0.036283500492572784,0.0,108.87454702739204,15360.0
-17.65892791748047,-17.6921329498291,0.033203307539224625,0.0,102.1107085519095,15360.0
-16.876768112182617,-16.914722442626953,0.03795181214809418,0.0,152.09747227880464,15360.0
-17.695823669433594,-17.7327823638916,0.03695821389555931,0.0,110.11159231649559,15360.0
-17.404510498046875,-17.4414119720459,0.03690351918339729,0.0,127.97484041298776,15360.0
-17.54499626159668,-17.583635330200195,0.038638003170490265,0.0,120.28345196618484,15360.0
-17.911531448364258,-17.94610595703125,0.034577302634716034,0.0,108.47052501512516,15360.0
-17.517810821533203,-17.553998947143555,0.036188069730997086,0.0,132.2858826041211,15360.0
-17.631391525268555,-17.66930389404297,0.03791268914937973,0.0,114.73439150262254,15360.0
-17.68811798095703,-17.723939895629883,0.035820551216602325,0.0,77.19971172709567,15360.0
-17.12419891357422,-17.16341209411621,0.03921392932534218,0.0,171.62506687784241,15360.0
-17.081546783447266,-17.116273880004883,0.03472413122653961,0.0,152.50502211289378,15360.0
-17.65877342224121,-17.697689056396484,0.03891643136739731,0.0,115.00967571088168,15360.0
-17.87076187133789,-17.91153335571289,0.040768347680568695,0.0,108.50108648138288,15360.0
-17.189321517944336,-17.227230072021484,0.037910763174295425,0.0,121.09915923029214,15360.0
-17.839786529541016,-17.875646591186523,0.03586269170045853,0.0,87.09341690164098,15360.0
-17.5911865234375,-17.626792907714844,0.03561015427112579,0.0,126.24764953350197,15360.0
-17.961313247680664,-17.996828079223633,0.035515375435352325,0.0,96.69977087042452,15360.0
-17.581472396850586,-17.6143741607666,0.032901644706726074,0.0,123.28900959220513,15360.0
-17.970396041870117,-18.00848388671875,0.03808508440852165,0.0,97.89509121762596,15360.0
-17.91863441467285,-17.95624542236328,0.037610188126564026,0.0,99.78210398388659,15360.0
-17.687374114990234,-17.724973678588867,0.03759969025850296,0.0,71.2594157965606,15360.0
-17.84941864013672,-17.884977340698242,0.03556063398718834,0.0,81.67347734811264,15360.0
-17.86757469177246,-17.901538848876953,0.03396228328347206,0.0,58.10596863305721,15360.0
-17.775196075439453,-17.81426239013672,0.03906477615237236,0.0,83.17432681567288,15360.0
-18.08218002319336,-18.119892120361328,0.03770739957690239,0.0,58.98279772622162,15360.0
-17.75552749633789,-17.796281814575195,0.04075071960687637,0.0,84.27605896533726,15360.0
-17.671958923339844,-17.720151901245117,0.048187706619501114,0.0,96.68054555153799,15360.0
-17.918119430541992,-17.969614028930664,0.05149586871266365,0.0,119.10118405034399,15360.0
-17.704858779907227,-17.753686904907227,0.04882487282156944,0.0,89.8239431092568,15360.0
-17.917905807495117,-17.962507247924805,0.04459899291396141,0.0,83.12350467299366,15360.0
-17.71245765686035,-17.74888038635254,0.036420103162527084,0.0,88.27423721205815,15360.0
-18.241174697875977,-18.27767562866211,0.036499347537755966,0.0,83.74296701412877,15360.0
-17.960174560546875,-18.0064697265625,0.0462987907230854,0.0,104.79645669158505,15360.0
-17.879497528076172,-17.92894172668457,0.049442484974861145,0.0,92.04636622882578,15360.0
-17.914806365966797,-17.962242126464844,0.04743320867419243,0.0,81.35764557831125,15360.0
-17.329795837402344,-17.371198654174805,0.04140345752239227,0.0,97.64882423531571,15360.0
-17.757184982299805,-17.79712677001953,0.03994208201766014,0.0,88.55058490297989,15360.0
-17.424985885620117,-17.467496871948242,0.042510852217674255,0.0,103.38482242242775,15360.0
-17.879255294799805,-17.921276092529297,0.042023707181215286,0.0,86.91106842106623,15360.0
-17.917463302612305,-17.963132858276367,0.04566912353038788,0.0,107.92901446673596,15360.0
-17.292264938354492,-17.337125778198242,0.04485864192247391,0.0,108.24101515506491,15360.0
-17.88382911682129,-17.923992156982422,0.040162019431591034,0.0,72.03397320314365,15360.0
-17.468435287475586,-17.507532119750977,0.0391019806265831,0.0,93.30035013128672,15360.0
-17.132978439331055,-17.174287796020508,0.04130949825048447,0.0,111.24357225920333,15360.0
-17.601055145263672,-17.64698028564453,0.04592662304639816,0.0,107.52735756273967,15360.0
-17.71744155883789,-17.759937286376953,0.04249100014567375,0.0,106.08866884582851,15360.0
-17.19785499572754,-17.235172271728516,0.03732047230005264,0.0,108.50511934605231,15360.0
-17.82369613647461,-17.8603572845459,0.03666073456406593,0.0,89.54443804349353,15360.0
-17.65250587463379,-17.69247055053711,0.03996193781495094,0.0,101.82166986206667,15360.0
-17.341609954833984,-17.383403778076172,0.041794873774051666,0.0,99.57385217484624,15360.0
-17.36454963684082,-17.404598236083984,0.04005034640431404,0.0,117.83365072194695,15360.0
-17.511329650878906,-17.550588607788086,0.03925596922636032,0.0,103.75922539730718,15360.0
-17.66809844970703,-17.706195831298828,0.03809751197695732,0.0,145.91665600053273,15360.0
-17.75844383239746,-17.799617767333984,0.04117141664028168,0.0,88.42187046848561,15360.0
-17.561330795288086,-17.605627059936523,0.04429636150598526,0.0,107.89162195829994,15360.0
-17.624238967895508,-17.669158935546875,0.044920433312654495,0.0,146.82012988285106,15360.0
-17.6418399810791,-17.68458366394043,0.042745206505060196,0.0,72.52815704867211,15360.0
-17.11775016784668,-17.15836524963379,0.04061523452401161,0.0,159.9864648517216,15360.0
-17.61113739013672,-17.648006439208984,0.03686821088194847,0.0,145.36211087229032,15360.0
-17.757726669311523,-17.791658401489258,0.03392569348216057,0.0,99.48776177551552,15360.0
-17.092321395874023,-17.129541397094727,0.03722145035862923,0.0,170.54489618699242,15360.0
-17.59185791015625,-17.629886627197266,0.03802983835339546,0.0,124.85832711092408,15360.0
-17.553321838378906,-17.592426300048828,0.039104096591472626,0.0,158.71441318213041,15360.0
-16.8961238861084,-16.93138313293457,0.03525495529174805,0.0,197.25289416913574,15360.0
-17.904298782348633,-17.939130783081055,0.03483095392584801,0.0,106.17327041384297,15360.0
-17.579301834106445,-17.620298385620117,0.040997330099344254,0.0,130.25108023890076,15360.0
-17.3868465423584,-17.429508209228516,0.04266353324055672,0.0,128.49940577787433,15360.0
-17.63923454284668,-17.679157257080078,0.03992451727390289,0.0,99.9259089861885,15360.0
-17.61878204345703,-17.65420150756836,0.0354170985519886,0.0,138.0313855829622,15360.0
-17.58934783935547,-17.623371124267578,0.03402996435761452,0.0,82.77391270980353,15360.0
-17.160860061645508,-17.20063591003418,0.039772581309080124,0.0,164.03124358818627,15360.0
-18.065513610839844,-18.106807708740234,0.04128929600119591,0.0,111.09522901467454,15360.0
-17.02638816833496,-17.068626403808594,0.04224153980612755,0.0,127.10638792357787,15360.0
-16.142595291137695,-16.184425354003906,0.04183212295174599,0.0,191.82756568282014,15360.0
-16.761167526245117,-16.802074432373047,0.04090717062354088,0.0,143.57887098350682,15360.0
-16.928905487060547,-16.978113174438477,0.04920694977045059,0.0,125.45499019828917,15360.0
-16.83534049987793,-16.881319046020508,0.04597342759370804,0.0,166.78731225770002,15360.0
-17.262441635131836,-17.300447463989258,0.03800725191831589,0.0,136.73459601460166,15360.0
-16.317157745361328,-16.352346420288086,0.03518559783697128,0.0,170.80189995916365,15360.0
-16.73558235168457,-16.773021697998047,0.03744501620531082,0.0,100.90143283047534,15360.0
-16.448240280151367,-16.48963165283203,0.04139110818505287,0.0,132.45510404348843,15360.0
-16.979089736938477,-17.014684677124023,0.035595204681158066,0.0,89.45444878360534,15360.0
-16.68975257873535,-16.724529266357422,0.03477847948670387,0.0,125.72066247460018,15360.0
-17.136226654052734,-17.173635482788086,0.03741360455751419,0.0,107.59273430778114,15360.0
-17.500072479248047,-17.541723251342773,0.0416518859565258,0.0,95.5798916222006,15360.0
-17.034236907958984,-17.07408332824707,0.03984488546848297,0.0,113.68366159930638,15360.0
-17.378690719604492,-17.41541862487793,0.036726076155900955,0.0,90.74409592333872,15360.0
-17.55851173400879,-17.597776412963867,0.039261121302843094,0.0,141.69276088911545,15360.0
-17.51679229736328,-17.555355072021484,0.03856253623962402,0.0,84.9094226224013,15360.0
-16.78108024597168,-16.818248748779297,0.03716794773936272,0.0,167.98435639935857,15360.0
-17.44824981689453,-17.48102378845215,0.032777681946754456,0.0,93.61553711193575,15360.0
-16.922298431396484,-16.96039581298828,0.03809598833322525,0.0,165.08359998330945,15360.0
-17.571359634399414,-17.609251022338867,0.0378863662481308,0.0,137.48806593227008,15360.0
-17.576284408569336,-17.617475509643555,0.041195277124643326,0.0,136.3131243133296,15360.0
-17.162200927734375,-17.20122528076172,0.03902560845017433,0.0,126.01261473258461,15360.0
-17.0332088470459,-17.06854248046875,0.03533279895782471,0.0,154.9065414974032,15360.0
-17.57233238220215,-17.608243942260742,0.03590956702828407,0.0,139.6070503236234,15360.0
-17.580951690673828,-17.616369247436523,0.03542488440871239,0.0,114.06016868993377,15360.0
-17.457172393798828,-17.491971969604492,0.0348023921251297,0.0,109.18600928245996,15360.0
-17.40298843383789,-17.438823699951172,0.035839639604091644,0.0,117.824928330167,15360.0
-17.797266006469727,-17.83762550354004,0.040360528975725174,0.0,89.30840842253164,15360.0
-18.142147064208984,-18.18088722229004,0.038738351315259933,0.0,88.90273217828202,15360.0
-17.556245803833008,-17.591285705566406,0.035036660730838776,0.0,106.97901869986595,15360.0
-17.768558502197266,-17.803693771362305,0.03513664752244949,0.0,79.14817449655807,15360.0
-17.842580795288086,-17.87640953063965,0.03382982686161995,0.0,107.08189371522896,15360.0
-17.772008895874023,-17.811716079711914,0.03970801830291748,0.0,95.88957193519305,15360.0
-18.081377029418945,-18.1190128326416,0.03763812035322189,0.0,135.3911219952754,15360.0
-17.886842727661133,-17.923688888549805,0.03685194253921509,0.0,90.7192571382792,15360.0
-17.788352966308594,-17.821001052856445,0.03264544904232025,0.0,124.81546868974993,15360.0
-18.005741119384766,-18.039104461669922,0.0333641953766346,0.0,84.74748353888221,15360.0
-17.812089920043945,-17.848237991333008,0.0361500158905983,0.0,126.73767020974493,15360.0
-17.808238983154297,-17.845746994018555,0.03750724717974663,0.0,84.37877915025967,15360.0
-17.9609317779541,-17.998966217041016,0.03803636133670807,0.0,126.75864081525246,15360.0
-17.87548828125,-17.913843154907227,0.038355711847543716,0.0,75.64502278311873,15360.0
-18.067928314208984,-18.101776123046875,0.03384838625788689,0.0,117.7023434609352,15360.0
-18.097965240478516,-18.13048553466797,0.03251899033784866,0.0,60.65503873206665,15360.0
-17.964380264282227,-18.00079345703125,0.03641359508037567,0.0,92.38857705217868,15360.0
-18.22686004638672,-18.265459060668945,0.03860324248671532,0.0,73.25335223369753,15360.0
-17.874441146850586,-17.917236328125,0.04279740899801254,0.0,78.12814696083778,15360.0
-18.0743408203125,-18.107662200927734,0.033324915915727615,0.0,76.27383637218315,15360.0
-18.246667861938477,-18.279672622680664,0.033005792647600174,0.0,75.55004149987917,15360.0
-17.95669174194336,-17.994234085083008,0.037543460726737976,0.0,99.97135574133974,15360.0
-17.91020393371582,-17.94717788696289,0.036974482238292694,0.0,78.14590653286935,15360.0
-17.939607620239258,-17.97791290283203,0.0383015051484108,0.0,105.68964285591527,15360.0
-18.116641998291016,-18.155332565307617,0.038690004497766495,0.0,68.19407224146057,15360.0
-18.249736785888672,-18.286523818969727,0.03678669407963753,0.0,102.05683286216947,15360.0
-18.0096378326416,-18.049280166625977,0.03964712470769882,0.0,67.7020504444289,15360.0
-18.029138565063477,-18.068382263183594,0.039242085069417953,0.0,95.18565341046859,15360.0
-17.793468475341797,-17.83893585205078,0.045464806258678436,0.0,61.72881769844794,15360.0
-18.289989471435547,-18.33336067199707,0.04336892440915108,0.0,79.85942884087773,15360.0
-18.412458419799805,-18.44928741455078,0.03682750463485718,0.0,83.89158310780178,15360.0
-18.394105911254883,-18.42862319946289,0.03451854735612869,0.0,68.39157323483157,15360.0
-18.112567901611328,-18.145484924316406,0.03291565924882889,0.0,105.50698875037946,15360.0
-18.441659927368164,-18.47382926940918,0.03217441216111183,0.0,122.06966225482061,15360.0
-18.7443790435791,-18.77850341796875,0.03412244841456413,0.0,57.89541677941101,15360.0
-18.09832763671875,-18.134492874145508,0.03616873919963837,0.0,107.35474275865315,15360.0
-18.002058029174805,-18.036937713623047,0.03487922251224518,0.0,88.80531142741361,15360.0
-18.15947151184082,-18.194753646850586,0.035286612808704376,0.0,95.67554727294178,15360.0
-18.475095748901367,-18.50971794128418,0.034624237567186356,0.0,97.73841079131512,15360.0
-18.06309700012207,-18.09781265258789,0.03471505641937256,0.0,79.38744402417154,15360.0
-17.867881774902344,-17.900634765625,0.032756507396698,0.0,135.1180089951509,15360.0
-18.4149227142334,-18.445899963378906,0.030972344800829887,0.0,93.8277265328476,15360.0
-18.228111267089844,-18.264610290527344,0.03649729862809181,0.0,97.47671300754497,15360.0
-18.04421043395996,-18.08047103881836,0.03626217693090439,0.0,126.17383334542677,15360.0
-18.3311824798584,-18.3621768951416,0.03099413774907589,0.0,86.5030464208455,15360.0
-18.167781829833984,-18.201539993286133,0.03375890478491783,0.0,118.62067581474463,15360.0
-18.433279037475586,-18.4695987701416,0.03632194921374321,0.0,112.76681192241094,15360.0
-18.244394302368164,-18.281461715698242,0.037068601697683334,0.0,93.39919242347287,15360.0
-18.587167739868164,-18.6296329498291,0.04246167466044426,0.0,104.88320155244455,15360.0
-18.192386627197266,-18.23848533630371,0.046096645295619965,0.0,102.38011623352308,15360.0
-18.07345199584961,-18.12715721130371,0.05370068550109863,0.0,86.24086413618691,15360.0
-18.165035247802734,-18.231813430786133,0.06677433103322983,0.0,117.37867141799676,15360.0
-18.21645164489746,-18.297054290771484,0.08060325682163239,0.0,83.70057156450721,15360.0
-18.128276824951172,-18.230831146240234,0.10255453735589981,0.0,98.2579126137028,15360.0
-18.354087829589844,-18.44489860534668,0.09081123769283295,0.0,85.41063739252877,15360.0
-18.307825088500977,-18.37855339050293,0.07073106616735458,0.0,81.58538078299904,15360.0
-18.327165603637695,-18.37883186340332,0.05166371166706085,0.0,68.73808104539536,15360.0
-18.1286678314209,-18.16661262512207,0.03794769197702408,0.0,88.63974851417363,15360.0
-18.246849060058594,-18.296884536743164,0.05003679543733597,0.0,67.34825237077185,15360.0
-18.1184139251709,-18.187030792236328,0.0686122253537178,0.0,105.39950051504938,15360.0
-18.60388946533203,-18.667877197265625,0.06398620456457138,0.0,86.68815774670671,15360.0
-18.07449722290039,-18.12751007080078,0.05301288515329361,0.0,98.56282301772987,15360.0
-18.577919006347656,-18.618005752563477,0.04008544981479645,0.0,77.10396383912838,15360.0
-18.45401382446289,-18.495500564575195,0.04148874431848526,0.0,88.23390910367101,15360.0
-18.136669158935547,-18.183406829833984,0.04673739895224571,0.0,71.92173469187313,15360.0
-18.480182647705078,-18.530925750732422,0.05074354633688927,0.0,63.09656768430492,15360.0
-18.38972282409668,-18.436012268066406,0.04629676416516304,0.0,82.32715803270493,15360.0
-18.686765670776367,-18.723995208740234,0.037229023873806,0.0,81.9744467254613,15360.0
-18.46414566040039,-18.502586364746094,0.03843880444765091,0.0,62.282642763865105,15360.0
-18.58438491821289,-18.62580680847168,0.041418351233005524,0.0,82.0274039225429,15360.0
-18.158824920654297,-18.202932357788086,0.044108327478170395,0.0,62.70433707308331,15360.0
-18.385711669921875,-18.42055892944336,0.03484653681516647,0.0,76.32652213936045,15360.0
-18.551532745361328,-18.58924674987793,0.03771545737981796,0.0,103.15730277895673,15360.0
-18.28948402404785,-18.331995010375977,0.042506951838731766,0.0,116.02907780339697,15360.0
-18.376493453979492,-18.42412757873535,0.047635652124881744,0.0,120.37659962482643,15360.0
-18.350446701049805,-18.39325714111328,0.042811620980501175,0.0,88.84967452558931,15360.0
-18.13524627685547,-18.1726131439209,0.03736826404929161,0.0,106.38561184759565,15360.0
-18.57054901123047,-18.606313705444336,0.03576929122209549,0.0,88.38291465098894,15360.0
-18.39849281311035,-18.43712043762207,0.03862694650888443,0.0,114.13908570237965,15360.0
-18.42823600769043,-18.477630615234375,0.049391526728868484,0.0,77.98160733517848,15360.0
-17.924612045288086,-17.974422454833984,0.04981506988406181,0.0,141.7082175617362,15360.0
-18.354045867919922,-18.39105796813965,0.037015367299318314,0.0,87.93830305130241,15360.0
-18.16101837158203,-18.191547393798828,0.03052421659231186,0.0,127.54194297258188,15360.0
-18.316816329956055,-18.353788375854492,0.036972180008888245,0.0,101.47884474701068,15360.0
-18.408525466918945,-18.452991485595703,0.04446207359433174,0.0,107.24764651950939,15360.0
-18.49911117553711,-18.539684295654297,0.040574315935373306,0.0,99.88627626687153,15360.0
-18.385284423828125,-18.416797637939453,0.03151191398501396,0.0,86.36289700957327,15360.0
-18.313785552978516,-18.34613609313965,0.032348666340112686,0.0,119.89651403848106,15360.0
-17.993391036987305,-18.033124923706055,0.03973311930894852,0.0,110.32930696343398,15360.0
-18.457000732421875,-18.496440887451172,0.03943963348865509,0.0,130.3750709855248,15360.0
-18.04863929748535,-18.08320426940918,0.03456246107816696,0.0,142.0404240232228,15360.0
-18.050045013427734,-18.081626892089844,0.03158629685640335,0.0,134.6121284119229,15360.0
-18.071504592895508,-18.109004974365234,0.037498123943805695,0.0,127.90520851072684,15360.0
-18.30086898803711,-18.33652687072754,0.03565872088074684,0.0,117.61478658591426,15360.0
-17.33989143371582,-17.370695114135742,0.03080325573682785,0.0,185.48341500535514,15360.0
-17.935237884521484,-17.97154426574707,0.0363023541867733,0.0,112.19728774894276,15360.0
-18.050609588623047,-18.085948944091797,0.035336684435606,0.0,141.1040361701648,15360.0
-18.254438400268555,-18.28658676147461,0.03214875981211662,0.0,110.46337073645398,15360.0
-17.782901763916016,-17.821495056152344,0.038590867072343826,0.0,121.05713688100973,15360.0
-18.008872985839844,-18.045116424560547,0.03624739125370979,0.0,109.7402127529282,15360.0
-18.171178817749023,-18.202850341796875,0.03167429938912392,0.0,90.9481439602698,15360.0
-18.149158477783203,-18.181447982788086,0.032286159694194794,0.0,85.76453736524944,15360.0
-18.356456756591797,-18.390514373779297,0.034058015793561935,0.0,82.3955570757306,15360.0
-18.07697105407715,-18.108488082885742,0.031517863273620605,0.0,89.49896977545237,15360.0
-18.238731384277344,-18.268566131591797,0.029834458604454994,0.0,78.82661990585923,15360.0
-18.42901611328125,-18.46101951599121,0.03200418874621391,0.0,70.39086588260729,15360.0
-17.790794372558594,-17.824914932250977,0.034122515469789505,0.0,109.60798298696197,15360.0
-18.016748428344727,-18.046470642089844,0.029721686616539955,0.0,131.89727706119413,15360.0
-18.005985260009766,-18.039180755615234,0.033197201788425446,0.0,123.81461172340533,15360.0
-18.39339256286621,-18.427003860473633,0.03360583633184433,0.0,92.467775808952,15360.0
-18.308338165283203,-18.33843421936035,0.03009680286049843,0.0,95.83971613595968,15360.0
-18.703832626342773,-18.73503303527832,0.03120148554444313,0.0,67.25646224913956,15360.0
-18.312929153442383,-18.349815368652344,0.03688935935497284,0.0,94.7454295680157,15360.0
-18.214521408081055,-18.25263023376465,0.038103144615888596,0.0,84.0905601566982,15360.0
-17.84503746032715,-17.878652572631836,0.03361072763800621,0.0,120.79222674211084,15360.0
-18.359560012817383,-18.39274787902832,0.03318626061081886,0.0,105.85280927629263,15360.0
-17.999637603759766,-18.03725242614746,0.03761960193514824,0.0,137.62603785648332,15360.0
-17.725746154785156,-17.76787567138672,0.04212796315550804,0.0,186.00674536921753,15360.0
-18.196046829223633,-18.234561920166016,0.038517095148563385,0.0,132.13970414307332,15360.0
-18.483739852905273,-18.519737243652344,0.03599089756608009,0.0,113.13754261572183,15360.0
-17.808191299438477,-17.840124130249023,0.03193791210651398,0.0,114.9414563489276,15360.0
-18.078075408935547,-18.117677688598633,0.03960148245096207,0.0,75.96390263079901,15360.0
-17.415111541748047,-17.45248031616211,0.03737158700823784,0.0,128.53863244701995,15360.0
-17.80750274658203,-17.841854095458984,0.03435036912560463,0.0,102.24170262173617,15360.0
-17.845252990722656,-17.885042190551758,0.03979267552495003,0.0,99.46338679552353,15360.0
-18.121360778808594,-18.156024932861328,0.03466254100203514,0.0,82.3521615874522,15360.0
-18.08000373840332,-18.113445281982422,0.03344228118658066,0.0,107.2870394431034,15360.0
-18.145673751831055,-18.18177604675293,0.036104630678892136,0.0,103.22407426229263,15360.0
-18.034971237182617,-18.06962776184082,0.03465229645371437,0.0,128.8676848590254,15360.0
-17.901264190673828,-17.939294815063477,0.038033343851566315,0.0,116.9352347321806,15360.0
-18.3782901763916,-18.412750244140625,0.03446070849895477,0.0,105.69442426646238,15360.0
-18.326908111572266,-18.361513137817383,0.03460336849093437,0.0,101.35086076192404,15360.0
-18.347379684448242,-18.382448196411133,0.035067129880189896,0.0,84.34375320506932,15360.0
-18.069562911987305,-18.103422164916992,0.03385840356349945,0.0,109.3928515890222,15360.0
-18.009511947631836,-18.044536590576172,0.03502235189080238,0.0,94.16142726513445,15360.0
-18.190425872802734,-18.222150802612305,0.031727127730846405,0.0,93.93548356071781,15360.0
-18.217206954956055,-18.25182342529297,0.034614186733961105,0.0,90.3846536178903,15360.0
-18.470478057861328,-18.50541877746582,0.03493534401059151,0.0,82.87049950657861,15360.0
-18.182981491088867,-18.217418670654297,0.034439392387866974,0.0,97.17464544135066,15360.0
-18.04718589782715,-18.08128547668457,0.0341009646654129,0.0,129.13162030358518,15360.0
-18.146883010864258,-18.18134880065918,0.0344652384519577,0.0,118.40130723659122,15360.0
-17.892601013183594,-17.925851821899414,0.03325324505567551,0.0,126.71969536141509,15360.0
-17.92003631591797,-17.954057693481445,0.03402378410100937,0.0,158.32211037294135,15360.0
-18.316226959228516,-18.348438262939453,0.03220454603433609,0.0,110.74072363844213,15360.0
-18.118919372558594,-18.15572738647461,0.03681022673845291,0.0,150.14813707902033,15360.0
-18.14889144897461,-18.18947982788086,0.040591854602098465,0.0,122.80667907232849,15360.0
-18.100004196166992,-18.13022804260254,0.03022509627044201,0.0,98.27120989995427,15360.0
-18.05373191833496,-18.08823013305664,0.034495290368795395,0.0,155.21871660301707,15360.0
-17.705995559692383,-17.744234085083008,0.03823941573500633,0.0,110.31704320226393,15360.0
-17.41948127746582,-17.45563507080078,0.036153681576251984,0.0,190.30744623275984,15360.0
-18.072710037231445,-18.11018943786621,0.03747641295194626,0.0,109.670355461295,15360.0
-17.409547805786133,-17.44656753540039,0.03702115640044212,0.0,172.8641629514068,15360.0
-16.531553268432617,-16.567514419555664,0.03596208989620209,0.0,211.4257153282113,15360.0
-17.798545837402344,-17.83570671081543,0.037160880863666534,0.0,121.18099951408952,15360.0
-16.000774383544922,-16.037094116210938,0.03632021322846413,0.0,207.63196673841935,15360.0
-16.350196838378906,-16.39031410217285,0.04012008756399155,0.0,178.24459930405777,15360.0
-16.731693267822266,-16.770957946777344,0.039264481514692307,0.0,175.13054000203192,15360.0
-16.717864990234375,-16.763607025146484,0.04574088752269745,0.0,140.95237665386225,15360.0
-16.91652488708496,-16.96687889099121,0.05035765841603279,0.0,162.74276548675303,15360.0
-16.523143768310547,-16.557527542114258,0.03438229113817215,0.0,133.07088354382867,15360.0
-16.797344207763672,-16.83724021911621,0.039894040673971176,0.0,172.32707137913258,15360.0
-16.816205978393555,-16.855670928955078,0.0394633412361145,0.0,139.59216546554072,15360.0
-17.1866455078125,-17.228918075561523,0.04227253049612045,0.0,175.83226434728053,15360.0
-17.1961612701416,-17.23574447631836,0.039584312587976456,0.0,138.28649458792805,15360.0
-17.316438674926758,-17.3569278717041,0.04048571363091469,0.0,142.27884962527992,15360.0
-17.004179000854492,-17.04910659790039,0.04492777958512306,0.0,127.03996833390887,15360.0
-17.067502975463867,-17.10931396484375,0.041808176785707474,0.0,135.14426631821144,15360.0
-17.133358001708984,-17.17131996154785,0.03796050697565079,0.0,125.89655418987681,15360.0
-17.22543716430664,-17.26274871826172,0.0373150035738945,0.0,125.93338247615651,15360.0
-17.627704620361328,-17.673093795776367,0.04538668692111969,0.0,123.42678984321329,15360.0
-17.13406753540039,-17.177146911621094,0.043080464005470276,0.0,101.32270406336484,15360.0
-17.281064987182617,-17.316844940185547,0.03577444329857826,0.0,152.79923957548692,15360.0
-17.67600440979004,-17.712072372436523,0.03606957197189331,0.0,80.86918972994994,15360.0
-17.4085693359375,-17.44551658630371,0.03694339469075203,0.0,125.16575066675969,15360.0
-17.634891510009766,-17.671878814697266,0.03698255494236946,0.0,96.25821748704334,15360.0
-17.57558822631836,-17.607694625854492,0.03210364282131195,0.0,131.07731050013817,15360.0
-17.87358856201172,-17.909910202026367,0.03632702678442001,0.0,97.36958679626693,15360.0
-17.862234115600586,-17.896556854248047,0.03432585299015045,0.0,118.04031649683624,15360.0
-18.043149948120117,-18.07989501953125,0.03674851730465889,0.0,100.83727975966342,15360.0
-17.85574722290039,-17.892194747924805,0.03644994646310806,0.0,115.19987642630862,15360.0
-17.707698822021484,-17.746870040893555,0.0391722247004509,0.0,128.91774931997648,15360.0
-18.39362144470215,-18.427471160888672,0.03385233134031296,0.0,83.40908127133267,15360.0
-17.592058181762695,-17.62569236755371,0.033638790249824524,0.0,129.14315884664515,15360.0
-18.31374168395996,-18.345888137817383,0.03214457258582115,0.0,70.1846619383697,15360.0
-18.260162353515625,-18.293811798095703,0.0336482860147953,0.0,119.5303503513228,15360.0
-18.61629867553711,-18.647977828979492,0.03168169781565666,0.0,64.34084326082534,15360.0
-18.332239151000977,-18.363861083984375,0.031621094793081284,0.0,118.2959923098727,15360.0
-18.323444366455078,-18.358402252197266,0.03496498987078667,0.0,89.10258821747466,15360.0
-18.027833938598633,-18.060863494873047,0.03303525596857071,0.0,119.67857783708088,15360.0
-18.32506561279297,-18.358041763305664,0.032978497445583344,0.0,118.63750062163975,15360.0
-18.07290267944336,-18.107011795043945,0.03410356864333153,0.0,102.18279499233286,15360.0
-17.82278823852539,-17.857715606689453,0.034924428910017014,0.0,132.79230738501653,15360.0
-17.638181686401367,-17.67131233215332,0.03313305601477623,0.0,152.93861957438014,15360.0
-18.04289436340332,-18.07259750366211,0.02970190718770027,0.0,106.32225776248352,15360.0
-17.60236167907715,-17.63577651977539,0.033409666270017624,0.0,130.27998696189437,15360.0
-18.192609786987305,-18.22861671447754,0.036003414541482925,0.0,133.96092260891146,15360.0
-18.035764694213867,-18.064613342285156,0.028850793838500977,0.0,101.69941450739707,15360.0
-17.655176162719727,-17.689868927001953,0.034694068133831024,0.0,130.04669716799447,15360.0
-17.76938247680664,-17.801828384399414,0.03244178369641304,0.0,130.2448757358853,15360.0
-18.09466552734375,-18.126026153564453,0.03136222064495087,0.0,138.59520842174732,15360.0
-18.016672134399414,-18.044836044311523,0.028163619339466095,0.0,114.90743002442943,15360.0
-18.13962173461914,-18.169912338256836,0.030289137735962868,0.0,118.05717769063854,15360.0
-18.27189826965332,-18.306163787841797,0.03427227959036827,0.0,97.92414589265427,15360.0
-18.267913818359375,-18.299468994140625,0.03155491501092911,0.0,120.47695934579502,15360.0
-18.407407760620117,-18.43754768371582,0.0301353856921196,0.0,87.53730796105977,15360.0
-17.994373321533203,-18.02427101135254,0.029901931062340736,0.0,128.3785534163585,15360.0
-18.42879867553711,-18.462839126586914,0.03404466062784195,0.0,90.89410948309956,15360.0
-18.24349021911621,-18.277080535888672,0.03358945995569229,0.0,146.84802641845852,15360.0
-18.121009826660156,-18.15186309814453,0.030850006267428398,0.0,94.60315490973991,15360.0
-17.760759353637695,-17.793865203857422,0.0331060066819191,0.0,143.37618654973588,15360.0
-17.78972816467285,-17.821592330932617,0.03186457231640816,0.0,123.29720451064496,15360.0
-18.523120880126953,-18.559038162231445,0.03591778501868248,0.0,103.10434080395275,15360.0
-17.982179641723633,-18.015817642211914,0.03363959491252899,0.0,131.3248343898472,15360.0
-18.29999542236328,-18.33233070373535,0.0323331356048584,0.0,80.55971972522832,15360.0
-18.636608123779297,-18.666841506958008,0.030230391770601273,0.0,98.75828012455672,15360.0
-18.78230857849121,-18.813831329345703,0.03152184188365936,0.0,80.50729494930113,15360.0
-18.36688232421875,-18.402875900268555,0.03599588945508003,0.0,89.71431715895447,15360.0
-18.326711654663086,-18.35869026184082,0.03198930621147156,0.0,102.92625729315499,15360.0
-18.33580207824707,-18.369609832763672,0.033806126564741135,0.0,77.61450878201786,15360.0
-18.181203842163086,-18.211238861083984,0.030032536014914513,0.0,104.13118000624412,15360.0
-18.25653648376465,-18.289613723754883,0.03308149054646492,0.0,66.8930836440315,15360.0
-18.13536834716797,-18.165998458862305,0.030635207891464233,0.0,104.77485758388009,15360.0
-18.44330406188965,-18.4753475189209,0.032041773200035095,0.0,106.28022785634398,15360.0
-18.281578063964844,-18.313600540161133,0.03202180191874504,0.0,119.00270110056216,15360.0
-18.4127254486084,-18.445005416870117,0.032276663929224014,0.0,87.91529581756531,15360.0
-18.388994216918945,-18.42030143737793,0.03130747377872467,0.0,92.56999631951524,15360.0
-18.509145736694336,-18.538883209228516,0.029740314930677414,0.0,120.9224401295755,15360.0
-18.546794891357422,-18.578369140625,0.031570423394441605,0.0,95.37734235774204,15360.0
-18.594703674316406,-18.624300003051758,0.029596742242574692,0.0,120.67027924615952,15360.0
-18.43463706970215,-18.46579933166504,0.031160151585936546,0.0,90.8856438392144,15360.0
-18.70686912536621,-18.737030029296875,0.030160073190927505,0.0,97.9174111941726,15360.0
-18.07890510559082,-18.108556747436523,0.029653208330273628,0.0,133.93455663819884,15360.0
-18.454448699951172,-18.48186683654785,0.027414144948124886,0.0,82.64851010246504,15360.0
-18.19908332824707,-18.227630615234375,0.028545936569571495,0.0,132.91667702227753,15360.0
-18.394329071044922,-18.42510986328125,0.030776215717196465,0.0,117.81385183644493,15360.0
-18.441679000854492,-18.471435546875,0.0297549981623888,0.0,102.87976054472358,15360.0
-18.388721466064453,-18.418363571166992,0.029640115797519684,0.0,118.93809115304417,15360.0
-18.219858169555664,-18.24671745300293,0.026857757940888405,0.0,112.14906446046098,15360.0
-18.342113494873047,-18.370304107666016,0.02819240465760231,0.0,144.8251267514375,15360.0
-18.42037010192871,-18.45123291015625,0.030867796391248703,0.0,131.20179186333334,15360.0
-18.340024948120117,-18.36894416809082,0.0289156511425972,0.0,125.09360711384834,15360.0
-18.2950439453125,-18.322275161743164,0.027236567810177803,0.0,116.4095551289525,15360.0
-18.477619171142578,-18.508808135986328,0.031189022585749626,0.0,79.85961913624025,15360.0
-18.66083526611328,-18.69279670715332,0.03195955604314804,0.0,103.4376420396353,15360.0
-18.65001106262207,-18.680498123168945,0.030489571392536163,0.0,87.05429066418655,15360.0
-18.735475540161133,-18.765674591064453,0.030200006440281868,0.0,103.28837509761516,15360.0
-18.585376739501953,-18.61310577392578,0.027733126655220985,0.0,86.11990369835402,15360.0
-18.782350540161133,-18.813335418701172,0.030985752120614052,0.0,102.59164407093672,15360.0
-18.384340286254883,-18.41600227355957,0.03165934234857559,0.0,95.08690775057356,15360.0
-18.444252014160156,-18.47452163696289,0.03026570752263069,0.0,105.2944235533835,15360.0
-18.299863815307617,-18.33059310913086,0.03072923794388771,0.0,130.18922339892288,15360.0
-18.836750030517578,-18.865520477294922,0.028770556673407555,0.0,94.86902611031466,15360.0
-18.631650924682617,-18.660390853881836,0.028736494481563568,0.0,125.17792191330078,15360.0
-18.543054580688477,-18.57207679748535,0.02902042120695114,0.0,115.08881145848551,15360.0
-18.69418716430664,-18.723060607910156,0.02887539751827717,0.0,82.93522254017807,15360.0
-18.47397804260254,-18.50421142578125,0.030236849561333656,0.0,88.65710564813412,15360.0
-18.499780654907227,-18.532094955444336,0.03231349214911461,0.0,122.925415751844,15360.0
-18.727293014526367,-18.761199951171875,0.03390182927250862,0.0,128.5825058626832,15360.0
-18.82333755493164,-18.85599136352539,0.03265329450368881,0.0,110.49363501407719,15360.0
-18.789302825927734,-18.825462341308594,0.03615777567028999,0.0,88.44761162738446,15360.0
-18.538053512573242,-18.570222854614258,0.03217388689517975,0.0,100.39934649419219,15360.0
-18.615468978881836,-18.648353576660156,0.032881882041692734,0.0,94.44685741550177,15360.0
-18.69975471496582,-18.732940673828125,0.03319244086742401,0.0,75.6464506220966,15360.0
-18.697202682495117,-18.732603073120117,0.035402584820985794,0.0,102.587694646953,15360.0
-18.640825271606445,-18.670103073120117,0.029276840388774872,0.0,84.07150297001787,15360.0
-18.68963050842285,-18.725255966186523,0.0356290340423584,0.0,89.96043734057311,15360.0
-18.641332626342773,-18.6728515625,0.03151785582304001,0.0,114.40556884068252,15360.0
-18.8800048828125,-18.916645050048828,0.03663628175854683,0.0,74.95885057905868,15360.0
-19.040828704833984,-19.086454391479492,0.0456211157143116,0.0,87.13688737020375,15360.0
-17.801706314086914,-17.853994369506836,0.05228646099567413,0.0,113.0870374916933,15360.0
-18.58854866027832,-18.643571853637695,0.05502166971564293,0.0,76.09144278551412,15360.0
-18.732032775878906,-18.77266502380371,0.040636952966451645,0.0,93.11055689373319,15360.0
-18.871082305908203,-18.901649475097656,0.030568519607186317,0.0,92.36543930410052,15360.0
-18.44031524658203,-18.476701736450195,0.03638703376054764,0.0,81.87791356503911,15360.0
-18.66028594970703,-18.71180534362793,0.05151788145303726,0.0,121.2393156371981,15360.0
-19.103382110595703,-19.179746627807617,0.07636453211307526,0.0,85.35071036204315,15360.0
-18.53850555419922,-18.63507652282715,0.09657394140958786,0.0,105.15641804205451,15360.0
-18.698740005493164,-18.786874771118164,0.0881277322769165,0.0,115.89134705988016,15360.0
-19.116802215576172,-19.171297073364258,0.05449224263429642,0.0,73.56051237561408,15360.0
-18.9255313873291,-18.972347259521484,0.04682019725441933,0.0,111.98239318374796,15360.0
-18.678300857543945,-18.734630584716797,0.056337714195251465,0.0,97.58349747521801,15360.0
-19.090139389038086,-19.16266441345215,0.07252933084964752,0.0,87.95737479575787,15360.0
-18.866594314575195,-18.941394805908203,0.07479900866746902,0.0,91.255969897596,15360.0
-18.70752716064453,-18.759435653686523,0.051905978471040726,0.0,103.00629351495749,15360.0
-18.869834899902344,-18.906620025634766,0.036789704114198685,0.0,104.3117725865535,15360.0
-18.787269592285156,-18.83892059326172,0.05164727196097374,0.0,102.10715960128192,15360.0
-18.707698822021484,-18.77798080444336,0.07027672231197357,0.0,109.03248616658024,15360.0
-18.72501564025879,-18.775236129760742,0.050220128148794174,0.0,108.39573635649951,15360.0
-19.044790267944336,-19.073266983032227,0.028476811945438385,0.0,85.4229321308421,15360.0
-19.045772552490234,-19.082752227783203,0.03697505220770836,0.0,87.32459492686978,15360.0
-18.989742279052734,-19.041019439697266,0.05127561092376709,0.0,92.27287455450579,15360.0
-18.704469680786133,-18.749765396118164,0.045294228941202164,0.0,89.87572663711735,15360.0
-18.54302215576172,-18.574480056762695,0.03145414963364601,0.0,135.56146128820865,15360.0
-18.85480499267578,-18.885265350341797,0.030464647337794304,0.0,102.705196950784,15360.0
-18.773357391357422,-18.809467315673828,0.036110393702983856,0.0,91.03818754096642,15360.0
-18.770631790161133,-18.8011474609375,0.030512753874063492,0.0,122.90189932612573,15360.0
-18.72625160217285,-18.75594139099121,0.02969038113951683,0.0,100.01495223090114,15360.0
-19.061086654663086,-19.093690872192383,0.03260720893740654,0.0,102.50047656690592,15360.0
-18.726778030395508,-18.762235641479492,0.035458263009786606,0.0,127.428491644981,15360.0
-19.130695343017578,-19.1606502532959,0.029949529096484184,0.0,64.63856377064849,15360.0
-18.773622512817383,-18.79893684387207,0.025308018550276756,0.0,117.26226557236357,15360.0
-18.81136131286621,-18.841529846191406,0.030168922618031502,0.0,110.11735277191367,15360.0
-18.97493553161621,-19.01163673400879,0.03670153766870499,0.0,70.36550036310581,15360.0
-19.006200790405273,-19.0406436920166,0.034441545605659485,0.0,132.31255444115948,15360.0
-18.92939567565918,-18.956743240356445,0.027339739724993706,0.0,103.65528433728075,15360.0
-19.02034568786621,-19.04897117614746,0.0286262109875679,0.0,80.58428626348008,15360.0
-18.475902557373047,-18.506797790527344,0.030900252982974052,0.0,117.01649005279502,15360.0
-19.038211822509766,-19.068586349487305,0.030373206362128258,0.0,82.42122132141805,15360.0
-18.59679412841797,-18.62846565246582,0.031670503318309784,0.0,109.32563231009165,15360.0
-18.80765724182129,-18.83778190612793,0.03012605383992195,0.0,100.64701956110085,15360.0
-19.16575813293457,-19.1961727142334,0.030417656525969505,0.0,108.32964018336344,15360.0
-18.847829818725586,-18.875202178955078,0.027373479679226875,0.0,98.05411841400989,15360.0
-18.72277069091797,-18.752721786499023,0.02995523251593113,0.0,95.80507307561403,15360.0
-18.790224075317383,-18.819480895996094,0.029248956590890884,0.0,96.61285674197356,15360.0
-18.882429122924805,-18.910953521728516,0.028530292212963104,0.0,107.18645694176045,15360.0
-18.604883193969727,-18.638402938842773,0.03352673351764679,0.0,162.89360874190888,15360.0
-19.060304641723633,-19.08837890625,0.028075670823454857,0.0,65.29027489146097,15360.0
-18.738630294799805,-18.765073776245117,0.02644360065460205,0.0,93.05637708663528,15360.0
-18.67868995666504,-18.70587158203125,0.027180399745702744,0.0,122.2688062393937,15360.0
-19.02513885498047,-19.053714752197266,0.02857641503214836,0.0,95.12463548056736,15360.0
-19.028812408447266,-19.05680274963379,0.027985787019133568,0.0,89.45040310398862,15360.0
-18.901281356811523,-18.930042266845703,0.028759101405739784,0.0,125.64781575221429,15360.0
-19.12074089050293,-19.148645401000977,0.027905307710170746,0.0,57.01049205020665,15360.0
-19.0025691986084,-19.030729293823242,0.028164833784103394,0.0,101.70841967828657,15360.0
-19.01984977722168,-19.049413681030273,0.02956206351518631,0.0,90.54274127442375,15360.0
-18.80855941772461,-18.833995819091797,0.02543766424059868,0.0,117.20157200964192,15360.0
-18.769020080566406,-18.7945499420166,0.025526732206344604,0.0,117.0345651045462,15360.0
-19.04067039489746,-19.06855010986328,0.027884993702173233,0.0,123.35242804736282,15360.0
-18.847944259643555,-18.875621795654297,0.027679145336151123,0.0,104.80776265334696,15360.0
-18.888219833374023,-18.91620445251465,0.02798667550086975,0.0,120.22727079742313,15360.0
-18.68910789489746,-18.717857360839844,0.02874371036887169,0.0,88.31526194285951,15360.0
-18.371206283569336,-18.399003982543945,0.027795562520623207,0.0,165.09518737382982,15360.0
-18.464885711669922,-18.490314483642578,0.025426337495446205,0.0,129.2979973719045,15360.0
-18.74856185913086,-18.773990631103516,0.025431310757994652,0.0,110.75950902177675,15360.0
-18.705427169799805,-18.730031967163086,0.024603737518191338,0.0,107.79580818127265,15360.0
-19.05820655822754,-19.083038330078125,0.02482604794204235,0.0,111.1578653305298,15360.0
-18.820783615112305,-18.845672607421875,0.024887565523386,0.0,120.59543374066892,15360.0
-18.65937042236328,-18.68743896484375,0.02806854620575905,0.0,108.46188379494198,15360.0
-18.422992706298828,-18.448320388793945,0.025328123942017555,0.0,185.5399242313002,15360.0
-18.338499069213867,-18.3658447265625,0.027346350252628326,0.0,133.0187345878765,15360.0
-18.738523483276367,-18.76462173461914,0.0260974932461977,0.0,134.59363205200347,15360.0
-18.775901794433594,-18.805904388427734,0.030005846172571182,0.0,132.1469931553672,15360.0
-18.851024627685547,-18.87958335876465,0.028557533398270607,0.0,108.42416397290046,15360.0
-18.64435577392578,-18.675565719604492,0.031213022768497467,0.0,152.4203371463978,15360.0
-18.655363082885742,-18.6860408782959,0.030677109956741333,0.0,107.3778860354799,15360.0
-18.706432342529297,-18.74020767211914,0.033770445734262466,0.0,152.9267125480295,15360.0
-18.520524978637695,-18.553497314453125,0.03297225013375282,0.0,119.34002809363756,15360.0
-18.5295352935791,-18.559450149536133,0.029911721125245094,0.0,110.9513553175879,15360.0
-18.00600814819336,-18.035703659057617,0.029701488092541695,0.0,184.36727039238667,15360.0
-18.02823829650879,-18.055356979370117,0.027119392529129982,0.0,164.87333917825822,15360.0
-18.546512603759766,-18.585609436035156,0.03909497708082199,0.0,116.80914402171003,15360.0
-18.27979850769043,-18.31148338317871,0.03168024867773056,0.0,164.66041483958605,15360.0
-18.86919403076172,-18.901123046875,0.031932566314935684,0.0,74.2439076364569,15360.0
-17.98136329650879,-18.01337242126465,0.032004598528146744,0.0,202.15853929801798,15360.0
-18.580358505249023,-18.611642837524414,0.0312889888882637,0.0,115.78382843311766,15360.0
-18.292186737060547,-18.325214385986328,0.033021826297044754,0.0,183.2038716663751,15360.0
-18.17732048034668,-18.20868492126465,0.03136654570698738,0.0,162.6525210733005,15360.0
-18.64396095275879,-18.673595428466797,0.029636675491929054,0.0,98.11925180114869,15360.0
-18.22687530517578,-18.255626678466797,0.028751039877533913,0.0,187.0371443581795,15360.0
-18.039363861083984,-18.06877326965332,0.02941015549004078,0.0,131.05236278436283,15360.0
-18.325435638427734,-18.35830307006836,0.03286683186888695,0.0,166.25286830663433,15360.0
-18.387319564819336,-18.41701889038086,0.02970406413078308,0.0,155.3153384467945,15360.0
-18.423828125,-18.452119827270508,0.028292188420891762,0.0,112.78689172634489,15360.0
-18.50040054321289,-18.53215789794922,0.031756483018398285,0.0,125.24878786474301,15360.0
-18.3929386138916,-18.42430877685547,0.0313744880259037,0.0,103.28977197203051,15360.0
-17.643898010253906,-17.674264907836914,0.030369123443961143,0.0,144.2579688941462,15360.0
-18.544584274291992,-18.57139015197754,0.02680259384214878,0.0,112.19152561943076,15360.0
-18.645263671875,-18.67220687866211,0.026945743709802628,0.0,129.77264637576513,15360.0
-18.38551902770996,-18.413347244262695,0.027822593227028847,0.0,147.37767830943696,15360.0
-18.512371063232422,-18.53993797302246,0.02756110578775406,0.0,111.59381070159482,15360.0
-18.741727828979492,-18.769969940185547,0.028244899585843086,0.0,137.6286781461679,15360.0
-18.719303131103516,-18.74534797668457,0.0260420311242342,0.0,69.63203265043256,15360.0
-18.39682388305664,-18.42619514465332,0.02937174402177334,0.0,137.81430477549873,15360.0
-18.58794403076172,-18.61292839050293,0.024982772767543793,0.0,78.92263613862936,15360.0
-18.668420791625977,-18.69522476196289,0.026805320754647255,0.0,127.92633116006033,15360.0
-18.41741943359375,-18.44684600830078,0.02942718379199505,0.0,139.1604289892492,15360.0
-18.581382751464844,-18.612943649291992,0.03156736493110657,0.0,136.28137911715734,15360.0
-18.447267532348633,-18.47943878173828,0.03217362239956856,0.0,164.40357163475494,15360.0
-17.83428382873535,-17.86585235595703,0.03156707435846329,0.0,207.02268199064662,15360.0
-18.698762893676758,-18.726911544799805,0.028150876984000206,0.0,106.46784694807211,15360.0
-18.19202423095703,-18.223854064941406,0.03183407336473465,0.0,174.50754650870002,15360.0
-18.3054141998291,-18.334192276000977,0.028776874765753746,0.0,155.37364601435004,15360.0
-18.631620407104492,-18.658422470092773,0.026804571971297264,0.0,111.4614909804888,15360.0
-18.379640579223633,-18.410062789916992,0.030427230522036552,0.0,166.08844599825795,15360.0
-18.588415145874023,-18.616241455078125,0.027826735749840736,0.0,105.12973632143142,15360.0
-18.09510040283203,-18.12144660949707,0.026349544525146484,0.0,171.12472656904717,15360.0
-18.786706924438477,-18.8164119720459,0.02970053069293499,0.0,98.28821406800519,15360.0
-18.371978759765625,-18.40273666381836,0.030757863074541092,0.0,141.92502539886272,15360.0
-18.89505386352539,-18.92694664001465,0.03189660981297493,0.0,126.80699220474894,15360.0
-18.2854061126709,-18.315406799316406,0.030004460364580154,0.0,103.87723839568197,15360.0
-18.477685928344727,-18.50664520263672,0.02896007150411606,0.0,162.28567104607035,15360.0
-18.496925354003906,-18.52477264404297,0.027848107740283012,0.0,105.41398836189848,15360.0
-18.157880783081055,-18.192081451416016,0.034201089292764664,0.0,178.77925475570302,15360.0
-18.35251235961914,-18.389625549316406,0.037111129611730576,0.0,116.91201078372977,15360.0
-18.108156204223633,-18.13783836364746,0.02968081831932068,0.0,186.38286867616017,15360.0
-18.68343162536621,-18.712846755981445,0.029415138065814972,0.0,101.50921943591568,15360.0
-18.530458450317383,-18.55682373046875,0.026369787752628326,0.0,135.98385703796743,15360.0
-18.21441078186035,-18.240856170654297,0.02644551545381546,0.0,114.92116606577014,15360.0
-18.69887924194336,-18.727399826049805,0.028521977365016937,0.0,110.63003960831468,15360.0
-18.54755210876465,-18.575910568237305,0.02836185321211815,0.0,77.78007512005853,15360.0
-18.256370544433594,-18.2904109954834,0.0340362973511219,0.0,98.56063147203528,15360.0
-18.69011116027832,-18.72278594970703,0.03267432749271393,0.0,105.30907537304104,15360.0
-18.988386154174805,-19.019777297973633,0.03138725459575653,0.0,96.33290154831448,15360.0
-18.329023361206055,-18.356117248535156,0.02709466777741909,0.0,126.01495370899117,15360.0
-18.946754455566406,-18.975494384765625,0.028740109875798225,0.0,75.39767632451394,15360.0
-18.663732528686523,-18.69222640991211,0.028489019721746445,0.0,122.96355915022441,15360.0
-18.50600814819336,-18.535886764526367,0.029876021668314934,0.0,81.91645981335324,15360.0
-18.703731536865234,-18.734556198120117,0.030826084315776825,0.0,76.44302851062498,15360.0
-19.015331268310547,-19.04574966430664,0.03041800484061241,0.0,75.98835620906833,15360.0
-19.123680114746094,-19.15474510192871,0.03106403537094593,0.0,92.54276937309186,15360.0
-19.02433204650879,-19.054019927978516,0.029692834243178368,0.0,78.78793087724193,15360.0
-18.56390380859375,-18.59148406982422,0.02757767215371132,0.0,90.00624255686496,15360.0
-18.982990264892578,-19.007932662963867,0.024945493787527084,0.0,87.70646216982391,15360.0
-18.923418045043945,-18.9503116607666,0.026891477406024933,0.0,120.43331595432129,15360.0
-19.05739402770996,-19.087221145629883,0.029829643666744232,0.0,93.51179083628881,15360.0
-18.663734436035156,-18.700170516967773,0.03643110767006874,0.0,108.75777591746899,15360.0
-18.834720611572266,-18.873334884643555,0.038618456572294235,0.0,103.02435793534957,15360.0
-18.973125457763672,-19.00680160522461,0.03367233648896217,0.0,68.44830864218203,15360.0
-18.830678939819336,-18.861705780029297,0.031024552881717682,0.0,104.14490665047546,15360.0
-18.603803634643555,-18.631772994995117,0.0279680248349905,0.0,119.93703213342651,15360.0
-18.82439422607422,-18.851707458496094,0.02731710858643055,0.0,105.72423934800885,15360.0
-18.7061767578125,-18.733837127685547,0.02766190841794014,0.0,106.10049496647241,15360.0
-19.25567054748535,-19.28721809387207,0.03155107796192169,0.0,126.0522563537412,15360.0
-19.107521057128906,-19.141605377197266,0.0340794213116169,0.0,89.05017350957098,15360.0
-18.17584800720215,-18.2091121673584,0.03326040506362915,0.0,125.65909509933658,15360.0
-19.03356170654297,-19.064189910888672,0.030623333528637886,0.0,146.14281678948277,15360.0
-18.750553131103516,-18.780820846557617,0.030269265174865723,0.0,122.36353086805946,15360.0
-18.599157333374023,-18.6310977935791,0.03193557634949684,0.0,147.21523100521767,15360.0
-18.93869972229004,-18.96636962890625,0.02766864188015461,0.0,120.45907904793985,15360.0
-18.855487823486328,-18.88475799560547,0.02927158959209919,0.0,142.68445623923546,15360.0
-18.93973159790039,-18.976694107055664,0.036958396434783936,0.0,100.74622602635009,15360.0
-18.03176498413086,-18.074047088623047,0.042285580188035965,0.0,171.00107812264795,15360.0
-18.440168380737305,-18.48823356628418,0.0480656661093235,0.0,157.14178211738204,15360.0
-18.614521026611328,-18.65932273864746,0.04480354115366936,0.0,91.07468029439914,15360.0
-18.147422790527344,-18.17611312866211,0.028689635917544365,0.0,187.01036354427137,15360.0
-18.772706985473633,-18.81402587890625,0.041321080178022385,0.0,101.26035412546396,15360.0
-18.029537200927734,-18.08717155456543,0.057636406272649765,0.0,195.32971045701103,15360.0
-18.43405532836914,-18.523155212402344,0.08910099416971207,0.0,153.9508667465774,15360.0
-18.568071365356445,-18.651639938354492,0.0835706889629364,0.0,135.18388635909488,15360.0
-18.33949089050293,-18.37665557861328,0.03716162592172623,0.0,162.28444949405232,15360.0
-18.20713996887207,-18.244997024536133,0.03785593807697296,0.0,144.66837935359754,15360.0
-17.6651611328125,-17.738222122192383,0.07306378334760666,0.0,164.20846700837365,15360.0
-17.58441734313965,-17.67428207397461,0.08986771106719971,0.0,187.2665800619904,15360.0
-18.724224090576172,-18.807748794555664,0.0835232362151146,0.0,101.69860135377412,15360.0
-18.130374908447266,-18.177087783813477,0.0467141717672348,0.0,124.30794342047363,15360.0
-18.389118194580078,-18.42580223083496,0.03668500855565071,0.0,115.90818923637529,15360.0
-18.138864517211914,-18.191898345947266,0.053036175668239594,0.0,115.00591440376877,15360.0
-18.267702102661133,-18.31976890563965,0.05206487700343132,0.0,101.47586937687275,15360.0
-18.343353271484375,-18.383642196655273,0.04029160737991333,0.0,116.39368061119784,15360.0
-18.39125633239746,-18.42789649963379,0.03663523495197296,0.0,115.29795983843249,15360.0
-18.001028060913086,-18.043989181518555,0.04295886307954788,0.0,117.63311135911316,15360.0
-17.916032791137695,-17.951631546020508,0.0356021411716938,0.0,166.44755088218395,15360.0
-18.13671112060547,-18.17974853515625,0.04304226487874985,0.0,141.34833998103034,15360.0
-17.942039489746094,-17.996381759643555,0.05434204638004303,0.0,141.62156793709286,15360.0
-18.237638473510742,-18.280487060546875,0.04285133257508278,0.0,161.45796207019728,15360.0
-18.17478370666504,-18.206998825073242,0.032215625047683716,0.0,130.21965136460025,15360.0
-18.05607032775879,-18.09003448486328,0.03396562114357948,0.0,161.14706371936796,15360.0
-18.094526290893555,-18.126434326171875,0.0319090373814106,0.0,109.93199189776851,15360.0
-18.431793212890625,-18.46335220336914,0.031560081988573074,0.0,146.70205739733083,15360.0
-18.23084259033203,-18.260358810424805,0.029517468065023422,0.0,113.74587690580496,15360.0
-17.960969924926758,-17.99884796142578,0.037869054824113846,0.0,148.0957034737906,15360.0
-18.37128257751465,-18.40500831604004,0.03372688218951225,0.0,137.0593621495725,15360.0
-18.467037200927734,-18.495569229125977,0.02852756530046463,0.0,119.57242910283306,15360.0
-18.396671295166016,-18.42548370361328,0.028814293444156647,0.0,120.82813234756117,15360.0
-18.70123863220215,-18.73134422302246,0.030105989426374435,0.0,96.8742643888217,15360.0
-18.79412078857422,-18.822668075561523,0.028550660237669945,0.0,95.06905479645971,15360.0
-18.031322479248047,-18.06019401550293,0.0288674496114254,0.0,109.19555946925036,15360.0
-18.500486373901367,-18.529661178588867,0.029172314330935478,0.0,87.05291678489674,15360.0
-18.661230087280273,-18.6894588470459,0.028231386095285416,0.0,75.49850868474957,15360.0
-18.614988327026367,-18.640403747558594,0.025412844493985176,0.0,147.81049668126477,15360.0
-18.397640228271484,-18.424055099487305,0.026414310559630394,0.0,75.34545365430733,15360.0
-18.26055908203125,-18.288185119628906,0.02762782946228981,0.0,160.04660015485928,15360.0
-18.6973876953125,-18.721101760864258,0.023713568225502968,0.0,91.68953059344973,15360.0
-18.43431282043457,-18.46297836303711,0.0286704134196043,0.0,131.6240147504856,15360.0
-18.8606014251709,-18.889501571655273,0.02889983169734478,0.0,101.20535038268014,15360.0
-18.48271369934082,-18.512340545654297,0.02962987683713436,0.0,141.2354470526045,15360.0
-19.167072296142578,-19.194080352783203,0.027010159566998482,0.0,77.702001644035,15360.0
-18.788928985595703,-18.82002067565918,0.03108826093375683,0.0,124.22595288556946,15360.0
-19.01505470275879,-19.04439926147461,0.029346710070967674,0.0,87.78671980481826,15360.0
-18.684404373168945,-18.709665298461914,0.025262732058763504,0.0,123.0291180361987,15360.0
-18.309253692626953,-18.335371017456055,0.026122193783521652,0.0,108.23010688782075,15360.0
-18.942468643188477,-18.971317291259766,0.02884768694639206,0.0,94.53957569474605,15360.0
-18.520404815673828,-18.546228408813477,0.025818148627877235,0.0,121.455244669044,15360.0
-18.69215965270996,-18.718198776245117,0.02604314498603344,0.0,97.62566499811432,15360.0
-18.761089324951172,-18.788450241088867,0.02735976316034794,0.0,106.52599504234497,15360.0
-18.8686466217041,-18.894250869750977,0.025604896247386932,0.0,74.63411853181984,15360.0
-18.676292419433594,-18.70124626159668,0.024955639615654945,0.0,99.63373193289378,15360.0
-18.965890884399414,-18.990034103393555,0.024142878130078316,0.0,94.45223763072607,15360.0
-18.70631217956543,-18.729520797729492,0.023207444697618484,0.0,100.95838155865694,15360.0
-18.84724235534668,-18.871875762939453,0.02463206835091114,0.0,111.53923231197186,15360.0
-19.051828384399414,-19.07660484313965,0.02477581985294819,0.0,81.21954821752598,15360.0
-18.9730281829834,-18.997047424316406,0.02402319945394993,0.0,112.31718700444755,15360.0
-19.177274703979492,-19.201473236083984,0.02419588714838028,0.0,78.4672431922486,15360.0
-18.96470069885254,-18.990989685058594,0.02628929354250431,0.0,92.26803964682945,15360.0
-19.025188446044922,-19.049388885498047,0.02420627698302269,0.0,82.53093902393468,15360.0
-19.096214294433594,-19.12224578857422,0.026032542809844017,0.0,80.3772463155074,15360.0
-19.128986358642578,-19.154579162597656,0.025593839585781097,0.0,83.70526941157783,15360.0
-18.989171981811523,-19.01543617248535,0.026255067437887192,0.0,79.00721680096328,15360.0
-19.144136428833008,-19.17045783996582,0.026316436007618904,0.0,77.39923986358333,15360.0
-18.940837860107422,-18.9657039642334,0.024870002642273903,0.0,99.29444420526244,15360.0
-18.90774154663086,-18.934368133544922,0.02662385255098343,0.0,126.45494767995027,15360.0
-18.93396759033203,-18.960668563842773,0.026700742542743683,0.0,117.02217417158266,15360.0
-19.04645347595215,-19.07211685180664,0.02566542848944664,0.0,63.797817067140706,15360.0
-19.12154197692871,-19.146989822387695,0.02545200102031231,0.0,101.80215682027217,15360.0
-19.03269386291504,-19.060626983642578,0.027933018282055855,0.0,98.90484735668093,15360.0
-19.133731842041016,-19.160799026489258,0.02706584334373474,0.0,110.71405802084803,15360.0
-19.388181686401367,-19.41567039489746,0.027491796761751175,0.0,69.6646315495327,15360.0
-18.83377456665039,-18.861814498901367,0.02804521843791008,0.0,118.23612175116348,15360.0
-18.91416358947754,-18.941547393798828,0.027381831780076027,0.0,98.39859707397069,15360.0
-19.09210968017578,-19.11853790283203,0.026429494842886925,0.0,94.33669492743147,15360.0
-19.248292922973633,-19.275602340698242,0.0273088701069355,0.0,124.9473317600891,15360.0
-19.329622268676758,-19.355621337890625,0.02599656954407692,0.0,74.45838173274406,15360.0
-19.19107437133789,-19.220333099365234,0.02925371751189232,0.0,142.71978011664098,15360.0
-19.374874114990234,-19.408016204833984,0.033141762018203735,0.0,73.31664115969717,15360.0
-18.8385009765625,-18.87068748474121,0.03218575567007065,0.0,131.80286364201112,15360.0
-18.498443603515625,-18.530643463134766,0.03220170736312866,0.0,141.8356247062096,15360.0
-18.75493812561035,-18.779829025268555,0.0248924158513546,0.0,130.57165794198815,15360.0
-18.616167068481445,-18.640954971313477,0.02478788048028946,0.0,84.87399287193143,15360.0
-18.461050033569336,-18.486303329467773,0.025249775499105453,0.0,148.8381818711796,15360.0
-18.828359603881836,-18.85834503173828,0.029985325410962105,0.0,109.55106369896045,15360.0
-18.45762062072754,-18.486677169799805,0.029059048742055893,0.0,152.15385577402878,15360.0
-18.632732391357422,-18.65848731994629,0.025756090879440308,0.0,130.6297230377718,15360.0
-18.378202438354492,-18.403148651123047,0.02494366280734539,0.0,113.02130860545658,15360.0
-18.251386642456055,-18.27597999572754,0.024594048038125038,0.0,142.60472820128624,15360.0
-18.808420181274414,-18.834409713745117,0.025989804416894913,0.0,74.07917486028197,15360.0
-18.423465728759766,-18.450401306152344,0.026935989037156105,0.0,140.88703636224335,15360.0
-19.066965103149414,-19.09001922607422,0.023052643984556198,0.0,74.22021425999654,15360.0
-18.75221061706543,-18.77706527709961,0.024853557348251343,0.0,114.72444230854538,15360.0
-18.59951400756836,-18.62706756591797,0.027552101761102676,0.0,101.70408900835356,15360.0
-18.89011573791504,-18.920034408569336,0.029920127242803574,0.0,86.37773801575409,15360.0
-18.790367126464844,-18.81997299194336,0.029603656381368637,0.0,112.65118217766528,15360.0
-18.58797836303711,-18.612934112548828,0.02496017888188362,0.0,116.42058387120541,15360.0
-19.010522842407227,-19.03631591796875,0.025799116119742393,0.0,99.47995692443637,15360.0
-18.7506160736084,-18.77774429321289,0.027128977701067924,0.0,118.06321162891098,15360.0
-18.818815231323242,-18.84644889831543,0.027632059529423714,0.0,137.54390129783488,15360.0
-18.85405731201172,-18.881938934326172,0.027881678193807602,0.0,100.31518014263146,15360.0
-18.954723358154297,-18.981416702270508,0.026694122701883316,0.0,103.93788029495558,15360.0
-18.57158088684082,-18.596824645996094,0.025249697268009186,0.0,109.73053796787899,15360.0
-18.9891414642334,-19.01410484313965,0.024965554475784302,0.0,116.60059073047852,15360.0
-19.24351692199707,-19.26767349243164,0.024160007014870644,0.0,106.59103616783634,15360.0
-18.695947647094727,-18.722545623779297,0.026603782549500465,0.0,141.93740484073996,15360.0
-19.311433792114258,-19.340328216552734,0.02888900227844715,0.0,114.32178074372484,15360.0
-19.10464859008789,-19.1312198638916,0.02657233364880085,0.0,91.36825443315583,15360.0
-19.197322845458984,-19.223329544067383,0.0260083619505167,0.0,101.4879464713872,15360.0
-19.000797271728516,-19.025671005249023,0.0248769149184227,0.0,82.88132891426474,15360.0
-19.141597747802734,-19.17128562927246,0.02968379110097885,0.0,113.2299212011203,15360.0
-18.96187400817871,-18.995187759399414,0.03331607207655907,0.0,117.2362678624161,15360.0
-19.45119857788086,-19.480878829956055,0.029688170179724693,0.0,66.45807748230709,15360.0
-19.080472946166992,-19.11409568786621,0.03362380340695381,0.0,113.5317996741124,15360.0
-19.33275032043457,-19.36333465576172,0.03058258257806301,0.0,100.57358406529194,15360.0
-19.34744644165039,-19.37941551208496,0.03196599707007408,0.0,79.66581591876975,15360.0
-19.27594566345215,-19.306318283081055,0.03037765808403492,0.0,113.65889671489504,15360.0
-19.23231315612793,-19.260372161865234,0.028064070269465446,0.0,109.41933587035558,15360.0
-19.30732536315918,-19.332714080810547,0.025390025228261948,0.0,109.38757246396895,15360.0
-18.92792510986328,-18.951303482055664,0.023381343111395836,0.0,159.0908593855325,15360.0
-19.51998519897461,-19.543432235717773,0.023450305685400963,0.0,65.3301390534381,15360.0
-19.19439697265625,-19.217735290527344,0.023337703198194504,0.0,102.48211827562491,15360.0
-19.433874130249023,-19.45829963684082,0.024423250928521156,0.0,96.2618036311087,15360.0
-19.24378776550293,-19.268943786621094,0.02515304647386074,0.0,99.41655844039124,15360.0
-19.101917266845703,-19.12932777404785,0.027407079935073853,0.0,142.13690245722992,15360.0
-19.33462905883789,-19.361665725708008,0.027043510228395462,0.0,87.27314548358932,15360.0
-19.10066032409668,-19.12875747680664,0.028099993243813515,0.0,137.91788753254684,15360.0
-18.872285842895508,-18.90082550048828,0.028538651764392853,0.0,153.05143628322634,15360.0
-19.400907516479492,-19.431814193725586,0.03090647980570793,0.0,86.77740869615013,15360.0
-19.232316970825195,-19.26488494873047,0.03256555646657944,0.0,100.94513159557933,15360.0
-19.284564971923828,-19.312639236450195,0.028069663792848587,0.0,67.12063119280845,15360.0
-19.268726348876953,-19.294017791748047,0.025295546278357506,0.0,108.4644479041744,15360.0
-19.434398651123047,-19.459741592407227,0.02534031681716442,0.0,78.38720742716237,15360.0
-19.31352996826172,-19.341346740722656,0.027815377339720726,0.0,121.60502460583417,15360.0
-19.518856048583984,-19.549705505371094,0.030847271904349327,0.0,86.13079770641605,15360.0
-19.212602615356445,-19.243255615234375,0.030654873698949814,0.0,135.9252843939333,15360.0
-19.21489906311035,-19.252315521240234,0.037418659776449203,0.0,124.83976056172,15360.0
-19.588298797607422,-19.62563705444336,0.03734058886766434,0.0,83.0532911913565,15360.0
-19.226940155029297,-19.264291763305664,0.037358690053224564,0.0,124.01466736265851,15360.0
-19.493595123291016,-19.52810287475586,0.034506265074014664,0.0,87.33309020061445,15360.0
-19.31890869140625,-19.34854507446289,0.029638295993208885,0.0,106.96852960584262,15360.0
-19.435365676879883,-19.464086532592773,0.028725232928991318,0.0,96.23989812168945,15360.0
-19.117549896240234,-19.14815330505371,0.030605508014559746,0.0,114.45217227721346,15360.0
-19.372785568237305,-19.40345001220703,0.030659597367048264,0.0,77.35577340042678,15360.0
-19.407957077026367,-19.4371395111084,0.02918151207268238,0.0,105.8142397752606,15360.0
-19.449914932250977,-19.47624397277832,0.02633112668991089,0.0,67.2989755612549,15360.0
-19.48847198486328,-19.51447296142578,0.026003438979387283,0.0,116.23752004274377,15360.0
-19.28830337524414,-19.31422233581543,0.025921406224370003,0.0,106.14053134373286,15360.0
-19.409778594970703,-19.441133499145508,0.03135346621274948,0.0,51.08457552953479,15360.0
-19.264997482299805,-19.299806594848633,0.034808140248060226,0.0,119.1536078006323,15360.0
-19.161998748779297,-19.195791244506836,0.033786047250032425,0.0,115.95120434488327,15360.0
-19.300649642944336,-19.333208084106445,0.03255674988031387,0.0,121.64054767020652,15360.0
-18.942249298095703,-18.976665496826172,0.03441828489303589,0.0,172.88046964495442,15360.0
-19.188793182373047,-19.225299835205078,0.03650950640439987,0.0,100.98333807038983,15360.0
-18.890033721923828,-18.92744255065918,0.0374111533164978,0.0,150.17229306532312,15360.0
-19.246858596801758,-19.28321647644043,0.03636310249567032,0.0,68.190143863336,15360.0
-19.105554580688477,-19.135202407836914,0.029649969190359116,0.0,116.24176905978914,15360.0
-19.313377380371094,-19.33907127380371,0.02569851092994213,0.0,115.41017549089926,15360.0
-19.119773864746094,-19.144975662231445,0.025202812626957893,0.0,118.32110581746616,15360.0
-19.433605194091797,-19.46116065979004,0.027551710605621338,0.0,143.58479114767135,15360.0
-19.19442367553711,-19.225839614868164,0.031415216624736786,0.0,134.4991073426992,15360.0
-19.283044815063477,-19.321205139160156,0.03815905377268791,0.0,112.78351549336085,15360.0
-19.097322463989258,-19.136125564575195,0.038799624890089035,0.0,136.2114567387111,15360.0
-19.429744720458984,-19.45793914794922,0.028194157406687737,0.0,93.70548483980825,15360.0
-19.227327346801758,-19.249929428100586,0.022603975608944893,0.0,123.32084883989292,15360.0
-19.325780868530273,-19.35527801513672,0.029497433453798294,0.0,117.69551539007571,15360.0
-19.48678970336914,-19.526533126831055,0.03974464163184166,0.0,124.20733597312122,15360.0
-19.097623825073242,-19.140825271606445,0.043203067034482956,0.0,113.57204562038312,15360.0
-19.030132293701172,-19.072834014892578,0.04270502179861069,0.0,118.86860976744774,15360.0
-19.366161346435547,-19.398590087890625,0.03242756426334381,0.0,102.64922042785423,15360.0
-19.43582534790039,-19.459918975830078,0.024096611887216568,0.0,117.67377856283927,15360.0
-19.30034065246582,-19.327077865600586,0.026736527681350708,0.0,93.53554906585454,15360.0
-19.307064056396484,-19.341894149780273,0.03482440859079361,0.0,125.65377433542761,15360.0
-19.611061096191406,-19.64734649658203,0.036288294941186905,0.0,68.0464221729761,15360.0
-19.605430603027344,-19.636741638183594,0.031312596052885056,0.0,110.3345570585904,15360.0
-19.48628044128418,-19.51087188720703,0.024592671543359756,0.0,83.84638300335733,15360.0
-19.504316329956055,-19.52702522277832,0.022700875997543335,0.0,101.34630508499521,15360.0
-19.579730987548828,-19.60573959350586,0.026007479056715965,0.0,58.83266054652399,15360.0
-19.44540786743164,-19.471738815307617,0.026332400739192963,0.0,103.9143456605872,15360.0
-19.371057510375977,-19.394804000854492,0.023749705404043198,0.0,88.86021451679663,15360.0
-19.274560928344727,-19.296171188354492,0.02160952426493168,0.0,98.4724981642972,15360.0
-19.33246612548828,-19.356679916381836,0.024206405505537987,0.0,103.03013356304287,15360.0
-19.345293045043945,-19.372188568115234,0.026895074173808098,0.0,106.57616619820713,15360.0
-19.304012298583984,-19.334932327270508,0.03092353790998459,0.0,111.34998264428151,15360.0
-19.468894958496094,-19.50214195251465,0.03325006738305092,0.0,94.88202734818225,15360.0
-19.37250328063965,-19.404598236083984,0.03209494426846504,0.0,132.52806516682824,15360.0
-19.516462326049805,-19.549449920654297,0.032983072102069855,0.0,91.87460226811297,15360.0
-19.46051025390625,-19.491222381591797,0.030705470591783524,0.0,106.816387740574,15360.0
-19.700077056884766,-19.730924606323242,0.030847731977701187,0.0,89.73787979791187,15360.0
-19.649877548217773,-19.677202224731445,0.027323715388774872,0.0,89.75480852314571,15360.0
-19.401945114135742,-19.426481246948242,0.02453264221549034,0.0,89.06761751354313,15360.0
-19.61944580078125,-19.64414405822754,0.024698060005903244,0.0,92.51214889264357,15360.0
-19.56814956665039,-19.59697151184082,0.028816906735301018,0.0,105.24559539575282,15360.0
-19.368776321411133,-19.40076446533203,0.03198937699198723,0.0,129.61370919386252,15360.0
-19.555513381958008,-19.591455459594727,0.035942062735557556,0.0,112.57973912474982,15360.0
-19.418907165527344,-19.4521541595459,0.03324631229043007,0.0,99.01538109889489,15360.0
-19.67782974243164,-19.705659866333008,0.02783438004553318,0.0,89.84275632906439,15360.0
-19.294227600097656,-19.318410873413086,0.024183332920074463,0.0,92.31122031961611,15360.0
-19.288759231567383,-19.312389373779297,0.02362709864974022,0.0,118.76082950147897,15360.0
-19.243623733520508,-19.267988204956055,0.024364911019802094,0.0,109.7962858405442,15360.0
-19.68361473083496,-19.707059860229492,0.02344445325434208,0.0,105.23355710617733,15360.0
-19.394922256469727,-19.420833587646484,0.02590915746986866,0.0,137.50841880888586,15360.0
-19.492706298828125,-19.520551681518555,0.027843093499541283,0.0,109.85634149446449,15360.0
-19.51201629638672,-19.541751861572266,0.029735906049609184,0.0,118.31650508893837,15360.0
-19.534894943237305,-19.56131362915039,0.026417434215545654,0.0,111.87423991890354,15360.0
-19.717796325683594,-19.741960525512695,0.024168364703655243,0.0,68.68353999713153,15360.0
-19.23366928100586,-19.258264541625977,0.02459293231368065,0.0,125.8482229292583,15360.0
-19.64949607849121,-19.672746658325195,0.023248234763741493,0.0,88.6023226374173,15360.0
-19.654081344604492,-19.67909049987793,0.025012431666254997,0.0,114.65103745024084,15360.0
-19.39414405822754,-19.41791534423828,0.023774882778525352,0.0,73.9157376980099,15360.0
-19.314908981323242,-19.338396072387695,0.023488551378250122,0.0,118.04058675757605,15360.0
-19.27206039428711,-19.297658920288086,0.025598423555493355,0.0,104.64145055429391,15360.0
-19.61379623413086,-19.638505935668945,0.024710536003112793,0.0,97.99502894192086,15360.0
-19.04576301574707,-19.07466697692871,0.028900593519210815,0.0,113.59552921553441,15360.0
-19.525358200073242,-19.5568904876709,0.031535807996988297,0.0,115.29914145508842,15360.0
-19.261470794677734,-19.292707443237305,0.031236572191119194,0.0,116.75175947258123,15360.0
-19.261423110961914,-19.29509162902832,0.03366776183247566,0.0,122.90664277088287,15360.0
-19.013853073120117,-19.053661346435547,0.03980417177081108,0.0,108.95061474954821,15360.0
-19.237842559814453,-19.278118133544922,0.040275584906339645,0.0,84.19351626714207,15360.0
-19.69437599182129,-19.727413177490234,0.03303540125489235,0.0,105.16465784004689,15360.0
-18.967863082885742,-18.998823165893555,0.03096843510866165,0.0,97.08712621671097,15360.0
-19.46101188659668,-19.492616653442383,0.03160293027758598,0.0,85.41362902737205,15360.0
-19.08544921875,-19.1175479888916,0.03209823742508888,0.0,97.99595417747224,15360.0
-19.072547912597656,-19.09990119934082,0.02734234370291233,0.0,113.77564361746637,15360.0
-19.30562973022461,-19.329328536987305,0.02369936928153038,0.0,109.25960547126184,15360.0
-18.96891212463379,-18.993314743041992,0.024399299174547195,0.0,122.63316846643671,15360.0
-18.882883071899414,-18.911928176879883,0.02904132939875126,0.0,159.95670405620345,15360.0
-19.087682723999023,-19.115325927734375,0.027637440711259842,0.0,138.1959202657584,15360.0
-18.979175567626953,-19.00596046447754,0.026782749220728874,0.0,142.01805436005648,15360.0
-19.045392990112305,-19.07392692565918,0.02853858284652233,0.0,140.30033667960492,15360.0
-18.962678909301758,-18.988468170166016,0.02578614465892315,0.0,138.233170938029,15360.0
-19.21425437927246,-19.241037368774414,0.026789424940943718,0.0,103.59820666844188,15360.0
-19.104557037353516,-19.12837028503418,0.023815536871552467,0.0,115.72408449876377,15360.0
-19.04051399230957,-19.06447982788086,0.023964736610651016,0.0,130.36623965118312,15360.0
-19.069942474365234,-19.096214294433594,0.02627427503466606,0.0,103.75480109885396,15360.0
-19.076213836669922,-19.105472564697266,0.029264386743307114,0.0,133.45725652997987,15360.0
-19.294952392578125,-19.31922721862793,0.024279331788420677,0.0,75.33224201030936,15360.0
-19.00015640258789,-19.026933670043945,0.02677368000149727,0.0,154.4386172275663,15360.0
-19.555721282958984,-19.580406188964844,0.024684201925992966,0.0,97.1232472270693,15360.0
-19.387922286987305,-19.41535186767578,0.02742922119796276,0.0,78.42908873274617,15360.0
-19.448217391967773,-19.475378036499023,0.02716464176774025,0.0,96.47048380566777,15360.0
-19.579553604125977,-19.603111267089844,0.023557467386126518,0.0,76.11808752584403,15360.0
-19.18614387512207,-19.2114315032959,0.025288639590144157,0.0,92.40236628392744,15360.0
-19.307762145996094,-19.33214569091797,0.02438398450613022,0.0,99.2553284589034,15360.0
-19.247278213500977,-19.27178955078125,0.024512214586138725,0.0,124.32504438348865,15360.0
-19.1827335357666,-19.20703125,0.024298429489135742,0.0,114.11927494312471,15360.0
-19.279560089111328,-19.30673599243164,0.027170689776539803,0.0,95.12306200674705,15360.0
-19.332252502441406,-19.3582706451416,0.026018289849162102,0.0,94.63839032940528,15360.0
-19.57893180847168,-19.6029109954834,0.023978032171726227,0.0,76.41289667289918,15360.0
-19.453857421875,-19.477571487426758,0.023719459772109985,0.0,95.58839650991524,15360.0
-19.050952911376953,-19.074275970458984,0.02331962063908577,0.0,95.64815440224612,15360.0
-19.621801376342773,-19.644256591796875,0.02245103009045124,0.0,73.21113383981971,15360.0
-19.359838485717773,-19.382722854614258,0.02288416214287281,0.0,99.4119386489606,15360.0
-19.380704879760742,-19.40325927734375,0.02255319245159626,0.0,118.42087491678264,15360.0
-19.408567428588867,-19.43214225769043,0.0235787071287632,0.0,105.16403262152544,15360.0
-19.465641021728516,-19.489046096801758,0.023404497653245926,0.0,105.61008249665225,15360.0
-19.13053321838379,-19.154497146606445,0.023963788524270058,0.0,114.65097654405922,15360.0
-19.5800724029541,-19.60770034790039,0.027626149356365204,0.0,89.86306639960735,15360.0
-19.441516876220703,-19.472782135009766,0.031265124678611755,0.0,126.1236204038011,15360.0
-19.602262496948242,-19.635610580444336,0.03334489092230797,0.0,73.31347105029367,15360.0
-19.29120445251465,-19.322954177856445,0.03175095468759537,0.0,111.39216041097023,15360.0
-19.667543411254883,-19.698652267456055,0.031114844605326653,0.0,64.11507296216077,15360.0
-19.61810874938965,-19.653684616088867,0.035573773086071014,0.0,67.71754966938039,15360.0
-19.704479217529297,-19.74540901184082,0.0409276969730854,0.0,82.30885975734091,15360.0
-19.556489944458008,-19.60508918762207,0.048600222915410995,0.0,98.75837572683238,15360.0
-19.50930404663086,-19.565784454345703,0.05648023635149002,0.0,93.00385243352771,15360.0
-19.654085159301758,-19.7163143157959,0.06222827360033989,0.0,88.66868760213862,15360.0
-19.51919937133789,-19.577730178833008,0.058533694595098495,0.0,72.82483219919578,15360.0
-19.797014236450195,-19.84767723083496,0.05066341906785965,0.0,94.61431525306426,15360.0
-19.82101821899414,-19.873075485229492,0.05206042155623436,0.0,76.03074028322051,15360.0
-19.81851577758789,-19.880212783813477,0.061696939170360565,0.0,96.6568049038325,15360.0
-19.665956497192383,-19.731456756591797,0.06550480425357819,0.0,78.91892149292956,15360.0
-19.512582778930664,-19.565326690673828,0.05273833125829697,0.0,86.42794677129834,15360.0
-19.698034286499023,-19.733722686767578,0.0356864258646965,0.0,104.59636106188033,15360.0
-19.880474090576172,-19.915599822998047,0.035130251199007034,0.0,79.00684823686092,15360.0
-19.613161087036133,-19.66309928894043,0.04994059354066849,0.0,94.34719305485784,15360.0
-19.613012313842773,-19.676055908203125,0.06304523348808289,0.0,95.58152844078987,15360.0
-19.685447692871094,-19.757963180541992,0.07251070439815521,0.0,84.81290632674316,15360.0
-19.639142990112305,-19.70146369934082,0.062321022152900696,0.0,114.59018161802733,15360.0
-19.554485321044922,-19.59466552734375,0.04018032178282738,0.0,85.8251010320325,15360.0
-19.765472412109375,-19.797151565551758,0.03167841210961342,0.0,109.37762359322024,15360.0
-19.63982582092285,-19.68143081665039,0.0416075624525547,0.0,97.83641883094188,15360.0
-19.643352508544922,-19.693695068359375,0.050338223576545715,0.0,93.77686674948072,15360.0
-19.592531204223633,-19.628929138183594,0.036396242678165436,0.0,74.47617351369944,15360.0
-19.769428253173828,-19.79269027709961,0.023263800889253616,0.0,77.45453708447329,15360.0
-19.96272850036621,-19.990156173706055,0.027427757158875465,0.0,80.29887824635634,15360.0
-19.564876556396484,-19.60795021057129,0.04308206960558891,0.0,89.52020789842499,15360.0
-19.88015365600586,-19.913232803344727,0.03308228403329849,0.0,80.06137527043529,15360.0
-19.70700454711914,-19.729915618896484,0.022916946560144424,0.0,84.04284024816921,15360.0
-19.756946563720703,-19.78572654724121,0.028786512091755867,0.0,56.38563072861616,15360.0
-19.756582260131836,-19.790803909301758,0.03422470763325691,0.0,91.74121253322804,15360.0
-19.842905044555664,-19.870540618896484,0.027638357132673264,0.0,92.30507944666408,15360.0
-19.694406509399414,-19.719825744628906,0.025413287803530693,0.0,87.5608148721447,15360.0
-19.618131637573242,-19.645519256591797,0.02738858200609684,0.0,103.26176197107692,15360.0
-19.719158172607422,-19.74591827392578,0.026759125292301178,0.0,96.33985482243641,15360.0
-19.886512756347656,-19.9091739654541,0.02265407331287861,0.0,74.68695288856318,15360.0
-19.661663055419922,-19.68693733215332,0.02527187578380108,0.0,95.88784732011003,15360.0
-19.8389892578125,-19.86758804321289,0.02860250324010849,0.0,98.72643231959962,15360.0
-19.675535202026367,-19.700904846191406,0.02536657080054283,0.0,83.33684732521641,15360.0
-19.59691619873047,-19.61840057373047,0.021487457677721977,0.0,96.31957693445919,15360.0
-19.726604461669922,-19.75031852722168,0.02371499128639698,0.0,92.89107830840476,15360.0
-19.881452560424805,-19.902690887451172,0.021238313987851143,0.0,89.14384751260212,15360.0
-19.837148666381836,-19.85942268371582,0.022268662229180336,0.0,111.3749464535554,15360.0
-19.907249450683594,-19.93320083618164,0.025952637195587158,0.0,72.12226986557438,15360.0
-19.838489532470703,-19.86403465270996,0.025550471618771553,0.0,110.40147136539056,15360.0
-19.82015037536621,-19.84465789794922,0.024510327726602554,0.0,79.31883759451718,15360.0
-19.942874908447266,-19.971160888671875,0.028282254934310913,0.0,111.42504819800227,15360.0
-19.771610260009766,-19.798673629760742,0.027065258473157883,0.0,92.5768420847459,15360.0
-19.728118896484375,-19.75349235534668,0.025371886789798737,0.0,113.55890750707096,15360.0
-19.64470863342285,-19.668169021606445,0.02346481941640377,0.0,124.14884510521959,15360.0
-19.96178436279297,-19.98472023010254,0.022931450977921486,0.0,55.843427679623254,15360.0
-19.6737060546875,-19.69641876220703,0.022712213918566704,0.0,106.89320212502398,15360.0
-19.937992095947266,-19.959630966186523,0.021639157086610794,0.0,66.3706508821629,15360.0
-19.889005661010742,-19.91277313232422,0.023770373314619064,0.0,75.23453492664581,15360.0
-19.735105514526367,-19.760414123535156,0.02530447393655777,0.0,87.42731121304938,15360.0
-19.83415412902832,-19.857419967651367,0.023266948759555817,0.0,55.31896810908112,15360.0
-19.658130645751953,-19.67984390258789,0.021718541160225868,0.0,120.98054450180977,15360.0
-19.86933135986328,-19.891109466552734,0.021773608401417732,0.0,85.4112823811334,15360.0
-19.347713470458984,-19.368289947509766,0.02057964913547039,0.0,91.5549921367342,15360.0
-19.838457107543945,-19.860307693481445,0.021846944466233253,0.0,89.21798768101893,15360.0
-19.531763076782227,-19.554407119750977,0.02264747954905033,0.0,91.04102471487006,15360.0
-19.61258888244629,-19.635761260986328,0.023168744519352913,0.0,112.3294836483467,15360.0
-19.558319091796875,-19.580387115478516,0.022070342674851418,0.0,82.89608851362232,15360.0
-19.50010108947754,-19.521821975708008,0.021717024967074394,0.0,100.82332119206096,15360.0
-19.80215072631836,-19.824981689453125,0.02282748930156231,0.0,89.84542948959435,15360.0
-19.744321823120117,-19.76641082763672,0.022082515060901642,0.0,92.14408931407277,15360.0
-19.777692794799805,-19.798458099365234,0.02076289802789688,0.0,64.58153860677083,15360.0
-19.559587478637695,-19.58026885986328,0.020683202892541885,0.0,110.51886823628062,15360.0
-19.877666473388672,-19.899005889892578,0.021340878680348396,0.0,77.60632913520003,15360.0
-19.6339054107666,-19.65585708618164,0.021953893825411797,0.0,89.28532358668559,15360.0
-19.65341567993164,-19.678495407104492,0.02507627010345459,0.0,117.66773559626485,15360.0
-20.020801544189453,-20.043867111206055,0.02306765504181385,0.0,78.59341702235723,15360.0
-19.86199188232422,-19.884931564331055,0.02294492907822132,0.0,88.62086642129007,15360.0
-19.484668731689453,-19.511905670166016,0.02723592147231102,0.0,78.97915673056619,15360.0
-19.862682342529297,-19.892005920410156,0.029327670112252235,0.0,76.51345663301583,15360.0
-19.83853530883789,-19.86661148071289,0.028074443340301514,0.0,70.46420237104941,15360.0
-19.832191467285156,-19.85589599609375,0.023703506216406822,0.0,73.35132686817319,15360.0
-19.904470443725586,-19.92730140686035,0.022827083244919777,0.0,75.00919712529928,15360.0
-19.53058624267578,-19.554018020629883,0.02343096025288105,0.0,91.4065060033842,15360.0
-19.93661117553711,-19.963932037353516,0.02732209302484989,0.0,78.49723480801963,15360.0
-19.798847198486328,-19.826271057128906,0.02743036113679409,0.0,83.11546843023808,15360.0
-19.936105728149414,-19.958431243896484,0.022327845916152,0.0,79.33214471284711,15360.0
-19.916406631469727,-19.93606185913086,0.019657660275697708,0.0,101.33224987103833,15360.0
-19.86276626586914,-19.882841110229492,0.020067812874913216,0.0,66.20911128517898,15360.0
-19.780363082885742,-19.804338455200195,0.02397480048239231,0.0,107.42027462465327,15360.0
-19.662742614746094,-19.688955307006836,0.026216858997941017,0.0,114.80706726684345,15360.0
-20.007122039794922,-20.03403091430664,0.02690594457089901,0.0,98.43689924099685,15360.0
-19.68027114868164,-19.70901870727539,0.02874826081097126,0.0,87.12602141605258,15360.0
-19.890987396240234,-19.918535232543945,0.027550427243113518,0.0,101.8396179692229,15360.0
-19.898975372314453,-19.925838470458984,0.026869002729654312,0.0,85.97439835186505,15360.0
-19.769094467163086,-19.791446685791016,0.02235022373497486,0.0,85.4417513481886,15360.0
-19.8194580078125,-19.84011459350586,0.020659392699599266,0.0,63.481771642706406,15360.0
-20.034862518310547,-20.05545425415039,0.0205948855727911,0.0,104.01704423933782,15360.0
-19.868743896484375,-19.895427703857422,0.026685960590839386,0.0,63.535762679924396,15360.0
-19.801454544067383,-19.832563400268555,0.031114546582102776,0.0,108.20212839161448,15360.0
-19.561851501464844,-19.601940155029297,0.040092989802360535,0.0,92.22655119841936,15360.0
-19.426395416259766,-19.48563575744629,0.059238724410533905,0.0,158.9158854100273,15360.0
-19.321516036987305,-19.405033111572266,0.08351532369852066,0.0,153.24866350991422,15360.0
-19.48097801208496,-19.589731216430664,0.10875391215085983,0.0,100.92201193205918,15360.0
-19.71784019470215,-19.830244064331055,0.11239968240261078,0.0,106.83485445810128,15360.0
-19.595905303955078,-19.678117752075195,0.08221280574798584,0.0,102.90208222819021,15360.0
-19.832883834838867,-19.877927780151367,0.045043352991342545,0.0,93.45929223333962,15360.0
-19.804399490356445,-19.84221076965332,0.03780626133084297,0.0,84.428807431179,15360.0
-19.7413272857666,-19.798158645629883,0.05683258920907974,0.0,111.79555943160986,15360.0
-19.896625518798828,-19.968475341796875,0.07185080647468567,0.0,99.06405862014651,15360.0
-19.59706687927246,-19.657894134521484,0.06082390248775482,0.0,107.9527554949163,15360.0
-19.642358779907227,-19.679462432861328,0.03710537776350975,0.0,101.39554052207798,15360.0
-19.580833435058594,-19.613351821899414,0.03251517564058304,0.0,109.96441311307163,15360.0
-19.65131378173828,-19.71344757080078,0.06213743984699249,0.0,126.37039599036466,15360.0
-19.81227684020996,-19.880144119262695,0.06786414980888367,0.0,104.90719303167546,15360.0
-19.387826919555664,-19.42184066772461,0.034011952579021454,0.0,130.46929467276368,15360.0
-19.836366653442383,-19.867204666137695,0.03083912283182144,0.0,82.87210048193954,15360.0
-19.63543701171875,-19.683692932128906,0.048250291496515274,0.0,101.18515666731354,15360.0
-19.52790069580078,-19.56725311279297,0.03934706375002861,0.0,130.98404728230184,15360.0
-19.644474029541016,-19.6707763671875,0.026304682716727257,0.0,117.47997122901967,15360.0
-19.888702392578125,-19.92475128173828,0.03605383262038231,0.0,75.56175441182675,15360.0
-19.722797393798828,-19.767179489135742,0.04438177868723869,0.0,110.90892181631966,15360.0
-19.906288146972656,-19.93914794921875,0.03286011144518852,0.0,85.56025721808831,15360.0
-19.750041961669922,-19.774789810180664,0.024753553792834282,0.0,92.9841843137566,15360.0
-19.721967697143555,-19.75136375427246,0.02939760684967041,0.0,95.11967536038841,15360.0
-19.64776611328125,-19.67316436767578,0.0253999512642622,0.0,137.74229276066757,15360.0
-20.059654235839844,-20.080625534057617,0.020970547571778297,0.0,94.08482572812746,15360.0
-19.600061416625977,-19.6304931640625,0.03042200207710266,0.0,126.83136070534472,15360.0
-19.266672134399414,-19.29241371154785,0.02573450282216072,0.0,178.9776357291296,15360.0
-19.628801345825195,-19.651689529418945,0.02289055474102497,0.0,123.4935549158789,15360.0
-19.724903106689453,-19.752164840698242,0.027262328192591667,0.0,101.68330853940688,15360.0
-19.012189865112305,-19.03719139099121,0.02500418946146965,0.0,196.72390098781753,15360.0
-19.667743682861328,-19.693269729614258,0.0255257748067379,0.0,92.3146470857528,15360.0
-19.45444679260254,-19.480634689331055,0.02617994323372841,0.0,148.36330883900914,15360.0
-19.39181900024414,-19.417070388793945,0.025253282859921455,0.0,151.58131460689677,15360.0
-19.816072463989258,-19.848834991455078,0.03276697173714638,0.0,87.434082861583,15360.0
-19.559574127197266,-19.582805633544922,0.023234272375702858,0.0,145.35221368814433,15360.0
-19.498720169067383,-19.52298927307129,0.024266017600893974,0.0,159.74437274696575,15360.0
-19.65174674987793,-19.683202743530273,0.031453873962163925,0.0,88.62475728565099,15360.0
-19.350141525268555,-19.36983871459961,0.01968739740550518,0.0,194.18041903970362,15360.0
-19.722898483276367,-19.754558563232422,0.031660038977861404,0.0,105.17414127730015,15360.0
-19.62244987487793,-19.65039825439453,0.02795172668993473,0.0,138.3189644593585,15360.0
-19.51793670654297,-19.540494918823242,0.022551750764250755,0.0,139.41238931599833,15360.0
-19.575586318969727,-19.605796813964844,0.03021409921348095,0.0,120.79063806680685,15360.0
-19.615339279174805,-19.63720703125,0.021873287856578827,0.0,111.01753139961663,15360.0
-19.553203582763672,-19.58246612548828,0.029265690594911575,0.0,128.3575545201251,15360.0
-19.81831169128418,-19.843385696411133,0.025068992748856544,0.0,93.6632070509897,15360.0
-19.61041831970215,-19.63375473022461,0.023336375132203102,0.0,118.44524796487364,15360.0
-19.79412078857422,-19.82293128967285,0.02881256677210331,0.0,118.52142028342858,15360.0
-19.693601608276367,-19.713909149169922,0.020309025421738625,0.0,106.50957745958247,15360.0
-20.03597068786621,-20.062541961669922,0.026575125753879547,0.0,73.68504954549391,15360.0
-19.776493072509766,-19.799720764160156,0.02323046326637268,0.0,112.49613539757941,15360.0
-19.717458724975586,-19.738161087036133,0.020705876871943474,0.0,97.35410196927148,15360.0
-19.651439666748047,-19.679616928100586,0.028171908110380173,0.0,128.0312734925803,15360.0
-19.97507095336914,-20.000568389892578,0.025498824194073677,0.0,96.45743003014238,15360.0
-19.71880531311035,-19.744356155395508,0.025547144934535027,0.0,141.35969696275893,15360.0
-19.920429229736328,-19.944244384765625,0.02381506748497486,0.0,85.10690149453616,15360.0
-19.60450553894043,-19.625802993774414,0.021300606429576874,0.0,148.43218504589066,15360.0
-19.02597999572754,-19.047407150268555,0.02142910100519657,0.0,181.41898976642693,15360.0
-19.578845977783203,-19.60259246826172,0.02374684438109398,0.0,147.15536630765453,15360.0
-19.96253776550293,-19.99284553527832,0.0303073488175869,0.0,94.34807490813249,15360.0
-19.41421890258789,-19.439924240112305,0.025702130049467087,0.0,145.3254113222261,15360.0
-19.929508209228516,-19.951351165771484,0.021848715841770172,0.0,74.73330552958848,15360.0
-19.581525802612305,-19.607004165649414,0.02547767572104931,0.0,137.8777698732163,15360.0
-19.8218994140625,-19.844493865966797,0.022587817162275314,0.0,77.15916066789815,15360.0
-19.568458557128906,-19.591745376586914,0.023287657648324966,0.0,104.91517094644122,15360.0
-19.68841552734375,-19.71255874633789,0.024145953357219696,0.0,128.10744406569344,15360.0
-19.909542083740234,-19.931093215942383,0.021549204364418983,0.0,76.50712659335643,15360.0
-19.427961349487305,-19.44927406311035,0.021315187215805054,0.0,136.30363471812478,15360.0
-19.767675399780273,-19.79017448425293,0.022496137768030167,0.0,112.40100149950135,15360.0
-19.550708770751953,-19.575944900512695,0.025234060361981392,0.0,104.56840820884105,15360.0
-19.402435302734375,-19.428430557250977,0.025994785130023956,0.0,165.61293303647122,15360.0
-19.681453704833984,-19.706602096557617,0.025147199630737305,0.0,123.06879404699409,15360.0
-19.698575973510742,-19.720685958862305,0.02210993878543377,0.0,104.79069013125856,15360.0
-19.362796783447266,-19.386478424072266,0.023685691878199577,0.0,161.68219333399966,15360.0
-19.28205108642578,-19.310049057006836,0.027999021112918854,0.0,152.38905510211248,15360.0
-19.727489471435547,-19.751985549926758,0.024501033127307892,0.0,110.35435122149657,15360.0
-19.20807456970215,-19.233882904052734,0.025807099416851997,0.0,161.8831164984298,15360.0
-19.1876163482666,-19.21109962463379,0.023487655445933342,0.0,137.35171971330098,15360.0
-19.454999923706055,-19.47759437561035,0.022597264498472214,0.0,127.58668525069479,15360.0
-18.75542449951172,-18.7789249420166,0.02349802851676941,0.0,174.18673998018727,15360.0
-18.803651809692383,-18.827543258666992,0.02388775907456875,0.0,176.02372225779848,15360.0
-18.72570037841797,-18.748247146606445,0.02254388853907585,0.0,154.53123054198795,15360.0
-18.816129684448242,-18.842247009277344,0.026121651753783226,0.0,208.71389074652419,15360.0
-19.400785446166992,-19.423625946044922,0.02284041792154312,0.0,144.11432683472495,15360.0
-19.185415267944336,-19.207189559936523,0.021773356944322586,0.0,189.13355219191612,15360.0
-19.385414123535156,-19.413705825805664,0.028290998190641403,0.0,120.34425714079124,15360.0
-19.23248291015625,-19.25471305847168,0.022231245413422585,0.0,154.47511707275598,15360.0
-19.18671226501465,-19.215557098388672,0.028853753581643105,0.0,150.95381299749016,15360.0
-18.925453186035156,-18.953590393066406,0.02813749946653843,0.0,139.0692811678284,15360.0
-19.049497604370117,-19.07184600830078,0.022352393716573715,0.0,194.0758803883761,15360.0
-19.623443603515625,-19.654857635498047,0.031414248049259186,0.0,89.24743019078173,15360.0
-18.9956111907959,-19.020030975341797,0.024417569860816002,0.0,196.9008347176179,15360.0
-19.536916732788086,-19.563505172729492,0.02659193053841591,0.0,87.68715885472753,15360.0
-18.956972122192383,-18.98159408569336,0.024624846875667572,0.0,198.97156419075105,15360.0
-19.293432235717773,-19.318721771240234,0.025291340425610542,0.0,115.4218841731402,15360.0
-18.90038299560547,-18.931970596313477,0.031586505472660065,0.0,176.3278316814361,15360.0
-19.11187171936035,-19.13602066040039,0.024149537086486816,0.0,142.28565295672996,15360.0
-19.085325241088867,-19.11492156982422,0.029598312452435493,0.0,164.8696133725366,15360.0
-19.34248924255371,-19.363323211669922,0.020839601755142212,0.0,131.71521378976686,15360.0
-19.2479305267334,-19.275535583496094,0.027603408321738243,0.0,152.8832166578689,15360.0
-19.251577377319336,-19.27735710144043,0.025780731812119484,0.0,131.65250642990193,15360.0
-19.317535400390625,-19.340543746948242,0.02299957349896431,0.0,170.29505539185777,15360.0
-19.547609329223633,-19.57096290588379,0.023358052596449852,0.0,88.2801717271544,15360.0
-19.17207145690918,-19.191967010498047,0.019895464181900024,0.0,143.89909157291106,15360.0
-19.516401290893555,-19.536930084228516,0.02052905037999153,0.0,129.68792367726965,15360.0
-19.566186904907227,-19.587160110473633,0.02097758837044239,0.0,105.63205191604548,15360.0
-19.146709442138672,-19.16585350036621,0.01914563961327076,0.0,158.0003928085403,15360.0
-19.486553192138672,-19.504884719848633,0.018336627632379532,0.0,125.44790966559383,15360.0
-19.2144832611084,-19.235078811645508,0.020594453439116478,0.0,142.08383708521956,15360.0
-19.324560165405273,-19.343791961669922,0.019230296835303307,0.0,130.45145574013483,15360.0
-19.35370445251465,-19.375003814697266,0.02130245417356491,0.0,105.06409958798838,15360.0
-19.304454803466797,-19.324398040771484,0.01994054578244686,0.0,165.65212938643376,15360.0
-19.866525650024414,-19.887670516967773,0.0211509857326746,0.0,109.98218630391924,15360.0
-19.393413543701172,-19.414669036865234,0.021253677085042,0.0,158.35645101254897,15360.0
-19.508365631103516,-19.5275821685791,0.019212614744901657,0.0,141.89614778970844,15360.0
-19.786680221557617,-19.808382034301758,0.02169923670589924,0.0,99.81730065558722,15360.0
-19.31547737121582,-19.33733367919922,0.021863529458642006,0.0,147.53795097283592,15360.0
-19.768138885498047,-19.78972053527832,0.021577654406428337,0.0,70.28009242143594,15360.0
-19.861196517944336,-19.88138198852539,0.02018817327916622,0.0,97.48662798680101,15360.0
-19.884002685546875,-19.905696868896484,0.021696466952562332,0.0,69.91884749197177,15360.0
-19.673839569091797,-19.697751998901367,0.0239071287214756,0.0,111.83022220522945,15360.0
-19.815580368041992,-19.840002059936523,0.024419596418738365,0.0,111.65813815247601,15360.0
-19.868337631225586,-19.889551162719727,0.021212531253695488,0.0,63.13893120938515,15360.0
-19.914691925048828,-19.935962677001953,0.021270835772156715,0.0,116.44283976373057,15360.0
-19.984453201293945,-20.004613876342773,0.020161431282758713,0.0,71.16973743394561,15360.0
-19.841514587402344,-19.86662483215332,0.02510968968272209,0.0,101.79837261380281,15360.0
-19.951215744018555,-19.97539710998535,0.024179654195904732,0.0,110.47619556233765,15360.0
-20.084325790405273,-20.10442543029785,0.020099570974707603,0.0,59.403089246375714,15360.0
-19.65088653564453,-19.670503616333008,0.019619353115558624,0.0,131.3570095122018,15360.0
-19.8804988861084,-19.899864196777344,0.019361445680260658,0.0,57.52127951600671,15360.0
-19.698699951171875,-19.719593048095703,0.020897025242447853,0.0,108.64851747319855,15360.0
-19.7535343170166,-19.77652931213379,0.02299029380083084,0.0,135.3998083312225,15360.0
-20.08945655822754,-20.109262466430664,0.019805070012807846,0.0,74.69077488692642,15360.0
-19.939664840698242,-19.960243225097656,0.020577264949679375,0.0,123.20559298753194,15360.0
-20.07578468322754,-20.094831466674805,0.019050678238272667,0.0,91.20988961122289,15360.0
-19.982887268066406,-20.000120162963867,0.017233749851584435,0.0,68.29870875089917,15360.0
-20.00119972229004,-20.019559860229492,0.018358582630753517,0.0,86.24786277140637,15360.0
-20.06106185913086,-20.078189849853516,0.017129458487033844,0.0,69.35167338347438,15360.0
-20.16973304748535,-20.187360763549805,0.017620466649532318,0.0,60.58107605436742,15360.0
-20.09119987487793,-20.107994079589844,0.016790449619293213,0.0,85.6507855941659,15360.0
-20.221153259277344,-20.238136291503906,0.016986731439828873,0.0,54.724147289115436,15360.0
-20.187633514404297,-20.205167770385742,0.017536304891109467,0.0,54.106710259124654,15360.0
-20.006797790527344,-20.02537727355957,0.018578385934233665,0.0,90.16552751258958,15360.0
-20.31540298461914,-20.33335304260254,0.017951954156160355,0.0,70.65459424202172,15360.0
-20.073238372802734,-20.093006134033203,0.019765371456742287,0.0,96.08436203214588,15360.0
-20.07699966430664,-20.096500396728516,0.019504569470882416,0.0,114.70289378399808,15360.0
-20.213512420654297,-20.233509063720703,0.020001592114567757,0.0,63.127604795237595,15360.0
-19.8690128326416,-19.88962745666504,0.020613383501768112,0.0,112.90378306336373,15360.0
-20.06734275817871,-20.087596893310547,0.020255886018276215,0.0,92.22122317508027,15360.0
-20.120546340942383,-20.14054298400879,0.019995583221316338,0.0,73.02644194560108,15360.0
-19.884897232055664,-19.90534782409668,0.02044869400560856,0.0,130.44512484988138,15360.0
-20.145221710205078,-20.165098190307617,0.01987302303314209,0.0,68.31410425734475,15360.0
-20.038183212280273,-20.056861877441406,0.018677007406949997,0.0,89.66234346715076,15360.0
-20.012348175048828,-20.030908584594727,0.018560100346803665,0.0,85.05915331923772,15360.0
-19.9955997467041,-20.015676498413086,0.02006634697318077,0.0,72.16954232079479,15360.0
-19.925067901611328,-19.945598602294922,0.020532848313450813,0.0,114.96137860215273,15360.0
-20.209341049194336,-20.228473663330078,0.019134987145662308,0.0,81.7151287505736,15360.0
-19.958147048950195,-19.979515075683594,0.02137397602200508,0.0,91.55832781450945,15360.0
-20.097623825073242,-20.121227264404297,0.023597512394189835,0.0,111.95194105239315,15360.0
-19.782133102416992,-19.80478858947754,0.022658199071884155,0.0,64.62316835582752,15360.0
-20.208715438842773,-20.23194694519043,0.023235702887177467,0.0,88.89150629047998,15360.0
-20.2291316986084,-20.251001358032227,0.021868765354156494,0.0,60.91047883010766,15360.0
-20.045806884765625,-20.072017669677734,0.026207536458969116,0.0,103.86955316609891,15360.0
-20.01716423034668,-20.0527400970459,0.03558173030614853,0.0,85.59825738328765,15360.0
-20.028844833374023,-20.075864791870117,0.04701833054423332,0.0,76.94955604643587,15360.0
-20.02862548828125,-20.09204864501953,0.06342372298240662,0.0,118.25698190819062,15360.0
-20.168886184692383,-20.25398063659668,0.08509136736392975,0.0,81.4749914542081,15360.0
-19.991413116455078,-20.08562660217285,0.09421326965093613,0.0,131.29336749882995,15360.0
-19.900484085083008,-19.983890533447266,0.08340658992528915,0.0,115.1309770058089,15360.0
-19.605621337890625,-19.66842269897461,0.06280295550823212,0.0,119.27201607575958,15360.0
-19.881567001342773,-19.914907455444336,0.03333732858300209,0.0,130.03064439918083,15360.0
-20.220335006713867,-20.245380401611328,0.025047875940799713,0.0,62.307052706175824,15360.0
-19.82009506225586,-19.871280670166016,0.05118171125650406,0.0,118.25873610017001,15360.0
-20.022062301635742,-20.09614372253418,0.07408307492733002,0.0,67.01109956424766,15360.0
-19.80088233947754,-19.854820251464844,0.05393890663981438,0.0,128.90414458729322,15360.0
-20.015399932861328,-20.04288101196289,0.027478456497192383,0.0,67.63531416768308,15360.0
-19.774484634399414,-19.807193756103516,0.032705217599868774,0.0,138.62915811491385,15360.0
-19.988765716552734,-20.04719352722168,0.058428261429071426,0.0,93.4753284620965,15360.0
-19.883869171142578,-19.936431884765625,0.05256015434861183,0.0,115.61435188568305,15360.0
-19.972902297973633,-19.995527267456055,0.022624105215072632,0.0,102.39939637361057,15360.0
-19.73310661315918,-19.7662410736084,0.033138491213321686,0.0,124.2537767557355,15360.0
-19.9941349029541,-20.043914794921875,0.04978709667921066,0.0,113.02960079179427,15360.0
-19.931909561157227,-19.961206436157227,0.029294561594724655,0.0,110.6684046869029,15360.0
-20.139423370361328,-20.164073944091797,0.024650387465953827,0.0,118.10295577065017,15360.0
-20.084562301635742,-20.122249603271484,0.03768915310502052,0.0,78.16569822057915,15360.0
-20.137670516967773,-20.168617248535156,0.030942793935537338,0.0,84.76251324677523,15360.0
-20.057008743286133,-20.075178146362305,0.018172550946474075,0.0,79.4576786045903,15360.0
-19.9073486328125,-19.931026458740234,0.023677580058574677,0.0,90.34536296995817,15360.0
-20.192909240722656,-20.219112396240234,0.026195989921689034,0.0,68.12204483706864,15360.0
-20.010046005249023,-20.029203414916992,0.01915154792368412,0.0,94.56276951227098,15360.0
-20.20780372619629,-20.22701072692871,0.0192082729190588,0.0,66.90021389592796,15360.0
-20.158946990966797,-20.181922912597656,0.022974103689193726,0.0,83.39117553523221,15360.0
-20.294111251831055,-20.315298080444336,0.02118365839123726,0.0,58.36047828577993,15360.0
-20.07764434814453,-20.096811294555664,0.0191667377948761,0.0,88.37974277748815,15360.0
-20.11574363708496,-20.135822296142578,0.02008088305592537,0.0,73.22112412615265,15360.0
-20.035913467407227,-20.057077407836914,0.021167488768696785,0.0,85.99321575197371,15360.0
-20.19059944152832,-20.208152770996094,0.01754964515566826,0.0,59.13934969359484,15360.0
-20.097084045410156,-20.113725662231445,0.016643337905406952,0.0,86.12063532972266,15360.0
-20.086454391479492,-20.10743522644043,0.02098109759390354,0.0,102.7599737956831,15360.0
-20.120710372924805,-20.138044357299805,0.0173334963619709,0.0,74.56129348029387,15360.0
-19.69083595275879,-19.708309173583984,0.01747256889939308,0.0,148.3394564372985,15360.0
-20.141298294067383,-20.158639907836914,0.017334962263703346,0.0,59.7678113675636,15360.0
-19.67323112487793,-19.69245719909668,0.019233332946896553,0.0,137.78047234397096,15360.0
-19.781076431274414,-19.799020767211914,0.01794794574379921,0.0,141.74910339431534,15360.0
-20.02471923828125,-20.044837951660156,0.020124899223446846,0.0,125.02031910750105,15360.0
-19.975095748901367,-19.99453353881836,0.019434235990047455,0.0,121.11843536369406,15360.0
-19.764406204223633,-19.781816482543945,0.01741192676126957,0.0,152.3819444168282,15360.0
-20.1739559173584,-20.19231605529785,0.018358763307332993,0.0,58.26509115593731,15360.0
-19.849855422973633,-19.870431900024414,0.020574774593114853,0.0,136.37016347290026,15360.0
-20.088550567626953,-20.11041259765625,0.02186429873108864,0.0,83.00215450755131,15360.0
-20.117382049560547,-20.138286590576172,0.02090729959309101,0.0,118.22204634341556,15360.0
-20.087310791015625,-20.111196517944336,0.02388540282845497,0.0,112.90868801433955,15360.0
-19.890674591064453,-19.910737991333008,0.020062562078237534,0.0,133.2761919470662,15360.0
-20.397592544555664,-20.414628982543945,0.017044883221387863,0.0,45.77522029006767,15360.0
-19.953718185424805,-19.972993850708008,0.01927553489804268,0.0,132.0128198901737,15360.0
-20.25800323486328,-20.278236389160156,0.020237846300005913,0.0,65.11701631330037,15360.0
-20.079370498657227,-20.0974178314209,0.018052469938993454,0.0,111.57435499321613,15360.0
-20.20669937133789,-20.222990036010742,0.01628795824944973,0.0,79.05338914253831,15360.0
-19.923059463500977,-19.94081687927246,0.017756111919879913,0.0,119.53028475211218,15360.0
-19.794580459594727,-19.814449310302734,0.019867734983563423,0.0,135.83159396196368,15360.0
-20.264997482299805,-20.28652572631836,0.021521789953112602,0.0,73.20118940883182,15360.0
-20.116029739379883,-20.138172149658203,0.022133301943540573,0.0,123.70854946600078,15360.0
-20.154573440551758,-20.177221298217773,0.02264568768441677,0.0,79.86596719616136,15360.0
-20.175718307495117,-20.19709587097168,0.02138211764395237,0.0,106.86382025376926,15360.0
-20.067371368408203,-20.086467742919922,0.019093669950962067,0.0,123.03627401294098,15360.0
-20.29208755493164,-20.31133460998535,0.019247056916356087,0.0,124.6395675648779,15360.0
-20.311941146850586,-20.332477569580078,0.020531414076685905,0.0,69.94310259809231,15360.0
-20.03706932067871,-20.056577682495117,0.019503386691212654,0.0,112.0123302161043,15360.0
-20.276269912719727,-20.29640769958496,0.02013847604393959,0.0,89.53948535202642,15360.0
-20.256433486938477,-20.28055763244629,0.0241217240691185,0.0,103.46920878630073,15360.0
-19.95301628112793,-19.977540969848633,0.024528061971068382,0.0,153.12443886811184,15360.0
-20.02701187133789,-20.050806045532227,0.02379210665822029,0.0,112.6901573244982,15360.0
-20.087554931640625,-20.108787536621094,0.021238327026367188,0.0,118.1015138052083,15360.0
-19.958768844604492,-19.97785186767578,0.019081823527812958,0.0,159.42690211507184,15360.0
-19.98145866394043,-20.00145149230957,0.019990099593997,0.0,119.71556772979129,15360.0
-20.053911209106445,-20.074230194091797,0.02032327838242054,0.0,112.63233787131216,15360.0
-19.81284523010254,-19.834270477294922,0.021423745900392532,0.0,144.3354814295999,15360.0
-20.15067481994629,-20.172761917114258,0.022086190059781075,0.0,93.58951104122508,15360.0
-20.130102157592773,-20.147565841674805,0.01746460050344467,0.0,108.77001189968357,15360.0
-19.863384246826172,-19.881568908691406,0.01818099245429039,0.0,139.65925734649267,15360.0
-20.199378967285156,-20.220827102661133,0.021445024758577347,0.0,111.60495404466371,15360.0
-20.117828369140625,-20.136018753051758,0.018187228590250015,0.0,118.01503897605342,15360.0
-20.11354637145996,-20.13344955444336,0.019898634403944016,0.0,106.92239779909661,15360.0
-20.07111930847168,-20.09324836730957,0.022128738462924957,0.0,104.52716731066401,15360.0
-20.086313247680664,-20.104957580566406,0.018646467477083206,0.0,139.4859687416958,15360.0
-19.927001953125,-19.948871612548828,0.021868212148547173,0.0,144.79257957165058,15360.0
-20.098478317260742,-20.12359619140625,0.025114085525274277,0.0,113.80933213605711,15360.0
-20.029937744140625,-20.050859451293945,0.020917465910315514,0.0,116.6042694267104,15360.0
-20.104475021362305,-20.127649307250977,0.023168526589870453,0.0,121.5197651470088,15360.0
-20.162622451782227,-20.185400009155273,0.022782769054174423,0.0,76.66057270191158,15360.0
-19.793415069580078,-19.813621520996094,0.02020251378417015,0.0,153.62301166473813,15360.0
-20.048959732055664,-20.074748992919922,0.025786370038986206,0.0,126.40510028141075,15360.0
-19.998809814453125,-20.021556854248047,0.022743361070752144,0.0,122.71279971646314,15360.0
-19.939945220947266,-19.961164474487305,0.02121591940522194,0.0,128.29576709466295,15360.0
-20.04389190673828,-20.0683536529541,0.024453818798065186,0.0,108.2398183093424,15360.0
-19.863393783569336,-19.884450912475586,0.021059682592749596,0.0,130.2013646384523,15360.0
-19.789390563964844,-19.810955047607422,0.021566003561019897,0.0,156.877859088909,15360.0
-20.17869758605957,-20.19877052307129,0.020080629736185074,0.0,84.09937910694875,15360.0
-19.97426414489746,-19.99114990234375,0.016887519508600235,0.0,127.38601629013614,15360.0
-20.118141174316406,-20.138460159301758,0.02031918242573738,0.0,103.32794020129687,15360.0
-19.824607849121094,-19.843364715576172,0.018759023398160934,0.0,106.2522421413653,15360.0
-19.783077239990234,-19.8042049407959,0.021127041429281235,0.0,161.17520653097318,15360.0
-20.083528518676758,-20.10548210144043,0.021950192749500275,0.0,82.95937877278837,15360.0
-19.949148178100586,-19.971668243408203,0.022519072517752647,0.0,150.61832185941185,15360.0
-20.33131980895996,-20.353334426879883,0.02201651968061924,0.0,71.1354718329951,15360.0
-20.12911033630371,-20.152935028076172,0.02382856048643589,0.0,112.28966089952982,15360.0
-19.99115753173828,-20.01336097717285,0.022204609587788582,0.0,104.16528924086361,15360.0
-20.0262451171875,-20.04570198059082,0.019459035247564316,0.0,109.13759416194783,15360.0
-20.10843849182129,-20.126798629760742,0.018362868577241898,0.0,86.35813978166014,15360.0
-19.9913330078125,-20.009885787963867,0.01854850724339485,0.0,116.60440213371433,15360.0
-20.206735610961914,-20.223726272583008,0.01699087768793106,0.0,93.11688794835727,15360.0
-20.207630157470703,-20.225955963134766,0.018329942598938942,0.0,103.15384913959188,15360.0
-20.076688766479492,-20.099233627319336,0.022542832419276237,0.0,142.18166001905024,15360.0
-20.305814743041992,-20.332632064819336,0.026819942519068718,0.0,79.2849786683581,15360.0
-20.194551467895508,-20.226783752441406,0.032231636345386505,0.0,95.98420869989205,15360.0
-20.14838409423828,-20.188081741333008,0.039692703634500504,0.0,91.15497361029809,15360.0
-20.11149787902832,-20.15607452392578,0.044581662863492966,0.0,92.31541462229521,15360.0
-19.998119354248047,-20.04316520690918,0.04504450783133507,0.0,92.4137783677604,15360.0
-20.069608688354492,-20.11427879333496,0.044664401561021805,0.0,137.84293539135274,15360.0
-20.147247314453125,-20.200931549072266,0.05369172617793083,0.0,100.73032286229942,15360.0
-20.010074615478516,-20.070215225219727,0.06014539301395416,0.0,119.8962758397018,15360.0
-20.239871978759766,-20.293725967407227,0.05385418236255646,0.0,85.24864550034212,15360.0
-20.267148971557617,-20.303531646728516,0.036387499421834946,0.0,101.17348327775211,15360.0
-20.31529998779297,-20.33856964111328,0.023262543603777885,0.0,70.99504034216793,15360.0
-20.18819808959961,-20.206336975097656,0.018138354644179344,0.0,121.58928642915039,15360.0
-20.103517532348633,-20.125812530517578,0.02229178138077259,0.0,106.04296281655502,15360.0
-20.13921356201172,-20.16562843322754,0.026420822367072105,0.0,93.91827267603344,15360.0
-20.180950164794922,-20.20915985107422,0.028206951916217804,0.0,85.91707449168244,15360.0
-20.188730239868164,-20.214935302734375,0.026204532012343407,0.0,120.88093712278696,15360.0
-20.105260848999023,-20.12921714782715,0.023957107216119766,0.0,74.21755714144021,15360.0
-20.250669479370117,-20.273229598999023,0.022559879347682,0.0,105.73680410858996,15360.0
-20.345672607421875,-20.363332748413086,0.01765347458422184,0.0,83.95417439133786,15360.0
-20.074085235595703,-20.093509674072266,0.019420640543103218,0.0,97.3803799059109,15360.0
-20.159395217895508,-20.179563522338867,0.020167680457234383,0.0,81.45359196262889,15360.0
-20.334423065185547,-20.357088088989258,0.022659000009298325,0.0,81.6350526801406,15360.0
-20.310720443725586,-20.32977867126465,0.019064800813794136,0.0,85.18609683188815,15360.0
-20.464691162109375,-20.482336044311523,0.017641155049204826,0.0,64.87464023834202,15360.0
-20.283567428588867,-20.301197052001953,0.01762823946774006,0.0,89.4788664351427,15360.0
-20.339550018310547,-20.359556198120117,0.0200059711933136,0.0,65.32842358153646,15360.0
-20.371875762939453,-20.393756866455078,0.021878229454159737,0.0,61.90581625178513,15360.0
-20.3731632232666,-20.39772605895996,0.024565747007727623,0.0,75.68318871420654,15360.0
-20.511152267456055,-20.536266326904297,0.02511667273938656,0.0,73.85094737085234,15360.0
-20.26317596435547,-20.284236907958984,0.02106328494846821,0.0,89.03690681817089,15360.0
-20.214982986450195,-20.232666015625,0.01768173649907112,0.0,78.27447902444024,15360.0
-20.251270294189453,-20.269716262817383,0.0184487197548151,0.0,96.37885157502903,15360.0
-20.18810272216797,-20.206016540527344,0.017916623502969742,0.0,95.36306261429478,15360.0
-20.19573211669922,-20.214670181274414,0.018938623368740082,0.0,81.89029145897943,15360.0
-20.276716232299805,-20.296974182128906,0.020258592441678047,0.0,87.38894841875862,15360.0
-20.29799461364746,-20.316442489624023,0.018451251089572906,0.0,68.51021707375851,15360.0
-20.42412567138672,-20.44172477722168,0.01759440451860428,0.0,96.44726133529538,15360.0
-20.295398712158203,-20.31229591369629,0.01690641976892948,0.0,67.45102204850656,15360.0
-20.376367568969727,-20.3949031829834,0.018543453887104988,0.0,98.75062898556416,15360.0
-20.152830123901367,-20.17197608947754,0.0191535372287035,0.0,76.02199343532429,15360.0
-20.327674865722656,-20.34589195251465,0.01821506768465042,0.0,93.4109167156099,15360.0
-20.23171615600586,-20.25020980834961,0.01849161647260189,0.0,97.86161013531951,15360.0
-20.356090545654297,-20.375036239624023,0.01894611120223999,0.0,66.79807083629574,15360.0
-20.109270095825195,-20.128273010253906,0.01899898424744606,0.0,107.54040421904509,15360.0
-20.340925216674805,-20.3579158782959,0.0169923547655344,0.0,101.79039953568872,15360.0
-20.287029266357422,-20.30362892150879,0.016596438363194466,0.0,84.02661076832952,15360.0
-19.994333267211914,-20.010356903076172,0.016019685193896294,0.0,136.54923363075775,15360.0
-20.34084129333496,-20.35670280456543,0.015870358794927597,0.0,78.17613366724449,15360.0
-20.217166900634766,-20.23464584350586,0.017473142594099045,0.0,107.47365231849433,15360.0
-20.01828956604004,-20.03790283203125,0.019613681361079216,0.0,135.5755342649572,15360.0
-20.263940811157227,-20.28546714782715,0.021524518728256226,0.0,103.23624832924625,15360.0
-20.319963455200195,-20.343046188354492,0.023081054911017418,0.0,99.09465224970674,15360.0
-20.054046630859375,-20.07957649230957,0.02552756853401661,0.0,135.6600653482521,15360.0
-20.071598052978516,-20.093828201293945,0.022231094539165497,0.0,105.62717822706337,15360.0
-20.34700584411621,-20.366077423095703,0.019062276929616928,0.0,82.01422981244313,15360.0
-20.43751335144043,-20.456544876098633,0.019028840586543083,0.0,66.46812205353126,15360.0
-20.327274322509766,-20.35000991821289,0.022739475592970848,0.0,92.27866767645159,15360.0
-20.286001205444336,-20.309505462646484,0.02350442484021187,0.0,69.34347264486756,15360.0
-20.406410217285156,-20.431276321411133,0.024869196116924286,0.0,90.3504066989967,15360.0
-20.177186965942383,-20.201488494873047,0.024298399686813354,0.0,98.84713424223277,15360.0
-20.330455780029297,-20.355480194091797,0.02503175660967827,0.0,92.53246782502474,15360.0
-20.233938217163086,-20.26195526123047,0.028019918128848076,0.0,106.33693908953612,15360.0
-19.91228675842285,-19.944232940673828,0.03194350376725197,0.0,133.52747208065,15360.0
-20.294565200805664,-20.321195602416992,0.026630526408553123,0.0,72.84753429218307,15360.0
-20.02293586730957,-20.045684814453125,0.02274545654654503,0.0,125.42285594018776,15360.0
-19.940092086791992,-19.962495803833008,0.022398151457309723,0.0,154.7013098868793,15360.0
-20.175006866455078,-20.1989803314209,0.023971209302544594,0.0,117.74059771884171,15360.0
-19.529630661010742,-19.55287742614746,0.023244202136993408,0.0,180.23351534518125,15360.0
-19.758939743041992,-19.77699089050293,0.018049372360110283,0.0,136.79555890438206,15360.0
-19.77664566040039,-19.794832229614258,0.018185734748840332,0.0,111.30522320907573,15360.0
-19.605369567871094,-19.630067825317383,0.02470039576292038,0.0,145.48439353621,15360.0
-19.982709884643555,-20.006460189819336,0.023750582709908485,0.0,117.08949196850406,15360.0
-20.217967987060547,-20.244117736816406,0.026152264326810837,0.0,93.06546768842219,15360.0
-20.014488220214844,-20.04535484313965,0.030864039435982704,0.0,106.85105744383144,15360.0
-20.235004425048828,-20.262990951538086,0.027986986562609673,0.0,94.39636375845109,15360.0
-19.924694061279297,-19.94618797302246,0.021499324589967728,0.0,94.96613032178945,15360.0
-20.3624324798584,-20.383249282836914,0.020817449316382408,0.0,76.5702814825324,15360.0
-20.13972282409668,-20.16343116760254,0.023716123774647713,0.0,71.35935063237396,15360.0
-20.246118545532227,-20.271949768066406,0.025835871696472168,0.0,68.93829404213784,15360.0
-20.21976661682129,-20.24748992919922,0.027727754786610603,0.0,97.96028017317981,15360.0
-20.27199935913086,-20.305908203125,0.03391031548380852,0.0,76.90506956063004,15360.0
-20.036775588989258,-20.07352066040039,0.03674659878015518,0.0,111.6859400981482,15360.0
-20.34621238708496,-20.380958557128906,0.03474569320678711,0.0,76.81417440783075,15360.0
-20.094446182250977,-20.125024795532227,0.03057619370520115,0.0,122.3831169364403,15360.0
-20.36659812927246,-20.394174575805664,0.027579596266150475,0.0,95.4910080756199,15360.0
-20.201622009277344,-20.225610733032227,0.023988308385014534,0.0,100.91538799463208,15360.0
-20.352367401123047,-20.37253761291504,0.020167889073491096,0.0,86.09328880779836,15360.0
-20.084774017333984,-20.110742568969727,0.025965942069888115,0.0,92.44227431301074,15360.0
-20.245628356933594,-20.277244567871094,0.031617797911167145,0.0,108.88068758546287,15360.0
-20.30858039855957,-20.342876434326172,0.03429918736219406,0.0,91.93153469004653,15360.0
-20.111103057861328,-20.143329620361328,0.032224901020526886,0.0,143.07683351245694,15360.0
-20.34965705871582,-20.374210357666016,0.024553805589675903,0.0,88.86920314210174,15360.0
-20.038394927978516,-20.06008529663086,0.021691273897886276,0.0,143.73209791905876,15360.0
-20.136634826660156,-20.15919303894043,0.02256634458899498,0.0,125.7077823416049,15360.0
-20.03904151916504,-20.061033248901367,0.021987764164805412,0.0,98.7200601346464,15360.0
-20.074926376342773,-20.101411819458008,0.026486529037356377,0.0,141.21178564170606,15360.0
-20.07085418701172,-20.096677780151367,0.02582402341067791,0.0,106.71303426526973,15360.0
-19.555938720703125,-19.579858779907227,0.023917805403470993,0.0,200.47145306633954,15360.0
-20.152019500732422,-20.17704200744629,0.025023426860570908,0.0,134.2107474614009,15360.0
-20.037023544311523,-20.061189651489258,0.02416788414120674,0.0,137.52515505105768,15360.0
-19.87051773071289,-19.89586067199707,0.02534804865717888,0.0,163.87856711057026,15360.0
-20.00385856628418,-20.025400161743164,0.02153916098177433,0.0,118.07797607184601,15360.0
-19.92546844482422,-19.942190170288086,0.016718190163373947,0.0,144.71481894453018,15360.0
-20.157878875732422,-20.181720733642578,0.02384042553603649,0.0,113.54230255188872,15360.0
-19.909379959106445,-19.936853408813477,0.027473201975226402,0.0,145.23952322671306,15360.0
-20.027667999267578,-20.052936553955078,0.025265701115131378,0.0,118.453063120316,15360.0
-19.84393882751465,-19.864402770996094,0.020455045625567436,0.0,180.69927431805775,15360.0
-19.70928382873535,-19.727087020874023,0.01780259795486927,0.0,140.24733966763893,15360.0
-19.798988342285156,-19.818918228149414,0.019924843683838844,0.0,179.76873028512603,15360.0
-20.084014892578125,-20.103008270263672,0.01900024153292179,0.0,91.41067372194705,15360.0
-19.89899253845215,-19.916837692260742,0.017843248322606087,0.0,137.68522723935803,15360.0
-20.05284309387207,-20.07063102722168,0.017787078395485878,0.0,123.26536779446127,15360.0
-20.160253524780273,-20.177242279052734,0.016989510506391525,0.0,106.58873356211876,15360.0
-19.851228713989258,-19.866973876953125,0.015747467055916786,0.0,139.97464642876213,15360.0
-19.899417877197266,-19.918237686157227,0.01881810836493969,0.0,133.50480709109084,15360.0
-20.048511505126953,-20.067834854125977,0.01932094804942608,0.0,113.20209053312547,15360.0
-20.106645584106445,-20.1241512298584,0.017508218064904213,0.0,79.43327336477697,15360.0
-19.829059600830078,-19.84446144104004,0.015406044200062752,0.0,142.85847812856235,15360.0
-19.912139892578125,-19.929508209228516,0.017373817041516304,0.0,94.11422448535384,15360.0
-19.886415481567383,-19.90555191040039,0.019138673320412636,0.0,142.31340011886195,15360.0
-20.01549530029297,-20.034273147583008,0.01878063939511776,0.0,147.8823378108796,15360.0
-20.0535888671875,-20.069746017456055,0.016153600066900253,0.0,104.55409598683946,15360.0
-19.80919075012207,-19.8289737701416,0.019781379029154778,0.0,151.66500004436077,15360.0
-19.629638671875,-19.648183822631836,0.018542340025305748,0.0,151.09476766049661,15360.0
-19.948436737060547,-19.965972900390625,0.017535032704472542,0.0,107.22540887554251,15360.0
-19.592790603637695,-19.611116409301758,0.01832783780992031,0.0,159.5230450945403,15360.0
-20.103694915771484,-20.122211456298828,0.018513139337301254,0.0,111.99269335852702,15360.0
-19.937274932861328,-19.954774856567383,0.01750544086098671,0.0,128.35965619822736,15360.0
-19.79667091369629,-19.813600540161133,0.016926486045122147,0.0,149.25369391248358,15360.0
-19.695430755615234,-19.71406364440918,0.01863257773220539,0.0,132.94370816916847,15360.0
-19.85212516784668,-19.87227439880371,0.02015126310288906,0.0,139.03479223567342,15360.0
-20.066015243530273,-20.08245277404785,0.016440777108073235,0.0,133.98862862418986,15360.0
-20.02523422241211,-20.043354034423828,0.018111547455191612,0.0,110.31232748436675,15360.0
-20.1301326751709,-20.150075912475586,0.019937753677368164,0.0,108.99262523654214,15360.0
-20.24245262145996,-20.259830474853516,0.017376555129885674,0.0,91.58278727779866,15360.0
-20.1136474609375,-20.135223388671875,0.021570894867181778,0.0,114.31506970607843,15360.0
-20.294063568115234,-20.316267013549805,0.0221983902156353,0.0,92.7654495562764,15360.0
-20.121797561645508,-20.140199661254883,0.018407117575407028,0.0,121.33033585908123,15360.0
-20.28974151611328,-20.309314727783203,0.01956835389137268,0.0,105.74372471483228,15360.0
-20.09801483154297,-20.11565589904785,0.0176403746008873,0.0,120.53195298317839,15360.0
-20.170602798461914,-20.1881046295166,0.017499389126896858,0.0,109.87002176828896,15360.0
-20.139312744140625,-20.156490325927734,0.017180057242512703,0.0,111.07485248864397,15360.0
-20.22335433959961,-20.24039077758789,0.01703706756234169,0.0,86.47931839168439,15360.0
-20.186988830566406,-20.204404830932617,0.01741401106119156,0.0,101.16963926984829,15360.0
-20.233266830444336,-20.250770568847656,0.01750098541378975,0.0,92.5377976308666,15360.0
-20.354562759399414,-20.37079620361328,0.01623469963669777,0.0,94.38823317898812,15360.0
-20.195432662963867,-20.213001251220703,0.017568526789546013,0.0,100.65655951253973,15360.0
-20.43642234802246,-20.45155906677246,0.015135390684008598,0.0,74.18848668775182,15360.0
-20.26913070678711,-20.286165237426758,0.01703268103301525,0.0,68.59520869714899,15360.0
-20.213390350341797,-20.2287540435791,0.015358945354819298,0.0,115.5079050559161,15360.0
-20.245216369628906,-20.262561798095703,0.01734611578285694,0.0,114.1098214005942,15360.0
-20.33357048034668,-20.35084342956543,0.01727503165602684,0.0,78.67268388012162,15360.0
-20.155719757080078,-20.172019958496094,0.016292018815875053,0.0,126.41317378468703,15360.0
-20.317516326904297,-20.334482192993164,0.01696394570171833,0.0,93.60455138110171,15360.0
-20.006622314453125,-20.023374557495117,0.016750020906329155,0.0,123.33993149294174,15360.0
-20.065692901611328,-20.08734130859375,0.021646438166499138,0.0,134.75606159680234,15360.0
-20.234254837036133,-20.256305694580078,0.022049250081181526,0.0,93.99329347351768,15360.0
-20.123746871948242,-20.141550064086914,0.017809713259339333,0.0,121.01914049345756,15360.0
-20.095945358276367,-20.114990234375,0.01904391311109066,0.0,97.91390078742803,15360.0
-20.057096481323242,-20.073434829711914,0.016339432448148727,0.0,90.01856631151362,15360.0
-19.990880966186523,-20.00736427307129,0.016477681696414948,0.0,128.93971627022427,15360.0
-20.173076629638672,-20.1922550201416,0.01917499303817749,0.0,107.41764684768617,15360.0
-20.339282989501953,-20.357938766479492,0.01865243911743164,0.0,106.26772687649972,15360.0
-20.034305572509766,-20.058094024658203,0.023783814162015915,0.0,116.85273841457219,15360.0
-20.067073822021484,-20.09285545349121,0.02578846737742424,0.0,101.53098649079128,15360.0
-20.153743743896484,-20.174654006958008,0.020912043750286102,0.0,85.20186051610233,15360.0
-20.104045867919922,-20.12147331237793,0.017425648868083954,0.0,101.01394244828643,15360.0
-20.122657775878906,-20.139009475708008,0.016358070075511932,0.0,124.01804227206668,15360.0
-20.380460739135742,-20.40068817138672,0.02022976242005825,0.0,82.2695733824477,15360.0
-20.191997528076172,-20.216665267944336,0.024669069796800613,0.0,119.4092187757268,15360.0
-20.032594680786133,-20.060771942138672,0.028176086023449898,0.0,117.02631356972783,15360.0
-20.317113876342773,-20.349817276000977,0.03270253911614418,0.0,97.52226886172045,15360.0
-20.25921058654785,-20.287343978881836,0.028128772974014282,0.0,79.13182582063772,15360.0
-20.210344314575195,-20.23004913330078,0.01970553584396839,0.0,87.24204407068511,15360.0
-20.327167510986328,-20.34671401977539,0.019543681293725967,0.0,84.39027397325806,15360.0
-20.32662582397461,-20.350372314453125,0.023749006912112236,0.0,93.14805052901784,15360.0
-20.32273292541504,-20.35692024230957,0.03419216349720955,0.0,75.97017966930036,15360.0
-20.299043655395508,-20.33479118347168,0.035743411630392075,0.0,109.35896835502544,15360.0
-20.62398910522461,-20.652711868286133,0.028723858296871185,0.0,56.84582467122607,15360.0
-20.18787956237793,-20.211116790771484,0.023232731968164444,0.0,116.13040363599839,15360.0
-20.34286880493164,-20.369401931762695,0.02653329260647297,0.0,77.01354499711395,15360.0
-20.330535888671875,-20.365863800048828,0.035323239862918854,0.0,82.88005810728583,15360.0
-20.22403335571289,-20.26377296447754,0.039736319333314896,0.0,116.58712827126108,15360.0
-20.611963272094727,-20.65058708190918,0.0386267751455307,0.0,66.20254663490863,15360.0
-20.21169662475586,-20.2421875,0.030491184443235397,0.0,98.96207745129142,15360.0
-20.453250885009766,-20.48567771911621,0.03242260590195656,0.0,104.16805318957354,15360.0
-20.544254302978516,-20.587604522705078,0.04334666579961777,0.0,60.66259950644335,15360.0
-20.35279655456543,-20.405101776123047,0.052307531237602234,0.0,94.57529646738097,15360.0
-20.361902236938477,-20.41512680053711,0.05322222411632538,0.0,83.52450118659706,15360.0
-20.388940811157227,-20.42783546447754,0.03889734297990799,0.0,86.40453748241298,15360.0
-20.55986976623535,-20.58989715576172,0.030029507353901863,0.0,97.63140392698996,15360.0
-20.41512680053711,-20.443523406982422,0.028398549184203148,0.0,67.98843636469995,15360.0
-20.353229522705078,-20.38935661315918,0.03612511232495308,0.0,119.20235377257139,15360.0
-20.453022003173828,-20.491748809814453,0.038723692297935486,0.0,66.02459591278587,15360.0
-20.503543853759766,-20.534732818603516,0.031191129237413406,0.0,81.42270658937281,15360.0
-20.6143741607666,-20.636707305908203,0.02233058027923107,0.0,67.50094476750175,15360.0
-20.530427932739258,-20.549156188964844,0.018729405477643013,0.0,77.27863162656867,15360.0
-20.5926570892334,-20.61424446105957,0.02158399112522602,0.0,79.30277997496472,15360.0
-20.573209762573242,-20.59876823425293,0.02556292526423931,0.0,86.09332369964204,15360.0
-20.605791091918945,-20.63409996032715,0.02831217646598816,0.0,79.74031948400855,15360.0
-20.50818634033203,-20.53390884399414,0.025722810998558998,0.0,77.49872317953447,15360.0
-20.63166046142578,-20.651641845703125,0.019983699545264244,0.0,88.84402630405026,15360.0
-20.69591522216797,-20.713579177856445,0.01766435243189335,0.0,63.35342622849545,15360.0
-20.500333786010742,-20.520864486694336,0.020536402240395546,0.0,111.4621174131785,15360.0
-20.394508361816406,-20.414920806884766,0.020407309755682945,0.0,121.32922581721543,15360.0
-20.61520767211914,-20.63658332824707,0.021376824006438255,0.0,64.31819710160585,15360.0
-20.55510711669922,-20.575838088989258,0.020732074975967407,0.0,81.06467878504145,15360.0
-20.489316940307617,-20.508573532104492,0.0192521121352911,0.0,74.52194277831087,15360.0
-20.523557662963867,-20.541744232177734,0.01818137988448143,0.0,87.739919581232,15360.0
-20.641632080078125,-20.659320831298828,0.017687786370515823,0.0,86.33087087984687,15360.0
-20.500825881958008,-20.51839256286621,0.017557749524712563,0.0,85.05157774731533,15360.0
-20.5152530670166,-20.535533905029297,0.020287560299038887,0.0,86.2115819349976,15360.0
-20.43333625793457,-20.45684051513672,0.023510539904236794,0.0,96.02336898446417,15360.0
-20.512704849243164,-20.539228439331055,0.026527995243668556,0.0,101.97496310302347,15360.0
-20.561115264892578,-20.58628273010254,0.025167400017380714,0.0,84.22797369508456,15360.0
-20.21416664123535,-20.23564910888672,0.021478692069649696,0.0,163.766119701392,15360.0
-20.514314651489258,-20.53441619873047,0.020099379122257233,0.0,80.77019135536841,15360.0
-20.447315216064453,-20.465543746948242,0.018232086673378944,0.0,131.4125910713233,15360.0
-20.55999183654785,-20.57630157470703,0.01631438545882702,0.0,80.2497651377765,15360.0
-20.37559700012207,-20.391935348510742,0.016341064125299454,0.0,130.13595248757784,15360.0
-20.627016067504883,-20.6415958404541,0.014579645358026028,0.0,67.64136577003869,15360.0
-20.50612449645996,-20.52130889892578,0.015182054601609707,0.0,117.0170859374989,15360.0
-20.432275772094727,-20.448108673095703,0.015830453485250473,0.0,119.52578743098893,15360.0
-20.545307159423828,-20.56668472290039,0.02138284407556057,0.0,79.83393818509836,15360.0
-20.38979721069336,-20.416975021362305,0.027187790721654892,0.0,115.32001534026995,15360.0
-20.546354293823242,-20.57176971435547,0.025418076664209366,0.0,108.59978111079012,15360.0
-20.4689884185791,-20.491941452026367,0.022948844358325005,0.0,99.76746018834295,15360.0
-20.46150779724121,-20.481447219848633,0.019940394908189774,0.0,126.26076883882081,15360.0
-20.308069229125977,-20.326236724853516,0.01816507801413536,0.0,119.445956841269,15360.0
-20.592988967895508,-20.61347198486328,0.020482782274484634,0.0,87.8327754843313,15360.0
-20.51282501220703,-20.53447723388672,0.02164897508919239,0.0,91.76562397396248,15360.0
-20.50096321105957,-20.52277374267578,0.021812135353684425,0.0,115.2774355807254,15360.0
-20.322751998901367,-20.34370231628418,0.020954079926013947,0.0,114.45236750714096,15360.0
-20.61321258544922,-20.632089614868164,0.018875552341341972,0.0,72.39613028698494,15360.0
-20.494571685791016,-20.511341094970703,0.016766885295510292,0.0,105.18173311528975,15360.0
-20.505949020385742,-20.52153205871582,0.015581316314637661,0.0,103.0013843696166,15360.0
-20.535680770874023,-20.555063247680664,0.019381534308195114,0.0,71.15943274655095,15360.0
-20.50129508972168,-20.52204704284668,0.020751427859067917,0.0,110.34152078858159,15360.0
-20.489774703979492,-20.514081954956055,0.02430378459393978,0.0,99.54805888141321,15360.0
-20.623760223388672,-20.64983367919922,0.026072347536683083,0.0,73.86175041938382,15360.0
-20.70636558532715,-20.7325382232666,0.026168258860707283,0.0,77.4244619014948,15360.0
-20.491548538208008,-20.516170501708984,0.024620918557047844,0.0,81.72364455368907,15360.0
-20.68695068359375,-20.710538864135742,0.023583706468343735,0.0,77.9877001990388,15360.0
-20.570171356201172,-20.592761993408203,0.02259007655084133,0.0,68.13245456024575,15360.0
-20.46994972229004,-20.48955726623535,0.019606562331318855,0.0,86.98247073868139,15360.0
-20.60749053955078,-20.626874923706055,0.01938359998166561,0.0,81.00487774193026,15360.0
-20.651071548461914,-20.6732234954834,0.02215292491018772,0.0,86.41253141120791,15360.0
-20.28188133239746,-20.30886459350586,0.02698187157511711,0.0,131.26463024180623,15360.0
-20.62303924560547,-20.650508880615234,0.02747460827231407,0.0,87.17291720981333,15360.0
-20.68686294555664,-20.71428680419922,0.027425944805145264,0.0,72.26927185640645,15360.0
-20.518640518188477,-20.542552947998047,0.023914609104394913,0.0,101.97351664205299,15360.0
-20.6665096282959,-20.68794059753418,0.021436726674437523,0.0,71.6819645694715,15360.0
-20.5598201751709,-20.580101013183594,0.020280450582504272,0.0,87.11261057244886,15360.0
-20.51439666748047,-20.53609848022461,0.021701933816075325,0.0,102.48396676044952,15360.0
-20.724658966064453,-20.74528694152832,0.02063276618719101,0.0,76.31267996664641,15360.0
-20.365543365478516,-20.384626388549805,0.019087394699454308,0.0,122.84076643844361,15360.0
-20.64060401916504,-20.65979766845703,0.0191921629011631,0.0,87.44657808568756,15360.0
-20.594900131225586,-20.61376953125,0.018871178850531578,0.0,80.4656348082166,15360.0
-20.546669006347656,-20.566490173339844,0.019819272682070732,0.0,96.04162053068755,15360.0
-20.554059982299805,-20.573637008666992,0.019571486860513687,0.0,79.16515124873541,15360.0
-20.590728759765625,-20.612993240356445,0.02226424589753151,0.0,106.67245776505624,15360.0
-20.781463623046875,-20.802919387817383,0.02145826444029808,0.0,84.90911841309033,15360.0
-20.63347625732422,-20.65444564819336,0.020974216982722282,0.0,107.75590640352387,15360.0
-20.66605567932129,-20.68782615661621,0.02176622673869133,0.0,106.81118919393828,15360.0
-20.472314834594727,-20.494970321655273,0.02266721799969673,0.0,98.03788101470356,15360.0
-20.273332595825195,-20.295536041259766,0.022205902263522148,0.0,130.8922052100025,15360.0
-20.544166564941406,-20.565717697143555,0.021551985293626785,0.0,88.96092680586611,15360.0
-20.52942657470703,-20.549564361572266,0.020140336826443672,0.0,86.57279708705693,15360.0
-20.41615104675293,-20.438810348510742,0.022659705951809883,0.0,147.1225821407843,15360.0
-20.53542137145996,-20.5599365234375,0.02452448010444641,0.0,132.81252428319195,15360.0
-20.588321685791016,-20.61577796936035,0.027451124042272568,0.0,82.55098201820894,15360.0
-20.151235580444336,-20.18174171447754,0.030509479343891144,0.0,187.97979094764034,15360.0
-20.388153076171875,-20.424537658691406,0.03638652339577675,0.0,142.35587332173287,15360.0
-20.57300567626953,-20.6131591796875,0.04015753045678139,0.0,103.74346729306215,15360.0
-20.262859344482422,-20.30628204345703,0.043422210961580276,0.0,156.1491648838749,15360.0
-20.728900909423828,-20.773569107055664,0.04467196762561798,0.0,59.9568272150351,15360.0
-19.976776123046875,-20.021337509155273,0.04456228017807007,0.0,177.0117036432765,15360.0
-20.448461532592773,-20.4871826171875,0.038724351674318314,0.0,125.36224276488443,15360.0
-20.277143478393555,-20.308475494384766,0.03133314102888107,0.0,135.11176545025012,15360.0
-19.98295021057129,-20.00882339477539,0.025873741135001183,0.0,196.72267120637704,15360.0
-20.509260177612305,-20.53652572631836,0.02726723439991474,0.0,118.1818630392682,15360.0
-20.386749267578125,-20.416032791137695,0.029280608519911766,0.0,150.287696058842,15360.0
-20.23841094970703,-20.266510009765625,0.028097335249185562,0.0,120.68417354776147,15360.0
-20.377193450927734,-20.3985538482666,0.0213590320199728,0.0,111.44706886889156,15360.0
-20.360857009887695,-20.37774658203125,0.016890807077288628,0.0,108.1941217354977,15360.0
-20.508838653564453,-20.528345108032227,0.01950804702937603,0.0,80.11379172827574,15360.0
-20.359495162963867,-20.38119125366211,0.021692384034395218,0.0,120.86745580385163,15360.0
-20.588539123535156,-20.608800888061523,0.020264293998479843,0.0,91.87139215861951,15360.0
-20.395166397094727,-20.41671371459961,0.021546540781855583,0.0,98.26286935574382,15360.0
-20.32887840270996,-20.34965705871582,0.020780416205525398,0.0,122.80236868461184,15360.0
-20.672401428222656,-20.689090728759766,0.016688019037246704,0.0,75.015229121325,15360.0
-20.42339324951172,-20.44414520263672,0.020756063982844353,0.0,101.09662867732295,15360.0
-20.396360397338867,-20.4193115234375,0.02294975332915783,0.0,104.61575722027449,15360.0
-20.41499900817871,-20.435821533203125,0.020825495943427086,0.0,89.69395497730676,15360.0
-20.398033142089844,-20.41903305053711,0.021006857976317406,0.0,108.91319061791182,15360.0
-20.627784729003906,-20.643592834472656,0.01580403372645378,0.0,80.00865853230657,15360.0
-20.34930419921875,-20.364246368408203,0.014939297921955585,0.0,124.29494496771319,15360.0
-20.50898551940918,-20.527812957763672,0.018827714025974274,0.0,75.31266439224524,15360.0
-20.53226661682129,-20.55341911315918,0.021149007603526115,0.0,78.98747285305618,15360.0
-20.616111755371094,-20.635400772094727,0.01930057629942894,0.0,107.71538217998831,15360.0
-20.615163803100586,-20.632795333862305,0.017636364325881004,0.0,66.9589281552188,15360.0
-20.648038864135742,-20.665924072265625,0.017886344343423843,0.0,81.38309181824181,15360.0
-20.54570960998535,-20.563167572021484,0.017457077279686928,0.0,87.82266482355207,15360.0
-20.637453079223633,-20.656240463256836,0.01878613978624344,0.0,58.25300820270537,15360.0
-20.54324722290039,-20.56155776977539,0.018315935507416725,0.0,69.22902059919583,15360.0
-20.669641494750977,-20.686033248901367,0.01638980768620968,0.0,84.92299480123425,15360.0
-20.585420608520508,-20.602094650268555,0.016676032915711403,0.0,70.40174838175932,15360.0
-20.581998825073242,-20.59864616394043,0.016647981479763985,0.0,97.73439182446766,15360.0
-20.65781593322754,-20.67491912841797,0.01710321754217148,0.0,98.03523790777072,15360.0
-20.55657958984375,-20.57646942138672,0.01989487186074257,0.0,87.69363435585724,15360.0
-20.61939811706543,-20.639808654785156,0.020411130040884018,0.0,63.666618738379974,15360.0
-20.827312469482422,-20.842527389526367,0.01521682646125555,0.0,47.856327206987274,15360.0
-20.760276794433594,-20.774295806884766,0.014019278809428215,0.0,55.60210645809108,15360.0
-20.65528678894043,-20.669940948486328,0.01465536653995514,0.0,63.650213214407884,15360.0
-20.72443389892578,-20.741275787353516,0.016841717064380646,0.0,86.62111128421867,15360.0
-20.651344299316406,-20.671419143676758,0.02007829025387764,0.0,58.8975062141137,15360.0
-20.57358169555664,-20.597095489501953,0.02351033128798008,0.0,133.14604529483032,15360.0
-20.6729793548584,-20.69679069519043,0.023816268891096115,0.0,80.32499401442318,15360.0
-20.61709213256836,-20.639808654785156,0.02271639183163643,0.0,91.2474947240704,15360.0
-20.522754669189453,-20.541419982910156,0.018668120726943016,0.0,99.86870445625817,15360.0
-20.63188362121582,-20.64786148071289,0.015978114679455757,0.0,104.03870522345049,15360.0
-20.61172866821289,-20.628190994262695,0.016460077837109566,0.0,101.49898337074974,15360.0
-20.664697647094727,-20.684234619140625,0.01953972317278385,0.0,112.26752903767499,15360.0
-20.6074161529541,-20.632572174072266,0.02515937201678753,0.0,87.34574728657674,15360.0
-20.466075897216797,-20.493398666381836,0.027314195409417152,0.0,131.8336763910649,15360.0
-20.55919075012207,-20.58662223815918,0.027438370510935783,0.0,89.11380405252437,15360.0
-20.702272415161133,-20.72844886779785,0.026180392131209373,0.0,81.77334711412982,15360.0
-20.640148162841797,-20.665424346923828,0.02527610771358013,0.0,102.0278952228699,15360.0
-20.488773345947266,-20.518136978149414,0.02935715951025486,0.0,111.8026965847136,15360.0
-20.330692291259766,-20.3619327545166,0.03123590536415577,0.0,121.56150881414837,15360.0
-20.562685012817383,-20.593076705932617,0.030393479391932487,0.0,115.618211925329,15360.0
-20.600189208984375,-20.62883758544922,0.028641512617468834,0.0,103.57508758558092,15360.0
-20.668479919433594,-20.691551208496094,0.023065896704792976,0.0,98.33717475627228,15360.0
-20.55794334411621,-20.57823371887207,0.02029181271791458,0.0,123.80302723270376,15360.0
-20.515453338623047,-20.533926010131836,0.018470151349902153,0.0,122.23100711724886,15360.0
-20.623775482177734,-20.64216423034668,0.018389126285910606,0.0,106.27588888606529,15360.0
-20.54912567138672,-20.568317413330078,0.019193977117538452,0.0,118.57467092166034,15360.0
-20.660968780517578,-20.679216384887695,0.018245216459035873,0.0,92.34311913762227,15360.0
-20.652122497558594,-20.670019149780273,0.017902610823512077,0.0,77.50019802652145,15360.0
-20.65416717529297,-20.672197341918945,0.018031811341643333,0.0,115.50211278350696,15360.0
-20.67642593383789,-20.69331932067871,0.016890786588191986,0.0,77.81544256971397,15360.0
-20.744754791259766,-20.76392364501953,0.019169989973306656,0.0,77.72931791934191,15360.0
-20.686798095703125,-20.704444885253906,0.01765126734972,0.0,83.83813910125802,15360.0
-20.805126190185547,-20.82028579711914,0.015164808370172977,0.0,57.60910950581125,15360.0
-20.62135124206543,-20.63693618774414,0.015593121759593487,0.0,99.26004705181123,15360.0
-20.585908889770508,-20.600675582885742,0.01476849615573883,0.0,97.07272344292888,15360.0
-20.872461318969727,-20.886842727661133,0.014382725581526756,0.0,47.9734282382248,15360.0
-20.644184112548828,-20.660531997680664,0.01634826324880123,0.0,100.381788925148,15360.0
-20.75748062133789,-20.77143669128418,0.013955534435808659,0.0,78.83227159206241,15360.0
-20.795499801635742,-20.8107852935791,0.015285183675587177,0.0,65.15996509961332,15360.0
-20.60236358642578,-20.620595932006836,0.018233006820082664,0.0,102.1816428631102,15360.0
-20.69032096862793,-20.706331253051758,0.016006872057914734,0.0,76.87105748092843,15360.0
-20.601253509521484,-20.61742401123047,0.01616813987493515,0.0,90.11815908475455,15360.0
-20.860322952270508,-20.878551483154297,0.018224209547042847,0.0,71.71730301852493,15360.0
-20.78798484802246,-20.805225372314453,0.017241280525922775,0.0,70.5588485916009,15360.0
-20.570417404174805,-20.586977005004883,0.01655716262757778,0.0,98.59046538011059,15360.0
-20.70220184326172,-20.71906280517578,0.01685706153512001,0.0,82.13276997671998,15360.0
-20.749250411987305,-20.765470504760742,0.01621648482978344,0.0,91.83202455243106,15360.0
-20.737592697143555,-20.75459098815918,0.016996795311570168,0.0,98.32388298971848,15360.0
-20.84033966064453,-20.858842849731445,0.018505096435546875,0.0,60.97076875225031,15360.0
-20.80066680908203,-20.821256637573242,0.020592542365193367,0.0,83.50720126824216,15360.0
-20.725608825683594,-20.74989128112793,0.024289267137646675,0.0,75.46413697286002,15360.0
-20.664196014404297,-20.689165115356445,0.024963589385151863,0.0,90.66396879371393,15360.0
-20.68458366394043,-20.710819244384766,0.026238182559609413,0.0,75.92443638438182,15360.0
-20.80782127380371,-20.83661460876465,0.028790052980184555,0.0,83.8924709091725,15360.0
-20.776033401489258,-20.80896759033203,0.03293371945619583,0.0,76.81478809044822,15360.0
-20.82125473022461,-20.860239028930664,0.03898339346051216,0.0,91.6502483065355,15360.0
-20.603363037109375,-20.65256690979004,0.049199264496564865,0.0,78.32662568407109,15360.0
-20.658958435058594,-20.71933937072754,0.06038607284426689,0.0,87.72504498516054,15360.0
-20.717613220214844,-20.77531623840332,0.057698383927345276,0.0,99.23200697814265,15360.0
-20.78252601623535,-20.829471588134766,0.04694322124123573,0.0,85.99794975321223,15360.0
-20.70279884338379,-20.73554229736328,0.03274448215961456,0.0,72.73068784646729,15360.0
-20.716461181640625,-20.740453720092773,0.023991260677576065,0.0,90.55495107008485,15360.0
-20.64471435546875,-20.665246963500977,0.020530838519334793,0.0,78.3305119627945,15360.0
-20.562108993530273,-20.590587615966797,0.028476985171437263,0.0,131.74798191527614,15360.0
-20.75849723815918,-20.79131317138672,0.03281092643737793,0.0,75.0109706087108,15360.0
-20.562440872192383,-20.590538024902344,0.02810097299516201,0.0,116.90758251255414,15360.0
-20.49927520751953,-20.518543243408203,0.019266460090875626,0.0,94.35783922180558,15360.0
-20.648923873901367,-20.664106369018555,0.015188432298600674,0.0,99.5578078196764,15360.0
-20.30176544189453,-20.32518196105957,0.02341577596962452,0.0,128.7543641238859,15360.0
-20.42375946044922,-20.45429229736328,0.03053494542837143,0.0,137.87103279108206,15360.0
-20.608888626098633,-20.635164260864258,0.026280434802174568,0.0,96.58876587848596,15360.0
-20.529016494750977,-20.5484561920166,0.01943771168589592,0.0,123.20908628772507,15360.0
-20.43721580505371,-20.456300735473633,0.019088000059127808,0.0,121.12748304391025,15360.0
-20.658872604370117,-20.677967071533203,0.019091015681624413,0.0,86.6298720830764,15360.0
-20.424776077270508,-20.446453094482422,0.021679753437638283,0.0,134.5057814092264,15360.0
-20.797088623046875,-20.819732666015625,0.02264167182147503,0.0,69.94415755974413,15360.0
-20.44745635986328,-20.466758728027344,0.019303034991025925,0.0,99.23368412304592,15360.0
-20.176856994628906,-20.19376564025879,0.01690787263214588,0.0,150.26978294877816,15360.0
-20.646528244018555,-20.664833068847656,0.01830052211880684,0.0,90.40592488844831,15360.0
-20.2066707611084,-20.224788665771484,0.01811537891626358,0.0,159.78243571824376,15360.0
-20.404844284057617,-20.422142028808594,0.017299799248576164,0.0,146.7833888093249,15360.0
-20.21559715270996,-20.23697280883789,0.021376337856054306,0.0,133.64030362716065,15360.0
-20.233116149902344,-20.256999969482422,0.023881535977125168,0.0,138.02515862965737,15360.0
-20.398895263671875,-20.42133140563965,0.022437887266278267,0.0,122.57437412579183,15360.0
-20.224382400512695,-20.2416934967041,0.017308542504906654,0.0,102.45389222092774,15360.0
-20.30013084411621,-20.318117141723633,0.01799132488667965,0.0,145.11538963437417,15360.0
-20.5454158782959,-20.56333351135254,0.017914367839694023,0.0,82.80888801763992,15360.0
-20.058603286743164,-20.075450897216797,0.01685365103185177,0.0,163.40226794170752,15360.0
-20.374784469604492,-20.393489837646484,0.01869824528694153,0.0,124.22186072711082,15360.0
-20.275989532470703,-20.297229766845703,0.021237311884760857,0.0,142.18332233271582,15360.0
-20.02770233154297,-20.047197341918945,0.01949520967900753,0.0,160.7537320720992,15360.0
-20.59333610534668,-20.608287811279297,0.014956267550587654,0.0,88.64198116549694,15360.0
-20.15850257873535,-20.175291061401367,0.016793370246887207,0.0,140.02516258855297,15360.0
-20.24681854248047,-20.26923942565918,0.02242717705667019,0.0,141.14386033959488,15360.0
-20.01980972290039,-20.046411514282227,0.026603175327181816,0.0,165.58288870633282,15360.0
-20.099830627441406,-20.1270694732666,0.02723882347345352,0.0,159.67067288053184,15360.0
-20.4073429107666,-20.42965316772461,0.022315315902233124,0.0,128.5347754006004,15360.0
-19.8353271484375,-19.85327911376953,0.017951922491192818,0.0,204.7806219154752,15360.0
-20.554401397705078,-20.5736083984375,0.01920655369758606,0.0,78.9611211845412,15360.0
-20.204153060913086,-20.224536895751953,0.020382791757583618,0.0,161.20728926941504,15360.0
-20.473529815673828,-20.496543884277344,0.02301020547747612,0.0,92.34011817585039,15360.0
-20.367380142211914,-20.389644622802734,0.02225991152226925,0.0,131.00967269053098,15360.0
-20.421960830688477,-20.442468643188477,0.020506883040070534,0.0,117.82339816236667,15360.0
-20.424678802490234,-20.440319061279297,0.015642570331692696,0.0,128.15590687589224,15360.0
-20.502958297729492,-20.517963409423828,0.015005739405751228,0.0,109.05620157289879,15360.0
-20.457721710205078,-20.476360321044922,0.018639031797647476,0.0,103.31220197039659,15360.0
-20.487253189086914,-20.503923416137695,0.016666393727064133,0.0,108.8589523502369,15360.0
-20.323486328125,-20.34203338623047,0.018549004569649696,0.0,114.17352283872002,15360.0
-20.364931106567383,-20.380525588989258,0.015594905242323875,0.0,126.43055184738286,15360.0
-20.502410888671875,-20.517438888549805,0.01503063179552555,0.0,98.58257902876734,15360.0
-20.278715133666992,-20.29617691040039,0.017463328316807747,0.0,147.09157412796526,15360.0
-20.704185485839844,-20.718900680541992,0.014721492305397987,0.0,94.6085419756963,15360.0
-20.38602638244629,-20.401769638061523,0.015741249546408653,0.0,127.28536300294961,15360.0
-20.47404670715332,-20.488121032714844,0.014070501551032066,0.0,121.40355833028202,15360.0
-20.54085350036621,-20.55522346496582,0.014363681897521019,0.0,116.40861269642159,15360.0
-20.432342529296875,-20.449188232421875,0.016841797158122063,0.0,124.45479596028785,15360.0
-20.612823486328125,-20.631439208984375,0.018619170412421227,0.0,89.87520749730261,15360.0
-20.38617515563965,-20.402372360229492,0.01619744673371315,0.0,94.61898365210685,15360.0
-20.394580841064453,-20.40831184387207,0.013733765110373497,0.0,108.35477255319304,15360.0
-20.542001724243164,-20.55936622619629,0.017366236075758934,0.0,103.60789314553274,15360.0
-20.496685028076172,-20.51421546936035,0.01753222942352295,0.0,88.97158903519957,15360.0
-20.383869171142578,-20.40114974975586,0.01728123053908348,0.0,160.6908296641903,15360.0
-20.25209617614746,-20.267732620239258,0.01563025452196598,0.0,150.60189091336446,15360.0
-20.64459800720215,-20.662172317504883,0.01757020317018032,0.0,80.34869149118293,15360.0
-20.19385528564453,-20.21065902709961,0.01680663414299488,0.0,149.76365854172155,15360.0
-20.362117767333984,-20.37620735168457,0.014091071672737598,0.0,111.16359056658351,15360.0
-20.371326446533203,-20.389577865600586,0.01825050078332424,0.0,105.9376623980253,15360.0
-20.54412078857422,-20.563289642333984,0.01917346939444542,0.0,102.9024374183097,15360.0
-20.608144760131836,-20.62578582763672,0.017643461003899574,0.0,86.33981579539532,15360.0
-20.690584182739258,-20.706804275512695,0.016215674579143524,0.0,90.41465610297783,15360.0
-20.59307861328125,-20.609615325927734,0.01653573103249073,0.0,106.77305064933331,15360.0
-20.693910598754883,-20.711578369140625,0.01767328940331936,0.0,74.954512178381,15360.0
-20.65087890625,-20.672168731689453,0.021291963756084442,0.0,73.15004051382384,15360.0
-20.675310134887695,-20.696531295776367,0.02121855691075325,0.0,75.61638372203763,15360.0
-20.614166259765625,-20.630556106567383,0.016386765986680984,0.0,78.49505088544223,15360.0
-20.461496353149414,-20.477100372314453,0.015599005855619907,0.0,94.8047844979133,15360.0
-20.702980041503906,-20.718482971191406,0.015501038171350956,0.0,73.04423677935152,15360.0
-20.62846565246582,-20.646907806396484,0.018442878499627113,0.0,106.45200516529447,15360.0
-20.12095832824707,-20.14237403869629,0.021420810371637344,0.0,106.5974276074183,15360.0
-20.513639450073242,-20.533231735229492,0.019594695419073105,0.0,104.85641000150125,15360.0
-20.4086856842041,-20.423513412475586,0.01482552569359541,0.0,92.5792698769874,15360.0
-20.306541442871094,-20.32111930847168,0.01458787452429533,0.0,125.90182086361628,15360.0
-20.43235206604004,-20.445316314697266,0.01296339649707079,0.0,61.674844778083596,15360.0
-20.25652503967285,-20.271995544433594,0.015471586026251316,0.0,151.69588326839013,15360.0
-19.98493003845215,-20.00194549560547,0.01701730489730835,0.0,106.864720760795,15360.0
-19.432373046875,-19.451141357421875,0.018759001046419144,0.0,98.57549985763787,15360.0
-20.438480377197266,-20.458974838256836,0.020496748387813568,0.0,89.32104409041162,15360.0
-20.339941024780273,-20.357086181640625,0.017141610383987427,0.0,146.9930637217059,15360.0
-20.337862014770508,-20.355064392089844,0.017200622707605362,0.0,89.14579669013506,15360.0
-20.151447296142578,-20.17028045654297,0.018832873553037643,0.0,152.25505510318132,15360.0
-19.86227798461914,-19.882774353027344,0.020491523668169975,0.0,115.56314657517942,15360.0
-20.276145935058594,-20.293306350708008,0.01715243048965931,0.0,108.56910902993185,15360.0
-20.332555770874023,-20.345930099487305,0.013368590734899044,0.0,86.08763226989448,15360.0
-20.370464324951172,-20.388368606567383,0.0179061908274889,0.0,91.88416970130434,15360.0
-20.204294204711914,-20.22383689880371,0.019544759765267372,0.0,99.4881611522239,15360.0
-19.625925064086914,-19.644418716430664,0.018494518473744392,0.0,148.33425181082228,15360.0
-20.123258590698242,-20.14157485961914,0.018315831199288368,0.0,143.76103932831634,15360.0
-20.254919052124023,-20.275264739990234,0.020347582176327705,0.0,121.73373353297937,15360.0
-19.753238677978516,-19.766765594482422,0.013521905057132244,0.0,160.32327551252735,15360.0
-20.064130783081055,-20.080158233642578,0.01602449081838131,0.0,141.8132631900878,15360.0
-20.27420997619629,-20.294645309448242,0.02043268457055092,0.0,95.15359440778093,15360.0
-20.157238006591797,-20.17894172668457,0.021703820675611496,0.0,118.0261602337351,15360.0
-19.798938751220703,-19.819766998291016,0.020832302048802376,0.0,99.86589254490124,15360.0
-19.909156799316406,-19.928865432739258,0.019709257408976555,0.0,139.5186327364973,15360.0
-20.365999221801758,-20.380834579467773,0.014832005836069584,0.0,86.5185027736503,15360.0
-20.021669387817383,-20.037199020385742,0.015535812824964523,0.0,152.1405385966877,15360.0
-20.24803924560547,-20.266691207885742,0.018651945516467094,0.0,118.23213045144239,15360.0
-20.27324676513672,-20.292091369628906,0.018843261525034904,0.0,138.01150770885747,15360.0
-20.324138641357422,-20.340587615966797,0.01644633524119854,0.0,118.95171664674088,15360.0
-20.188745498657227,-20.208045959472656,0.019299060106277466,0.0,125.00463020968913,15360.0
-19.786134719848633,-19.803457260131836,0.017318828031420708,0.0,125.33095962812148,15360.0
-20.20380973815918,-20.219013214111328,0.01520085334777832,0.0,114.87155040283244,15360.0
-20.147260665893555,-20.165149688720703,0.017890026792883873,0.0,109.12794108352948,15360.0
-20.21245574951172,-20.229625701904297,0.017170870676636696,0.0,116.59576694329515,15360.0
-20.277259826660156,-20.2947940826416,0.017535218968987465,0.0,106.19375884303771,15360.0
-20.26648712158203,-20.283475875854492,0.016995621845126152,0.0,98.85684032967012,15360.0
-20.218114852905273,-20.233049392700195,0.014938530512154102,0.0,102.58591945577771,15360.0
-20.449260711669922,-20.46293830871582,0.013676274567842484,0.0,75.98229187505365,15360.0
-20.28943634033203,-20.30410385131836,0.014669923111796379,0.0,109.40265246806398,15360.0
-20.527429580688477,-20.542844772338867,0.015412836335599422,0.0,64.42295365814331,15360.0
-20.409564971923828,-20.42333984375,0.013778695836663246,0.0,76.38035284156564,15360.0
-20.568418502807617,-20.580656051635742,0.01223987340927124,0.0,78.06760190291509,15360.0
-20.61305809020996,-20.62645149230957,0.013393407687544823,0.0,79.3324466571008,15360.0
-20.41373634338379,-20.426897048950195,0.013163238763809204,0.0,82.65587342258534,15360.0
-20.489765167236328,-20.50332260131836,0.01355738565325737,0.0,75.39644000889231,15360.0
-20.64126968383789,-20.65517807006836,0.01390332542359829,0.0,70.192120895217,15360.0
-20.531496047973633,-20.545625686645508,0.014131754636764526,0.0,86.3236432950732,15360.0
-20.654998779296875,-20.66939926147461,0.01440463773906231,0.0,50.811857271445184,15360.0
-20.597627639770508,-20.61113166809082,0.013500439003109932,0.0,74.80126911266191,15360.0
-20.527301788330078,-20.542022705078125,0.014717483893036842,0.0,75.61898162509823,15360.0
-20.679109573364258,-20.693082809448242,0.013971387408673763,0.0,85.6968690245104,15360.0
-20.546775817871094,-20.560260772705078,0.013489995151758194,0.0,75.69951280001766,15360.0
-20.537729263305664,-20.552520751953125,0.014791329391300678,0.0,87.37370665441074,15360.0
-20.664350509643555,-20.677513122558594,0.013159345835447311,0.0,80.9798166764303,15360.0
-20.77089500427246,-20.78374481201172,0.012846273370087147,0.0,71.58600484420413,15360.0
-20.71514320373535,-20.727985382080078,0.012842117808759212,0.0,82.80307480607014,15360.0
-20.68358039855957,-20.69733428955078,0.013752252794802189,0.0,52.99526230336758,15360.0
-20.823427200317383,-20.83792495727539,0.014496206305921078,0.0,56.217944103204125,15360.0
-20.625722885131836,-20.641279220581055,0.015567507594823837,0.0,70.65610314208162,15360.0
-20.700876235961914,-20.71744728088379,0.016569815576076508,0.0,71.01717291445354,15360.0
-20.725452423095703,-20.741472244262695,0.016019422560930252,0.0,80.65618158732411,15360.0
-20.673870086669922,-20.687715530395508,0.013849194161593914,0.0,84.51204627278535,15360.0
-20.709728240966797,-20.72265625,0.012922974303364754,0.0,91.5697314130282,15360.0
-20.809019088745117,-20.82138442993164,0.012369435280561447,0.0,55.98720375356017,15360.0
-20.4342098236084,-20.447208404541016,0.012999659404158592,0.0,93.00142808444505,15360.0
-20.796621322631836,-20.80874252319336,0.012120290659368038,0.0,66.1325746674625,15360.0
-20.590909957885742,-20.60404396057129,0.01313077099621296,0.0,106.28587701377087,15360.0
-20.80670928955078,-20.822490692138672,0.015774386003613472,0.0,85.8771863404485,15360.0
-20.66941261291504,-20.687345504760742,0.01793634332716465,0.0,110.66106193308754,15360.0
-20.81582260131836,-20.83495330810547,0.019130118191242218,0.0,66.19566642545747,15360.0
-20.730417251586914,-20.749834060668945,0.01941448263823986,0.0,107.70569733289184,15360.0
-20.77738380432129,-20.799365997314453,0.02198437973856926,0.0,71.15978825518056,15360.0
-20.589426040649414,-20.61077308654785,0.021349577233195305,0.0,90.4085523509603,15360.0
-20.75376319885254,-20.773584365844727,0.019825240597128868,0.0,73.72120761477082,15360.0
-20.814075469970703,-20.831937789916992,0.01785869151353836,0.0,93.9243444836584,15360.0
-20.793941497802734,-20.811742782592773,0.017803601920604706,0.0,92.30638226326808,15360.0
-20.870519638061523,-20.889528274536133,0.019003991037607193,0.0,69.87677409745028,15360.0
-20.635316848754883,-20.65801239013672,0.022699452936649323,0.0,114.15283626581076,15360.0
-20.853147506713867,-20.879968643188477,0.02683330699801445,0.0,85.11469263585349,15360.0
-20.744836807250977,-20.776927947998047,0.03208102658390999,0.0,110.02901286103506,15360.0
-20.597135543823242,-20.632139205932617,0.0350036658346653,0.0,80.68992578252335,15360.0
-20.851768493652344,-20.88985824584961,0.03808853402733803,0.0,72.04051656698512,15360.0
-20.747020721435547,-20.787952423095703,0.04092734679579735,0.0,80.12190598842756,15360.0
-20.815004348754883,-20.86399269104004,0.04899001866579056,0.0,79.53318285100333,15360.0
-20.888477325439453,-20.946319580078125,0.05784577503800392,0.0,64.6489402765799,15360.0
-20.819034576416016,-20.893104553222656,0.07406976073980331,0.0,93.76356377556465,15360.0
-20.822431564331055,-20.909549713134766,0.08711710572242737,0.0,84.96699663910671,15360.0
-20.77982521057129,-20.855302810668945,0.07547774910926819,0.0,91.67697851441677,15360.0
-20.89574432373047,-20.941802978515625,0.04606416076421738,0.0,68.46159566768524,15360.0
-20.9167423248291,-20.94036293029785,0.023615725338459015,0.0,76.81673208385234,15360.0
-20.872417449951172,-20.898588180541992,0.0261674951761961,0.0,73.4393701050283,15360.0
-20.868144989013672,-20.909027099609375,0.04088806360960007,0.0,79.19583673758838,15360.0
-20.92066192626953,-20.963584899902344,0.04292522370815277,0.0,85.36079355288287,15360.0
-20.889423370361328,-20.92129135131836,0.03186849504709244,0.0,62.43614431097486,15360.0
-20.800382614135742,-20.820932388305664,0.02055109664797783,0.0,93.14915904843208,15360.0
-20.926708221435547,-20.948333740234375,0.021623237058520317,0.0,70.39798288020391,15360.0
-20.866230010986328,-20.900203704833984,0.033970966935157776,0.0,69.79048913069508,15360.0
-20.87953758239746,-20.920656204223633,0.041114188730716705,0.0,88.94279083652278,15360.0
-20.959306716918945,-20.988298416137695,0.028989555314183235,0.0,64.80160308672843,15360.0
-20.80625343322754,-20.821632385253906,0.015378723852336407,0.0,81.12682544715459,15360.0
-21.02302360534668,-21.043643951416016,0.020622175186872482,0.0,57.33542278799788,15360.0
-20.576988220214844,-20.61043930053711,0.03345423564314842,0.0,85.19341195422719,15360.0
-20.569183349609375,-20.613487243652344,0.0443074107170105,0.0,141.09049283980124,15360.0
-20.77958106994629,-20.822961807250977,0.04338012635707855,0.0,113.44282412448125,15360.0
-20.5136661529541,-20.54067039489746,0.026998894289135933,0.0,151.72982465711632,15360.0
-20.626375198364258,-20.649322509765625,0.02294725738465786,0.0,99.39131095227648,15360.0
-20.70844268798828,-20.73661994934082,0.028171701356768608,0.0,114.54325741621295,15360.0
-20.526222229003906,-20.547935485839844,0.021711168810725212,0.0,116.96250407357827,15360.0
-20.66655731201172,-20.686006546020508,0.01944861374795437,0.0,125.80496699224341,15360.0
-20.693689346313477,-20.71709632873535,0.023408353328704834,0.0,116.27233670133205,15360.0
-20.3929443359375,-20.420093536376953,0.02714703604578972,0.0,136.84983315279032,15360.0
-20.7159481048584,-20.73834991455078,0.02239949069917202,0.0,103.12403342351621,15360.0
-20.68724250793457,-20.70677375793457,0.019532902166247368,0.0,114.20901094040028,15360.0
-20.77157211303711,-20.79315948486328,0.021584145724773407,0.0,100.29916008756568,15360.0
-20.537118911743164,-20.56581687927246,0.028701595962047577,0.0,107.64231958003192,15360.0
-20.82961082458496,-20.860559463500977,0.030947735533118248,0.0,64.55365519349243,15360.0
-20.66283416748047,-20.68689727783203,0.024059245362877846,0.0,98.45020350466311,15360.0
-20.850069046020508,-20.869083404541016,0.019014233723282814,0.0,70.74101234152167,15360.0
-20.674114227294922,-20.693574905395508,0.019457263872027397,0.0,95.93142537273903,15360.0
-20.79418182373047,-20.81460952758789,0.020433971658349037,0.0,87.6879615962989,15360.0
-20.652448654174805,-20.67940902709961,0.02695634961128235,0.0,98.20101755774846,15360.0
-20.765886306762695,-20.800947189331055,0.03505713865160942,0.0,99.7161044649906,15360.0
-20.734668731689453,-20.765331268310547,0.03066779486835003,0.0,80.8748786175237,15360.0
-20.695247650146484,-20.709524154663086,0.014279903843998909,0.0,106.16625924914295,15360.0
-20.819639205932617,-20.841127395629883,0.021490411832928658,0.0,75.61866559530854,15360.0
-20.744565963745117,-20.779603958129883,0.035035114735364914,0.0,111.43103023510896,15360.0
-20.74791717529297,-20.779497146606445,0.03157561272382736,0.0,78.59963509240336,15360.0
-20.840036392211914,-20.863399505615234,0.02335732989013195,0.0,100.65224313230622,15360.0
-20.958913803100586,-20.97932243347168,0.020412500947713852,0.0,76.00283077452076,15360.0
-20.783206939697266,-20.805866241455078,0.022657381370663643,0.0,105.53488997315142,15360.0
-20.821582794189453,-20.847673416137695,0.026086749508976936,0.0,81.42135461049331,15360.0
-20.910839080810547,-20.937406539916992,0.02656475268304348,0.0,92.93488667542633,15360.0
-20.929752349853516,-20.951129913330078,0.02137638069689274,0.0,55.09579689508841,15360.0
-20.78609848022461,-20.80211639404297,0.016017399728298187,0.0,91.1250871616019,15360.0
-20.92057991027832,-20.934885025024414,0.014303854666650295,0.0,81.09041128052425,15360.0
-20.80944061279297,-20.826988220214844,0.01754976622760296,0.0,103.80679505317002,15360.0
-20.85761833190918,-20.878135681152344,0.02051430195569992,0.0,97.8095234328903,15360.0
-20.8414363861084,-20.859188079833984,0.01775277592241764,0.0,99.01433282970633,15360.0
-20.908824920654297,-20.921125411987305,0.012297420762479305,0.0,79.98435184914112,15360.0
-20.97686004638672,-20.992258071899414,0.015400470234453678,0.0,73.81762490870582,15360.0
-20.773900985717773,-20.79300880432129,0.019111646339297295,0.0,92.4278658155685,15360.0
-20.863407135009766,-20.881593704223633,0.01818670704960823,0.0,87.07800084550718,15360.0
-20.84981346130371,-20.861459732055664,0.011649970896542072,0.0,85.04281870004282,15360.0
-20.791362762451172,-20.805042266845703,0.013677083887159824,0.0,95.28310717949381,15360.0
-20.93662452697754,-20.957292556762695,0.020666422322392464,0.0,86.0450578932707,15360.0
-20.87567710876465,-20.899595260620117,0.02391631528735161,0.0,89.93416839039378,15360.0
-20.974781036376953,-20.991825103759766,0.01704062893986702,0.0,85.84293160843991,15360.0
-20.98602867126465,-20.997575759887695,0.011541847139596939,0.0,63.04781680925751,15360.0
-20.94044303894043,-20.953697204589844,0.013254914432764053,0.0,85.10515473235253,15360.0
-21.008831024169922,-21.023908615112305,0.015079213306307793,0.0,72.63492788179575,15360.0
-20.89566421508789,-20.91020965576172,0.014552069827914238,0.0,96.27627085981432,15360.0
-20.98279571533203,-20.997081756591797,0.014287359081208706,0.0,66.78561232261686,15360.0
-20.7293701171875,-20.74589729309082,0.016527023166418076,0.0,135.46952805881972,15360.0
-20.729963302612305,-20.746217727661133,0.016251713037490845,0.0,122.11216400743486,15360.0
-20.90232276916504,-20.91535758972168,0.013029396533966064,0.0,97.12036214811296,15360.0
-20.97926139831543,-20.989957809448242,0.010693490505218506,0.0,78.53685056858406,15360.0
-20.8553466796875,-20.867956161499023,0.012605731375515461,0.0,100.29809339571162,15360.0
-20.97060775756836,-20.98447608947754,0.013872398063540459,0.0,91.10310117320675,15360.0
-20.785179138183594,-20.79898452758789,0.013809850439429283,0.0,106.4912509044526,15360.0
-20.838319778442383,-20.853113174438477,0.014791340567171574,0.0,104.41762952427928,15360.0
-20.899343490600586,-20.914949417114258,0.015603567473590374,0.0,106.11648272742683,15360.0
-21.010223388671875,-21.023292541503906,0.013068738393485546,0.0,71.04924916103683,15360.0
-20.846338272094727,-20.85797691345215,0.011641878634691238,0.0,125.57304953763057,15360.0
-20.941957473754883,-20.95556640625,0.01360387820750475,0.0,75.91894130262874,15360.0
-20.784812927246094,-20.798078536987305,0.013272779993712902,0.0,111.10159086933761,15360.0
-20.7823486328125,-20.796649932861328,0.014294098131358624,0.0,99.16787237051797,15360.0
-20.894054412841797,-20.908403396606445,0.01434900239109993,0.0,97.76389178235742,15360.0
-20.740806579589844,-20.756126403808594,0.015320285223424435,0.0,123.10423478206086,15360.0
-20.847225189208984,-20.862720489501953,0.015497418120503426,0.0,98.67484604490942,15360.0
-20.744325637817383,-20.76069450378418,0.016368916258215904,0.0,106.25176779667403,15360.0
-20.84131622314453,-20.85679054260254,0.015476880595088005,0.0,94.39920826295774,15360.0
-20.650732040405273,-20.66295623779297,0.01222397480159998,0.0,80.62858850943859,15360.0
-20.828369140625,-20.841886520385742,0.013518601655960083,0.0,73.13605237612086,15360.0
-20.908527374267578,-20.922189712524414,0.013661864213645458,0.0,82.92950124506397,15360.0
-20.885698318481445,-20.898630142211914,0.012930778786540031,0.0,83.68786310121158,15360.0
-20.76114845275879,-20.77520179748535,0.014056939631700516,0.0,78.7727123617333,15360.0
-20.97109031677246,-20.982988357543945,0.011897610500454903,0.0,73.54523979599813,15360.0
-20.91967010498047,-20.932031631469727,0.012361512519419193,0.0,78.51222462525315,15360.0
-20.934907913208008,-20.946746826171875,0.011838076636195183,0.0,80.26048745626237,15360.0
-20.701066970825195,-20.71299171447754,0.01192802656441927,0.0,106.89421512564005,15360.0
-20.991058349609375,-21.00368881225586,0.012627098709344864,0.0,76.47824904050384,15360.0
-20.81706428527832,-20.8301944732666,0.013133388012647629,0.0,114.40073952958168,15360.0
-20.935100555419922,-20.946683883666992,0.011593393050134182,0.0,85.23427933519095,15360.0
-20.864543914794922,-20.877716064453125,0.013177941553294659,0.0,99.36800346538847,15360.0
-20.821901321411133,-20.8339786529541,0.012084109708666801,0.0,76.73001998025138,15360.0
-20.971782684326172,-20.983726501464844,0.011941717006266117,0.0,63.3835929939916,15360.0
-20.7215576171875,-20.733497619628906,0.011944575235247612,0.0,81.44611672998795,15360.0
-20.671730041503906,-20.684154510498047,0.012420380488038063,0.0,111.12036866552164,15360.0
-20.862356185913086,-20.8746280670166,0.012270648032426834,0.0,91.52861709075512,15360.0
-20.928651809692383,-20.94367027282715,0.015021144412457943,0.0,96.72794868928075,15360.0
-20.722389221191406,-20.73883628845215,0.0164492204785347,0.0,104.8385617899901,15360.0
-20.893110275268555,-20.909008026123047,0.015890425071120262,0.0,82.60850292269546,15360.0
-20.76817512512207,-20.78298568725586,0.014814390800893307,0.0,98.06433812317513,15360.0
-20.86709976196289,-20.878286361694336,0.011186524294316769,0.0,94.4683965077015,15360.0
-20.902690887451172,-20.913738250732422,0.011049643158912659,0.0,63.57780372294542,15360.0
-20.77914810180664,-20.7901554107666,0.011006883345544338,0.0,84.66042291981212,15360.0
-21.006092071533203,-21.017927169799805,0.011832524091005325,0.0,77.07932998931385,15360.0
-20.771493911743164,-20.784114837646484,0.012617778033018112,0.0,98.6940971189118,15360.0
-20.984119415283203,-20.998262405395508,0.014139479957520962,0.0,101.94051544513164,15360.0
-20.75689697265625,-20.770219802856445,0.013320039957761765,0.0,108.24227993687525,15360.0
-20.877094268798828,-20.88991928100586,0.01282177772372961,0.0,120.96261279592282,15360.0
-20.9146728515625,-20.92884635925293,0.014175763353705406,0.0,75.8903299880819,15360.0
-20.60544204711914,-20.61919593811035,0.01375045720487833,0.0,142.27600210533572,15360.0
-21.003812789916992,-21.018598556518555,0.014791736379265785,0.0,72.43886745218505,15360.0
-20.79625701904297,-20.810546875,0.014288868755102158,0.0,104.54631513971957,15360.0
-20.463035583496094,-20.47736167907715,0.014323730021715164,0.0,117.40884449206061,15360.0
-20.91095542907715,-20.92450714111328,0.013551535084843636,0.0,48.4512779688827,15360.0
-20.751861572265625,-20.765979766845703,0.014117410406470299,0.0,104.28384519094128,15360.0
-20.93511199951172,-20.94936180114746,0.01424664817750454,0.0,62.761599421156546,15360.0
-20.836469650268555,-20.851472854614258,0.01500674057751894,0.0,96.31138218611422,15360.0
-20.894847869873047,-20.91224479675293,0.017400246113538742,0.0,85.27040380674981,15360.0
-20.931997299194336,-20.948862075805664,0.01686670072376728,0.0,67.94687314522596,15360.0
-20.78205680847168,-20.797502517700195,0.015446932055056095,0.0,96.82370223704713,15360.0
-20.94259262084961,-20.95612144470215,0.013530050404369831,0.0,48.94279309791684,15360.0
-20.86653709411621,-20.877683639526367,0.011153102852404118,0.0,85.50123177400192,15360.0
-21.00484275817871,-21.016326904296875,0.0114841777831316,0.0,62.98560441833722,15360.0
-21.05072593688965,-21.066545486450195,0.015822704881429672,0.0,77.38498122543946,15360.0
-20.960092544555664,-20.978242874145508,0.018147919327020645,0.0,61.30734059353465,15360.0
-20.99416732788086,-21.018754959106445,0.024588298052549362,0.0,73.90015867259915,15360.0
-20.944416046142578,-20.972497940063477,0.028088301420211792,0.0,53.55389553404276,15360.0
-20.91081428527832,-20.935400009155273,0.024585047736763954,0.0,77.53973177486282,15360.0
-20.9689998626709,-20.98613166809082,0.01713809370994568,0.0,64.07129925524936,15360.0
-21.0389404296875,-21.052501678466797,0.013563558459281921,0.0,72.72852395577549,15360.0
-20.939544677734375,-20.95526123046875,0.01571638137102127,0.0,63.52827763777143,15360.0
-20.848711013793945,-20.867645263671875,0.018928658217191696,0.0,93.32228589170867,15360.0
-20.97823143005371,-21.002872467041016,0.024638770148158073,0.0,59.56385504571117,15360.0
-20.963171005249023,-20.991191864013672,0.028017845004796982,0.0,87.84860612036626,15360.0
-20.90668487548828,-20.933279037475586,0.02658628299832344,0.0,71.1152941277566,15360.0
-20.97808837890625,-21.00071144104004,0.022627562284469604,0.0,71.47277734413227,15360.0
-20.994586944580078,-21.011756896972656,0.017170360311865807,0.0,66.79355650484939,15360.0
-21.049360275268555,-21.064571380615234,0.015211271122097969,0.0,73.86983616991334,15360.0
-20.94800567626953,-20.96693229675293,0.0189232025295496,0.0,83.69898655980548,15360.0
-21.11721420288086,-21.14104461669922,0.023834696039557457,0.0,62.192444748857135,15360.0
-21.004459381103516,-21.03082847595215,0.026369068771600723,0.0,79.95428756338619,15360.0
-20.984766006469727,-21.010026931762695,0.02526046708226204,0.0,86.89413588307535,15360.0
-21.028400421142578,-21.04848861694336,0.020088179036974907,0.0,62.220496045130616,15360.0
-20.875280380249023,-20.89101219177246,0.015728270635008812,0.0,99.01071728890366,15360.0
-21.031644821166992,-21.047508239746094,0.015862541273236275,0.0,64.10061132709106,15360.0
-21.07537078857422,-21.096782684326172,0.02141798846423626,0.0,72.3801240199174,15360.0
-21.04213523864746,-21.065980911254883,0.02384764328598976,0.0,88.5898166099552,15360.0
-21.13355255126953,-21.15464973449707,0.02109370194375515,0.0,56.7541188967371,15360.0
-20.988080978393555,-21.006656646728516,0.018578389659523964,0.0,102.1887584029902,15360.0
-21.100698471069336,-21.115726470947266,0.015025186352431774,0.0,73.8003442694165,15360.0
-21.05692481994629,-21.070005416870117,0.013081672601401806,0.0,68.38967110565282,15360.0
-21.051658630371094,-21.0621395111084,0.010483862832188606,0.0,74.93522896709538,15360.0
-20.96070671081543,-20.971853256225586,0.011135412380099297,0.0,66.53064208551221,15360.0
-21.149559020996094,-21.163257598876953,0.013691588304936886,0.0,58.502174758573695,15360.0
-21.05678939819336,-21.07308006286621,0.01629812829196453,0.0,54.60452376366854,15360.0
-20.87783432006836,-20.896129608154297,0.018302736803889275,0.0,98.73876483550829,15360.0
-20.94175148010254,-20.960969924926758,0.01921599544584751,0.0,113.3478273745017,15360.0
-20.939863204956055,-20.959989547729492,0.020121457055211067,0.0,63.31698251091451,15360.0
-21.074121475219727,-21.09397315979004,0.019859980791807175,0.0,71.81828768540362,15360.0
-21.040904998779297,-21.06083106994629,0.01992657221853733,0.0,74.71133881329635,15360.0
-21.071317672729492,-21.09608268737793,0.02477344684302807,0.0,54.95237058144774,15360.0
-21.04973602294922,-21.08420753479004,0.034472979605197906,0.0,75.4982229532732,15360.0
-20.947113037109375,-20.991710662841797,0.04459885135293007,0.0,80.84308937547705,15360.0
-21.0830020904541,-21.13862419128418,0.05561860278248787,0.0,48.70037228485045,15360.0
-20.998994827270508,-21.06134796142578,0.062351301312446594,0.0,77.17630499980805,15360.0
-20.990598678588867,-21.05967140197754,0.0690709576010704,0.0,79.66398564333313,15360.0
-20.92458152770996,-20.99742889404297,0.07284409552812576,0.0,83.70570056513365,15360.0
-20.81443214416504,-20.889734268188477,0.0753055289387703,0.0,107.08671554912199,15360.0
-21.016664505004883,-21.102680206298828,0.08602219074964523,0.0,69.5183795729938,15360.0
-20.86221694946289,-20.953950881958008,0.09173675626516342,0.0,107.60039285217132,15360.0
-20.746179580688477,-20.83310317993164,0.08692613989114761,0.0,129.2784826873402,15360.0
-21.006216049194336,-21.06330680847168,0.05709713324904442,0.0,77.35143683768112,15360.0
-20.73261833190918,-20.758821487426758,0.026207569986581802,0.0,132.60063004597288,15360.0
-20.821043014526367,-20.84172248840332,0.020678581669926643,0.0,115.118894338708,15360.0
-20.845781326293945,-20.885833740234375,0.04005524888634682,0.0,113.75640666889949,15360.0
-20.867067337036133,-20.925195693969727,0.05813221260905266,0.0,101.98909271187308,15360.0
-20.822893142700195,-20.87152862548828,0.04863562434911728,0.0,123.2200439181779,15360.0
-20.767765045166016,-20.795135498046875,0.02736695297062397,0.0,118.63385574198713,15360.0
-20.906301498413086,-20.926494598388672,0.020192857831716537,0.0,84.70992193404075,15360.0
-20.93292999267578,-20.962146759033203,0.029220905154943466,0.0,107.33908174632643,15360.0
-20.936365127563477,-20.974061965942383,0.037702661007642746,0.0,68.72277566021974,15360.0
-20.586647033691406,-20.616952896118164,0.030309060588479042,0.0,136.4338075223323,15360.0
-20.91692543029785,-20.936290740966797,0.019373655319213867,0.0,97.5941092807947,15360.0
-20.750089645385742,-20.772315979003906,0.022231081500649452,0.0,98.07494063392403,15360.0
-20.67987632751465,-20.6991024017334,0.019229132682085037,0.0,143.21838197477302,15360.0
-20.94596290588379,-20.96886444091797,0.02289385162293911,0.0,85.2952845619706,15360.0
-20.655073165893555,-20.679426193237305,0.02435198985040188,0.0,145.93531765653572,15360.0
-20.858121871948242,-20.878175735473633,0.020052606239914894,0.0,85.66024630521947,15360.0
-20.819169998168945,-20.838336944580078,0.01916799135506153,0.0,96.34539786159355,15360.0
-20.792150497436523,-20.811826705932617,0.019675863906741142,0.0,98.06556433785127,15360.0
-20.846250534057617,-20.86124038696289,0.01499447412788868,0.0,81.44968713273927,15360.0
-20.667285919189453,-20.688173294067383,0.020886464044451714,0.0,125.17025923431731,15360.0
-20.807703018188477,-20.826181411743164,0.018480513244867325,0.0,96.03998542289105,15360.0
-20.41222381591797,-20.42585563659668,0.013634593226015568,0.0,154.53830234757737,15360.0
-20.560741424560547,-20.577178955078125,0.016432596370577812,0.0,146.09326726477104,15360.0
-20.626317977905273,-20.64201545715332,0.015699835494160652,0.0,124.86223053823271,15360.0
-20.606904983520508,-20.62074851989746,0.013841906562447548,0.0,120.53230036753176,15360.0
-20.61146354675293,-20.62676239013672,0.015303181484341621,0.0,136.68459805154774,15360.0
-20.77300453186035,-20.787391662597656,0.01438992004841566,0.0,99.67863667817682,15360.0
-20.637788772583008,-20.65167808532715,0.013889430090785027,0.0,129.79914147091046,15360.0
-20.809858322143555,-20.82509422302246,0.01523587480187416,0.0,91.30574813361007,15360.0
-20.741432189941406,-20.75542449951172,0.013993397355079651,0.0,98.2839791216027,15360.0
-20.70876693725586,-20.720645904541016,0.01187936682254076,0.0,121.71118218240186,15360.0
-20.776357650756836,-20.792217254638672,0.015863243490457535,0.0,63.4129597938392,15360.0
-20.702890396118164,-20.718738555908203,0.01584935188293457,0.0,128.01444801477504,15360.0
-20.901838302612305,-20.913129806518555,0.011291730217635632,0.0,84.17893808536223,15360.0
-20.634416580200195,-20.650291442871094,0.01587008312344551,0.0,109.25114388498164,15360.0
-20.65474510192871,-20.667774200439453,0.013026954606175423,0.0,116.76941214199708,15360.0
-20.778867721557617,-20.79259490966797,0.013724845834076405,0.0,120.46306965125581,15360.0
-20.910024642944336,-20.92402458190918,0.014001364819705486,0.0,93.22656987110788,15360.0
-20.777250289916992,-20.79071044921875,0.013458647765219212,0.0,110.58819958746531,15360.0
-20.97168731689453,-20.98475456237793,0.013069345615804195,0.0,57.425587765054054,15360.0
-20.829477310180664,-20.84267234802246,0.013196112588047981,0.0,119.34082615762941,15360.0
-20.708927154541016,-20.72297477722168,0.014052043668925762,0.0,123.18698870602753,15360.0
-20.968284606933594,-20.982013702392578,0.013734978623688221,0.0,60.20605022944909,15360.0
-20.926416397094727,-20.93999481201172,0.013580474071204662,0.0,71.40031241873886,15360.0
-20.643171310424805,-20.6539249420166,0.010752073489129543,0.0,98.86979077341495,15360.0
-20.858814239501953,-20.87193489074707,0.013125770725309849,0.0,97.95923576599593,15360.0
-20.6700382232666,-20.683380126953125,0.01333653088659048,0.0,101.32294330093562,15360.0
-20.87236213684082,-20.88453483581543,0.012173473834991455,0.0,102.55393551468632,15360.0
-20.71100616455078,-20.724334716796875,0.013329168781638145,0.0,99.13310930183393,15360.0
-20.597719192504883,-20.60985565185547,0.012137400917708874,0.0,110.46651228466912,15360.0
-20.406951904296875,-20.41963768005371,0.012682974338531494,0.0,161.20868318931986,15360.0
-20.173885345458984,-20.187448501586914,0.013566255569458008,0.0,194.4003538774607,15360.0
-20.71385383605957,-20.72840118408203,0.014548883773386478,0.0,97.3660539888415,15360.0
-20.352149963378906,-20.365808486938477,0.013654311187565327,0.0,182.55747913809145,15360.0
-20.675024032592773,-20.68988800048828,0.014862443320453167,0.0,107.99099862985686,15360.0
-20.29582405090332,-20.31125831604004,0.015432258136570454,0.0,153.8545921052667,15360.0
-20.667383193969727,-20.68030548095703,0.01292446255683899,0.0,113.41477005433967,15360.0
-20.641626358032227,-20.658851623535156,0.017230549827218056,0.0,108.70101722215323,15360.0
-20.519187927246094,-20.531700134277344,0.01251917239278555,0.0,143.44859683578363,15360.0
-20.688941955566406,-20.70246124267578,0.013517615385353565,0.0,114.37399316020466,15360.0
-20.61023712158203,-20.62668800354004,0.016445662826299667,0.0,136.7040608513169,15360.0
-20.539655685424805,-20.551855087280273,0.012197735719382763,0.0,150.20589210279348,15360.0
-20.769996643066406,-20.78282928466797,0.012826571241021156,0.0,115.72795580853182,15360.0
-20.532243728637695,-20.544404983520508,0.012157013639807701,0.0,128.05005681309507,15360.0
-20.771211624145508,-20.783588409423828,0.012373657897114754,0.0,102.08002932514034,15360.0
-20.37799644470215,-20.38910675048828,0.011104882694780827,0.0,131.717806580475,15360.0
-20.392805099487305,-20.404157638549805,0.011351036839187145,0.0,141.80270694329542,15360.0
-20.597965240478516,-20.608909606933594,0.010940521955490112,0.0,123.3271505697383,15360.0
-20.512239456176758,-20.52361488342285,0.011374449357390404,0.0,144.92266333362264,15360.0
-20.745615005493164,-20.758182525634766,0.012567338533699512,0.0,130.90114102699846,15360.0
-20.588098526000977,-20.6004581451416,0.012353898957371712,0.0,110.88142006189175,15360.0
-20.580677032470703,-20.593469619750977,0.012794005684554577,0.0,149.85803039824503,15360.0
-20.7398624420166,-20.75233268737793,0.012474502436816692,0.0,74.0729425186886,15360.0
-20.533056259155273,-20.546964645385742,0.01390917133539915,0.0,158.68948553175923,15360.0
-20.608360290527344,-20.621835708618164,0.013474482111632824,0.0,126.01248131343414,15360.0
-20.7867431640625,-20.802492141723633,0.015749109908938408,0.0,92.5670959692682,15360.0
-20.481435775756836,-20.493330001831055,0.011895955540239811,0.0,126.65188437444795,15360.0
-20.484403610229492,-20.497867584228516,0.013464546762406826,0.0,161.16417127562627,15360.0
-20.848798751831055,-20.864978790283203,0.016187051311135292,0.0,89.94118312685777,15360.0
-20.63331413269043,-20.6457462310791,0.012432517483830452,0.0,152.57873011685533,15360.0
-20.871646881103516,-20.884225845336914,0.01257712859660387,0.0,81.003840558427,15360.0
-20.500904083251953,-20.51875114440918,0.017843885347247124,0.0,130.13229101142295,15360.0
-20.720874786376953,-20.730737686157227,0.009861340746283531,0.0,101.53476315958457,15360.0
-20.777379989624023,-20.794193267822266,0.016812510788440704,0.0,63.04236710231499,15360.0
-20.647123336791992,-20.662540435791016,0.01541668176651001,0.0,102.65607182904976,15360.0
-20.8786678314209,-20.89157485961914,0.012911605648696423,0.0,76.61549876379624,15360.0
-20.696001052856445,-20.71358299255371,0.017584629356861115,0.0,91.4838691585803,15360.0
-20.690135955810547,-20.7039737701416,0.013831271789968014,0.0,73.57877477243419,15360.0
-20.63985824584961,-20.65143585205078,0.011574093252420425,0.0,103.35381634450458,15360.0
-20.765592575073242,-20.77992057800293,0.014328746125102043,0.0,101.02914347484783,15360.0
-20.59074592590332,-20.60426139831543,0.013511369936168194,0.0,127.90656822298544,15360.0
-20.691797256469727,-20.705991744995117,0.014192258939146996,0.0,114.57520096762491,15360.0
-20.83563232421875,-20.84935188293457,0.013719186186790466,0.0,104.27286026315609,15360.0
-20.77841567993164,-20.79076385498047,0.01234330702573061,0.0,93.41671528305228,15360.0
-20.671274185180664,-20.682920455932617,0.01164462510496378,0.0,110.27151830979216,15360.0
-20.74372673034668,-20.75348472595215,0.009751824662089348,0.0,98.44450216673607,15360.0
-20.650217056274414,-20.663084030151367,0.01287131942808628,0.0,124.27332873132002,15360.0
-20.81434440612793,-20.82818031311035,0.013839266262948513,0.0,102.09614803423503,15360.0
-20.836204528808594,-20.852092742919922,0.01588469371199608,0.0,102.63621144087723,15360.0
-20.780542373657227,-20.796018600463867,0.01546819694340229,0.0,109.00452397469826,15360.0
-20.797632217407227,-20.8110408782959,0.013411015272140503,0.0,106.2785729754984,15360.0
-20.84772491455078,-20.85884666442871,0.011115578934550285,0.0,105.90863484847249,15360.0
-20.809715270996094,-20.822114944458008,0.012395394034683704,0.0,103.84341160815046,15360.0
-20.871246337890625,-20.88364028930664,0.012395973317325115,0.0,94.41421722666999,15360.0
-20.87185287475586,-20.885406494140625,0.01355531346052885,0.0,84.35713561296059,15360.0
-20.916292190551758,-20.929018020629883,0.012730303220450878,0.0,72.27895150008025,15360.0
-20.868167877197266,-20.88033676147461,0.012169471010565758,0.0,102.80066710604946,15360.0
-20.95481300354004,-20.967529296875,0.01271194126456976,0.0,83.29826059954844,15360.0
-20.96795654296875,-20.98079490661621,0.012841121293604374,0.0,93.6817555863002,15360.0
-20.923673629760742,-20.936073303222656,0.012402723543345928,0.0,99.06529764467686,15360.0
-20.98238754272461,-20.993913650512695,0.011527914553880692,0.0,82.8010719207346,15360.0
-20.850887298583984,-20.862306594848633,0.011422169394791126,0.0,111.32803205629699,15360.0
-20.941240310668945,-20.953027725219727,0.011785684153437614,0.0,71.50096768738543,15360.0
-21.05255126953125,-21.06433868408203,0.011786255054175854,0.0,73.25259455597944,15360.0
-21.091983795166016,-21.103246688842773,0.01126896496862173,0.0,67.29396136915292,15360.0
-20.927671432495117,-20.939485549926758,0.011813710443675518,0.0,78.51721855929767,15360.0
-21.074525833129883,-21.085721969604492,0.011191009543836117,0.0,84.96813995532582,15360.0
-21.01678466796875,-21.02898597717285,0.012200883589684963,0.0,84.69460756737162,15360.0
-20.975305557250977,-20.986576080322266,0.011270230636000633,0.0,90.79071261971455,15360.0
-20.998628616333008,-21.009798049926758,0.011171860620379448,0.0,91.00865764194727,15360.0
-21.071434020996094,-21.08090591430664,0.009472876787185669,0.0,71.60281948574428,15360.0
-20.955806732177734,-20.96609878540039,0.010294905863702297,0.0,106.66120617980594,15360.0
-20.999034881591797,-21.00820541381836,0.00916385743767023,0.0,96.46280676962535,15360.0
-20.937660217285156,-20.947917938232422,0.010260439477860928,0.0,86.9424762463912,15360.0
-20.938440322875977,-20.948352813720703,0.009909657761454582,0.0,93.29349995728386,15360.0
-21.050783157348633,-21.060020446777344,0.00923881120979786,0.0,93.56039649305697,15360.0
-21.0548152923584,-21.065956115722656,0.011142122559249401,0.0,76.97208707042894,15360.0
-20.916187286376953,-20.92650604248047,0.010318946093320847,0.0,122.21473728848218,15360.0
-21.051115036010742,-21.061134338378906,0.010023114271461964,0.0,83.38970339400396,15360.0
-20.957294464111328,-20.967283248901367,0.009985358454287052,0.0,117.06808133171066,15360.0
-20.97048568725586,-20.982542037963867,0.012052939273416996,0.0,108.43039802712987,15360.0
-20.7381649017334,-20.749300003051758,0.011130394414067268,0.0,119.66318161761697,15360.0
-21.021007537841797,-21.033445358276367,0.012439598329365253,0.0,69.61937031730919,15360.0
-20.948556900024414,-20.96187400817871,0.013318798504769802,0.0,105.64942784692884,15360.0
-20.97541046142578,-20.987947463989258,0.012537896633148193,0.0,81.10275598807519,15360.0
-20.863523483276367,-20.873680114746094,0.010152781382203102,0.0,97.79539406611828,15360.0
-20.978130340576172,-20.989521026611328,0.011390766128897667,0.0,114.17673037061505,15360.0
-21.05742835998535,-21.07001495361328,0.012588854879140854,0.0,68.41627588543663,15360.0
-20.877885818481445,-20.890419006347656,0.012527819722890854,0.0,104.02594163328615,15360.0
-21.089872360229492,-21.102720260620117,0.012848970480263233,0.0,60.72066135878389,15360.0
-21.026819229125977,-21.040143966674805,0.013326750136911869,0.0,96.56588460425499,15360.0
-21.01563262939453,-21.027591705322266,0.011959625408053398,0.0,70.08986046920721,15360.0
-21.058467864990234,-21.069475173950195,0.011006100103259087,0.0,85.02520983175526,15360.0
-21.149629592895508,-21.162464141845703,0.012835504487156868,0.0,64.08976787003108,15360.0
-20.93824005126953,-20.94886589050293,0.010626759380102158,0.0,79.58977535207401,15360.0
-21.02051544189453,-21.033754348754883,0.01324256882071495,0.0,68.39550767545701,15360.0
-21.094030380249023,-21.107208251953125,0.013179006054997444,0.0,84.22128958657511,15360.0
-21.092540740966797,-21.106342315673828,0.01380028948187828,0.0,51.67910942431943,15360.0
-21.053255081176758,-21.06794548034668,0.014689401723444462,0.0,88.02834933649717,15360.0
-21.004066467285156,-21.02057456970215,0.016510482877492905,0.0,84.9746477728685,15360.0
-21.150354385375977,-21.168048858642578,0.017692234367132187,0.0,49.20357719101212,15360.0
-20.97578239440918,-20.99496078491211,0.01917153224349022,0.0,93.50712005807196,15360.0
-21.11844253540039,-21.141529083251953,0.023089347407221794,0.0,82.44582132745884,15360.0
-21.032533645629883,-21.06114387512207,0.028609005734324455,0.0,76.1710219258615,15360.0
-20.986988067626953,-21.022869110107422,0.03587698936462402,0.0,107.81535243313088,15360.0
-20.983884811401367,-21.032121658325195,0.04823736473917961,0.0,90.83862203713893,15360.0
-20.865766525268555,-20.935985565185547,0.07022833824157715,0.0,91.22974381476696,15360.0
-20.972301483154297,-21.059406280517578,0.08709771186113358,0.0,102.64761855732446,15360.0
-21.00029754638672,-21.07273292541504,0.07243171334266663,0.0,79.95592613895168,15360.0
-21.153583526611328,-21.18758773803711,0.034006256610155106,0.0,65.08273283836532,15360.0
-21.194150924682617,-21.2072696685791,0.013122123666107655,0.0,47.25863262702741,15360.0
-21.174915313720703,-21.204984664916992,0.030071673914790154,0.0,66.53160906059273,15360.0
-20.97054100036621,-21.028472900390625,0.05793711170554161,0.0,72.79919376144385,15360.0
-21.021156311035156,-21.08462905883789,0.06346940249204636,0.0,82.4236573412953,15360.0
-21.149438858032227,-21.187463760375977,0.03802400827407837,0.0,57.43015705703463,15360.0
-21.216083526611328,-21.232797622680664,0.016710178926587105,0.0,67.45640908394981,15360.0
-21.1494083404541,-21.167198181152344,0.01779922842979431,0.0,56.29818205248065,15360.0
-21.07278060913086,-21.10733413696289,0.03455643728375435,0.0,72.15765602000306,15360.0
-21.12997055053711,-21.172948837280273,0.042970672249794006,0.0,67.82855484543617,15360.0
-21.084260940551758,-21.11512565612793,0.03086538054049015,0.0,83.28840056246318,15360.0
-21.073423385620117,-21.08901596069336,0.015591154806315899,0.0,58.38245093728766,15360.0
-21.1048526763916,-21.121273040771484,0.016415972262620926,0.0,75.29070104087734,15360.0
-21.008405685424805,-21.03204345703125,0.023640356957912445,0.0,90.47953095015774,15360.0
-21.136354446411133,-21.159229278564453,0.02287188172340393,0.0,69.79641862340151,15360.0
-21.137489318847656,-21.152929306030273,0.0154408048838377,0.0,66.1663979919425,15360.0
-21.112272262573242,-21.12508773803711,0.012817101553082466,0.0,50.971752544758544,15360.0
-21.16539192199707,-21.179948806762695,0.014554026536643505,0.0,73.12300810611524,15360.0
-21.139482498168945,-21.153553009033203,0.014070040546357632,0.0,41.07499589719636,15360.0
-21.076663970947266,-21.090105056762695,0.013439010828733444,0.0,91.19306045114348,15360.0
-21.012950897216797,-21.02798080444336,0.015034014359116554,0.0,102.19377938096176,15360.0
-21.129362106323242,-21.147136688232422,0.017775529995560646,0.0,66.73853859908316,15360.0
-21.189054489135742,-21.204957962036133,0.015911515802145004,0.0,54.29854385980029,15360.0
-20.995418548583984,-21.00688362121582,0.011466051451861858,0.0,96.41474181479431,15360.0
-21.132810592651367,-21.144819259643555,0.012004943564534187,0.0,74.86617411648471,15360.0
-21.051610946655273,-21.06441879272461,0.01280217431485653,0.0,86.73104768222777,15360.0
-20.983917236328125,-20.995656967163086,0.01174012478441,0.0,103.0042701979094,15360.0
-21.102581024169922,-21.1149959564209,0.01240933034569025,0.0,87.37232553824683,15360.0
-21.179473876953125,-21.192277908325195,0.01280253753066063,0.0,69.75495102111351,15360.0
-20.9178466796875,-20.930078506469727,0.012226458638906479,0.0,117.52877861283717,15360.0
-21.121257781982422,-21.133342742919922,0.0120816295966506,0.0,73.54930053996219,15360.0
-21.170743942260742,-21.182485580444336,0.01173920277506113,0.0,72.13222109862075,15360.0
-21.087865829467773,-21.100263595581055,0.012396460399031639,0.0,96.04730463223729,15360.0
-21.08838653564453,-21.101512908935547,0.013127012178301811,0.0,79.95789064146159,15360.0
-20.955598831176758,-20.970787048339844,0.015178286470472813,0.0,113.0543127071506,15360.0
-21.026918411254883,-21.041690826416016,0.014772715047001839,0.0,106.17805035128558,15360.0
-21.14996337890625,-21.162456512451172,0.0124961631372571,0.0,60.2363325383689,15360.0
-21.005861282348633,-21.020164489746094,0.014302761293947697,0.0,99.90469458714288,15360.0
-21.055391311645508,-21.069419860839844,0.014024111442267895,0.0,104.04798513106998,15360.0
-21.190580368041992,-21.201398849487305,0.01081977691501379,0.0,39.707440039827134,15360.0
-21.02622413635254,-21.036497116088867,0.010279095731675625,0.0,90.61050771225382,15360.0
-21.090362548828125,-21.10197639465332,0.011612078174948692,0.0,95.33183556569965,15360.0
-21.278623580932617,-21.29137420654297,0.01274754386395216,0.0,42.64091103646462,15360.0
-21.214420318603516,-21.226839065551758,0.012417611666023731,0.0,78.75155967134447,15360.0
-21.113637924194336,-21.125370025634766,0.011731366626918316,0.0,75.82987403801611,15360.0
-21.260915756225586,-21.271148681640625,0.01023406907916069,0.0,32.910954692772805,15360.0
-21.11759376525879,-21.127824783325195,0.010232681408524513,0.0,59.61061323393775,15360.0
-21.099485397338867,-21.109189987182617,0.009706622920930386,0.0,74.61349418581398,15360.0
-21.148706436157227,-21.160316467285156,0.01161111518740654,0.0,53.29210435551626,15360.0
-21.0980281829834,-21.109249114990234,0.011218122206628323,0.0,61.70153697419704,15360.0
-21.08941650390625,-21.099742889404297,0.010322325862944126,0.0,76.07391543975463,15360.0
-21.213075637817383,-21.223148345947266,0.010072984732687473,0.0,50.50791613742746,15360.0
-21.036296844482422,-21.04842758178711,0.012131690047681332,0.0,88.12527974635121,15360.0
-21.13999366760254,-21.152891159057617,0.012896646745502949,0.0,91.73441519145484,15360.0
-21.1221923828125,-21.134422302246094,0.012228398583829403,0.0,53.83998880789051,15360.0
-21.06315040588379,-21.073963165283203,0.010809446685016155,0.0,114.55860991053879,15360.0
-21.13754653930664,-21.14745330810547,0.00990527868270874,0.0,57.55342729615703,15360.0
-20.94942855834961,-20.95985984802246,0.010431451722979546,0.0,120.95161266300198,15360.0
-21.0767879486084,-21.08755874633789,0.010773402638733387,0.0,108.59503540091201,15360.0
-21.11191177368164,-21.123584747314453,0.011673959903419018,0.0,81.30010215823724,15360.0
-21.09368324279785,-21.10530662536621,0.011627857573330402,0.0,93.64570895296632,15360.0
-20.9031982421875,-20.91417694091797,0.010977010242640972,0.0,81.67606528511084,15360.0
-21.041156768798828,-21.05134391784668,0.010188007727265358,0.0,84.56362805478666,15360.0
-20.887523651123047,-20.89960289001465,0.012080708518624306,0.0,122.62801539347252,15360.0
-20.964916229248047,-20.977577209472656,0.012659098953008652,0.0,96.36826521767641,15360.0
-21.075475692749023,-21.08888053894043,0.013411371037364006,0.0,68.44994287744981,15360.0
-21.047626495361328,-21.06296157836914,0.015334446914494038,0.0,84.92675233361801,15360.0
-21.151081085205078,-21.167070388793945,0.015993306413292885,0.0,65.61011615728717,15360.0
-21.052818298339844,-21.069185256958008,0.01636335253715515,0.0,76.92697805472167,15360.0
-21.029460906982422,-21.044666290283203,0.015209389850497246,0.0,83.11724287070118,15360.0
-20.879425048828125,-20.8927059173584,0.013281619176268578,0.0,94.19530224049474,15360.0
-20.86579704284668,-20.880725860595703,0.014929923228919506,0.0,87.65477038102088,15360.0
-20.974082946777344,-20.990394592285156,0.016315758228302002,0.0,92.10543934348057,15360.0
-20.863983154296875,-20.87993621826172,0.015955032780766487,0.0,114.3226910277974,15360.0
-20.947338104248047,-20.96407127380371,0.016727566719055176,0.0,118.5914825738391,15360.0
-20.979331970214844,-20.99470329284668,0.015370341949164867,0.0,81.52529433865925,15360.0
-20.710285186767578,-20.72906494140625,0.01878136210143566,0.0,121.61367301930439,15360.0
-20.798095703125,-20.819082260131836,0.0209824088960886,0.0,92.9558445417897,15360.0
-21.092138290405273,-21.10852813720703,0.01638904958963394,0.0,75.70858542371033,15360.0
-20.96843147277832,-20.98304557800293,0.014616042375564575,0.0,111.93538735063292,15360.0
-21.10280990600586,-21.11572265625,0.012917514890432358,0.0,50.07738309927581,15360.0
-20.956775665283203,-20.969820022583008,0.013050789013504982,0.0,107.49326623005102,15360.0
-20.959375381469727,-20.974666595458984,0.015288821421563625,0.0,98.25707857526919,15360.0
-20.96705436706543,-20.983694076538086,0.016640091314911842,0.0,106.97401378359018,15360.0
-20.922178268432617,-20.939851760864258,0.017671270295977592,0.0,96.620583201654,15360.0
-20.9674015045166,-20.980295181274414,0.012887679971754551,0.0,101.90673321508167,15360.0
-20.870990753173828,-20.882761001586914,0.011770484037697315,0.0,101.82820630582184,15360.0
-21.0396728515625,-21.053945541381836,0.01426873542368412,0.0,97.3775798710416,15360.0
-20.974512100219727,-20.985870361328125,0.01135918591171503,0.0,102.11527962605739,15360.0
-21.040090560913086,-21.050233840942383,0.010149643756449223,0.0,63.25246208847192,15360.0
-20.825634002685547,-20.836204528808594,0.010558435693383217,0.0,119.37907015283443,15360.0
-21.101625442504883,-21.112590789794922,0.01097050029784441,0.0,84.80174854575338,15360.0
-20.804546356201172,-20.816864013671875,0.012310202233493328,0.0,109.3209268256544,15360.0
-20.989591598510742,-21.001304626464844,0.011720013804733753,0.0,99.90552594548275,15360.0
-20.94727897644043,-20.958690643310547,0.011410100385546684,0.0,91.29002644995107,15360.0
-21.020479202270508,-21.03050994873047,0.010031554847955704,0.0,104.36406676383193,15360.0
-21.04615592956543,-21.055919647216797,0.009761828929185867,0.0,89.32954413116276,15360.0
-20.91559600830078,-20.926036834716797,0.01044495403766632,0.0,93.83212140786526,15360.0
-21.018735885620117,-21.029199600219727,0.010468562133610249,0.0,89.84435011119938,15360.0
-21.116626739501953,-21.127355575561523,0.010726558975875378,0.0,69.9806824283068,15360.0
-21.05450439453125,-21.065614700317383,0.011105167679488659,0.0,90.70804743801338,15360.0
-21.134441375732422,-21.145742416381836,0.011307847686111927,0.0,52.513194766277195,15360.0
-21.129934310913086,-21.14064598083496,0.01070545893162489,0.0,75.62699166878625,15360.0
-21.21432113647461,-21.224018096923828,0.00969650037586689,0.0,66.40504627163676,15360.0
-21.130578994750977,-21.139822006225586,0.009245009161531925,0.0,68.82185479978942,15360.0
-21.13085174560547,-21.140399932861328,0.009554467163980007,0.0,57.068987242311024,15360.0
-21.186870574951172,-21.195283889770508,0.008412789553403854,0.0,61.735835800452556,15360.0
-21.162458419799805,-21.17229461669922,0.009838278405368328,0.0,48.821027363556006,15360.0
-21.145498275756836,-21.15591812133789,0.01042175479233265,0.0,67.84860245089887,15360.0
-21.198190689086914,-21.20944595336914,0.011256071738898754,0.0,47.78630234540894,15360.0
-21.15884780883789,-21.170583724975586,0.011733232997357845,0.0,64.25515584886176,15360.0
-21.261898040771484,-21.274127960205078,0.01222209446132183,0.0,68.58495141384346,15360.0
-21.1749267578125,-21.188051223754883,0.013130023144185543,0.0,63.647129892244685,15360.0
-21.19702911376953,-21.209680557250977,0.01264465693384409,0.0,63.01722285301446,15360.0
-21.06464195251465,-21.07893180847168,0.014289584942162037,0.0,77.64260884932628,15360.0
-21.24628257751465,-21.264074325561523,0.017790870741009712,0.0,64.03542036587349,15360.0
-20.978723526000977,-20.997676849365234,0.01895158551633358,0.0,116.0456651674321,15360.0
-21.216888427734375,-21.237146377563477,0.020261159166693687,0.0,80.40763890084708,15360.0
-21.234142303466797,-21.250993728637695,0.016844384372234344,0.0,70.05775650338973,15360.0
-21.071788787841797,-21.086084365844727,0.01429792307317257,0.0,94.11539259649275,15360.0
-21.26077651977539,-21.27493667602539,0.014158300124108791,0.0,50.72688007147183,15360.0
-21.1744327545166,-21.189937591552734,0.015506495721638203,0.0,79.60795316304763,15360.0
-21.128326416015625,-21.145071029663086,0.01674872450530529,0.0,86.57237379154459,15360.0
-21.167940139770508,-21.18781280517578,0.01987544447183609,0.0,66.41290228536572,15360.0
-21.057466506958008,-21.078367233276367,0.02090236358344555,0.0,110.04313240266764,15360.0
-20.961393356323242,-20.98648452758789,0.0250884797424078,0.0,120.18047553876804,15360.0
-21.11666488647461,-21.150468826293945,0.03380604088306427,0.0,74.12626617425904,15360.0
-21.226531982421875,-21.272111892700195,0.04557986930012703,0.0,79.27382865965679,15360.0
-20.979835510253906,-21.04296875,0.06313426792621613,0.0,100.66842729808778,15360.0
-21.091764450073242,-21.183488845825195,0.09172025322914124,0.0,82.93227606621775,15360.0
-20.997833251953125,-21.108957290649414,0.11112502217292786,0.0,93.52753870773589,15360.0
-20.925039291381836,-21.040536880493164,0.1155003234744072,0.0,131.14203658509712,15360.0
-21.15760040283203,-21.25617218017578,0.09857039153575897,0.0,65.26408093080093,15360.0
-20.873920440673828,-20.93622398376465,0.06229938194155693,0.0,109.72627214211059,15360.0
-21.08540153503418,-21.115787506103516,0.030385898426175117,0.0,87.97356908295723,15360.0
-21.168909072875977,-21.19586181640625,0.02695571817457676,0.0,60.12317257842854,15360.0
-21.01818084716797,-21.063207626342773,0.045028284192085266,0.0,110.99942623964925,15360.0
-20.992937088012695,-21.037330627441406,0.04439782723784447,0.0,101.89248905338893,15360.0
-21.020301818847656,-21.053857803344727,0.03355616331100464,0.0,81.22630261068024,15360.0
-21.032920837402344,-21.056446075439453,0.02352452278137207,0.0,96.42802370456221,15360.0
-21.044918060302734,-21.06574249267578,0.02082485891878605,0.0,104.5821740108553,15360.0
-21.055503845214844,-21.080808639526367,0.025305844843387604,0.0,58.967070007776286,15360.0
-21.12652587890625,-21.151620864868164,0.025092389434576035,0.0,94.96443905124114,15360.0
-21.089744567871094,-21.108884811401367,0.01914232224225998,0.0,83.78315658653983,15360.0
-21.199979782104492,-21.21869659423828,0.01871209591627121,0.0,77.04053168625472,15360.0
-21.089542388916016,-21.110761642456055,0.021227234974503517,0.0,79.16001548180957,15360.0
-21.178863525390625,-21.197620391845703,0.01875249110162258,0.0,73.2919536871393,15360.0
-21.09060287475586,-21.11021614074707,0.01961055025458336,0.0,79.35473073723557,15360.0
-21.200538635253906,-21.22109603881836,0.020557856187224388,0.0,70.38710583439352,15360.0
-21.082056045532227,-21.100116729736328,0.018063703551888466,0.0,91.52478775547587,15360.0
-21.23986053466797,-21.255226135253906,0.01536689791828394,0.0,72.48841846416185,15360.0
-21.02601432800293,-21.039121627807617,0.013106990605592728,0.0,108.4632651978313,15360.0
-21.044801712036133,-21.060657501220703,0.015857815742492676,0.0,81.33017399081382,15360.0
-20.97072410583496,-20.989192962646484,0.01846870593726635,0.0,104.48375564191434,15360.0
-21.134838104248047,-21.15071678161621,0.015874048694968224,0.0,86.65070312180589,15360.0
-21.123592376708984,-21.139015197753906,0.015421920455992222,0.0,93.50462444506645,15360.0
-21.142763137817383,-21.15728759765625,0.014526421204209328,0.0,72.56012004994362,15360.0
-21.10268211364746,-21.119140625,0.016458163037896156,0.0,88.72122485486022,15360.0
-21.116422653198242,-21.129947662353516,0.01351993903517723,0.0,83.05565472597067,15360.0
-21.162967681884766,-21.176408767700195,0.013436428271234035,0.0,60.87551448504989,15360.0
-21.192325592041016,-21.20555305480957,0.013226191513240337,0.0,78.87409819540127,15360.0
-21.22678565979004,-21.2362003326416,0.0094138877466321,0.0,84.2159327528711,15360.0
-21.286828994750977,-21.298349380493164,0.01152966357767582,0.0,54.78321766926699,15360.0
-21.168758392333984,-21.183279037475586,0.01451906468719244,0.0,74.76170047759103,15360.0
-21.15781021118164,-21.172035217285156,0.014222127385437489,0.0,59.22292520294921,15360.0
-21.083215713500977,-21.095674514770508,0.012454299256205559,0.0,79.27542076021054,15360.0
-21.19258689880371,-21.20168113708496,0.009095328859984875,0.0,71.86097296203643,15360.0
-21.167633056640625,-21.177278518676758,0.009647233411669731,0.0,89.24868227698691,15360.0
-21.256315231323242,-21.267723083496094,0.011408832855522633,0.0,61.15254983417529,15360.0
-21.1755313873291,-21.189098358154297,0.01356117520481348,0.0,77.22672008989163,15360.0
-21.284027099609375,-21.29644203186035,0.012412415817379951,0.0,55.67854858258913,15360.0
-21.126474380493164,-21.137422561645508,0.010948073118925095,0.0,82.00766850566072,15360.0
-21.16671371459961,-21.176931381225586,0.010219795629382133,0.0,78.908600967808,15360.0
-21.187650680541992,-21.19763946533203,0.009990324266254902,0.0,73.4596435237579,15360.0
-21.137666702270508,-21.147701263427734,0.010036911815404892,0.0,65.26694117783791,15360.0
-21.09592628479004,-21.105918884277344,0.00999333243817091,0.0,94.6017166922683,15360.0
-21.210237503051758,-21.219566345214844,0.009329723194241524,0.0,81.53552975928835,15360.0
-21.228404998779297,-21.23905372619629,0.01064289454370737,0.0,91.17353879308801,15360.0
-21.108400344848633,-21.117664337158203,0.009258178994059563,0.0,94.04077967326123,15360.0
-21.2109317779541,-21.22170639038086,0.010770062915980816,0.0,62.396104425877155,15360.0
-21.176836013793945,-21.186269760131836,0.009434428066015244,0.0,69.74590888853895,15360.0
-21.207752227783203,-21.216541290283203,0.008795354515314102,0.0,68.49885540619357,15360.0
-21.2896671295166,-21.29883575439453,0.009167979471385479,0.0,51.37476112204371,15360.0
-21.205904006958008,-21.216936111450195,0.0110267149284482,0.0,82.58639516417871,15360.0
-21.262819290161133,-21.271738052368164,0.008916442282497883,0.0,73.64655830258958,15360.0
-21.182159423828125,-21.190641403198242,0.00848111417144537,0.0,71.89656142352385,15360.0
-20.903024673461914,-20.91178321838379,0.008757490664720535,0.0,114.7119726630608,15360.0
-21.057104110717773,-21.06791114807129,0.010807454586029053,0.0,113.60344579841332,15360.0
-21.233673095703125,-21.244653701782227,0.010976209305226803,0.0,68.79721524770746,15360.0
-21.14653968811035,-21.158456802368164,0.011914397589862347,0.0,106.01600353602282,15360.0
-21.119606018066406,-21.129289627075195,0.009684319607913494,0.0,100.22022083088275,15360.0
-21.11798858642578,-21.127138137817383,0.009143920615315437,0.0,90.70894007492173,15360.0
-21.18704605102539,-21.195781707763672,0.008739433251321316,0.0,82.65831019295025,15360.0
-21.104528427124023,-21.114952087402344,0.010421987622976303,0.0,76.91292670853032,15360.0
-21.20395851135254,-21.213233947753906,0.009278879500925541,0.0,61.949859422105234,15360.0
-21.034753799438477,-21.04449462890625,0.009741748683154583,0.0,89.12763143775362,15360.0
-21.151384353637695,-21.160673141479492,0.009289264678955078,0.0,101.7865883013164,15360.0
-21.081727981567383,-21.09170150756836,0.009973273612558842,0.0,90.62794226918446,15360.0
-20.850725173950195,-20.862520217895508,0.011796071194112301,0.0,142.08567692954813,15360.0
-21.185382843017578,-21.195411682128906,0.010034085251390934,0.0,79.65224444755258,15360.0
-21.011995315551758,-21.023502349853516,0.01150464080274105,0.0,113.8637733351858,15360.0
-21.090919494628906,-21.102418899536133,0.01149824820458889,0.0,105.21872535235553,15360.0
-21.041645050048828,-21.052162170410156,0.010516746900975704,0.0,93.86756858629428,15360.0
-21.000980377197266,-21.011693954467773,0.010713527910411358,0.0,108.93952202977562,15360.0
-21.0550479888916,-21.06500244140625,0.009957182221114635,0.0,96.74798345163676,15360.0
-21.0588321685791,-21.068340301513672,0.009511660784482956,0.0,113.42738124421416,15360.0
-20.996728897094727,-21.00687599182129,0.010150889866054058,0.0,124.58871569330091,15360.0
-21.076066970825195,-21.0858097076416,0.009744095616042614,0.0,110.72556734595852,15360.0
-21.0909423828125,-21.101598739624023,0.010650916025042534,0.0,88.00846359591748,15360.0
-20.723024368286133,-20.734169006347656,0.011145949363708496,0.0,151.21168869814804,15360.0
-21.10733985900879,-21.1173038482666,0.009966785088181496,0.0,93.5903565028193,15360.0
-21.11158561706543,-21.12229347229004,0.01071146596223116,0.0,85.78715103747068,15360.0
-20.977710723876953,-20.987749099731445,0.010043144226074219,0.0,124.80858922304108,15360.0
-20.92327308654785,-20.932546615600586,0.009273571893572807,0.0,115.00116659871044,15360.0
-21.103261947631836,-21.11329460144043,0.010024812072515488,0.0,101.8039050386693,15360.0
-20.888383865356445,-20.898069381713867,0.009692632593214512,0.0,121.84096568167523,15360.0
-21.02276039123535,-21.032081604003906,0.00932317040860653,0.0,84.2468804040585,15360.0
-21.005048751831055,-21.01421546936035,0.009165624156594276,0.0,99.527245525195,15360.0
-20.85706901550293,-20.86664390563965,0.009568657726049423,0.0,137.21375641625107,15360.0
-20.842567443847656,-20.850706100463867,0.008140006102621555,0.0,141.08128840325352,15360.0
-20.916004180908203,-20.92682456970215,0.010822000913321972,0.0,98.9825282315447,15360.0
-20.884523391723633,-20.894466400146484,0.009938539937138557,0.0,117.20470655612489,15360.0
-21.027875900268555,-21.03723907470703,0.009362325072288513,0.0,98.31771194986135,15360.0
-20.995174407958984,-21.007286071777344,0.012108907103538513,0.0,121.20714913685539,15360.0
-21.016572952270508,-21.03240966796875,0.015838956460356712,0.0,100.26853943573666,15360.0
-20.868867874145508,-20.883609771728516,0.01474139466881752,0.0,115.48149890065226,15360.0
-20.97109031677246,-20.984039306640625,0.012950262054800987,0.0,88.74597024130402,15360.0
-21.037622451782227,-21.04932975769043,0.011709507554769516,0.0,104.44867192756254,15360.0
-21.176055908203125,-21.186546325683594,0.01049135159701109,0.0,66.77125435715621,15360.0
-20.982912063598633,-20.99305534362793,0.010142137296497822,0.0,104.11749304044496,15360.0
-21.039722442626953,-21.051424026489258,0.011699097231030464,0.0,74.64762614327086,15360.0
-21.167043685913086,-21.18058967590332,0.013539854437112808,0.0,66.91877521175952,15360.0
-21.01463508605957,-21.02625846862793,0.011627675034105778,0.0,66.33832138991485,15360.0
-21.167896270751953,-21.178144454956055,0.010249846614897251,0.0,75.26609210713514,15360.0
-21.165830612182617,-21.17571449279785,0.009880841709673405,0.0,78.0314252077279,15360.0
-21.204843521118164,-21.217344284057617,0.01249679271131754,0.0,70.64884145631478,15360.0
-21.07493782043457,-21.08829116821289,0.013360705226659775,0.0,73.23734463592092,15360.0
-21.034244537353516,-21.051698684692383,0.017457183450460434,0.0,91.94202132104358,15360.0
-20.97620964050293,-20.99250602722168,0.016295652836561203,0.0,77.77524026385645,15360.0
-21.029478073120117,-21.0421085357666,0.012628999538719654,0.0,84.92716198245931,15360.0
-20.915437698364258,-20.923736572265625,0.008302168920636177,0.0,124.58987618124264,15360.0
-21.183887481689453,-21.19363021850586,0.009740087203681469,0.0,68.6290667629141,15360.0
-20.923175811767578,-20.9335880279541,0.010413131676614285,0.0,117.03926722963855,15360.0
-21.133790969848633,-21.145692825317383,0.011900829151272774,0.0,83.13623887310027,15360.0
-21.079864501953125,-21.090232849121094,0.010370372794568539,0.0,96.0959651506719,15360.0
-21.053884506225586,-21.064786911010742,0.010898691602051258,0.0,92.25342094580834,15360.0
-20.948530197143555,-20.95978355407715,0.011250970885157585,0.0,98.40543196430362,15360.0
-21.05662727355957,-21.069990158081055,0.013368642888963223,0.0,104.29700379797004,15360.0
-21.02406120300293,-21.042354583740234,0.018288441002368927,0.0,97.60902740754008,15360.0
-21.104646682739258,-21.125585556030273,0.020932184532284737,0.0,111.61825174220749,15360.0
-21.11615562438965,-21.138925552368164,0.022763626649975777,0.0,71.76045768278223,15360.0
-21.079626083374023,-21.10060691833496,0.02097872830927372,0.0,93.14615830345068,15360.0
-21.069602966308594,-21.08723258972168,0.017630398273468018,0.0,78.33628869031284,15360.0
-21.097375869750977,-21.111379623413086,0.014002637937664986,0.0,73.70946617006105,15360.0
-21.12461280822754,-21.138395309448242,0.013788429088890553,0.0,72.57448065291553,15360.0
-21.085590362548828,-21.098079681396484,0.01248710136860609,0.0,103.22857291209763,15360.0
-21.12040901184082,-21.131120681762695,0.010706617496907711,0.0,81.02858190023234,15360.0
-21.185815811157227,-21.197959899902344,0.012145268730819225,0.0,66.48355967905566,15360.0
-21.14509391784668,-21.158231735229492,0.013141032308340073,0.0,65.4664814388156,15360.0
-21.096324920654297,-21.10912322998047,0.012791200540959835,0.0,72.40120028650992,15360.0
-21.210771560668945,-21.22234344482422,0.011566132307052612,0.0,64.51137156131588,15360.0
-21.065649032592773,-21.076799392700195,0.01115085557103157,0.0,104.4288425413341,15360.0
-21.087928771972656,-21.098737716674805,0.010807409882545471,0.0,61.40647148393524,15360.0
-21.12356185913086,-21.132848739624023,0.009284558705985546,0.0,107.42817896995408,15360.0
-21.076587677001953,-21.086143493652344,0.00955468975007534,0.0,70.00864231255697,15360.0
-21.14327049255371,-21.154193878173828,0.010922337882220745,0.0,73.73870328607738,15360.0
-21.186466217041016,-21.199617385864258,0.013151690363883972,0.0,69.15774333467456,15360.0
-21.077898025512695,-21.090539932250977,0.012639116495847702,0.0,80.25852082500415,15360.0
-21.187835693359375,-21.200498580932617,0.012664944864809513,0.0,70.99724475861103,15360.0
-21.173099517822266,-21.185880661010742,0.012787536717951298,0.0,69.45455027645868,15360.0
-21.183744430541992,-21.195405960083008,0.011665493249893188,0.0,69.50478119107211,15360.0
-21.12082862854004,-21.133089065551758,0.012266135774552822,0.0,88.55262832850126,15360.0
-21.112794876098633,-21.124408721923828,0.011618035845458508,0.0,86.60507902431723,15360.0
-21.1507568359375,-21.160310745239258,0.009552706964313984,0.0,71.36802041170829,15360.0
-21.073801040649414,-21.083162307739258,0.009359694086015224,0.0,101.28684791635804,15360.0
-21.15776252746582,-21.170177459716797,0.012412690557539463,0.0,49.53072650562079,15360.0
-21.032663345336914,-21.049030303955078,0.016360165551304817,0.0,85.87058589041273,15360.0
-21.064929962158203,-21.0848445892334,0.019914789125323296,0.0,90.5632492661072,15360.0
-21.22051239013672,-21.24005699157715,0.019546877592802048,0.0,49.30995485840797,15360.0
-21.06591033935547,-21.08380889892578,0.017904510721564293,0.0,85.65960927062496,15360.0
-21.181541442871094,-21.19874382019043,0.01721218228340149,0.0,75.2724185285597,15360.0
-21.22442626953125,-21.24103546142578,0.016602003946900368,0.0,61.47269696691158,15360.0
-21.19575309753418,-21.213626861572266,0.01787608675658703,0.0,95.6743453049054,15360.0
-21.222278594970703,-21.23801612854004,0.01573498174548149,0.0,65.61998405223203,15360.0
-21.10153579711914,-21.114105224609375,0.012573678977787495,0.0,97.86769008043585,15360.0
-21.1350040435791,-21.144920349121094,0.009913316927850246,0.0,80.1123363178982,15360.0
-21.175060272216797,-21.184024810791016,0.008966347202658653,0.0,92.405112980819,15360.0
-21.212690353393555,-21.22228240966797,0.009582760743796825,0.0,67.94870758192477,15360.0
-21.29776954650879,-21.30900764465332,0.011235680431127548,0.0,67.40084129952743,15360.0
-21.090513229370117,-21.103864669799805,0.01334824226796627,0.0,68.3276340643325,15360.0
-21.136241912841797,-21.151409149169922,0.01516763400286436,0.0,80.39286819037532,15360.0
-21.23282814025879,-21.250537872314453,0.01770869642496109,0.0,75.45103774886982,15360.0
-21.221670150756836,-21.24046516418457,0.0187984611839056,0.0,58.63093288345952,15360.0
-21.102712631225586,-21.1234130859375,0.02069687657058239,0.0,103.25899398009958,15360.0
-21.003944396972656,-21.02640724182129,0.02245824597775936,0.0,94.31096561434424,15360.0
-21.201936721801758,-21.225061416625977,0.023120973259210587,0.0,73.63236254470183,15360.0
-21.09046173095703,-21.10923957824707,0.018772775307297707,0.0,80.55252137348934,15360.0
-21.24864387512207,-21.262624740600586,0.013980782590806484,0.0,67.43250663004768,15360.0
-21.118022918701172,-21.128684997558594,0.010656534694135189,0.0,84.70488190242412,15360.0
-21.157249450683594,-21.169673919677734,0.01242650207132101,0.0,82.34099291566947,15360.0
-21.18880844116211,-21.20294189453125,0.014128592796623707,0.0,65.27304177873101,15360.0
-21.132749557495117,-21.149272918701172,0.016523877158761024,0.0,52.51948785371676,15360.0
-21.1644344329834,-21.186342239379883,0.021904028952121735,0.0,71.28729584799856,15360.0
-21.119157791137695,-21.1456241607666,0.026470445096492767,0.0,56.711569057137915,15360.0
-21.047760009765625,-21.077341079711914,0.029583165422081947,0.0,98.73223305163569,15360.0
-21.119699478149414,-21.150054931640625,0.03036033734679222,0.0,102.83858685479784,15360.0
-21.202838897705078,-21.22990608215332,0.02706584706902504,0.0,62.16038828735468,15360.0
-21.109683990478516,-21.13241958618164,0.022736286744475365,0.0,91.11096619504661,15360.0
-21.191198348999023,-21.207340240478516,0.016146758571267128,0.0,79.82769414179693,15360.0
-21.122133255004883,-21.134681701660156,0.012549731880426407,0.0,70.95358373169793,15360.0
-21.193805694580078,-21.21006965637207,0.016260571777820587,0.0,86.81094141424522,15360.0
-21.20357894897461,-21.222614288330078,0.019036199897527695,0.0,76.64305721286324,15360.0
-21.159473419189453,-21.177827835083008,0.01835501939058304,0.0,91.82773900910081,15360.0
-21.09148406982422,-21.108104705810547,0.016620879992842674,0.0,95.20178753929338,15360.0
-21.125097274780273,-21.139392852783203,0.014295640401542187,0.0,86.51727464242452,15360.0
-21.23314666748047,-21.246309280395508,0.01316696684807539,0.0,66.06518344440529,15360.0
-21.11814308166504,-21.130273818969727,0.012128484435379505,0.0,105.08072969930308,15360.0
-21.171926498413086,-21.183727264404297,0.011799810454249382,0.0,60.726848149605196,15360.0
-21.20556640625,-21.2146053314209,0.00904147420078516,0.0,82.01182446177289,15360.0
-21.219928741455078,-21.229684829711914,0.009754433296620846,0.0,76.59064533281168,15360.0
-21.096059799194336,-21.108081817626953,0.012021016329526901,0.0,78.55621428626755,15360.0
-21.14847755432129,-21.162647247314453,0.014166022650897503,0.0,92.15103789793709,15360.0
-21.213787078857422,-21.229976654052734,0.01619448885321617,0.0,73.44966894819548,15360.0
-20.9865779876709,-21.00233268737793,0.015755314379930496,0.0,130.72345948337883,15360.0
-21.24134063720703,-21.254329681396484,0.012994303368031979,0.0,58.91616513762996,15360.0
-20.96871566772461,-20.979026794433594,0.010306289419531822,0.0,134.42094848058548,15360.0
-21.19902992248535,-21.210660934448242,0.01163417287170887,0.0,79.77194682566287,15360.0
-21.09625244140625,-21.10884666442871,0.012589980848133564,0.0,114.99952822170697,15360.0
-21.150415420532227,-21.165424346923828,0.015006085857748985,0.0,91.20174299013958,15360.0
-21.079957962036133,-21.096296310424805,0.016343364492058754,0.0,79.44888051639751,15360.0
-20.893756866455078,-20.911420822143555,0.017666436731815338,0.0,133.82598899976276,15360.0
-21.008203506469727,-21.02778434753418,0.019576391205191612,0.0,102.59223617329386,15360.0
-21.145692825317383,-21.168664932250977,0.02297399565577507,0.0,102.13951784489137,15360.0
-21.20792579650879,-21.23289680480957,0.024969665333628654,0.0,73.39011614682485,15360.0
-20.972698211669922,-20.9960994720459,0.02340409904718399,0.0,120.70040086514793,15360.0
-21.201311111450195,-21.223461151123047,0.022154171019792557,0.0,80.3348074973038,15360.0
-21.126689910888672,-21.149005889892578,0.022317951545119286,0.0,83.81883451134871,15360.0
-20.988868713378906,-21.008325576782227,0.019455790519714355,0.0,106.81914128607845,15360.0
-21.012897491455078,-21.03055191040039,0.017652247101068497,0.0,98.54726396447265,15360.0
-20.755769729614258,-20.769954681396484,0.014181788079440594,0.0,143.47154164745263,15360.0
-21.177154541015625,-21.190940856933594,0.01378702837973833,0.0,77.43912693947651,15360.0
-21.047788619995117,-21.059558868408203,0.011775162070989609,0.0,105.23256377821926,15360.0
-20.997392654418945,-21.0103702545166,0.012978492304682732,0.0,117.97264394704384,15360.0
-21.190622329711914,-21.20579719543457,0.015174297615885735,0.0,97.4476529277756,15360.0
-20.861875534057617,-20.878957748413086,0.017080746591091156,0.0,127.05063243985879,15360.0
-21.154943466186523,-21.17116928100586,0.016223274171352386,0.0,89.9032308507551,15360.0
-21.01793670654297,-21.03143310546875,0.01349529530853033,0.0,113.7168751730476,15360.0
-20.960979461669922,-20.974245071411133,0.01326469425112009,0.0,128.09175243578434,15360.0
-21.023412704467773,-21.035940170288086,0.012523174285888672,0.0,76.93493687149868,15360.0
-20.863529205322266,-20.87586784362793,0.012339457869529724,0.0,105.52050837507063,15360.0
-20.959062576293945,-20.97129249572754,0.012234783731400967,0.0,110.56425903256309,15360.0
-21.17287254333496,-21.18648338317871,0.0136156240478158,0.0,71.70486325102105,15360.0
-20.89988136291504,-20.911766052246094,0.011884425766766071,0.0,129.6883117837082,15360.0
-21.128488540649414,-21.13960838317871,0.011109629645943642,0.0,82.54683602964354,15360.0
-20.93697738647461,-20.94674301147461,0.009763742797076702,0.0,135.23545953451122,15360.0
-21.071069717407227,-21.083660125732422,0.012595918960869312,0.0,73.75117428248716,15360.0
-21.025915145874023,-21.03931427001953,0.01339687965810299,0.0,92.9006704165629,15360.0
-21.076017379760742,-21.08677101135254,0.010753319598734379,0.0,77.7820388643096,15360.0
-21.08478546142578,-21.0943546295166,0.00957471039146185,0.0,82.20170532909815,15360.0
-21.05733871459961,-21.06550407409668,0.0081672677770257,0.0,95.43270173424125,15360.0
-21.105304718017578,-21.11499786376953,0.009695107117295265,0.0,88.51048123081108,15360.0
-21.099515914916992,-21.108591079711914,0.009080172516405582,0.0,92.92652526416869,15360.0
-21.130535125732422,-21.1409969329834,0.010460572317242622,0.0,71.96092346074451,15360.0
-21.075305938720703,-21.08790397644043,0.012602437287569046,0.0,95.00995889285643,15360.0
-21.19051742553711,-21.20154571533203,0.011029820889234543,0.0,84.44573917987076,15360.0
-21.1583309173584,-21.16888427734375,0.010547836311161518,0.0,70.84905462829279,15360.0
-21.136077880859375,-21.14501190185547,0.008933904580771923,0.0,87.65596650621502,15360.0
-21.288433074951172,-21.298768997192383,0.010333660989999771,0.0,50.78981040585911,15360.0
-21.196821212768555,-21.2050724029541,0.008246381767094135,0.0,79.1332994871449,15360.0
-21.248821258544922,-21.258447647094727,0.009626880288124084,0.0,55.83413783453489,15360.0
-21.296037673950195,-21.304840087890625,0.0088017787784338,0.0,55.76339467618356,15360.0
-21.176902770996094,-21.186161041259766,0.009262621402740479,0.0,62.21323820206311,15360.0
-21.231300354003906,-21.240877151489258,0.009576654061675072,0.0,77.06471365564347,15360.0
-21.263498306274414,-21.272706985473633,0.009215254336595535,0.0,52.11465938297989,15360.0
-21.12415313720703,-21.133869171142578,0.009711041115224361,0.0,92.47159808552495,15360.0
-21.20635223388672,-21.215707778930664,0.009360354393720627,0.0,66.50112195463221,15360.0
-21.254812240600586,-21.262805938720703,0.00799778662621975,0.0,65.50591793359712,15360.0
-21.22653579711914,-21.235260009765625,0.008720409125089645,0.0,69.64253482714945,15360.0
-21.208290100097656,-21.216339111328125,0.008039532229304314,0.0,63.260888090539844,15360.0
-21.295228958129883,-21.304485321044922,0.009256487712264061,0.0,49.23246863204938,15360.0
-21.17501449584961,-21.183794021606445,0.008780245669186115,0.0,90.01981501364372,15360.0
-21.269405364990234,-21.27918815612793,0.009785409085452557,0.0,76.8915853184848,15360.0
-21.268144607543945,-21.278261184692383,0.010118454694747925,0.0,45.81231215294074,15360.0
-21.121030807495117,-21.13129425048828,0.010258283466100693,0.0,102.5350338484159,15360.0
-21.153371810913086,-21.162988662719727,0.009621278382837772,0.0,83.36475883005656,15360.0
-21.215476989746094,-21.224632263183594,0.009152833372354507,0.0,52.99291547908645,15360.0
-20.91547393798828,-20.923667907714844,0.008187739178538322,0.0,129.16334042216226,15360.0
-21.145885467529297,-21.155397415161133,0.009514780715107918,0.0,87.3942193070845,15360.0
-21.209888458251953,-21.220909118652344,0.011021136306226254,0.0,93.80530066048026,15360.0
-20.952293395996094,-20.96312141418457,0.010823155753314495,0.0,127.02221576955489,15360.0
-20.98822593688965,-21.00020980834961,0.011981765739619732,0.0,99.32155113773476,15360.0
-21.124698638916016,-21.141691207885742,0.016988463699817657,0.0,77.24459729822246,15360.0
-21.215415954589844,-21.23454475402832,0.01912943832576275,0.0,65.35067653787863,15360.0
-21.149934768676758,-21.167022705078125,0.017087945714592934,0.0,79.52157516431107,15360.0
-21.21877670288086,-21.234397888183594,0.01562499813735485,0.0,67.37884710800041,15360.0
-21.123098373413086,-21.140296936035156,0.017203686758875847,0.0,79.55051436686426,15360.0
-21.161163330078125,-21.17418670654297,0.01302069891244173,0.0,96.28753282185887,15360.0
-21.1738224029541,-21.185802459716797,0.011978774331510067,0.0,73.0925826721257,15360.0
-21.002225875854492,-21.0128116607666,0.010582992807030678,0.0,113.77033792912445,15360.0
-21.210819244384766,-21.220508575439453,0.009689710102975368,0.0,92.97007367624113,15360.0
-21.305561065673828,-21.317054748535156,0.011498674750328064,0.0,63.822158945688315,15360.0
-21.167325973510742,-21.178194046020508,0.010871294885873795,0.0,103.74168046797861,15360.0
-21.191179275512695,-21.20418357849121,0.01301215123385191,0.0,87.96099684616726,15360.0
-21.37118911743164,-21.38722038269043,0.01603991910815239,0.0,61.77499437688443,15360.0
-21.174047470092773,-21.192758560180664,0.01870565488934517,0.0,87.31827546387386,15360.0
-21.28458023071289,-21.304332733154297,0.019757922738790512,0.0,68.11809432666624,15360.0
-21.254491806030273,-21.27582359313965,0.02132861129939556,0.0,67.87228351611869,15360.0
-21.186717987060547,-21.213720321655273,0.02699609287083149,0.0,87.30162616267714,15360.0
-21.196239471435547,-21.226057052612305,0.029819432646036148,0.0,79.78688795446,15360.0
-21.141393661499023,-21.17546272277832,0.03406709432601929,0.0,100.88824289019632,15360.0
-21.235965728759766,-21.272417068481445,0.03644583374261856,0.0,74.2384902485381,15360.0
-21.230226516723633,-21.26511001586914,0.03488346189260483,0.0,77.07477283147466,15360.0
-21.063114166259766,-21.105939865112305,0.04282868281006813,0.0,96.70235953879357,15360.0
-21.16376495361328,-21.219505310058594,0.05574549734592438,0.0,95.53173607260791,15360.0
-21.20083999633789,-21.27876853942871,0.07792375236749649,0.0,78.78504797835569,15360.0
-20.8167724609375,-20.923667907714844,0.10689646750688553,0.0,148.97788949625766,15360.0
-20.99744415283203,-21.120946884155273,0.12350066751241684,0.0,117.25654133489213,15360.0
-21.20987892150879,-21.313419342041016,0.10354547947645187,0.0,83.78021113350252,15360.0
-20.933561325073242,-20.985864639282227,0.05229991674423218,0.0,132.37981282578167,15360.0
-20.98012924194336,-20.99757194519043,0.017445597797632217,0.0,135.41839191939354,15360.0
-21.04768180847168,-21.07553482055664,0.02784796617925167,0.0,103.40724861371069,15360.0
-21.056861877441406,-21.110279083251953,0.053412675857543945,0.0,105.99484674777698,15360.0
-20.894136428833008,-20.947607040405273,0.05346832424402237,0.0,127.85689519758226,15360.0
-21.077253341674805,-21.10030174255371,0.02304902859032154,0.0,97.43245296402895,15360.0
-21.160106658935547,-21.172901153564453,0.012787532061338425,0.0,82.53245236037053,15360.0
-21.04678726196289,-21.07788848876953,0.03110203891992569,0.0,122.0143789156238,15360.0
-21.19424819946289,-21.23719024658203,0.042947955429553986,0.0,85.71799295366903,15360.0
-21.078296661376953,-21.106441497802734,0.028149278834462166,0.0,99.3930044528927,15360.0
-21.02102279663086,-21.034576416015625,0.013558636419475079,0.0,120.2596625075117,15360.0
-21.23154067993164,-21.24969482421875,0.018153125420212746,0.0,60.696150395836774,15360.0
-21.104551315307617,-21.134477615356445,0.029927663505077362,0.0,92.27055391950339,15360.0
-21.084434509277344,-21.105684280395508,0.021249879151582718,0.0,100.60573751987519,15360.0
-21.32452964782715,-21.335241317749023,0.010705064982175827,0.0,54.25991896274434,15360.0
-21.12183952331543,-21.13759422302246,0.01575564406812191,0.0,109.71296860427248,15360.0
-21.22188377380371,-21.24363899230957,0.02175586111843586,0.0,79.54290350592126,15360.0
-21.246564865112305,-21.266185760498047,0.019628526642918587,0.0,68.62674038503175,15360.0
-21.239892959594727,-21.250804901123047,0.010906937532126904,0.0,77.44841612063273,15360.0
-21.345338821411133,-21.355777740478516,0.010440086014568806,0.0,42.45439647038321,15360.0
-21.267677307128906,-21.284204483032227,0.016524523496627808,0.0,64.70363688545267,15360.0
-21.313589096069336,-21.32718276977539,0.013597759418189526,0.0,52.12295025395761,15360.0
-21.252099990844727,-21.2627010345459,0.010602653957903385,0.0,57.8635312474518,15360.0
-21.164363861083984,-21.17683982849121,0.01247625332325697,0.0,99.99904437533036,15360.0
-21.244831085205078,-21.261613845825195,0.016782796010375023,0.0,48.39870815312197,15360.0
-21.21749496459961,-21.23390007019043,0.016406146809458733,0.0,79.97808155131092,15360.0
-21.22907257080078,-21.238826751708984,0.00975574366748333,0.0,78.62332214507158,15360.0
-21.3392333984375,-21.347639083862305,0.008404134772717953,0.0,65.7893370649987,15360.0
-21.11455535888672,-21.12894630432129,0.014390918426215649,0.0,107.52103238304537,15360.0
-21.274436950683594,-21.290203094482422,0.01576704904437065,0.0,88.35441201953195,15360.0
-21.31402587890625,-21.324970245361328,0.010943204164505005,0.0,55.54800500764515,15360.0
-21.247161865234375,-21.25548553466797,0.008317734114825726,0.0,93.79821047534575,15360.0
-21.247018814086914,-21.25708770751953,0.010068551637232304,0.0,57.9548113639928,15360.0
-21.26668930053711,-21.27895736694336,0.012269559316337109,0.0,73.45911694074604,15360.0
-21.26416015625,-21.273799896240234,0.009639350697398186,0.0,68.48871604100417,15360.0
-21.325918197631836,-21.334012985229492,0.008079600520431995,0.0,60.910997805355215,15360.0
-21.23967170715332,-21.247901916503906,0.00822813343256712,0.0,66.25547967154812,15360.0
-21.22931480407715,-21.23774528503418,0.008422872982919216,0.0,90.31341518740294,15360.0
-21.319965362548828,-21.329652786254883,0.009686267003417015,0.0,50.12857158360856,15360.0
-21.254268646240234,-21.263492584228516,0.009226303547620773,0.0,87.06283675435817,15360.0
-21.35503387451172,-21.363025665283203,0.007990327663719654,0.0,63.64380687745408,15360.0
-21.366474151611328,-21.37805938720703,0.011589099653065205,0.0,54.94628046231802,15360.0
-21.228240966796875,-21.240291595458984,0.012051287107169628,0.0,75.03634243786314,15360.0
-21.361671447753906,-21.37021827697754,0.008545699529349804,0.0,53.35521761365278,15360.0
-21.35853385925293,-21.367273330688477,0.008736925199627876,0.0,49.32499785237309,15360.0
-21.269916534423828,-21.279682159423828,0.009761803783476353,0.0,72.35500732702891,15360.0
-21.334619522094727,-21.343446731567383,0.008830519393086433,0.0,67.23537357608697,15360.0
-21.262853622436523,-21.27200698852539,0.009156238287687302,0.0,63.80510778163009,15360.0
-21.3330020904541,-21.34117889404297,0.008175411261618137,0.0,75.73628651971902,15360.0
-21.28700065612793,-21.29486083984375,0.00786965899169445,0.0,59.75256289703831,15360.0
-21.382699966430664,-21.39210319519043,0.00940656941384077,0.0,55.439983251191194,15360.0
-21.339221954345703,-21.3485050201416,0.009279296733438969,0.0,61.61885089789766,15360.0
-21.35700035095215,-21.36545753479004,0.00845489464700222,0.0,63.699965181066034,15360.0
-21.42158317565918,-21.429893493652344,0.00831049308180809,0.0,41.12595767061024,15360.0
-21.435489654541016,-21.444561004638672,0.00907954853028059,0.0,51.20182263773023,15360.0
-21.38786506652832,-21.396671295166016,0.008808706887066364,0.0,36.793145238831976,15360.0
-21.40991973876953,-21.41727066040039,0.007352274842560291,0.0,53.091939134825644,15360.0
-21.434417724609375,-21.441370010375977,0.006956302095204592,0.0,39.83263968545531,15360.0
-21.39719581604004,-21.404386520385742,0.0071894023567438126,0.0,48.82601785466429,15360.0
-21.40066146850586,-21.40874481201172,0.008084156550467014,0.0,60.12490341642306,15360.0
-21.394346237182617,-21.402917861938477,0.008572991006076336,0.0,56.01520273475507,15360.0
-21.393518447875977,-21.40218734741211,0.00866827741265297,0.0,66.15273499875775,15360.0
-21.409452438354492,-21.417797088623047,0.00834488496184349,0.0,53.62914806680594,15360.0
-21.425588607788086,-21.433977127075195,0.00839001964777708,0.0,51.8085182163958,15360.0
-21.43453025817871,-21.44212532043457,0.0075981090776622295,0.0,51.12012380496537,15360.0
-21.402544021606445,-21.4095401763916,0.0070034172385931015,0.0,54.01612259011698,15360.0
-21.418481826782227,-21.426313400268555,0.007839720696210861,0.0,41.07960236030915,15360.0
-21.40865707397461,-21.417457580566406,0.008795095607638359,0.0,68.62877333135663,15360.0
-21.4538631439209,-21.464006423950195,0.01013900339603424,0.0,47.21395127572264,15360.0
-21.35208511352539,-21.361703872680664,0.009624789468944073,0.0,62.8353760845042,15360.0
-21.37364387512207,-21.3841552734375,0.010516042821109295,0.0,59.49586774988598,15360.0
-21.36972999572754,-21.37952423095703,0.009791377931833267,0.0,64.15157043252894,15360.0
-21.3212833404541,-21.32917594909668,0.00789173785597086,0.0,92.14187464099871,15360.0
-21.37162208557129,-21.379329681396484,0.00770834693685174,0.0,61.532234969073734,15360.0
-21.31633758544922,-21.325223922729492,0.008883998729288578,0.0,84.2783648596349,15360.0
-21.355215072631836,-21.36561393737793,0.010406557470560074,0.0,68.61351230303866,15360.0
-21.273542404174805,-21.283634185791016,0.010090352967381477,0.0,95.30380107703246,15360.0
-21.383037567138672,-21.39338493347168,0.010351087898015976,0.0,72.82503093576067,15360.0
-21.249269485473633,-21.25845718383789,0.009189150296151638,0.0,113.81663264056493,15360.0
-21.28114891052246,-21.2904052734375,0.009261185303330421,0.0,85.62700250767797,15360.0
-21.122806549072266,-21.132070541381836,0.009265548549592495,0.0,115.62656735443448,15360.0
-21.281877517700195,-21.29080581665039,0.008922445587813854,0.0,79.15306398690952,15360.0
-21.282014846801758,-21.29180908203125,0.009799269959330559,0.0,86.68384837373628,15360.0
-21.1582088470459,-21.17028045654297,0.012070351280272007,0.0,111.76547085310771,15360.0
-21.198816299438477,-21.21222496032715,0.013411243446171284,0.0,102.39039915545746,15360.0
-21.227136611938477,-21.23992347717285,0.012781573459506035,0.0,86.19037078793009,15360.0
-21.16734504699707,-21.17882537841797,0.011477958410978317,0.0,120.83738760017039,15360.0
-21.20101547241211,-21.20966339111328,0.008647141046822071,0.0,101.75838727261673,15360.0
-21.30975914001465,-21.320241928100586,0.010481315664947033,0.0,94.4952383468325,15360.0
-21.294755935668945,-21.305768966674805,0.011014673858880997,0.0,78.48857233822288,15360.0
-21.1972599029541,-21.20732307434082,0.010060016065835953,0.0,116.59740295734575,15360.0
-21.25257110595703,-21.261531829833984,0.008962422609329224,0.0,80.77383821487687,15360.0
-21.312768936157227,-21.32392692565918,0.011157182976603508,0.0,83.54572619707191,15360.0
-21.277469635009766,-21.28875160217285,0.01127676572650671,0.0,88.71931047235107,15360.0
-21.1827392578125,-21.195959091186523,0.013221719302237034,0.0,98.53726480378181,15360.0
-21.386962890625,-21.398839950561523,0.011875762604176998,0.0,43.03047682866948,15360.0
-21.273937225341797,-21.28620719909668,0.012276996858417988,0.0,93.35315508939203,15360.0
-21.36069107055664,-21.371585845947266,0.010890651494264603,0.0,59.47147693061068,15360.0
-21.286937713623047,-21.296480178833008,0.009537632577121258,0.0,79.69701876075399,15360.0
-21.30631446838379,-21.31488800048828,0.008575813844799995,0.0,81.61565897291737,15360.0
-21.340911865234375,-21.35042381286621,0.009510369040071964,0.0,62.02523786728419,15360.0
-21.27053451538086,-21.27944564819336,0.008905152790248394,0.0,93.2783099322715,15360.0
-21.31150245666504,-21.32025718688965,0.008762844838202,0.0,48.50475834348164,15360.0
-21.227094650268555,-21.236467361450195,0.00936840008944273,0.0,95.29608585377281,15360.0
-21.388370513916016,-21.399803161621094,0.011437514796853065,0.0,55.30429867747448,15360.0
-21.348453521728516,-21.360313415527344,0.01186293177306652,0.0,75.02538978674897,15360.0
-21.277963638305664,-21.288400650024414,0.01043572649359703,0.0,64.41676726710662,15360.0
-21.416383743286133,-21.426576614379883,0.010191288776695728,0.0,44.01115135831506,15360.0
-21.323143005371094,-21.33344841003418,0.010306060314178467,0.0,51.22544594639318,15360.0
-21.35114288330078,-21.359777450561523,0.008632468059659004,0.0,61.28810130948138,15360.0
-21.28448486328125,-21.29228401184082,0.007800043094903231,0.0,87.62140253951145,15360.0
-21.41022300720215,-21.419633865356445,0.009409705176949501,0.0,66.03821172598497,15360.0
-21.3458309173584,-21.356233596801758,0.010408113710582256,0.0,75.55361329871329,15360.0
-21.374584197998047,-21.384113311767578,0.009515332989394665,0.0,57.12329942370228,15360.0
-21.326934814453125,-21.336204528808594,0.00927053950726986,0.0,79.26173026215895,15360.0
-21.35866355895996,-21.368732452392578,0.010067218914628029,0.0,61.62034405557646,15360.0
-21.378803253173828,-21.38925552368164,0.010454205796122551,0.0,71.4395287891978,15360.0
-21.37728500366211,-21.3887882232666,0.011503966525197029,0.0,72.85107576420043,15360.0
-21.407501220703125,-21.4205322265625,0.013028871268033981,0.0,41.74613673545819,15360.0
-21.40884780883789,-21.423860549926758,0.015013772994279861,0.0,63.95014608181822,15360.0
-21.385089874267578,-21.400615692138672,0.015528355725109577,0.0,50.71254619509664,15360.0
-21.418790817260742,-21.435029983520508,0.016237657517194748,0.0,60.22306326792887,15360.0
-21.44379997253418,-21.45853614807129,0.014735489152371883,0.0,41.00421987090752,15360.0
-21.4006404876709,-21.41402816772461,0.013388129882514477,0.0,61.28310861189339,15360.0
-21.40409278869629,-21.416845321655273,0.012752595357596874,0.0,55.12694003848026,15360.0
-21.418119430541992,-21.432209014892578,0.014089534990489483,0.0,53.03070523304252,15360.0
-21.367765426635742,-21.386157989501953,0.01839510165154934,0.0,77.35923453738832,15360.0
-21.329557418823242,-21.355792999267578,0.026240987703204155,0.0,66.64594643811577,15360.0
-21.442777633666992,-21.479461669921875,0.036676742136478424,0.0,68.20812656642947,15360.0
-21.392728805541992,-21.44136619567871,0.04863782227039337,0.0,71.69938391934863,15360.0
-21.313695907592773,-21.36958885192871,0.05589253827929497,0.0,83.4778683638182,15360.0
-21.334138870239258,-21.396060943603516,0.061925794929265976,0.0,78.58356760715358,15360.0
-21.35813331604004,-21.428903579711914,0.07077433913946152,0.0,75.88642526625777,15360.0
-21.283802032470703,-21.353107452392578,0.06929894536733627,0.0,79.23948349110488,15360.0
-21.379945755004883,-21.4304141998291,0.05046730861067772,0.0,65.6613221910849,15360.0
-21.354352951049805,-21.3885498046875,0.03418854996562004,0.0,68.84947627903198,15360.0
-21.355741500854492,-21.377727508544922,0.02199590392410755,0.0,88.17902400929295,15360.0
-21.44541358947754,-21.463966369628906,0.018549852073192596,0.0,47.617138835182146,15360.0
-21.42955207824707,-21.45310401916504,0.02355153113603592,0.0,58.55363616842656,15360.0
-21.31058120727539,-21.341272354125977,0.030679477378726006,0.0,67.23500973937368,15360.0
-21.333703994750977,-21.363866806030273,0.030160944908857346,0.0,70.4326469172354,15360.0
-21.380510330200195,-21.402793884277344,0.022282199934124947,0.0,66.67217450064432,15360.0
-21.36821937561035,-21.383960723876953,0.01574542745947838,0.0,72.02069289226289,15360.0
-21.386253356933594,-21.406068801879883,0.01981697604060173,0.0,53.265222076410176,15360.0
-21.32805824279785,-21.355724334716797,0.02766895852982998,0.0,79.43126858820924,15360.0
-21.32197380065918,-21.348926544189453,0.02694764919579029,0.0,94.22015329173482,15360.0
-21.304954528808594,-21.3250732421875,0.020120836794376373,0.0,74.0239327809175,15360.0
-21.366291046142578,-21.383962631225586,0.01767311617732048,0.0,81.30354978603098,15360.0
-21.366971969604492,-21.385684967041016,0.01871059648692608,0.0,81.14655840646505,15360.0
-21.41193389892578,-21.429542541503906,0.017603056505322456,0.0,49.47637868068733,15360.0
-21.296417236328125,-21.312772750854492,0.01634981483221054,0.0,75.46255860096356,15360.0
-21.39194679260254,-21.406221389770508,0.014268499799072742,0.0,66.88142968924927,15360.0
-21.384931564331055,-21.39942169189453,0.014488538727164268,0.0,56.77462301301926,15360.0
-21.334522247314453,-21.348079681396484,0.013556597754359245,0.0,80.42287260343215,15360.0
-21.357715606689453,-21.370634078979492,0.012919997796416283,0.0,58.47377901676169,15360.0
-21.45675277709961,-21.46844482421875,0.01169050857424736,0.0,38.942357033155915,15360.0
-21.425174713134766,-21.435758590698242,0.010584603063762188,0.0,43.05960248051227,15360.0
-21.445301055908203,-21.454084396362305,0.008783088997006416,0.0,46.154167362575556,15360.0
-21.43806266784668,-21.447999954223633,0.009932008571922779,0.0,41.10498911639395,15360.0
-21.399877548217773,-21.412336349487305,0.01245976984500885,0.0,67.83122149037801,15360.0
-21.407398223876953,-21.419652938842773,0.012253901921212673,0.0,54.299515610194995,15360.0
-21.42540740966797,-21.436363220214844,0.01095490250736475,0.0,65.62986513415149,15360.0
-21.42190170288086,-21.429697036743164,0.007793799042701721,0.0,60.08087035968941,15360.0
-21.44829750061035,-21.45648956298828,0.008190982043743134,0.0,51.96591229532703,15360.0
-21.38974380493164,-21.399137496948242,0.009391517378389835,0.0,76.9899050499714,15360.0
-21.379735946655273,-21.390535354614258,0.010797982104122639,0.0,67.98482812850015,15360.0
-21.430261611938477,-21.441265106201172,0.010996518656611443,0.0,63.79349692308816,15360.0
-21.37567901611328,-21.38473892211914,0.009062200784683228,0.0,57.241539427855024,15360.0
-21.38612174987793,-21.393848419189453,0.007726113311946392,0.0,64.9041745193853,15360.0
-21.438974380493164,-21.44841194152832,0.009426937438547611,0.0,57.3767295772316,15360.0
-21.436620712280273,-21.44782257080078,0.011202403344213963,0.0,71.03836462037468,15360.0
-21.44441032409668,-21.454587936401367,0.010180811397731304,0.0,58.704178116103854,15360.0
-21.416492462158203,-21.425861358642578,0.009368686005473137,0.0,55.67962136572702,15360.0
-21.401477813720703,-21.40949249267578,0.008014652878046036,0.0,59.249716267227555,15360.0
-21.396602630615234,-21.40345001220703,0.006840929388999939,0.0,56.06932187034312,15360.0
-21.39759063720703,-21.404720306396484,0.007128521334379911,0.0,66.52298663696904,15360.0
-21.384004592895508,-21.391904830932617,0.007900087162852287,0.0,75.84006119048604,15360.0
-21.431884765625,-21.440326690673828,0.00845063105225563,0.0,57.390969482592155,15360.0
-21.377656936645508,-21.387027740478516,0.009373723529279232,0.0,84.59921729438724,15360.0
-21.337045669555664,-21.345186233520508,0.008139503188431263,0.0,71.10873189677818,15360.0
-21.37649154663086,-21.38373565673828,0.00724078668281436,0.0,94.53043598001769,15360.0
-21.30360984802246,-21.313251495361328,0.009644458070397377,0.0,101.38173127532501,15360.0
-21.36210823059082,-21.373353958129883,0.011245029978454113,0.0,82.57733723381253,15360.0
-21.377044677734375,-21.387598037719727,0.010552361607551575,0.0,72.85256266822985,15360.0
-21.4383544921875,-21.44718360900879,0.008831487037241459,0.0,66.05751639247637,15360.0
-21.38079261779785,-21.388601303100586,0.007803613785654306,0.0,73.31126152578082,15360.0
-21.39771842956543,-21.40485954284668,0.007141845300793648,0.0,72.7634313539128,15360.0
-21.4011287689209,-21.40935516357422,0.008223281241953373,0.0,58.991641500279165,15360.0
-21.31580352783203,-21.324308395385742,0.008507892489433289,0.0,87.07279343304195,15360.0
-21.34766387939453,-21.357196807861328,0.009526360780000687,0.0,65.26935686057706,15360.0
-21.377086639404297,-21.385942459106445,0.008850076235830784,0.0,80.18636786502593,15360.0
-21.37778091430664,-21.38487434387207,0.007095435168594122,0.0,82.15124043823275,15360.0
-21.401206970214844,-21.40809440612793,0.006878468673676252,0.0,56.743691235506084,15360.0
-21.34408950805664,-21.35141372680664,0.007325377780944109,0.0,91.66745610639558,15360.0
-21.40115737915039,-21.4094181060791,0.008262946270406246,0.0,65.69126345746,15360.0
-21.39496421813965,-21.403684616088867,0.008717386052012444,0.0,74.31793822509485,15360.0
-21.307714462280273,-21.31541633605957,0.007697499822825193,0.0,99.13279955956236,15360.0
-21.261072158813477,-21.269229888916016,0.008158804848790169,0.0,91.99467007277626,15360.0
-21.259199142456055,-21.26786994934082,0.008671579882502556,0.0,118.69299289362121,15360.0
-21.349790573120117,-21.35769271850586,0.007900326512753963,0.0,73.5712697888137,15360.0
-21.271326065063477,-21.28013801574707,0.008812849409878254,0.0,102.59471831343292,15360.0
-21.25453758239746,-21.26287078857422,0.00833699107170105,0.0,91.25668095718156,15360.0
-21.336936950683594,-21.345766067504883,0.008823343552649021,0.0,92.91226498827027,15360.0
-21.190052032470703,-21.20066261291504,0.010611145757138729,0.0,102.7583885596574,15360.0
-21.223230361938477,-21.234281539916992,0.01105888094753027,0.0,112.4487777691267,15360.0
-21.30365562438965,-21.315561294555664,0.011905101127922535,0.0,74.77810199400825,15360.0
-21.181459426879883,-21.19489097595215,0.013421944342553616,0.0,114.90714955541473,15360.0
-21.325843811035156,-21.337400436401367,0.011552312411367893,0.0,78.55874913330963,15360.0
-21.423412322998047,-21.432645797729492,0.009236041456460953,0.0,66.99781254688178,15360.0
-21.310855865478516,-21.3195858001709,0.00872506108134985,0.0,74.57156355949304,15360.0
-21.21408462524414,-21.223920822143555,0.009835019707679749,0.0,105.64573253130797,15360.0
-21.38748550415039,-21.40174674987793,0.014257474802434444,0.0,57.630406474957695,15360.0
-21.219079971313477,-21.236013412475586,0.01693691872060299,0.0,85.46637626114271,15360.0
-21.241546630859375,-21.255788803100586,0.014242777600884438,0.0,90.56262868814474,15360.0
-21.338817596435547,-21.348102569580078,0.009289904497563839,0.0,78.33361589796439,15360.0
-21.200822830200195,-21.20992088317871,0.009096627123653889,0.0,97.11441021458917,15360.0
-21.07819366455078,-21.089427947998047,0.011234491132199764,0.0,131.43360227841114,15360.0
-21.22888946533203,-21.239763259887695,0.010861252434551716,0.0,97.0434922311001,15360.0
-21.241594314575195,-21.252254486083984,0.010658861137926579,0.0,98.79818869317242,15360.0
-21.212980270385742,-21.223424911499023,0.010437666438519955,0.0,100.5491103808693,15360.0
-21.284626007080078,-21.293371200561523,0.008745772764086723,0.0,81.84502718540658,15360.0
-21.31965446472168,-21.329389572143555,0.00973198190331459,0.0,86.26159279785922,15360.0
-21.29553985595703,-21.306102752685547,0.010564321652054787,0.0,75.43366552734204,15360.0
-21.307573318481445,-21.31751251220703,0.009937901981174946,0.0,78.67494018671337,15360.0
-21.13920783996582,-21.150978088378906,0.011770755983889103,0.0,112.21003977474594,15360.0
-21.29889488220215,-21.309417724609375,0.010524040088057518,0.0,80.52808458091073,15360.0
-21.210636138916016,-21.221179962158203,0.010541736148297787,0.0,100.56643469918762,15360.0
-21.255239486694336,-21.26601791381836,0.010777702555060387,0.0,103.53979827526506,15360.0
-21.18351173400879,-21.19478988647461,0.011281552724540234,0.0,110.57543458028935,15360.0
-21.20059585571289,-21.21043586730957,0.009836997836828232,0.0,107.28124709141358,15360.0
-21.181901931762695,-21.195838928222656,0.01394360326230526,0.0,113.94496222295756,15360.0
-21.266693115234375,-21.281709671020508,0.015018502250313759,0.0,74.73352860594163,15360.0
-21.081777572631836,-21.09820556640625,0.01643090695142746,0.0,81.55624301402992,15360.0
-21.218416213989258,-21.234058380126953,0.015634922310709953,0.0,91.0058374051893,15360.0
-21.1658935546875,-21.17857551574707,0.012686384841799736,0.0,74.97056187958069,15360.0
-21.29750633239746,-21.310007095336914,0.012501925230026245,0.0,95.28710381723046,15360.0
-21.129764556884766,-21.142406463623047,0.01263910811394453,0.0,96.21674172030993,15360.0
-21.160123825073242,-21.171159744262695,0.0110389469191432,0.0,99.72617387617726,15360.0
-21.067251205444336,-21.07636070251465,0.009111582301557064,0.0,110.87305447156035,15360.0
-21.30581283569336,-21.31622314453125,0.010408981703221798,0.0,86.7880892512432,15360.0
-21.24122428894043,-21.25163459777832,0.010408053174614906,0.0,89.34881346033475,15360.0
-21.18841552734375,-21.1984806060791,0.010065051726996899,0.0,88.308219523078,15360.0
-21.255897521972656,-21.26374053955078,0.007845989428460598,0.0,84.60454000244553,15360.0
-21.23583221435547,-21.244340896606445,0.00851154699921608,0.0,78.1441460024174,15360.0
-21.278648376464844,-21.286190032958984,0.007546513807028532,0.0,91.66035913758495,15360.0
-21.319568634033203,-21.328678131103516,0.009109490551054478,0.0,86.57909293398862,15360.0
-21.331615447998047,-21.34136962890625,0.009757056832313538,0.0,86.86023418160944,15360.0
-21.36993408203125,-21.38237953186035,0.012445634230971336,0.0,65.20765360396497,15360.0
-21.314754486083984,-21.32783317565918,0.013086868450045586,0.0,82.61945339311328,15360.0
-21.33203887939453,-21.343524932861328,0.01148201059550047,0.0,70.80024474587293,15360.0
-21.34354591369629,-21.352815628051758,0.009261900559067726,0.0,54.16598073463115,15360.0
-21.407108306884766,-21.415019989013672,0.007910109125077724,0.0,56.723810904435105,15360.0
-21.385509490966797,-21.394073486328125,0.008564254269003868,0.0,65.85788833269966,15360.0
-21.35619354248047,-21.36440086364746,0.008213493973016739,0.0,72.76352249446916,15360.0
-21.359256744384766,-21.36724090576172,0.007981126196682453,0.0,71.11310849569492,15360.0
-21.409189224243164,-21.416521072387695,0.007324298843741417,0.0,69.19923652766805,15360.0
-21.307947158813477,-21.31608772277832,0.008137823082506657,0.0,61.591505387690404,15360.0
-21.30768585205078,-21.315793991088867,0.008110507391393185,0.0,86.27910229543723,15360.0
-21.455869674682617,-21.464468002319336,0.00859448965638876,0.0,46.90660691239408,15360.0
-21.321815490722656,-21.330265045166016,0.00844691414386034,0.0,90.49225891735753,15360.0
-21.378923416137695,-21.388282775878906,0.009363429620862007,0.0,57.76530146742305,15360.0
-21.398107528686523,-21.40780258178711,0.009697291068732738,0.0,83.67545313949896,15360.0
-21.390666961669922,-21.399152755737305,0.008479458279907703,0.0,70.93715431013752,15360.0
-21.33768081665039,-21.346168518066406,0.008490965701639652,0.0,66.26171346314396,15360.0
-21.322315216064453,-21.331241607666016,0.008924225345253944,0.0,73.56254498829362,15360.0
-21.30883026123047,-21.31879997253418,0.009963315911591053,0.0,68.94862102511306,15360.0
-21.308860778808594,-21.319063186645508,0.0101990457624197,0.0,88.13598588211019,15360.0
-21.298864364624023,-21.31008529663086,0.011214371770620346,0.0,91.66962073085612,15360.0
-21.311967849731445,-21.323152542114258,0.011183775030076504,0.0,99.40110007786002,15360.0
-21.27941131591797,-21.293182373046875,0.013771568424999714,0.0,84.12740498399698,15360.0
-21.21857452392578,-21.23546600341797,0.016885288059711456,0.0,97.09000050221866,15360.0
-21.279203414916992,-21.299072265625,0.01986648514866829,0.0,78.17411527558943,15360.0
-21.282747268676758,-21.306610107421875,0.023861229419708252,0.0,72.141240411523,15360.0
-21.180828094482422,-21.206764221191406,0.02594156190752983,0.0,97.54121950025781,15360.0
-21.21222496032715,-21.237335205078125,0.025107750669121742,0.0,85.3756232022731,15360.0
-21.159025192260742,-21.183727264404297,0.024702901020646095,0.0,133.03056686391508,15360.0
-21.349857330322266,-21.372648239135742,0.022793607786297798,0.0,71.33403401467392,15360.0
-21.22920036315918,-21.25086784362793,0.021667253226041794,0.0,117.83692312282122,15360.0
-21.262632369995117,-21.282573699951172,0.019939308986067772,0.0,93.22631020200812,15360.0
-21.28736686706543,-21.305355072021484,0.01798919402062893,0.0,86.65103218455091,15360.0
-21.200191497802734,-21.214738845825195,0.014544487930834293,0.0,98.88831764020914,15360.0
-21.335065841674805,-21.34980010986328,0.014729049056768417,0.0,94.72096132377465,15360.0
-21.265260696411133,-21.28131103515625,0.016050349920988083,0.0,65.47248343894084,15360.0
-21.273523330688477,-21.292869567871094,0.019347477704286575,0.0,92.83835023640594,15360.0
-21.39863395690918,-21.419443130493164,0.020810527727007866,0.0,66.93077401918454,15360.0
-21.29459571838379,-21.31576919555664,0.02117445319890976,0.0,74.18645426252458,15360.0
-21.29267120361328,-21.314428329467773,0.02175876311957836,0.0,87.25758762454232,15360.0
-21.30906105041504,-21.324787139892578,0.01572287827730179,0.0,63.285712506397736,15360.0
-21.243892669677734,-21.255435943603516,0.011546775698661804,0.0,94.09604183806434,15360.0
-21.293245315551758,-21.303003311157227,0.009762848727405071,0.0,86.83224312729742,15360.0
-21.22784996032715,-21.237916946411133,0.01006374228745699,0.0,98.10471790502348,15360.0
-21.369701385498047,-21.382970809936523,0.013265942223370075,0.0,82.4303439304397,15360.0
-21.22929573059082,-21.24325180053711,0.013961464166641235,0.0,95.96036806010927,15360.0
-21.200687408447266,-21.212154388427734,0.011469722725450993,0.0,100.7514067848792,15360.0
-21.292924880981445,-21.302106857299805,0.00917734857648611,0.0,67.31946970627031,15360.0
-21.112152099609375,-21.119770050048828,0.0076149157248437405,0.0,108.71612572516474,15360.0
-21.266658782958984,-21.274133682250977,0.007479856256395578,0.0,80.8977420273306,15360.0
-21.30130958557129,-21.31178855895996,0.010477281175553799,0.0,71.05506073631994,15360.0
-21.260210037231445,-21.27025032043457,0.010041200555860996,0.0,79.96909853037616,15360.0
-21.272544860839844,-21.2813720703125,0.00882605742663145,0.0,91.9581320773987,15360.0
-21.410852432250977,-21.419485092163086,0.00862818118184805,0.0,74.46576990695347,15360.0
-21.327327728271484,-21.337575912475586,0.010248874314129353,0.0,70.3539929164151,15360.0
-21.329599380493164,-21.342988967895508,0.013378583826124668,0.0,52.199408546603856,15360.0
-21.361724853515625,-21.374889373779297,0.013166088610887527,0.0,69.17992706112805,15360.0
-21.360239028930664,-21.3746337890625,0.014387927018105984,0.0,51.19173307904281,15360.0
-21.332401275634766,-21.346721649169922,0.01431638840585947,0.0,54.99542690517392,15360.0
-21.348726272583008,-21.359657287597656,0.010931242257356644,0.0,62.87543140791119,15360.0
-21.341562271118164,-21.350866317749023,0.009300061501562595,0.0,54.44632251029757,15360.0
-21.302518844604492,-21.310733795166016,0.008214653469622135,0.0,74.96087872031971,15360.0
-21.30777931213379,-21.3165225982666,0.008740438148379326,0.0,70.03654211489491,15360.0
-21.263795852661133,-21.272724151611328,0.008922944776713848,0.0,81.3894532450926,15360.0
-21.26430892944336,-21.27339744567871,0.009089854545891285,0.0,96.25266888986371,15360.0
-21.133752822875977,-21.14249038696289,0.008736927062273026,0.0,115.06166641283312,15360.0
-21.316715240478516,-21.325685501098633,0.008972788229584694,0.0,86.82195570029425,15360.0
-21.345510482788086,-21.354921340942383,0.00941919069737196,0.0,73.22431921148011,15360.0
-21.25933837890625,-21.268220901489258,0.00889143068343401,0.0,91.35457774305235,15360.0
-21.289846420288086,-21.299083709716797,0.009239335544407368,0.0,67.77173362946534,15360.0
-21.316387176513672,-21.327171325683594,0.010784474201500416,0.0,63.750918805437905,15360.0
-21.354944229125977,-21.368173599243164,0.013220543041825294,0.0,62.85707585983443,15360.0
-21.452381134033203,-21.466276168823242,0.013898178935050964,0.0,57.65641915038865,15360.0
-21.319852828979492,-21.333574295043945,0.013724134303629398,0.0,57.101349576716146,15360.0
-21.364736557006836,-21.377613067626953,0.012871590442955494,0.0,59.267300369862255,15360.0
-21.343351364135742,-21.352216720581055,0.008862821385264397,0.0,55.52194343964946,15360.0
-21.381580352783203,-21.389747619628906,0.008172320201992989,0.0,62.31977756258683,15360.0
-21.40694236755371,-21.41560173034668,0.008660008199512959,0.0,52.28368284886874,15360.0
-21.38404655456543,-21.393054962158203,0.009006855078041553,0.0,67.20950469795008,15360.0
-21.344818115234375,-21.355194091796875,0.010376891121268272,0.0,69.74368089043438,15360.0
-21.347564697265625,-21.35733985900879,0.009775924496352673,0.0,49.78983553146329,15360.0
-21.417009353637695,-21.42685890197754,0.009856103919446468,0.0,64.57562290007755,15360.0
-21.284564971923828,-21.293439865112305,0.008871855214238167,0.0,75.98856790940944,15360.0
-21.287944793701172,-21.295637130737305,0.00768836447969079,0.0,72.9025952785581,15360.0
-21.432432174682617,-21.442359924316406,0.00992831215262413,0.0,63.0307030996913,15360.0
-21.341819763183594,-21.351728439331055,0.009911244735121727,0.0,69.41320160312476,15360.0
-21.367815017700195,-21.37742042541504,0.009611011482775211,0.0,58.14327330168126,15360.0
-21.311796188354492,-21.323205947875977,0.011413057334721088,0.0,72.09045992457062,15360.0
-21.4141845703125,-21.427770614624023,0.013593657873570919,0.0,55.73294879623333,15360.0
-21.378366470336914,-21.39240837097168,0.014048206619918346,0.0,55.93026614962869,15360.0
-21.32958221435547,-21.345130920410156,0.0155489481985569,0.0,61.369112315267174,15360.0
-21.38455581665039,-21.4025936126709,0.018037833273410797,0.0,60.96181395136588,15360.0
-21.26648712158203,-21.287349700927734,0.020866410806775093,0.0,92.69751938145444,15360.0
-21.290828704833984,-21.315120697021484,0.024291278794407845,0.0,90.75856809462336,15360.0
-21.309823989868164,-21.340251922607422,0.03042849712073803,0.0,88.54506830757278,15360.0
-21.210243225097656,-21.252321243286133,0.0420709103345871,0.0,86.57283656060912,15360.0
-21.298391342163086,-21.35089874267578,0.052510444074869156,0.0,93.17737920649942,15360.0
-21.30018424987793,-21.355167388916016,0.05498295649886131,0.0,61.31066131924239,15360.0
-21.236101150512695,-21.291879653930664,0.05577963590621948,0.0,94.01706494053894,15360.0
-21.36402130126953,-21.422025680541992,0.058012787252664566,0.0,58.68591568179795,15360.0
-21.224761962890625,-21.271060943603516,0.04629860818386078,0.0,103.89456910806527,15360.0
-21.266069412231445,-21.29601287841797,0.02994566410779953,0.0,76.00043188726374,15360.0
-21.337026596069336,-21.358686447143555,0.021660717204213142,0.0,69.04876645268459,15360.0
-21.264944076538086,-21.28020477294922,0.015265325084328651,0.0,96.4796401661938,15360.0
-21.40450668334961,-21.417757034301758,0.013252556324005127,0.0,47.97300063280082,15360.0
-21.243194580078125,-21.257387161254883,0.014192363247275352,0.0,94.08599814184996,15360.0
-21.332807540893555,-21.3494815826416,0.01667593978345394,0.0,81.96757176510225,15360.0
-21.27406883239746,-21.292808532714844,0.01873558945953846,0.0,58.53504593333308,15360.0
-21.09796714782715,-21.11627197265625,0.018304983153939247,0.0,91.98949386701327,15360.0
-21.310190200805664,-21.324687957763672,0.014498692005872726,0.0,91.4287437462259,15360.0
-21.297386169433594,-21.310434341430664,0.01305009238421917,0.0,73.74470019624015,15360.0
-21.182851791381836,-21.193540573120117,0.010691815987229347,0.0,103.95202280392854,15360.0
-21.2761173248291,-21.286243438720703,0.010126767680048943,0.0,89.01807568926925,15360.0
-21.209508895874023,-21.220523834228516,0.011017056182026863,0.0,102.65031545141954,15360.0
-21.291242599487305,-21.3062801361084,0.015037133358418941,0.0,106.4311307686784,15360.0
-21.239356994628906,-21.256380081176758,0.01701943762600422,0.0,74.75803820035773,15360.0
-21.25763702392578,-21.273569107055664,0.015933670103549957,0.0,112.63888199333019,15360.0
-21.361574172973633,-21.373945236206055,0.012377527542412281,0.0,51.17387201157626,15360.0
-21.19405746459961,-21.202777862548828,0.008725731633603573,0.0,118.84326768644924,15360.0
-21.353548049926758,-21.36130714416504,0.007759804371744394,0.0,65.8565053916954,15360.0
-21.278018951416016,-21.287736892700195,0.009710957296192646,0.0,91.42427063394335,15360.0
-21.080188751220703,-21.091886520385742,0.011697000823915005,0.0,124.7604083632518,15360.0
-21.340473175048828,-21.353809356689453,0.013339165598154068,0.0,90.9972051271193,15360.0
-21.24918556213379,-21.260766983032227,0.011579207144677639,0.0,86.00778567405924,15360.0
-21.128820419311523,-21.139719009399414,0.010898496955633163,0.0,118.22252321722311,15360.0
-21.400794982910156,-21.412813186645508,0.012014316394925117,0.0,49.13228251540781,15360.0
-21.234893798828125,-21.249406814575195,0.014516366645693779,0.0,96.27848744059445,15360.0
-21.21263885498047,-21.22936248779297,0.016721222549676895,0.0,99.1477269051464,15360.0
-21.269264221191406,-21.281532287597656,0.012268337421119213,0.0,86.73709279449307,15360.0
-21.329133987426758,-21.340845108032227,0.011710848659276962,0.0,89.04980286797405,15360.0
-21.22832489013672,-21.238115310668945,0.009794924408197403,0.0,91.30656272022698,15360.0
-21.23959732055664,-21.2499942779541,0.01039903238415718,0.0,109.07920546248882,15360.0
-21.344270706176758,-21.35597801208496,0.01170059572905302,0.0,69.52765123008318,15360.0
-21.156620025634766,-21.168214797973633,0.011591310612857342,0.0,121.42996248861759,15360.0
-21.245431900024414,-21.256938934326172,0.011511240154504776,0.0,102.53743136945414,15360.0
-21.288599014282227,-21.2994327545166,0.010836114175617695,0.0,82.42015779134508,15360.0
-20.92223358154297,-20.930944442749023,0.008712752722203732,0.0,157.25600849898805,15360.0
-21.30817985534668,-21.319942474365234,0.011763553135097027,0.0,68.8949317651708,15360.0
-21.10744857788086,-21.12012481689453,0.012673667632043362,0.0,121.43591490612826,15360.0
-21.106081008911133,-21.119054794311523,0.012974770739674568,0.0,126.6599790498181,15360.0
-21.28199577331543,-21.293243408203125,0.011246719397604465,0.0,75.96849769444941,15360.0
-21.03339958190918,-21.045534133911133,0.012134703807532787,0.0,158.98310111456505,15360.0
-21.293773651123047,-21.30523681640625,0.011467383243143559,0.0,76.70844297002755,15360.0
-21.12120246887207,-21.13180160522461,0.010597978718578815,0.0,114.80133232481701,15360.0
-21.168489456176758,-21.179906845092773,0.011418530717492104,0.0,111.21277800677076,15360.0
-21.21865463256836,-21.228757858276367,0.010105293244123459,0.0,62.17625633971174,15360.0
-20.913671493530273,-20.923404693603516,0.009739945642650127,0.0,152.0722046717343,15360.0
-21.228008270263672,-21.238821029663086,0.01080909464508295,0.0,75.71658017040613,15360.0
-21.02532386779785,-21.03623390197754,0.010910245589911938,0.0,142.00809984728195,15360.0
-21.145509719848633,-21.154695510864258,0.009183547459542751,0.0,112.46922074497473,15360.0
-21.09748649597168,-21.107723236083984,0.010230204090476036,0.0,103.5306953075172,15360.0
-21.12004852294922,-21.129648208618164,0.009603021666407585,0.0,108.94992421123699,15360.0
-21.06185531616211,-21.073246002197266,0.011393945664167404,0.0,123.11922215277221,15360.0
-21.102130889892578,-21.11432456970215,0.012201313860714436,0.0,93.71918922019856,15360.0
-21.189313888549805,-21.198280334472656,0.008968855254352093,0.0,85.30220708925481,15360.0
-21.11012840270996,-21.122346878051758,0.012219633907079697,0.0,108.20851904801687,15360.0
-21.20945167541504,-21.218082427978516,0.008631978183984756,0.0,75.05816784494122,15360.0
-21.06804656982422,-21.077688217163086,0.009636254981160164,0.0,105.35881165621453,15360.0
-21.012357711791992,-21.022319793701172,0.009960144758224487,0.0,133.7848182792244,15360.0
-21.249910354614258,-21.257274627685547,0.007371547166258097,0.0,86.89651181074544,15360.0
-21.061803817749023,-21.071992874145508,0.01018589735031128,0.0,128.36159605221917,15360.0
-21.171566009521484,-21.179798126220703,0.0082309665158391,0.0,94.13384155292157,15360.0
-21.113447189331055,-21.121946334838867,0.008497228845953941,0.0,116.377468992768,15360.0
-21.14229965209961,-21.151561737060547,0.009267891757190228,0.0,85.33424979711097,15360.0
-21.146446228027344,-21.15419578552246,0.007751931436359882,0.0,100.02968297406885,15360.0
-21.146862030029297,-21.15399742126465,0.007140201982110739,0.0,84.18361286408026,15360.0
-21.05970001220703,-21.067506790161133,0.007807043381035328,0.0,116.22673755408684,15360.0
-21.060680389404297,-21.06817626953125,0.007497346960008144,0.0,104.00073863252057,15360.0
-21.262195587158203,-21.269702911376953,0.007506117224693298,0.0,74.18283261698599,15360.0
-21.01167869567871,-21.01874542236328,0.007075100671499968,0.0,129.4901107735794,15360.0
-21.18830680847168,-21.194782257080078,0.006471504922956228,0.0,74.92801763589199,15360.0
-21.246889114379883,-21.255817413330078,0.00892898440361023,0.0,96.51142371967785,15360.0
-21.116939544677734,-21.127086639404297,0.010151151567697525,0.0,97.6735285911994,15360.0
-21.243709564208984,-21.25359535217285,0.009885597042739391,0.0,74.62156376137621,15360.0
-21.05508041381836,-21.06365203857422,0.008571391925215721,0.0,117.32716870086531,15360.0
-21.181034088134766,-21.187501907348633,0.006465621292591095,0.0,97.93100741872368,15360.0
-21.264583587646484,-21.27153205871582,0.006942786276340485,0.0,76.12758054895198,15360.0
-21.030794143676758,-21.038246154785156,0.007459208369255066,0.0,114.43418899693766,15360.0
-21.295501708984375,-21.303422927856445,0.007917771115899086,0.0,47.54320063856047,15360.0
-21.273225784301758,-21.28205680847168,0.008832995779812336,0.0,86.15567628629451,15360.0
-21.288188934326172,-21.295368194580078,0.007172436453402042,0.0,81.21594049047408,15360.0
-21.166954040527344,-21.173290252685547,0.006336497142910957,0.0,83.17940990966392,15360.0
-21.00803565979004,-21.016475677490234,0.008441519923508167,0.0,128.22445010451523,15360.0
-21.277379989624023,-21.286590576171875,0.009203876368701458,0.0,82.41811231362912,15360.0
-21.114959716796875,-21.1258487701416,0.010885960422456264,0.0,84.10881862341837,15360.0
-21.233715057373047,-21.244590759277344,0.010877600871026516,0.0,86.56141634482873,15360.0
-21.196870803833008,-21.20523452758789,0.008371816016733646,0.0,93.65816334662934,15360.0
-21.240535736083984,-21.24770164489746,0.00716408109292388,0.0,72.21139686765154,15360.0
-21.264501571655273,-21.27348518371582,0.008977487683296204,0.0,90.12297457142992,15360.0
-21.315631866455078,-21.326358795166016,0.010724958963692188,0.0,78.93742231970303,15360.0
-21.413818359375,-21.42464828491211,0.010829286649823189,0.0,54.788185893699804,15360.0
-21.285064697265625,-21.295034408569336,0.009975478053092957,0.0,75.31688980750278,15360.0
-21.377225875854492,-21.38479232788086,0.007571016903966665,0.0,51.050630663187086,15360.0
-21.370697021484375,-21.377357482910156,0.00666024349629879,0.0,58.82904973704646,15360.0
-21.328941345214844,-21.33707618713379,0.008130489848554134,0.0,55.661559615824295,15360.0
-21.286157608032227,-21.29706382751465,0.010908473283052444,0.0,54.23421446825062,15360.0
-21.282617568969727,-21.29633331298828,0.013720003888010979,0.0,66.80111499881095,15360.0
-21.239145278930664,-21.253103256225586,0.013961656019091606,0.0,83.80831435933504,15360.0
-21.3726863861084,-21.384361267089844,0.011670668609440327,0.0,60.1500196894341,15360.0
-21.165279388427734,-21.175691604614258,0.010412944480776787,0.0,97.17545222262126,15360.0
-21.281869888305664,-21.29153823852539,0.009670283645391464,0.0,73.95637815769116,15360.0
-21.406391143798828,-21.415773391723633,0.009386366233229637,0.0,50.89192175696328,15360.0
-21.3305721282959,-21.33994483947754,0.009374271146953106,0.0,60.10487490218695,15360.0
-21.37450408935547,-21.38429832458496,0.009795046411454678,0.0,56.51003256807259,15360.0
-21.302427291870117,-21.313289642333984,0.01085966918617487,0.0,57.23626223604492,15360.0
-21.27875518798828,-21.289581298828125,0.010822906158864498,0.0,83.70262621426085,15360.0
-21.313749313354492,-21.32392692565918,0.010173575021326542,0.0,67.64635204802593,15360.0
-21.116497039794922,-21.125993728637695,0.009491163305938244,0.0,85.76635518969252,15360.0
-21.303293228149414,-21.31217384338379,0.008878151886165142,0.0,99.6368789470387,15360.0
-21.22439193725586,-21.233173370361328,0.008778290823101997,0.0,93.76732210853265,15360.0
-21.19532012939453,-21.20216178894043,0.006841832771897316,0.0,111.1156525300634,15360.0
-21.329944610595703,-21.337940216064453,0.007998700253665447,0.0,66.52282497088575,15360.0
-21.226404190063477,-21.23668098449707,0.010279525071382523,0.0,82.54614643994152,15360.0
-21.192806243896484,-21.20470428466797,0.011904319748282433,0.0,91.86371322280057,15360.0
-21.24294662475586,-21.253173828125,0.010225740261375904,0.0,98.76032072699546,15360.0
-21.36403465270996,-21.37360382080078,0.009565076790750027,0.0,71.33102651139065,15360.0
-21.24263572692871,-21.251848220825195,0.009209775365889072,0.0,82.41088067574049,15360.0
-21.297719955444336,-21.308330535888672,0.010605691000819206,0.0,81.11339387178012,15360.0
-21.40427017211914,-21.413532257080078,0.009253382682800293,0.0,49.41175990388303,15360.0
-21.296659469604492,-21.305423736572266,0.00876451376825571,0.0,89.13748103281256,15360.0
-21.369792938232422,-21.37701416015625,0.007226112298667431,0.0,53.073621453431564,15360.0
-21.35504722595215,-21.362016677856445,0.006959568243473768,0.0,80.49001420870651,15360.0
-21.368194580078125,-21.375329971313477,0.007139571942389011,0.0,73.33949409649648,15360.0
-21.44366455078125,-21.45145034790039,0.007779520470649004,0.0,54.53703822376453,15360.0
-21.389680862426758,-21.398584365844727,0.008909430354833603,0.0,56.67158172285009,15360.0
-21.425029754638672,-21.435482025146484,0.010451444424688816,0.0,58.08836607200711,15360.0
-21.46697235107422,-21.4776554107666,0.010683337226510048,0.0,52.4722891950228,15360.0
-21.420114517211914,-21.430580139160156,0.01046688575297594,0.0,66.1866654103216,15360.0
-21.457664489746094,-21.465662002563477,0.007995812222361565,0.0,45.627427552872284,15360.0
-21.41770362854004,-21.425722122192383,0.008015460334718227,0.0,65.87932138013542,15360.0
-21.478759765625,-21.486101150512695,0.007346128113567829,0.0,47.05253148134714,15360.0
-21.438570022583008,-21.44868278503418,0.010109677910804749,0.0,66.88430990195833,15360.0
-21.432729721069336,-21.446590423583984,0.013866420835256577,0.0,53.261118045371525,15360.0
-21.41522979736328,-21.43401336669922,0.018783466890454292,0.0,77.89919025999903,15360.0
-21.433961868286133,-21.45503044128418,0.0210725050419569,0.0,59.39294487321939,15360.0
-21.2613468170166,-21.282426834106445,0.02108311839401722,0.0,82.70390916085742,15360.0
-21.395055770874023,-21.41891860961914,0.023865941911935806,0.0,73.39620267266176,15360.0
-21.437726974487305,-21.466421127319336,0.02869093231856823,0.0,54.81273653656775,15360.0
-21.40666389465332,-21.43941307067871,0.032742939889431,0.0,73.7159619567365,15360.0
-21.378576278686523,-21.414897918701172,0.03631851449608803,0.0,62.68168613176724,15360.0
-21.350770950317383,-21.3887996673584,0.03802986443042755,0.0,73.57278594569887,15360.0
-21.36806297302246,-21.40247917175293,0.03441469371318817,0.0,74.4231481051359,15360.0
-21.3828067779541,-21.41143035888672,0.028620783239603043,0.0,89.92423893158445,15360.0
-21.464088439941406,-21.488597869873047,0.02451074868440628,0.0,66.9832869489361,15360.0
-21.384552001953125,-21.406333923339844,0.02179114893078804,0.0,77.72690134399578,15360.0
-21.327415466308594,-21.344358444213867,0.01694444753229618,0.0,93.19749859022072,15360.0
-21.498340606689453,-21.515417098999023,0.017080267891287804,0.0,43.12086785122896,15360.0
-21.35321044921875,-21.37112045288086,0.017910202965140343,0.0,98.54617618481709,15360.0
-21.37769317626953,-21.39407730102539,0.016380449756979942,0.0,88.79848466796332,15360.0
-21.416664123535156,-21.43149185180664,0.014829899184405804,0.0,65.31863483394679,15360.0
-21.3835391998291,-21.396026611328125,0.012486678548157215,0.0,81.9372942112484,15360.0
-21.392019271850586,-21.402332305908203,0.010308025404810905,0.0,88.35831128692544,15360.0
-21.43913459777832,-21.449337005615234,0.010206936858594418,0.0,56.992785740015506,15360.0
-21.367666244506836,-21.379228591918945,0.011559213511645794,0.0,88.69568615927709,15360.0
-21.276519775390625,-21.28961181640625,0.013090701773762703,0.0,98.42232741562661,15360.0
-21.4080867767334,-21.42253303527832,0.014454524032771587,0.0,66.48087563013615,15360.0
-21.31768035888672,-21.334781646728516,0.017101086676120758,0.0,99.86488611063177,15360.0
-21.26811408996582,-21.284841537475586,0.0167317483574152,0.0,101.20299677883091,15360.0
-21.355030059814453,-21.367395401000977,0.012362644076347351,0.0,63.05996631274729,15360.0
-21.2697696685791,-21.27826690673828,0.008491973392665386,0.0,109.3879726768321,15360.0
-21.474224090576172,-21.482248306274414,0.008020679466426373,0.0,54.50570781732273,15360.0
-21.33511734008789,-21.348878860473633,0.013762244954705238,0.0,91.90198963199649,15360.0
-21.256467819213867,-21.273099899291992,0.016632135957479477,0.0,90.50603847019396,15360.0
-21.432952880859375,-21.451906204223633,0.018951134756207466,0.0,59.397496313867734,15360.0
-21.376792907714844,-21.396718978881836,0.01992177404463291,0.0,49.08032475550262,15360.0
-21.325918197631836,-21.344186782836914,0.018269645050168037,0.0,80.42588576993123,15360.0
-21.43590545654297,-21.449731826782227,0.01382999774068594,0.0,47.0417289032739,15360.0
-21.365745544433594,-21.375391006469727,0.009647124446928501,0.0,74.09157119664553,15360.0
-21.421552658081055,-21.43010902404785,0.00855323951691389,0.0,69.74625077650269,15360.0
-21.456298828125,-21.46700096130371,0.010693101212382317,0.0,52.02127017209055,15360.0
-21.348508834838867,-21.36351203918457,0.015001106075942516,0.0,91.42333061695963,15360.0
-21.485898971557617,-21.502927780151367,0.017026681452989578,0.0,51.24529071977399,15360.0
-21.34889030456543,-21.362911224365234,0.014022735878825188,0.0,69.56301000315688,15360.0
-21.39127540588379,-21.401437759399414,0.010160493664443493,0.0,70.9558247613249,15360.0
-21.503389358520508,-21.51080322265625,0.007413522806018591,0.0,42.50458660916481,15360.0
-21.454166412353516,-21.46116065979004,0.006995528936386108,0.0,71.14380115625768,15360.0
-21.422527313232422,-21.430896759033203,0.008366933092474937,0.0,51.389500696414274,15360.0
-21.42221450805664,-21.431785583496094,0.009569194167852402,0.0,69.74634552538144,15360.0
-21.396623611450195,-21.407033920288086,0.01041331049054861,0.0,67.56267127762652,15360.0
-21.41115951538086,-21.421049118041992,0.00988723710179329,0.0,64.78430958387675,15360.0
-21.483491897583008,-21.491968154907227,0.008481500670313835,0.0,51.791900764144714,15360.0
-21.379283905029297,-21.386085510253906,0.006797762122005224,0.0,75.58606780661674,15360.0
-21.432729721069336,-21.439006805419922,0.006281743291765451,0.0,70.71323854859813,15360.0
-21.46131134033203,-21.46891212463379,0.007599508855491877,0.0,53.14706275487244,15360.0
-21.450864791870117,-21.460575103759766,0.009709625504910946,0.0,63.13188393675217,15360.0
-21.420124053955078,-21.430349349975586,0.010229483246803284,0.0,66.07893348251751,15360.0
-21.431814193725586,-21.44200325012207,0.010188723914325237,0.0,58.51645111251626,15360.0
-21.507593154907227,-21.516977310180664,0.009391499683260918,0.0,37.19903724646238,15360.0
-21.46891975402832,-21.476999282836914,0.00808064453303814,0.0,73.80158813050923,15360.0
-21.54987907409668,-21.557222366333008,0.007347390986979008,0.0,51.730842394296985,15360.0
-21.485410690307617,-21.49278450012207,0.007369225844740868,0.0,57.563569201932914,15360.0
-21.458351135253906,-21.466716766357422,0.008368422277271748,0.0,62.63082837648576,15360.0
-21.53813362121582,-21.54750633239746,0.00937497429549694,0.0,35.3942938226282,15360.0
-21.45009422302246,-21.459064483642578,0.008968914858996868,0.0,64.41826335957923,15360.0
-21.514019012451172,-21.522024154663086,0.00800882838666439,0.0,61.90138421718531,15360.0
-21.508237838745117,-21.51677703857422,0.008538146503269672,0.0,47.81537965528064,15360.0
-21.498790740966797,-21.507328033447266,0.00853048823773861,0.0,56.031733563817134,15360.0
-21.557483673095703,-21.566946029663086,0.009464086033403873,0.0,48.911879256662566,15360.0
-21.495363235473633,-21.506553649902344,0.01119286846369505,0.0,50.384369665179236,15360.0
-21.511322021484375,-21.523067474365234,0.011748241260647774,0.0,55.571399244005114,15360.0
-21.485790252685547,-21.498912811279297,0.013123808428645134,0.0,47.45065948030586,15360.0
-21.453563690185547,-21.469419479370117,0.015853997319936752,0.0,75.41552283908254,15360.0
-21.54012680053711,-21.560096740722656,0.019974589347839355,0.0,48.93073754885636,15360.0
-21.510435104370117,-21.533628463745117,0.023197336122393608,0.0,60.694692304757744,15360.0
-21.49843406677246,-21.52375030517578,0.025321420282125473,0.0,58.84783241912653,15360.0
-21.51712417602539,-21.545263290405273,0.028139391914010048,0.0,51.64487856401321,15360.0
-21.531219482421875,-21.570880889892578,0.0396595224738121,0.0,54.65202591118642,15360.0
-21.46419334411621,-21.528825759887695,0.0646335706114769,0.0,62.877793016818686,15360.0
-21.45050621032715,-21.54739761352539,0.09688684344291687,0.0,66.9636732074758,15360.0
-21.445764541625977,-21.575170516967773,0.12941022217273712,0.0,65.75366371197293,15360.0
-21.37487030029297,-21.516286849975586,0.1414244920015335,0.0,83.95038562050615,15360.0
-21.444103240966797,-21.556535720825195,0.11243249475955963,0.0,70.94092084929953,15360.0
-21.462121963500977,-21.52337646484375,0.06125185266137123,0.0,73.9082687473736,15360.0
-21.501483917236328,-21.520647048950195,0.01915835589170456,0.0,56.98186291191499,15360.0
-21.520414352416992,-21.549833297729492,0.029419424012303352,0.0,61.2407776248911,15360.0
-21.487520217895508,-21.554851531982422,0.06733133643865585,0.0,71.90840237650897,15360.0
-21.476961135864258,-21.55340576171875,0.0764455646276474,0.0,64.82127363033658,15360.0
-21.444263458251953,-21.49097442626953,0.04671178013086319,0.0,78.04664587596382,15360.0
-21.537439346313477,-21.56021499633789,0.02278549037873745,0.0,46.05710668580145,15360.0
-21.49694061279297,-21.531288146972656,0.034351374953985214,0.0,61.22248016931718,15360.0
-21.48150634765625,-21.525859832763672,0.04435677453875542,0.0,81.02532291122706,15360.0
-21.453306198120117,-21.4854793548584,0.03216137737035751,0.0,58.60234391655693,15360.0
-21.39142608642578,-21.41122817993164,0.01981246843934059,0.0,97.5767536130178,15360.0
-21.440340042114258,-21.464561462402344,0.02422133833169937,0.0,55.82681038333758,15360.0
-21.37417984008789,-21.403783798217773,0.029605835676193237,0.0,98.50003298093682,15360.0
-21.49911117553711,-21.51909637451172,0.019981591030955315,0.0,65.54167409184251,15360.0
-21.396421432495117,-21.40705108642578,0.010634715668857098,0.0,86.59958835508552,15360.0
-21.414255142211914,-21.43277359008789,0.01851559802889824,0.0,91.9295053452628,15360.0
-21.45577049255371,-21.47633171081543,0.02056288532912731,0.0,67.55688750854995,15360.0
-21.20602798461914,-21.220205307006836,0.01417594961822033,0.0,122.55368993947658,15360.0
-21.430326461791992,-21.44430923461914,0.013984370045363903,0.0,99.88266088605695,15360.0
-21.301795959472656,-21.318452835083008,0.016654180362820625,0.0,92.70610023265588,15360.0
-21.21880340576172,-21.233989715576172,0.015185782685875893,0.0,128.73297928439496,15360.0
-21.42784881591797,-21.437435150146484,0.009581507183611393,0.0,69.19801062661261,15360.0
-21.200355529785156,-21.215059280395508,0.014712555333971977,0.0,109.61654297275723,15360.0
-21.341093063354492,-21.357830047607422,0.01673850603401661,0.0,92.31909890535417,15360.0
-21.39088249206543,-21.401395797729492,0.010509039275348186,0.0,72.57355298087519,15360.0
-21.28414535522461,-21.293657302856445,0.009518609382212162,0.0,100.90799014454313,15360.0
-21.401432037353516,-21.412626266479492,0.011194350197911263,0.0,77.47678554857663,15360.0
-21.21360206604004,-21.223512649536133,0.009911146014928818,0.0,113.44267023603415,15360.0
-21.4814453125,-21.48950958251953,0.008066435344517231,0.0,47.17384626278385,15360.0
-21.21198844909668,-21.221895217895508,0.009909681044518948,0.0,114.51199037062985,15360.0
-21.38218116760254,-21.392921447753906,0.010735729709267616,0.0,79.33336638829739,15360.0
-21.4169921875,-21.425365447998047,0.008370949886739254,0.0,65.41908212606644,15360.0
-21.44880485534668,-21.457889556884766,0.009087774902582169,0.0,73.43933967286969,15360.0
-21.41769027709961,-21.426700592041016,0.009010153822600842,0.0,55.31192568917173,15360.0
-21.325782775878906,-21.335010528564453,0.009218839928507805,0.0,88.77315279828986,15360.0
-21.467164993286133,-21.473960876464844,0.006789230741560459,0.0,56.02010094000192,15360.0
-21.383413314819336,-21.390575408935547,0.007162526249885559,0.0,82.17570177405321,15360.0
-21.39162254333496,-21.398969650268555,0.00735076330602169,0.0,80.56027363853987,15360.0
-21.44631576538086,-21.452959060668945,0.006641422864049673,0.0,58.42901278646142,15360.0
-21.50691032409668,-21.5133113861084,0.00639851251617074,0.0,53.00144122899948,15360.0
-21.48527717590332,-21.491863250732422,0.006591562647372484,0.0,56.56830821233528,15360.0
-21.477516174316406,-21.484508514404297,0.006994601804763079,0.0,57.23269190349276,15360.0
-21.41877555847168,-21.424930572509766,0.0061577605083584785,0.0,79.95011524586785,15360.0
-21.42765998840332,-21.434152603149414,0.006498132366687059,0.0,74.07261564721937,15360.0
-21.450796127319336,-21.457897186279297,0.00709911435842514,0.0,46.09514824398283,15360.0
-21.382352828979492,-21.388147354125977,0.005792368669062853,0.0,81.11349137955646,15360.0
-21.50637435913086,-21.513484954833984,0.007108151912689209,0.0,49.6228707599774,15360.0
-21.4322509765625,-21.441017150878906,0.008763236925005913,0.0,73.99962509156126,15360.0
-21.411165237426758,-21.417442321777344,0.0062794494442641735,0.0,68.47632437894862,15360.0
-21.497957229614258,-21.50453758239746,0.006575018633157015,0.0,39.51422882611686,15360.0
-21.40135955810547,-21.409099578857422,0.007738132495433092,0.0,84.3667741883655,15360.0
-21.38442039489746,-21.390789031982422,0.006366370245814323,0.0,85.65693306052654,15360.0
-21.503549575805664,-21.5106258392334,0.007071607746183872,0.0,37.850245416770285,15360.0
-21.30637550354004,-21.316143035888672,0.009763037785887718,0.0,90.1148391383153,15360.0
-21.41543960571289,-21.423362731933594,0.007926668040454388,0.0,85.24396997639428,15360.0
-21.358943939208984,-21.36585807800293,0.006917531602084637,0.0,82.62410555841014,15360.0
-21.19562530517578,-21.205121994018555,0.009498813189566135,0.0,131.7462884189025,15360.0
-21.303333282470703,-21.310998916625977,0.00767154898494482,0.0,113.1193843275206,15360.0
-21.3847713470459,-21.39324951171875,0.008481097407639027,0.0,69.26508254655904,15360.0
-21.290855407714844,-21.299341201782227,0.008482842706143856,0.0,103.42245846506444,15360.0
-21.383644104003906,-21.391523361206055,0.007875284180045128,0.0,79.2188558402308,15360.0
-21.45030403137207,-21.458200454711914,0.007897920906543732,0.0,59.21037286284293,15360.0
-21.264558792114258,-21.271690368652344,0.0071306657046079636,0.0,109.98519252565085,15360.0
-21.418392181396484,-21.42588996887207,0.007504443172365427,0.0,71.45322383257029,15360.0
-21.392719268798828,-21.40035629272461,0.00763136800378561,0.0,77.88834948299774,15360.0
-21.115694046020508,-21.123027801513672,0.0073334332555532455,0.0,121.02398902834096,15360.0
-21.199739456176758,-21.20804214477539,0.008301246911287308,0.0,111.37267314424355,15360.0
-21.210533142089844,-21.22039222717285,0.009854680858552456,0.0,115.21221387882805,15360.0
-21.26074981689453,-21.271028518676758,0.01028082799166441,0.0,103.15476976388965,15360.0
-21.185300827026367,-21.19420051574707,0.008894423954188824,0.0,121.31176549014405,15360.0
-21.28116798400879,-21.289552688598633,0.008383701555430889,0.0,94.84536450864961,15360.0
-21.152551651000977,-21.162981033325195,0.010435028932988644,0.0,135.43599860649826,15360.0
-21.35482406616211,-21.363677978515625,0.008854497224092484,0.0,88.05265587629538,15360.0
-21.163358688354492,-21.171131134033203,0.007772521115839481,0.0,119.60163237634602,15360.0
-20.979907989501953,-20.988616943359375,0.00872011948376894,0.0,150.65753506577852,15360.0
-21.222471237182617,-21.23193359375,0.009456745348870754,0.0,112.35893056792176,15360.0
-21.15703582763672,-21.16722869873047,0.010190537199378014,0.0,115.05547115916347,15360.0
-21.228458404541016,-21.237613677978516,0.009154410101473331,0.0,98.7323811697151,15360.0
-21.079233169555664,-21.08940887451172,0.010176301002502441,0.0,132.87036289854882,15360.0
-21.3017520904541,-21.31171226501465,0.009958037175238132,0.0,86.4921479374808,15360.0
-21.234426498413086,-21.24297332763672,0.008546248078346252,0.0,102.82028713466238,15360.0
-21.29368782043457,-21.302576065063477,0.008888599462807178,0.0,100.96352486526989,15360.0
-21.327653884887695,-21.33623504638672,0.008578549139201641,0.0,92.02088467412379,15360.0
-21.256811141967773,-21.26506233215332,0.008249999955296516,0.0,96.19145839669659,15360.0
-21.317441940307617,-21.327259063720703,0.009817337617278099,0.0,85.25437127702573,15360.0
-21.259313583374023,-21.266895294189453,0.007573732174932957,0.0,87.44504724181022,15360.0
-21.389371871948242,-21.399139404296875,0.009766459465026855,0.0,54.40018167234136,15360.0
-21.201765060424805,-21.211212158203125,0.009446014650166035,0.0,98.80414972728784,15360.0
-21.304479598999023,-21.31194496154785,0.007462677080184221,0.0,94.25439567706199,15360.0
-21.281917572021484,-21.291139602661133,0.009219031780958176,0.0,91.91961302062126,15360.0
-21.33382225036621,-21.342512130737305,0.008691188879311085,0.0,79.22543580463342,15360.0
-21.244287490844727,-21.25324249267578,0.008951828815042973,0.0,96.34446241925126,15360.0
-21.21328353881836,-21.221683502197266,0.00840260460972786,0.0,96.38264497595742,15360.0
-21.280054092407227,-21.28761863708496,0.007557225879281759,0.0,78.29752444134142,15360.0
-21.253877639770508,-21.261524200439453,0.00764820771291852,0.0,97.64154162092373,15360.0
-21.356395721435547,-21.36427879333496,0.007879955694079399,0.0,78.13847403832018,15360.0
-21.27014923095703,-21.27642250061035,0.006276057101786137,0.0,89.14848698571774,15360.0
-21.29376792907715,-21.300718307495117,0.006949190981686115,0.0,89.99261550599877,15360.0
-21.214372634887695,-21.22075080871582,0.006375191267579794,0.0,115.07361006239283,15360.0
-21.393421173095703,-21.399465560913086,0.006045844871550798,0.0,65.95433610923232,15360.0
-21.267396926879883,-21.27365493774414,0.006262139417231083,0.0,99.95505921583349,15360.0
-21.29405975341797,-21.30131721496582,0.007258785422891378,0.0,83.90271785352705,15360.0
-21.23360824584961,-21.240541458129883,0.006931022275239229,0.0,94.2874451177033,15360.0
-21.264467239379883,-21.270496368408203,0.006030666176229715,0.0,95.69268063802717,15360.0
-21.365028381347656,-21.37131118774414,0.006281464826315641,0.0,48.13350714903428,15360.0
-21.233121871948242,-21.239309310913086,0.0061923060566186905,0.0,101.37338982479521,15360.0
-21.4032039642334,-21.410425186157227,0.007225715089589357,0.0,62.36462859761711,15360.0
-21.27994728088379,-21.288000106811523,0.008052721619606018,0.0,99.3110305192299,15360.0
-21.293529510498047,-21.301530838012695,0.007999952882528305,0.0,85.69835442240932,15360.0
-21.404850006103516,-21.41283416748047,0.007987449876964092,0.0,69.34856195426755,15360.0
-21.37712860107422,-21.383243560791016,0.0061139934696257114,0.0,70.2227635302453,15360.0
-21.3851318359375,-21.391712188720703,0.00658163707703352,0.0,69.47940514387744,15360.0
-21.24754524230957,-21.253517150878906,0.005982194561511278,0.0,79.67205532516616,15360.0
-21.32610511779785,-21.3327693939209,0.0066624353639781475,0.0,84.1607003047943,15360.0
-21.473424911499023,-21.480985641479492,0.007555224467068911,0.0,60.87642938718166,15360.0
-21.430660247802734,-21.438011169433594,0.007350721396505833,0.0,67.88225322272567,15360.0
-21.409740447998047,-21.416492462158203,0.00674898037686944,0.0,62.23717866457675,15360.0
-21.447782516479492,-21.453678131103516,0.005901780910789967,0.0,63.82966815668887,15360.0
-21.426334381103516,-21.432254791259766,0.005923255812376738,0.0,71.74325398187578,15360.0
-21.43720054626465,-21.44342041015625,0.006221756339073181,0.0,44.1916482768218,15360.0
-21.373558044433594,-21.380064010620117,0.006506613455712795,0.0,67.52629715978856,15360.0
-21.40877914428711,-21.41590690612793,0.007124309428036213,0.0,77.54713357886627,15360.0
-21.4368839263916,-21.443758010864258,0.006872229278087616,0.0,61.312636468581026,15360.0
-21.427499771118164,-21.434505462646484,0.007004902698099613,0.0,78.15075427981023,15360.0
-21.45892906188965,-21.466493606567383,0.007567419670522213,0.0,61.545358077738946,15360.0
-21.37346839904785,-21.380657196044922,0.007185173220932484,0.0,70.67039792113825,15360.0
-21.447378158569336,-21.45378875732422,0.006406269036233425,0.0,57.98178712274056,15360.0
-21.42597007751465,-21.433752059936523,0.007781080435961485,0.0,78.60677896347848,15360.0
-21.46004867553711,-21.46599006652832,0.005942805204540491,0.0,50.74237914579469,15360.0
-21.42262840270996,-21.430580139160156,0.007947410456836224,0.0,77.17417476185334,15360.0
-21.496009826660156,-21.503429412841797,0.007414811756461859,0.0,55.7296460053222,15360.0
-21.440845489501953,-21.448583602905273,0.0077368151396512985,0.0,63.3764315147588,15360.0
-21.494258880615234,-21.500652313232422,0.0064047654159367085,0.0,58.32997811778944,15360.0
-21.484529495239258,-21.491168975830078,0.006640202831476927,0.0,62.0873668716565,15360.0
-21.390254974365234,-21.39955711364746,0.009301871992647648,0.0,78.26496086337245,15360.0
-21.504030227661133,-21.511531829833984,0.007499411702156067,0.0,57.370799029669165,15360.0
-21.477306365966797,-21.485538482666016,0.008232230320572853,0.0,73.59424556356451,15360.0
-21.48716163635254,-21.494539260864258,0.0073794107884168625,0.0,57.86964719343854,15360.0
-21.49929428100586,-21.50645637512207,0.007163683883845806,0.0,52.61074955382499,15360.0
-21.475351333618164,-21.483177185058594,0.007828493602573872,0.0,51.34476881203502,15360.0
-21.524850845336914,-21.53255271911621,0.007708373945206404,0.0,59.61500679432816,15360.0
-21.46708106994629,-21.474315643310547,0.007235280703753233,0.0,51.812130015978404,15360.0
-21.520734786987305,-21.526493072509766,0.005757132079452276,0.0,52.15207930086769,15360.0
-21.535520553588867,-21.54193878173828,0.00641954131424427,0.0,59.631110415420714,15360.0
-21.515411376953125,-21.522314071655273,0.006901849992573261,0.0,50.51165307828623,15360.0
-21.462369918823242,-21.47022819519043,0.00785305816680193,0.0,66.89756004084401,15360.0
-21.55233383178711,-21.561433792114258,0.009098880924284458,0.0,38.658175549636624,15360.0
-21.446138381958008,-21.45573616027832,0.009598338045179844,0.0,67.0845607506994,15360.0
-21.41852378845215,-21.427906036376953,0.009378506802022457,0.0,83.08495043660072,15360.0
-21.501888275146484,-21.50958824157715,0.007697041146457195,0.0,56.94133115121019,15360.0
-21.486186981201172,-21.492595672607422,0.006409722846001387,0.0,75.31907431101021,15360.0
-21.518259048461914,-21.52472686767578,0.006470761727541685,0.0,80.60113404862068,15360.0
-21.4495906829834,-21.45840835571289,0.008814939297735691,0.0,73.33323244181037,15360.0
-21.345903396606445,-21.354469299316406,0.008563616313040257,0.0,106.37799984050787,15360.0
-21.489927291870117,-21.496341705322266,0.0064160022884607315,0.0,87.77029819447829,15360.0
-21.510534286499023,-21.518701553344727,0.008162873797118664,0.0,66.51065182698198,15360.0
-21.335163116455078,-21.342979431152344,0.00781795009970665,0.0,113.6723006542998,15360.0
-21.489070892333984,-21.495710372924805,0.006634931545704603,0.0,60.677631487853425,15360.0
-21.418882369995117,-21.42591667175293,0.007031556684523821,0.0,82.7554901662864,15360.0
-21.45168113708496,-21.460065841674805,0.008388069458305836,0.0,91.451282776238,15360.0
-21.446678161621094,-21.45337677001953,0.00669436389580369,0.0,65.68135943011156,15360.0
-21.34157943725586,-21.348302841186523,0.006725086830556393,0.0,113.96120179892688,15360.0
-21.51117706298828,-21.51845932006836,0.007287748157978058,0.0,46.515980910323634,15360.0
-21.426000595092773,-21.432880401611328,0.0068845790810883045,0.0,93.02009297468638,15360.0
-21.44005012512207,-21.446847915649414,0.006795475725084543,0.0,80.74673064595028,15360.0
-21.501262664794922,-21.507959365844727,0.006697868928313255,0.0,55.72870768035885,15360.0
-21.471637725830078,-21.478002548217773,0.006364303641021252,0.0,85.41349797240498,15360.0
-21.45723533630371,-21.464853286743164,0.007619360461831093,0.0,61.994933317692,15360.0
-21.501142501831055,-21.508371353149414,0.007236524019390345,0.0,66.44109948262427,15360.0
-21.448755264282227,-21.45622444152832,0.0074682715348899364,0.0,89.2430485253252,15360.0
-21.5616512298584,-21.56903076171875,0.007380513474345207,0.0,47.91976155176351,15360.0
-21.49614906311035,-21.50313949584961,0.00699714757502079,0.0,75.25073219726175,15360.0
-21.473215103149414,-21.480093002319336,0.006873505190014839,0.0,79.26563693820573,15360.0
-21.53716468811035,-21.54363441467285,0.006476503796875477,0.0,36.9657069228221,15360.0
-21.392818450927734,-21.399158477783203,0.0063354624435305595,0.0,88.52423133747135,15360.0
-21.456911087036133,-21.463390350341797,0.006485316436737776,0.0,62.46622607589511,15360.0
-21.365406036376953,-21.373531341552734,0.008124622516334057,0.0,92.2805964179738,15360.0
-21.149131774902344,-21.160070419311523,0.010932761244475842,0.0,149.75208872623315,15360.0
-21.465978622436523,-21.479724884033203,0.013744642958045006,0.0,75.44006540030946,15360.0
-21.374727249145508,-21.39012908935547,0.015404473058879375,0.0,93.27207320670736,15360.0
-21.326641082763672,-21.344989776611328,0.018346069380640984,0.0,99.30901527885081,15360.0
-21.465824127197266,-21.48817253112793,0.02234611101448536,0.0,58.16367069739729,15360.0
-21.38270378112793,-21.41068458557129,0.027978433296084404,0.0,92.9971058467173,15360.0
-21.43569564819336,-21.47186279296875,0.036161914467811584,0.0,80.70500022912412,15360.0
-21.370656967163086,-21.413249969482422,0.042589735239744186,0.0,87.97598825915397,15360.0
-21.30482292175293,-21.340484619140625,0.03566402569413185,0.0,112.77106241482396,15360.0
-21.570058822631836,-21.592252731323242,0.02220182493329048,0.0,42.98258320619944,15360.0
-21.4033145904541,-21.416852951049805,0.013538499362766743,0.0,85.96956657587116,15360.0
-21.423608779907227,-21.435728073120117,0.012120350264012814,0.0,76.46849083372996,15360.0
-21.50543975830078,-21.521093368530273,0.015648165717720985,0.0,53.99251006982418,15360.0
-21.463443756103516,-21.481191635131836,0.017746051773428917,0.0,70.85049019207943,15360.0
-21.484521865844727,-21.499189376831055,0.014664066955447197,0.0,64.6385423557198,15360.0
-21.50772476196289,-21.518896102905273,0.011168671771883965,0.0,66.87039978155569,15360.0
-21.447336196899414,-21.45716667175293,0.009834622964262962,0.0,56.51695578771041,15360.0
-21.50034523010254,-21.510032653808594,0.009689071215689182,0.0,59.79526337413099,15360.0
-21.48822021484375,-21.49764060974121,0.009419283829629421,0.0,62.821847188070976,15360.0
-21.51694107055664,-21.526390075683594,0.00944739393889904,0.0,69.9908301093457,15360.0
-21.507362365722656,-21.5176944732666,0.010328179225325584,0.0,49.419894704659555,15360.0
-21.46788787841797,-21.47713851928711,0.009250805713236332,0.0,80.57353495411542,15360.0
-21.532752990722656,-21.541790008544922,0.009044093079864979,0.0,42.9501491474538,15360.0
-21.512855529785156,-21.52186393737793,0.009003539569675922,0.0,72.0083556108652,15360.0
-21.507787704467773,-21.51844024658203,0.010654360987246037,0.0,62.110714850955816,15360.0
-21.53679847717285,-21.546262741088867,0.009473603218793869,0.0,57.325080491067816,15360.0
-21.435007095336914,-21.444711685180664,0.009710081852972507,0.0,86.0670712962886,15360.0
-21.50112533569336,-21.51121711730957,0.010090113617479801,0.0,67.34806317582691,15360.0
-21.543237686157227,-21.553142547607422,0.00990726612508297,0.0,52.918310004916286,15360.0
-21.47093391418457,-21.48225212097168,0.011315837502479553,0.0,84.12984010250838,15360.0
-21.53742790222168,-21.54787254333496,0.010438870638608932,0.0,45.528048437636556,15360.0
-21.470027923583984,-21.478395462036133,0.008364571258425713,0.0,75.95674205216577,15360.0
-21.527000427246094,-21.534832000732422,0.00783209316432476,0.0,67.63936447190424,15360.0
-21.501888275146484,-21.509523391723633,0.007630711887031794,0.0,51.93075673345137,15360.0
-21.51897621154785,-21.525602340698242,0.0066344295628368855,0.0,74.35888336317136,15360.0
-21.52606201171875,-21.5328311920166,0.00677246181294322,0.0,74.71017303689483,15360.0
-21.54600715637207,-21.553556442260742,0.007543076761066914,0.0,57.250035509194944,15360.0
-21.454565048217773,-21.462451934814453,0.007887019775807858,0.0,80.32839892659837,15360.0
-21.472612380981445,-21.479530334472656,0.006920172367244959,0.0,57.78233297610562,15360.0
-21.46449089050293,-21.469951629638672,0.005460761487483978,0.0,68.30905966189584,15360.0
-21.4327449798584,-21.438974380493164,0.00623066071420908,0.0,68.53129383798486,15360.0
-21.408628463745117,-21.414304733276367,0.0056766304187476635,0.0,82.21253386280844,15360.0
-21.472057342529297,-21.47876739501953,0.0067036347463727,0.0,77.1004808565994,15360.0
-21.46300506591797,-21.4698543548584,0.006844368297606707,0.0,67.50649611903766,15360.0
-21.39476776123047,-21.401500701904297,0.006727113388478756,0.0,101.9885536018855,15360.0
-21.479764938354492,-21.486928939819336,0.0071631805039942265,0.0,67.48565235234828,15360.0
-21.414363861083984,-21.422670364379883,0.008306465111672878,0.0,84.46114597989738,15360.0
-21.314838409423828,-21.323144912719727,0.008303871378302574,0.0,82.4000072363483,15360.0
-21.388444900512695,-21.395679473876953,0.007236491423100233,0.0,78.13769896618642,15360.0
-21.306888580322266,-21.31621551513672,0.009326623752713203,0.0,93.04791042447745,15360.0
-21.275035858154297,-21.286123275756836,0.011086136102676392,0.0,98.62379800035951,15360.0
-21.333654403686523,-21.342988967895508,0.009333251044154167,0.0,101.59933065974433,15360.0
-21.343395233154297,-21.354429244995117,0.011032652109861374,0.0,103.73172468410466,15360.0
-21.329988479614258,-21.340730667114258,0.010738324373960495,0.0,94.80197004058017,15360.0
-21.29389762878418,-21.302978515625,0.009079511277377605,0.0,119.77271458954563,15360.0
-21.397146224975586,-21.40463638305664,0.007497064303606749,0.0,66.38366201077773,15360.0
-21.264719009399414,-21.272003173828125,0.007279840297996998,0.0,110.98563609297572,15360.0
-21.29583168029785,-21.302412033081055,0.006581584922969341,0.0,99.70651624364766,15360.0
-21.40575408935547,-21.412870407104492,0.007115738932043314,0.0,70.27133318023083,15360.0
-21.298686981201172,-21.30658721923828,0.007896575145423412,0.0,97.80704242542662,15360.0
-21.36212921142578,-21.368425369262695,0.00629371078684926,0.0,74.73132830011492,15360.0
-21.47541618347168,-21.48267364501953,0.007258988451212645,0.0,51.93894118706938,15360.0
-21.42690658569336,-21.433185577392578,0.006271441467106342,0.0,66.07196691347791,15360.0
-21.4417724609375,-21.44870948791504,0.006928692571818829,0.0,55.50228994586493,15360.0
-21.46149444580078,-21.46790313720703,0.006404000334441662,0.0,55.75388794680134,15360.0
-21.481103897094727,-21.488628387451172,0.007528845686465502,0.0,50.293862961751515,15360.0
-21.41322898864746,-21.419618606567383,0.0063898321241140366,0.0,60.73694179320788,15360.0
-21.457876205444336,-21.464336395263672,0.00645861029624939,0.0,61.109489291758116,15360.0
-21.46672821044922,-21.473268508911133,0.006538520101457834,0.0,54.87151480062884,15360.0
-21.520856857299805,-21.52898406982422,0.008126150816679,0.0,48.652224119038245,15360.0
-21.521888732910156,-21.530345916748047,0.00846067350357771,0.0,43.867330328783986,15360.0
-21.529834747314453,-21.53842544555664,0.008595089428126812,0.0,43.03774256439213,15360.0
-21.50635528564453,-21.51494789123535,0.00859582144767046,0.0,41.336596720959946,15360.0
-21.473407745361328,-21.482336044311523,0.008935884572565556,0.0,67.84245480111183,15360.0
-21.4898681640625,-21.498920440673828,0.009045612998306751,0.0,51.80796371469597,15360.0
-21.5114688873291,-21.521007537841797,0.009539424441754818,0.0,45.96379797886409,15360.0
-21.525606155395508,-21.5365047454834,0.010892679914832115,0.0,41.22318387915433,15360.0
-21.42652702331543,-21.440876007080078,0.014345002360641956,0.0,70.8845823485669,15360.0
-21.474916458129883,-21.49129295349121,0.016375038772821426,0.0,50.9049156393592,15360.0
-21.419824600219727,-21.438274383544922,0.018444998189806938,0.0,70.5907714373891,15360.0
-21.30479621887207,-21.322368621826172,0.017578095197677612,0.0,97.40210306054114,15360.0
-21.38744354248047,-21.40608787536621,0.018648425117135048,0.0,91.11676527482311,15360.0
-21.40336036682129,-21.425334930419922,0.02197863720357418,0.0,75.2905381869303,15360.0
-21.309179306030273,-21.332744598388672,0.023567337542772293,0.0,102.24759377838717,15360.0
-21.40969467163086,-21.428075790405273,0.0183755811303854,0.0,82.0224738206578,15360.0
-21.417171478271484,-21.432783126831055,0.015619490295648575,0.0,79.62354034557558,15360.0
-21.400890350341797,-21.412139892578125,0.01124632265418768,0.0,94.00655564783504,15360.0
-21.36067771911621,-21.369138717651367,0.008459752425551414,0.0,93.07462444484914,15360.0
-21.426332473754883,-21.43431282043457,0.007983899675309658,0.0,66.5067648573857,15360.0
-21.411808013916016,-21.42387580871582,0.012071487493813038,0.0,85.45000549586564,15360.0
-21.465120315551758,-21.480125427246094,0.01500708144158125,0.0,78.28026328871005,15360.0
-21.373821258544922,-21.39067840576172,0.016853902488946915,0.0,82.72638025803224,15360.0
-21.281707763671875,-21.3001766204834,0.01847432367503643,0.0,103.07484064876313,15360.0
-21.503713607788086,-21.524314880371094,0.02059875801205635,0.0,48.51328358302784,15360.0
-21.404937744140625,-21.430097579956055,0.025159422308206558,0.0,94.55722149842698,15360.0
-21.39667320251465,-21.419269561767578,0.022588875144720078,0.0,84.20726767120343,15360.0
-21.47854232788086,-21.495805740356445,0.01725972443819046,0.0,81.11664097428923,15360.0
-21.30573081970215,-21.319883346557617,0.014159255661070347,0.0,116.21865905073098,15360.0
-21.358274459838867,-21.3701171875,0.011845278553664684,0.0,94.71122770401246,15360.0
-21.366628646850586,-21.3764591217041,0.009835491888225079,0.0,92.05367965417247,15360.0
-21.406707763671875,-21.415122985839844,0.00841737724840641,0.0,89.05221766727398,15360.0
-21.279659271240234,-21.289791107177734,0.010128874331712723,0.0,118.70370143732364,15360.0
-21.41009521484375,-21.429136276245117,0.0190445389598608,0.0,96.63908685227044,15360.0
-21.43578338623047,-21.470863342285156,0.0350799635052681,0.0,78.74874276475649,15360.0
-21.239370346069336,-21.287567138671875,0.04820061847567558,0.0,119.91274890025814,15360.0
-21.481882095336914,-21.535436630249023,0.053552668541669846,0.0,66.547440694391,15360.0
-21.30493927001953,-21.351167678833008,0.046220675110816956,0.0,99.6714284379526,15360.0
-21.419700622558594,-21.44983673095703,0.030144372954964638,0.0,81.88157152964749,15360.0
-21.484460830688477,-21.50307273864746,0.01861354522407055,0.0,66.91454472432058,15360.0
-21.436887741088867,-21.4508056640625,0.013916462659835815,0.0,68.84096683447716,15360.0
-21.27690887451172,-21.291234970092773,0.014325381256639957,0.0,98.4912564924258,15360.0
-21.247241973876953,-21.270973205566406,0.023726454004645348,0.0,116.36825600089108,15360.0
-21.44536018371582,-21.481550216674805,0.03618639335036278,0.0,59.479803066910335,15360.0
-21.32270050048828,-21.367046356201172,0.04434366151690483,0.0,90.75055366848997,15360.0
-21.276878356933594,-21.30921745300293,0.03234013542532921,0.0,109.59641101338859,15360.0
-21.47068214416504,-21.486902236938477,0.016221703961491585,0.0,65.75010769977085,15360.0
-21.405282974243164,-21.421817779541016,0.01653200387954712,0.0,79.05667140337641,15360.0
-21.306177139282227,-21.330732345581055,0.024558506906032562,0.0,111.3754971280627,15360.0
-21.4008731842041,-21.427696228027344,0.026825327426195145,0.0,77.89616042895173,15360.0
-21.353473663330078,-21.376890182495117,0.023417269811034203,0.0,83.28063000383257,15360.0
-21.29524040222168,-21.30939292907715,0.014150738716125488,0.0,112.20219179236517,15360.0
-21.512056350708008,-21.522218704223633,0.010168989188969135,0.0,49.02700196621365,15360.0
-21.233919143676758,-21.246179580688477,0.01226141769438982,0.0,118.58283377292373,15360.0
-21.25817108154297,-21.278047561645508,0.019880585372447968,0.0,106.97763983067229,15360.0
-21.49561882019043,-21.522899627685547,0.027280045673251152,0.0,53.099614875964605,15360.0
-21.332477569580078,-21.356708526611328,0.024227090179920197,0.0,93.76136294921662,15360.0
-21.464757919311523,-21.477949142456055,0.013192073442041874,0.0,65.6187782723323,15360.0
-21.44200325012207,-21.453386306762695,0.011381666176021099,0.0,68.00264426491805,15360.0
-21.409496307373047,-21.42799949645996,0.018497178331017494,0.0,78.99221818732572,15360.0
-21.4454288482666,-21.46772575378418,0.022296510636806488,0.0,44.40072454537028,15360.0
-21.459980010986328,-21.474332809448242,0.014357075095176697,0.0,67.8513675200164,15360.0
-21.436973571777344,-21.447063446044922,0.010093051008880138,0.0,65.31342667272627,15360.0
-21.522192001342773,-21.534238815307617,0.012044825591146946,0.0,62.384273845936434,15360.0
-21.499841690063477,-21.51531982421875,0.015470447950065136,0.0,63.89863406816923,15360.0
-21.41949462890625,-21.435909271240234,0.016418417915701866,0.0,82.11114210103268,15360.0
-21.432802200317383,-21.44610595703125,0.013302209787070751,0.0,66.21106404833984,15360.0
-21.490652084350586,-21.501102447509766,0.010451697744429111,0.0,58.36175817356212,15360.0
-21.483516693115234,-21.493330001831055,0.00981417391449213,0.0,62.91259347974943,15360.0
-21.488140106201172,-21.498004913330078,0.009862756356596947,0.0,57.93880098715806,15360.0
-21.45924186706543,-21.47184181213379,0.01260080561041832,0.0,68.51870514153123,15360.0
-21.453115463256836,-21.46595573425293,0.01283649168908596,0.0,56.20471709234623,15360.0
-21.485313415527344,-21.494571685791016,0.00925807747989893,0.0,53.48351867162755,15360.0
-21.46630859375,-21.47528076171875,0.008971276693046093,0.0,67.33510402082426,15360.0
-21.481414794921875,-21.490901947021484,0.009487057104706764,0.0,51.45832912247875,15360.0
-21.401275634765625,-21.40957260131836,0.008287517353892326,0.0,73.42595748804831,15360.0
-21.445180892944336,-21.454008102416992,0.008829614147543907,0.0,85.09518991160932,15360.0
-21.44896125793457,-21.458635330200195,0.009668483398854733,0.0,69.44090550261281,15360.0
-21.24905014038086,-21.256914138793945,0.007865787483751774,0.0,109.25287070562537,15360.0
-21.509668350219727,-21.517372131347656,0.007701292634010315,0.0,55.4091008197112,15360.0
-21.46060562133789,-21.4689884185791,0.008377747610211372,0.0,77.48122591942615,15360.0
-21.13944435119629,-21.148237228393555,0.008792217820882797,0.0,126.6166395326164,15360.0
-21.383411407470703,-21.39139747619629,0.007990536279976368,0.0,96.60362508375856,15360.0
-21.43782615661621,-21.446012496948242,0.00819079764187336,0.0,65.05678954503517,15360.0
-21.13665199279785,-21.144929885864258,0.00827836710959673,0.0,137.26177660213483,15360.0
-21.35253143310547,-21.36153221130371,0.009001770988106728,0.0,109.28110874843813,15360.0
-21.378236770629883,-21.388845443725586,0.010609247721731663,0.0,79.39649104889752,15360.0
-21.338754653930664,-21.346067428588867,0.0073096570558846,0.0,94.23223380431584,15360.0
-21.42508316040039,-21.43096923828125,0.005887115374207497,0.0,74.46888912868944,15360.0
-21.430469512939453,-21.440223693847656,0.009753231890499592,0.0,61.376897264198554,15360.0
-21.194133758544922,-21.202686309814453,0.008546292781829834,0.0,116.4463355714821,15360.0
-21.117137908935547,-21.124114990234375,0.006971497554332018,0.0,128.3053474029759,15360.0
-21.367145538330078,-21.376628875732422,0.009491228498518467,0.0,85.069546569256,15360.0
-21.09990692138672,-21.108640670776367,0.008737105876207352,0.0,118.6159781197039,15360.0
-21.18086051940918,-21.18801498413086,0.0071561592631042,0.0,109.41881462468241,15360.0
-21.354572296142578,-21.364559173583984,0.009987175464630127,0.0,92.4931020189323,15360.0
-21.03061294555664,-21.0400390625,0.00942833162844181,0.0,132.35138989061338,15360.0
-21.306835174560547,-21.314470291137695,0.0076397922821342945,0.0,79.1666254393867,15360.0
-21.17245864868164,-21.18124771118164,0.008788155391812325,0.0,117.0321451412758,15360.0
-21.13994598388672,-21.14750862121582,0.0075597926042973995,0.0,130.56439294989602,15360.0
-21.26810646057129,-21.2768611907959,0.008756007067859173,0.0,91.3524570761656,15360.0
-21.111848831176758,-21.12082290649414,0.008975072763860226,0.0,122.46580248516783,15360.0
-21.26067352294922,-21.267934799194336,0.007260445971041918,0.0,93.57369046778274,15360.0
-21.26820945739746,-21.27695655822754,0.008753607049584389,0.0,85.78516048861297,15360.0
-21.243940353393555,-21.253931045532227,0.009992373175919056,0.0,100.14619779352493,15360.0
-21.29434585571289,-21.303184509277344,0.008836986497044563,0.0,86.81277476106101,15360.0
-21.37824821472168,-21.38644790649414,0.00820031389594078,0.0,62.38758424599351,15360.0
-21.310325622558594,-21.319307327270508,0.008981562219560146,0.0,83.93247882950376,15360.0
-21.364803314208984,-21.37070083618164,0.0058959973976016045,0.0,72.54223594967432,15360.0
-21.31922721862793,-21.32622528076172,0.006998444441705942,0.0,52.62339782187854,15360.0
-21.327280044555664,-21.335369110107422,0.008097684942185879,0.0,87.91559311417693,15360.0
-21.402671813964844,-21.410228729248047,0.007561359088867903,0.0,58.45278795496348,15360.0
-21.34953498840332,-21.359086990356445,0.009551789611577988,0.0,80.3681124703904,15360.0
-21.38463592529297,-21.392667770385742,0.008030314929783344,0.0,70.68398906946506,15360.0
-21.341245651245117,-21.34850311279297,0.007251339964568615,0.0,61.43392169307175,15360.0
-21.335723876953125,-21.34221649169922,0.0064980159513652325,0.0,89.32057230836395,15360.0
-21.408445358276367,-21.415470123291016,0.007027880754321814,0.0,45.5697169496775,15360.0
-21.129112243652344,-21.13707733154297,0.007958355359733105,0.0,115.51881138569706,15360.0
-21.414094924926758,-21.420848846435547,0.00676041329279542,0.0,65.68049588122776,15360.0
-21.316150665283203,-21.323871612548828,0.007720337249338627,0.0,96.5879658612587,15360.0
-21.355369567871094,-21.361106872558594,0.005743725690990686,0.0,84.10259977857557,15360.0
-21.23102378845215,-21.237648010253906,0.0066283694468438625,0.0,114.84650587409178,15360.0
-21.282426834106445,-21.28980827331543,0.007382876239717007,0.0,85.05027311916471,15360.0
-21.400348663330078,-21.407217025756836,0.00687175989151001,0.0,71.81230617683848,15360.0
-21.128517150878906,-21.136425018310547,0.007910066284239292,0.0,90.76802749144055,15360.0
-21.41427230834961,-21.419437408447266,0.005169550888240337,0.0,56.86320117168291,15360.0
-21.269439697265625,-21.2755069732666,0.00606752373278141,0.0,83.70108157042577,15360.0
-21.297189712524414,-21.302705764770508,0.005515106022357941,0.0,79.92090913733192,15360.0
-21.332040786743164,-21.338069915771484,0.006024725269526243,0.0,76.42612043815392,15360.0
-21.33235740661621,-21.338136672973633,0.005784372799098492,0.0,88.9079907524652,15360.0
-21.30524444580078,-21.311126708984375,0.005876000039279461,0.0,80.40240372583325,15360.0
-21.46438980102539,-21.47061538696289,0.006223180331289768,0.0,65.85629653371936,15360.0
-21.343610763549805,-21.34940528869629,0.005793931428343058,0.0,63.23726040787834,15360.0
-21.29825782775879,-21.3035831451416,0.005328519269824028,0.0,75.38564291317614,15360.0
-21.345788955688477,-21.351408004760742,0.005615046247839928,0.0,64.51241578254755,15360.0
-21.30291175842285,-21.30868148803711,0.0057753995060920715,0.0,83.70724537784781,15360.0
-21.340425491333008,-21.3461971282959,0.005775790195912123,0.0,72.59297070172367,15360.0
-21.384559631347656,-21.3917179107666,0.007159598171710968,0.0,65.4154890624269,15360.0
-21.338289260864258,-21.34885597229004,0.010565998032689095,0.0,64.94588599084226,15360.0
-21.372081756591797,-21.382225036621094,0.010148887522518635,0.0,54.25012392853311,15360.0
-21.373987197875977,-21.382715225219727,0.008736052550375462,0.0,60.49358238948682,15360.0
-21.359712600708008,-21.366422653198242,0.006707524880766869,0.0,60.09392997433419,15360.0
-21.38898277282715,-21.395925521850586,0.006941082887351513,0.0,58.73474239288931,15360.0
-21.367956161499023,-21.374887466430664,0.006933192256838083,0.0,52.0489367814882,15360.0
-21.405088424682617,-21.41197395324707,0.006884031463414431,0.0,73.89715943421965,15360.0
-21.45368003845215,-21.46071434020996,0.007039944641292095,0.0,50.51223867069668,15360.0
-21.36995506286621,-21.376422882080078,0.006464769132435322,0.0,78.37139949609592,15360.0
-21.35346794128418,-21.359811782836914,0.006343858782202005,0.0,85.07833488641512,15360.0
-21.398752212524414,-21.405866622924805,0.007116315886378288,0.0,64.57068253008181,15360.0
-21.417062759399414,-21.423784255981445,0.006729758344590664,0.0,74.88797291077927,15360.0
-21.38856315612793,-21.396106719970703,0.007541729137301445,0.0,72.72037287683186,15360.0
-21.330318450927734,-21.338727951049805,0.008408823050558567,0.0,66.9544139978535,15360.0
-21.499773025512695,-21.508028030395508,0.008254801854491234,0.0,62.83980049105335,15360.0
-21.377620697021484,-21.386362075805664,0.008735816925764084,0.0,78.40930190014878,15360.0
-21.43990135192871,-21.450380325317383,0.010480980388820171,0.0,54.688432578400985,15360.0
-21.480703353881836,-21.491682052612305,0.01097815576940775,0.0,55.536688126964656,15360.0
-21.450918197631836,-21.461626052856445,0.010704564861953259,0.0,57.50160059800468,15360.0
-21.51071548461914,-21.520164489746094,0.009445074945688248,0.0,53.22910812142734,15360.0
-21.42179298400879,-21.430885314941406,0.009098353795707226,0.0,63.933693446262694,15360.0
-21.43159294128418,-21.439311981201172,0.00772267347201705,0.0,61.0370620160526,15360.0
-21.460540771484375,-21.468097686767578,0.007561101112514734,0.0,64.09803434201302,15360.0
-21.466800689697266,-21.474191665649414,0.007382406387478113,0.0,46.542171886454135,15360.0
-21.369831085205078,-21.37824821472168,0.008417678996920586,0.0,85.97061003695804,15360.0
-21.4442081451416,-21.45410919189453,0.009901369921863079,0.0,79.77993920299723,15360.0
-21.457515716552734,-21.468706130981445,0.011187296360731125,0.0,55.86668888041903,15360.0
-21.37899398803711,-21.3887996673584,0.009812404401600361,0.0,91.1321536822458,15360.0
-21.415361404418945,-21.425193786621094,0.009837478399276733,0.0,70.12117421031526,15360.0
-21.347410202026367,-21.355567932128906,0.008155710063874722,0.0,76.80714424865273,15360.0
-21.368104934692383,-21.374696731567383,0.00659404881298542,0.0,93.9487700441119,15360.0
-21.381206512451172,-21.38817596435547,0.0069718430750072,0.0,92.09501694313549,15360.0
-21.40796661376953,-21.41780662536621,0.009836697950959206,0.0,47.46352747258091,15360.0
-21.187068939208984,-21.197797775268555,0.010723138228058815,0.0,106.77564728337042,15360.0
-21.446462631225586,-21.456783294677734,0.010322043672204018,0.0,66.64062207057053,15360.0
-21.439611434936523,-21.451147079467773,0.011532253585755825,0.0,58.465352287157934,15360.0
-21.411670684814453,-21.42315673828125,0.011486231349408627,0.0,66.86697932568667,15360.0
-21.344600677490234,-21.355554580688477,0.010958350263535976,0.0,67.87062099525404,15360.0
-21.400129318237305,-21.41033363342285,0.010199500247836113,0.0,66.70391467207547,15360.0
-21.445886611938477,-21.455148696899414,0.009262087754905224,0.0,82.33612751813787,15360.0
-21.42611312866211,-21.43576431274414,0.009643640369176865,0.0,57.5460249816931,15360.0
-21.271589279174805,-21.280086517333984,0.008489996194839478,0.0,91.69115872200564,15360.0
-21.451658248901367,-21.460391998291016,0.008730030618607998,0.0,65.83238920916962,15360.0
-21.380895614624023,-21.387462615966797,0.006561845075339079,0.0,80.5126536896373,15360.0
-21.348352432250977,-21.356201171875,0.0078542185947299,0.0,89.4044406705431,15360.0
-21.480897903442383,-21.49097442626953,0.010076561011373997,0.0,55.68520474681199,15360.0
-21.406293869018555,-21.41654396057129,0.010257829912006855,0.0,75.76562139983271,15360.0
-21.42642593383789,-21.438695907592773,0.012270799838006496,0.0,61.60582475345509,15360.0
-21.48771858215332,-21.501684188842773,0.013962458819150925,0.0,59.803567433134006,15360.0
-21.486486434936523,-21.500513076782227,0.014028038829565048,0.0,57.33631244102226,15360.0
-21.41951560974121,-21.434307098388672,0.014789965003728867,0.0,58.73289008766831,15360.0
-21.466142654418945,-21.480133056640625,0.01399791706353426,0.0,58.85460428110661,15360.0
-21.43367576599121,-21.44797706604004,0.014302119612693787,0.0,69.93870273107673,15360.0
-21.403636932373047,-21.41975975036621,0.01612442173063755,0.0,73.41600623789253,15360.0
-21.305835723876953,-21.32231903076172,0.016482239589095116,0.0,69.4870763806188,15360.0
-21.39189338684082,-21.409080505371094,0.01718624122440815,0.0,86.54683326135594,15360.0
-21.43912124633789,-21.457693099975586,0.018573982641100883,0.0,62.14395458951921,15360.0
-21.281925201416016,-21.29892921447754,0.017002401873469353,0.0,91.81544507456904,15360.0
-21.2600154876709,-21.275911331176758,0.015890272334218025,0.0,77.57116835284084,15360.0
-21.350048065185547,-21.366514205932617,0.01647077314555645,0.0,80.18892243619798,15360.0
-21.206911087036133,-21.223350524902344,0.01643775962293148,0.0,88.40938037442673,15360.0
-21.3011531829834,-21.313383102416992,0.012227972969412804,0.0,83.51399046781476,15360.0
-21.15803337097168,-21.16819190979004,0.010160570964217186,0.0,104.26610760970027,15360.0
-21.332386016845703,-21.343725204467773,0.011347809806466103,0.0,80.51865920850732,15360.0
-21.299467086791992,-21.31137466430664,0.011902042664587498,0.0,84.36656570310842,15360.0
-21.256906509399414,-21.265201568603516,0.008291450329124928,0.0,81.83268223991682,15360.0
-21.343339920043945,-21.35069465637207,0.007354590576142073,0.0,59.53168801422425,15360.0
-21.115604400634766,-21.12474250793457,0.009138713590800762,0.0,97.5640415861896,15360.0
-21.270864486694336,-21.2835693359375,0.012706040404736996,0.0,92.25237698499097,15360.0
-21.323028564453125,-21.339197158813477,0.0161709263920784,0.0,72.72122871360669,15360.0
-21.04327392578125,-21.061567306518555,0.01829432137310505,0.0,104.04825165238317,15360.0
-21.346046447753906,-21.36670684814453,0.020656710490584373,0.0,48.97705239216429,15360.0
-21.178621292114258,-21.20045280456543,0.021836329251527786,0.0,82.78245367445798,15360.0
-21.278188705444336,-21.299161911010742,0.02097436599433422,0.0,68.15424894676688,15360.0
-21.365386962890625,-21.383920669555664,0.018532613292336464,0.0,54.0258387836288,15360.0
-21.161258697509766,-21.177045822143555,0.015784384682774544,0.0,82.0309254850123,15360.0
-21.31818962097168,-21.329374313354492,0.011187980882823467,0.0,75.7056428621294,15360.0
-21.215087890625,-21.223941802978516,0.008858799003064632,0.0,108.83070643217094,15360.0
-21.21699333190918,-21.22616958618164,0.009172681719064713,0.0,95.75700239811394,15360.0
-21.187259674072266,-21.200597763061523,0.013342056423425674,0.0,81.81022260988779,15360.0
-21.203327178955078,-21.22023582458496,0.016901474446058273,0.0,96.92812507688792,15360.0
-21.282480239868164,-21.2990779876709,0.01658857800066471,0.0,92.57977260297542,15360.0
-21.232105255126953,-21.245302200317383,0.013193106278777122,0.0,84.00596944008622,15360.0
-21.17427635192871,-21.184038162231445,0.00976550579071045,0.0,112.19840988925567,15360.0
-21.240901947021484,-21.24883460998535,0.007934323512017727,0.0,91.80771187145355,15360.0
-21.36177635192871,-21.371660232543945,0.009886023588478565,0.0,73.99464804645723,15360.0
-21.294843673706055,-21.309734344482422,0.01489061675965786,0.0,76.24061890781543,15360.0
-21.348636627197266,-21.367088317871094,0.018449779599905014,0.0,78.69383146795214,15360.0
-21.304309844970703,-21.321990966796875,0.017684413120150566,0.0,79.84845186464712,15360.0
-21.107807159423828,-21.122764587402344,0.014957725070416927,0.0,126.84119195689192,15360.0
-21.32066535949707,-21.33354949951172,0.012884024530649185,0.0,91.7386385061609,15360.0
-21.399715423583984,-21.41128158569336,0.01156842615455389,0.0,67.21550972960185,15360.0
-21.15885353088379,-21.16796112060547,0.009105915203690529,0.0,104.80906237739225,15360.0
-21.3769588470459,-21.384540557861328,0.007580484263598919,0.0,60.93547134396455,15360.0
-21.26129150390625,-21.271488189697266,0.010188790038228035,0.0,93.2882157268553,15360.0
-21.162738800048828,-21.17597007751465,0.013233142904937267,0.0,107.47408784386012,15360.0
-21.355985641479492,-21.36973762512207,0.013755161315202713,0.0,67.1112798908731,15360.0
-21.329017639160156,-21.340295791625977,0.011272761970758438,0.0,84.6571596622637,15360.0
-21.324466705322266,-21.332319259643555,0.007855168543756008,0.0,75.65785181376087,15360.0
-21.32744598388672,-21.332929611206055,0.0054789273999631405,0.0,74.27662898857531,15360.0
-21.307191848754883,-21.314250946044922,0.007062053307890892,0.0,96.9082053711277,15360.0
-21.281896591186523,-21.29094886779785,0.009052574634552002,0.0,94.98005830922288,15360.0
-21.326528549194336,-21.336423873901367,0.00989758875221014,0.0,84.17594101049018,15360.0
-21.306833267211914,-21.31766700744629,0.010834000073373318,0.0,87.4270831556884,15360.0
-21.310758590698242,-21.319612503051758,0.00884972419589758,0.0,69.26251845473466,15360.0
-21.29543685913086,-21.304471969604492,0.009028459899127483,0.0,93.9269805592172,15360.0
-21.35942840576172,-21.36806297302246,0.008629295974969864,0.0,87.43440029755149,15360.0
-21.36400032043457,-21.37129783630371,0.007293813396245241,0.0,85.17171234986147,15360.0
-21.345176696777344,-21.3526668548584,0.00749856885522604,0.0,80.33727793924206,15360.0
-21.38040542602539,-21.387346267700195,0.006947875488549471,0.0,72.76986848828432,15360.0
-21.417816162109375,-21.424266815185547,0.0064522577449679375,0.0,88.18308298547791,15360.0
-21.45574378967285,-21.46342658996582,0.007678889203816652,0.0,64.90391600036894,15360.0
-21.324695587158203,-21.333696365356445,0.00900557916611433,0.0,88.43024765613268,15360.0
-21.37224578857422,-21.380823135375977,0.008575644344091415,0.0,80.68048544464203,15360.0
-21.399614334106445,-21.40899085998535,0.00937572494149208,0.0,64.98528763008564,15360.0
-21.45404052734375,-21.46131134033203,0.007273549679666758,0.0,73.14066120518358,15360.0
-21.424955368041992,-21.432100296020508,0.0071415649726986885,0.0,78.55232180636733,15360.0
-21.493684768676758,-21.50260353088379,0.008927452377974987,0.0,52.48252222102232,15360.0
-21.387475967407227,-21.39869499206543,0.011219004169106483,0.0,75.26963381445735,15360.0
-21.375438690185547,-21.388023376464844,0.012581144459545612,0.0,59.83882864928508,15360.0
-21.325634002685547,-21.336923599243164,0.011286205612123013,0.0,78.81927432015941,15360.0
-21.447790145874023,-21.457857131958008,0.010072085075080395,0.0,71.82036642226672,15360.0
-21.397174835205078,-21.40629005432129,0.00911786500364542,0.0,50.67664209878659,15360.0
-21.35795021057129,-21.367591857910156,0.009644345380365849,0.0,92.66904480928066,15360.0
-21.46940040588379,-21.480403900146484,0.011004066094756126,0.0,66.35806396607848,15360.0
-21.349308013916016,-21.35938262939453,0.010078957304358482,0.0,87.24997601782347,15360.0
-21.355531692504883,-21.3632869720459,0.007752204313874245,0.0,86.29009133793868,15360.0
-21.458404541015625,-21.46509552001953,0.006694180890917778,0.0,49.88768642746992,15360.0
-21.384021759033203,-21.39020347595215,0.0061836568638682365,0.0,64.20929784867192,15360.0
-21.469310760498047,-21.47648811340332,0.007180644664913416,0.0,61.66680668139113,15360.0
-21.44232940673828,-21.45025634765625,0.007922048680484295,0.0,74.77153024628146,15360.0
-21.475954055786133,-21.485231399536133,0.009271504357457161,0.0,52.38868665019785,15360.0
-21.443714141845703,-21.452749252319336,0.009028715081512928,0.0,63.98975266694352,15360.0
-21.456525802612305,-21.463186264038086,0.006657393183559179,0.0,48.40282064602626,15360.0
-21.48832130432129,-21.495145797729492,0.006831680424511433,0.0,60.92754916947116,15360.0
-21.561073303222656,-21.568138122558594,0.007059444207698107,0.0,49.688093388215776,15360.0
-21.553544998168945,-21.56087303161621,0.007333122659474611,0.0,43.26072762387643,15360.0
-21.504621505737305,-21.512821197509766,0.00820197630673647,0.0,52.50015652015341,15360.0
-21.48969268798828,-21.49690818786621,0.007216773461550474,0.0,70.21061644490973,15360.0
-21.495519638061523,-21.501535415649414,0.006008434109389782,0.0,62.187724239872885,15360.0
-21.617725372314453,-21.62390899658203,0.006191767752170563,0.0,43.216272081351676,15360.0
-21.475793838500977,-21.482959747314453,0.0071632396429777145,0.0,62.5668304965998,15360.0
-21.49261474609375,-21.49897003173828,0.00636022724211216,0.0,76.55820349697892,15360.0
-21.600263595581055,-21.608003616333008,0.007735422812402248,0.0,43.05491329873315,15360.0
-21.510622024536133,-21.519899368286133,0.009281758219003677,0.0,72.18784821132178,15360.0
-21.564491271972656,-21.57264518737793,0.008150903508067131,0.0,47.85926236146741,15360.0
-21.533754348754883,-21.540536880493164,0.006783955730497837,0.0,57.77927039048411,15360.0
-21.459537506103516,-21.465267181396484,0.0057320729829370975,0.0,86.5869808464923,15360.0
-21.5150146484375,-21.521026611328125,0.006018564570695162,0.0,65.26819455628083,15360.0
-21.463275909423828,-21.468402862548828,0.00512107415124774,0.0,74.20167313638679,15360.0
-21.48223304748535,-21.48808479309082,0.005853055510669947,0.0,79.31404270921614,15360.0
-21.482187271118164,-21.488229751586914,0.006035840138792992,0.0,84.12383560212955,15360.0
-21.501508712768555,-21.509328842163086,0.007817069999873638,0.0,69.45423560098143,15360.0
-21.492408752441406,-21.50194549560547,0.009539302438497543,0.0,89.90919911967059,15360.0
-21.493927001953125,-21.5037841796875,0.009857986122369766,0.0,52.69436303588413,15360.0
-21.520191192626953,-21.52969741821289,0.0094978678971529,0.0,71.16560745033411,15360.0
-21.40122413635254,-21.411115646362305,0.00988905131816864,0.0,99.56586085616073,15360.0
-21.53874969482422,-21.550357818603516,0.011607706546783447,0.0,52.884275711903314,15360.0
-21.458925247192383,-21.472932815551758,0.014013723470270634,0.0,74.87992292945803,15360.0
-21.440486907958984,-21.453937530517578,0.013456026092171669,0.0,76.40923546739786,15360.0
-21.554229736328125,-21.56559181213379,0.0113618653267622,0.0,50.40745121506289,15360.0
-21.4842472076416,-21.495466232299805,0.011218941770493984,0.0,87.78043348133505,15360.0
-21.525556564331055,-21.536279678344727,0.010721868835389614,0.0,48.19203575535703,15360.0
-21.4600772857666,-21.469114303588867,0.00903811864554882,0.0,91.44052872586194,15360.0
-21.437936782836914,-21.44516372680664,0.007228550501167774,0.0,66.77688072055514,15360.0
-21.479337692260742,-21.48809051513672,0.008754556998610497,0.0,71.95752320892494,15360.0
-21.46144676208496,-21.471208572387695,0.009765509516000748,0.0,88.03482215360071,15360.0
-21.49552345275879,-21.507307052612305,0.011777397245168686,0.0,80.87359009925767,15360.0
-21.521995544433594,-21.534635543823242,0.01264447346329689,0.0,58.70558314089813,15360.0
-21.466482162475586,-21.47690200805664,0.0104143675416708,0.0,80.56633696850724,15360.0
-21.499441146850586,-21.509864807128906,0.01042357087135315,0.0,55.09907227190343,15360.0
-21.415868759155273,-21.425161361694336,0.009290989488363266,0.0,89.29027681081328,15360.0
-21.4052791595459,-21.414478302001953,0.009193208068609238,0.0,98.10813969127574,15360.0
-21.511106491088867,-21.52022361755371,0.009114756248891354,0.0,68.65868806026494,15360.0
-21.25790786743164,-21.26692771911621,0.009016681462526321,0.0,131.59881873418598,15360.0
-21.416391372680664,-21.4259090423584,0.00952091719955206,0.0,83.86145701932722,15360.0
-21.317319869995117,-21.328380584716797,0.011068621650338173,0.0,95.23334711705462,15360.0
-21.09433937072754,-21.106807708740234,0.01246370654553175,0.0,140.66878810573093,15360.0
-21.340105056762695,-21.35039710998535,0.010294228792190552,0.0,99.103797270274,15360.0
-21.273500442504883,-21.28447914123535,0.010973249562084675,0.0,120.43643185978463,15360.0
-21.114694595336914,-21.12595558166504,0.011259189806878567,0.0,130.54686756976454,15360.0
-21.38206672668457,-21.391992568969727,0.009920505806803703,0.0,81.39868434533325,15360.0
-21.348112106323242,-21.3564510345459,0.008343740366399288,0.0,99.97351373246237,15360.0
-21.22628402709961,-21.23557472229004,0.009300410747528076,0.0,113.22744417410819,15360.0
-21.361181259155273,-21.370342254638672,0.009159688837826252,0.0,85.92333943472872,15360.0
-21.282257080078125,-21.291589736938477,0.009336278773844242,0.0,108.3082098264151,15360.0
-21.240121841430664,-21.2513370513916,0.01121586561203003,0.0,107.93563996133955,15360.0
-21.337421417236328,-21.34908103942871,0.011657441034913063,0.0,90.74283051257432,15360.0
-21.363584518432617,-21.37752342224121,0.013939155265688896,0.0,82.06645018615839,15360.0
-21.335742950439453,-21.348018646240234,0.012284684926271439,0.0,98.68513391396127,15360.0
-21.46830940246582,-21.47939109802246,0.011087008751928806,0.0,45.34737097852686,15360.0
-21.315649032592773,-21.324687957763672,0.009035357274115086,0.0,91.161184179015,15360.0
-21.392019271850586,-21.39986228942871,0.007839510217308998,0.0,78.3637003916878,15360.0
-21.48514175415039,-21.491724014282227,0.0065827807411551476,0.0,48.975929772281305,15360.0
-21.1724796295166,-21.1796817779541,0.007201887667179108,0.0,128.84376900821343,15360.0
-21.296653747558594,-21.303754806518555,0.007104495074599981,0.0,105.50545737783835,15360.0
-21.316444396972656,-21.327312469482422,0.010868052951991558,0.0,92.94352417726844,15360.0
-21.273479461669922,-21.283077239990234,0.009601132944226265,0.0,98.97508310570466,15360.0
-21.409870147705078,-21.42030143737793,0.010430028662085533,0.0,76.95663843574478,15360.0
-21.358572006225586,-21.367345809936523,0.008769780397415161,0.0,89.4029261655169,15360.0
-21.37468147277832,-21.382015228271484,0.007339510601013899,0.0,100.5474566344878,15360.0
-21.45349884033203,-21.460533142089844,0.007022909354418516,0.0,61.65695515724944,15360.0
-21.188322067260742,-21.19716453552246,0.008840138092637062,0.0,119.30382669501866,15360.0
-21.24782371520996,-21.25677490234375,0.00895383395254612,0.0,100.89453057808352,15360.0
-21.366069793701172,-21.375516891479492,0.009442834183573723,0.0,82.1961160461162,15360.0
-21.315969467163086,-21.3282413482666,0.012268810532987118,0.0,89.17055787326233,15360.0
-21.301729202270508,-21.314348220825195,0.012616696767508984,0.0,92.94396027590922,15360.0
-21.310728073120117,-21.320837020874023,0.01010871771723032,0.0,105.61360528210665,15360.0
-21.2081241607666,-21.21878433227539,0.010664477944374084,0.0,117.5688315645499,15360.0
-21.360246658325195,-21.37188148498535,0.011636903509497643,0.0,77.5021836957806,15360.0
-21.314172744750977,-21.32374382019043,0.009568304754793644,0.0,91.37171248630048,15360.0
-21.35497283935547,-21.36455726623535,0.009581442922353745,0.0,89.62848580039017,15360.0
-21.440649032592773,-21.44802474975586,0.00737993698567152,0.0,59.454039862388456,15360.0
-21.243623733520508,-21.25062370300293,0.0069977822713553905,0.0,108.98712962761398,15360.0
-21.465534210205078,-21.4722957611084,0.006759332958608866,0.0,65.538806898665,15360.0
-21.259244918823242,-21.268775939941406,0.009535076096653938,0.0,110.67603143321733,15360.0
-21.335887908935547,-21.348596572875977,0.012711549177765846,0.0,95.5486839124708,15360.0
-21.444849014282227,-21.457578659057617,0.012726833112537861,0.0,71.84443194570157,15360.0
-21.298250198364258,-21.31097412109375,0.012727332301437855,0.0,102.55218198262243,15360.0
-21.497732162475586,-21.507457733154297,0.009718169458210468,0.0,60.13500004533026,15360.0
-21.4140567779541,-21.421537399291992,0.007488796021789312,0.0,91.4508873939428,15360.0
-21.439313888549805,-21.447650909423828,0.008335137739777565,0.0,75.59882657158462,15360.0
-21.343631744384766,-21.35196876525879,0.008343021385371685,0.0,95.59078562071176,15360.0
-21.428321838378906,-21.437971115112305,0.0096496706828475,0.0,70.17892101906098,15360.0
-21.354045867919922,-21.361955642700195,0.007906048558652401,0.0,74.61635578063269,15360.0
-21.185333251953125,-21.192441940307617,0.0071060629561543465,0.0,101.58425931835221,15360.0
-21.53289031982422,-21.54029083251953,0.0073999641463160515,0.0,57.70627786482086,15360.0
-21.438480377197266,-21.449214935302734,0.010730194859206676,0.0,76.82297507876177,15360.0
-21.481136322021484,-21.493122100830078,0.011986247263848782,0.0,62.17696264403292,15360.0
-21.369667053222656,-21.380998611450195,0.011325377970933914,0.0,89.65189840502194,15360.0
-21.421152114868164,-21.430360794067383,0.009207367897033691,0.0,67.04547317896971,15360.0
-21.428865432739258,-21.438119888305664,0.009251191280782223,0.0,83.75135812015785,15360.0
-21.428590774536133,-21.438648223876953,0.010052729398012161,0.0,59.88110257768896,15360.0
-21.32505989074707,-21.33559799194336,0.010539731942117214,0.0,94.88242921686752,15360.0
-21.390527725219727,-21.401201248168945,0.01066948939114809,0.0,63.06190686930699,15360.0
-21.398115158081055,-21.406949996948242,0.00883638858795166,0.0,86.75667388314328,15360.0
-21.419252395629883,-21.427284240722656,0.008028900250792503,0.0,70.22537516155677,15360.0
-21.432714462280273,-21.437591552734375,0.0048777568154037,0.0,76.91848677793347,15360.0
-21.405323028564453,-21.410301208496094,0.004982818383723497,0.0,80.91517585559106,15360.0
-21.444416046142578,-21.44969940185547,0.005288310814648867,0.0,69.31174599816097,15360.0
-21.337738037109375,-21.3454532623291,0.007716494612395763,0.0,97.13173073841817,15360.0
-21.465564727783203,-21.47452163696289,0.008958039805293083,0.0,64.91064138160384,15360.0
-21.434051513671875,-21.443138122558594,0.00908932276070118,0.0,72.72088485930233,15360.0
-21.398271560668945,-21.40730857849121,0.00904261413961649,0.0,80.91594328137619,15360.0
-21.45607566833496,-21.46511459350586,0.00903896614909172,0.0,66.68420291691321,15360.0
-21.44301414489746,-21.45125961303711,0.00824600737541914,0.0,65.87482383654468,15360.0
-21.32158660888672,-21.3283634185791,0.006781370844691992,0.0,100.11614388753297,15360.0
-21.40456199645996,-21.410655975341797,0.006095821503549814,0.0,75.19666042181566,15360.0
-21.430932998657227,-21.437185287475586,0.006255245767533779,0.0,80.89371394531184,15360.0
-21.395231246948242,-21.40323257446289,0.007998316548764706,0.0,75.89580034073965,15360.0
-21.482385635375977,-21.491586685180664,0.009205309674143791,0.0,74.21356968951333,15360.0
-21.35771369934082,-21.36985206604004,0.012143133208155632,0.0,85.02196372582611,15360.0
-21.49077606201172,-21.508792877197266,0.018021734431385994,0.0,62.251987350366015,15360.0
-21.435819625854492,-21.461828231811523,0.026005083695054054,0.0,71.62362034120508,15360.0
-21.326904296875,-21.355077743530273,0.02816694602370262,0.0,85.45869906300422,15360.0
-21.48293685913086,-21.507896423339844,0.024956069886684418,0.0,61.55755783427806,15360.0
-21.43896484375,-21.458890914916992,0.019931413233280182,0.0,70.64547160631193,15360.0
-21.40169906616211,-21.417083740234375,0.015381168574094772,0.0,89.14485336630754,15360.0
-21.451833724975586,-21.461652755737305,0.009828958660364151,0.0,69.48001800703344,15360.0
-21.36225700378418,-21.369382858276367,0.007116571068763733,0.0,100.32058109608664,15360.0
-21.50861358642578,-21.515880584716797,0.00727001903578639,0.0,57.02741506498845,15360.0
-21.463550567626953,-21.471498489379883,0.007949307560920715,0.0,79.30497267416084,15360.0
-21.50246238708496,-21.510286331176758,0.00782705843448639,0.0,63.58567725522276,15360.0
-21.49774742126465,-21.506025314331055,0.008278192020952702,0.0,63.968284093573956,15360.0
-21.386882781982422,-21.39510154724121,0.00821863766759634,0.0,80.3420189843344,15360.0
-21.447120666503906,-21.457714080810547,0.010598983615636826,0.0,59.25864871156605,15360.0
-21.47730255126953,-21.48663902282715,0.009338676929473877,0.0,61.72944922587978,15360.0
-21.437307357788086,-21.44562339782715,0.008315126411616802,0.0,69.79609885991192,15360.0
-21.413297653198242,-21.423044204711914,0.009740844368934631,0.0,70.2515548912771,15360.0
-21.371553421020508,-21.3826847076416,0.01113123819231987,0.0,99.35219744876515,15360.0
-21.441184997558594,-21.45327377319336,0.01208795141428709,0.0,71.62370268249529,15360.0
-21.46067237854004,-21.473939895629883,0.013266513124108315,0.0,68.30428695892648,15360.0
-21.375926971435547,-21.38797950744629,0.012048383243381977,0.0,83.19344968226638,15360.0
-21.536123275756836,-21.546367645263672,0.01023960206657648,0.0,49.60210737139453,15360.0
-21.286035537719727,-21.292850494384766,0.006815609522163868,0.0,100.77282137379255,15360.0
-21.346580505371094,-21.35340118408203,0.006818784400820732,0.0,102.41674184526097,15360.0
-21.30254364013672,-21.31011390686035,0.007570493500679731,0.0,85.39768843163466,15360.0
-21.270509719848633,-21.27866554260254,0.008156633004546165,0.0,108.46989238463247,15360.0
-21.360570907592773,-21.369056701660156,0.008489836938679218,0.0,84.68631579684855,15360.0
-21.414148330688477,-21.42364501953125,0.009492127224802971,0.0,83.44967151442718,15360.0
-21.3758487701416,-21.386463165283203,0.01061369851231575,0.0,79.0835440937136,15360.0
-21.414796829223633,-21.426454544067383,0.011653409339487553,0.0,76.25696249311339,15360.0
-21.341533660888672,-21.35073471069336,0.009198496118187904,0.0,79.71738344976893,15360.0
-21.30202293395996,-21.31133270263672,0.00931362621486187,0.0,105.30517865396013,15360.0
-21.44986343383789,-21.459012985229492,0.009147953242063522,0.0,75.37243531387945,15360.0
-21.272218704223633,-21.279399871826172,0.007180934306234121,0.0,107.58532668488317,15360.0
-21.285791397094727,-21.294147491455078,0.008364313282072544,0.0,97.74884840423078,15360.0
-21.35215950012207,-21.36183738708496,0.009673772379755974,0.0,70.90812205104962,15360.0
-21.29899787902832,-21.311443328857422,0.012444776482880116,0.0,99.69024082363177,15360.0
-21.480539321899414,-21.491945266723633,0.01140384841710329,0.0,82.0802646971939,15360.0
-21.47774887084961,-21.485071182250977,0.0073213037103414536,0.0,73.04410124134738,15360.0
-21.416093826293945,-21.42548179626465,0.009394044056534767,0.0,90.11218829637887,15360.0
-21.45134925842285,-21.4614200592041,0.010071219876408577,0.0,63.936087129308554,15360.0
-21.286449432373047,-21.29609489440918,0.009646410122513771,0.0,114.2530223514235,15360.0
-21.330020904541016,-21.34230613708496,0.012285491451621056,0.0,87.46824179316722,15360.0
-21.484344482421875,-21.49618148803711,0.01184061262756586,0.0,54.485542584089046,15360.0
-21.289875030517578,-21.302143096923828,0.012265991419553757,0.0,68.16586029349413,15360.0
-21.410417556762695,-21.421518325805664,0.011101736687123775,0.0,60.84302317321874,15360.0
-21.381380081176758,-21.392864227294922,0.011486198753118515,0.0,82.16494128279271,15360.0
-21.43734359741211,-21.450727462768555,0.01338283997029066,0.0,68.62026872415018,15360.0
-21.40779685974121,-21.41969108581543,0.0118906544521451,0.0,81.04991933209136,15360.0
-21.479618072509766,-21.491146087646484,0.01152278482913971,0.0,63.07196964653134,15360.0
-21.450233459472656,-21.461233139038086,0.011002597399055958,0.0,65.96762847202513,15360.0
-21.435203552246094,-21.44631004333496,0.01110838633030653,0.0,62.756036850633485,15360.0
-21.42539405822754,-21.437490463256836,0.012093116529285908,0.0,68.29827400588087,15360.0
-21.2713623046875,-21.283498764038086,0.012135165743529797,0.0,100.86225544508565,15360.0
-21.54966163635254,-21.560670852661133,0.011007606983184814,0.0,41.397885492602256,15360.0
-21.369096755981445,-21.380823135375977,0.011731179431080818,0.0,91.76892637636111,15360.0
-21.551727294921875,-21.56241798400879,0.01068941317498684,0.0,55.79007885584627,15360.0
-21.383892059326172,-21.393787384033203,0.009893718175590038,0.0,82.18966460196951,15360.0
-21.432668685913086,-21.44154167175293,0.008874377235770226,0.0,86.28857953213343,15360.0
-21.52335548400879,-21.530664443969727,0.007312024012207985,0.0,53.19885147695878,15360.0
-21.37777328491211,-21.3831787109375,0.005405911244452,0.0,100.41917483026441,15360.0
-21.403324127197266,-21.408672332763672,0.005348498933017254,0.0,69.14549095134376,15360.0
-21.291240692138672,-21.297941207885742,0.006697413045912981,0.0,103.2411375694231,15360.0
-21.312618255615234,-21.319217681884766,0.006594597827643156,0.0,96.80619774604398,15360.0
-21.276750564575195,-21.283084869384766,0.006338492967188358,0.0,117.29592139321419,15360.0
-21.412843704223633,-21.418697357177734,0.005852984264492989,0.0,87.58400828670584,15360.0
-21.112905502319336,-21.11994171142578,0.007037381175905466,0.0,119.48439148421645,15360.0
-21.38974380493164,-21.39559555053711,0.005850542802363634,0.0,66.02275447496176,15360.0
-21.358360290527344,-21.364770889282227,0.006410383153706789,0.0,81.4276497860083,15360.0
-21.420679092407227,-21.42759895324707,0.006916978396475315,0.0,90.18729560754471,15360.0
-21.415197372436523,-21.42046546936035,0.0052652666345238686,0.0,73.04598739835599,15360.0
-21.333866119384766,-21.34000015258789,0.006139316596090794,0.0,94.46884483553968,15360.0
-21.42294692993164,-21.42894744873047,0.006001322530210018,0.0,75.19535577371782,15360.0
-21.346355438232422,-21.35343360900879,0.007070477120578289,0.0,85.39028311966146,15360.0
-21.40947723388672,-21.41656494140625,0.007086313795298338,0.0,69.55087285119136,15360.0
-21.304378509521484,-21.310697555541992,0.006318236235529184,0.0,93.41142577118475,15360.0
-21.361867904663086,-21.3690185546875,0.0071489023976027966,0.0,85.130345207888,15360.0
-21.37855339050293,-21.38646125793457,0.007908659055829048,0.0,75.01302280091086,15360.0
-21.333942413330078,-21.34080696105957,0.006868832278996706,0.0,94.82654052825396,15360.0
-21.399412155151367,-21.405704498291016,0.006292485166341066,0.0,79.2413951857942,15360.0
-21.341644287109375,-21.349029541015625,0.007383677642792463,0.0,78.62510093624414,15360.0
-21.458614349365234,-21.466711044311523,0.008096635341644287,0.0,78.43884487469711,15360.0
-21.470516204833984,-21.476764678955078,0.006248465273529291,0.0,63.15524684665309,15360.0
-21.41823959350586,-21.425657272338867,0.007423017639666796,0.0,73.11930569029916,15360.0
-21.3541202545166,-21.360685348510742,0.00656425254419446,0.0,84.133081383432,15360.0
-21.436832427978516,-21.443647384643555,0.006815170403569937,0.0,61.23204542731988,15360.0
-21.493751525878906,-21.499208450317383,0.005451494362205267,0.0,68.7793780963384,15360.0
-21.497983932495117,-21.503114700317383,0.0051282914355397224,0.0,56.23008525007799,15360.0
-21.499267578125,-21.505634307861328,0.0063659739680588245,0.0,59.97943987378048,15360.0
-21.52158546447754,-21.528444290161133,0.00685958843678236,0.0,59.180204729004146,15360.0
-21.515844345092773,-21.523345947265625,0.007497629150748253,0.0,46.238441153173696,15360.0
-21.551246643066406,-21.55839729309082,0.007150052580982447,0.0,52.81530639951601,15360.0
-21.55067253112793,-21.55727767944336,0.00660256203263998,0.0,51.55300232898583,15360.0
-21.52804946899414,-21.53485679626465,0.006809823680669069,0.0,42.318912683848936,15360.0
-21.505573272705078,-21.513782501220703,0.00821426697075367,0.0,59.61985723684903,15360.0
-21.478364944458008,-21.48752212524414,0.009156674146652222,0.0,61.36406114135326,15360.0
-21.490915298461914,-21.50261688232422,0.011699957773089409,0.0,78.65727265592167,15360.0
-21.531761169433594,-21.543527603149414,0.011768266558647156,0.0,47.560418834917776,15360.0
-21.495786666870117,-21.508609771728516,0.012820583768188953,0.0,62.99333842935531,15360.0
-21.48688316345215,-21.49907875061035,0.012189654633402824,0.0,57.43007321484666,15360.0
-21.517738342285156,-21.5299129486084,0.012172101065516472,0.0,51.87419484514362,15360.0
-21.594682693481445,-21.60832977294922,0.013640937395393848,0.0,42.180684512208146,15360.0
-21.534395217895508,-21.548038482666016,0.013647165149450302,0.0,49.874269029549936,15360.0
-21.532978057861328,-21.548229217529297,0.015253386460244656,0.0,45.31964984467347,15360.0
-21.536954879760742,-21.55483055114746,0.017874818295240402,0.0,50.50359498978005,15360.0
-21.583709716796875,-21.604887008666992,0.02117934264242649,0.0,63.464844584603505,15360.0
-21.599531173706055,-21.627851486206055,0.028317851945757866,0.0,51.134532734595396,15360.0
-21.52903175354004,-21.569101333618164,0.0400746613740921,0.0,56.391803568297085,15360.0
-21.55803871154785,-21.606107711791992,0.048068415373563766,0.0,49.962002452217085,15360.0
-21.511423110961914,-21.56342124938965,0.05199933052062988,0.0,62.80543205360635,15360.0
-21.50113296508789,-21.558563232421875,0.05742841213941574,0.0,78.5567233086041,15360.0
-21.539478302001953,-21.595373153686523,0.05589506775140762,0.0,50.356211802797255,15360.0
-21.509477615356445,-21.555458068847656,0.045976683497428894,0.0,70.04880750896751,15360.0
-21.570655822753906,-21.601537704467773,0.030879754573106766,0.0,61.36174586396925,15360.0
-21.513822555541992,-21.538169860839844,0.024345682933926582,0.0,43.71342387529474,15360.0
-21.51190185546875,-21.54160499572754,0.02970316633582115,0.0,67.81665810185264,15360.0
-21.544986724853516,-21.58626937866211,0.041278719902038574,0.0,47.46438464518189,15360.0
-21.558692932128906,-21.60883140563965,0.050135426223278046,0.0,66.46026646607395,15360.0
-21.582347869873047,-21.630319595336914,0.04797542095184326,0.0,51.78841339516658,15360.0
-21.586984634399414,-21.61939811706543,0.0324133075773716,0.0,61.32668271616061,15360.0
-21.597332000732422,-21.617551803588867,0.020219577476382256,0.0,61.57374962676608,15360.0
-21.60270118713379,-21.62480354309082,0.022104820236563683,0.0,51.82877374866362,15360.0
-21.546459197998047,-21.5787296295166,0.03226904198527336,0.0,61.937974511710976,15360.0
-21.52287483215332,-21.559064865112305,0.03619208186864853,0.0,74.85570390960615,15360.0
-21.65448760986328,-21.677234649658203,0.022748535498976707,0.0,38.40881772053017,15360.0
-21.50237274169922,-21.512147903442383,0.009773476049304008,0.0,67.24653592564445,15360.0
-21.61699867248535,-21.631065368652344,0.014062817208468914,0.0,44.765752268290754,15360.0
-21.5378360748291,-21.562074661254883,0.024241097271442413,0.0,67.97289730261498,15360.0
-21.58824348449707,-21.615192413330078,0.026954708620905876,0.0,69.05833158377781,15360.0
-21.63606834411621,-21.654232025146484,0.01816544495522976,0.0,36.520406475591635,15360.0
-21.611961364746094,-21.62564468383789,0.013685964979231358,0.0,59.233907594468974,15360.0
-21.66506576538086,-21.686616897583008,0.021551495417952538,0.0,36.30440084753894,15360.0
-21.609663009643555,-21.636760711669922,0.027096278965473175,0.0,54.43699922196017,15360.0
-21.671167373657227,-21.687963485717773,0.016796117648482323,0.0,38.49374965646425,15360.0
-21.66082763671875,-21.669492721557617,0.008665687404572964,0.0,46.596656154332834,15360.0
-21.61366081237793,-21.624876022338867,0.01120862178504467,0.0,45.46371692238183,15360.0
-21.630308151245117,-21.649919509887695,0.019612103700637817,0.0,54.319329824265424,15360.0
-21.611713409423828,-21.630413055419922,0.018699396401643753,0.0,49.34664979088277,15360.0
-21.65479850769043,-21.665706634521484,0.01091028843075037,0.0,46.38111888656462,15360.0
-21.656652450561523,-21.66632843017578,0.009674192406237125,0.0,53.49712974492107,15360.0
-21.676294326782227,-21.690488815307617,0.014192336238920689,0.0,39.935805448827224,15360.0
-21.640119552612305,-21.6523494720459,0.012240570969879627,0.0,63.19858519544211,15360.0
-21.650781631469727,-21.656505584716797,0.00572446221485734,0.0,44.70430446844118,15360.0
-21.632755279541016,-21.640405654907227,0.0076557486318051815,0.0,57.976708878065075,15360.0
-21.622028350830078,-21.63551902770996,0.013491627760231495,0.0,71.50836069530042,15360.0
-21.65316390991211,-21.667417526245117,0.014253120869398117,0.0,63.22195286014622,15360.0
-21.6793270111084,-21.688127517700195,0.008794446475803852,0.0,49.173771875064524,15360.0
-21.67971420288086,-21.687841415405273,0.00812508538365364,0.0,33.938841700467414,15360.0
-21.638025283813477,-21.646587371826172,0.008563012816011906,0.0,58.38622553983684,15360.0
-21.70527458190918,-21.712621688842773,0.0073460182175040245,0.0,34.51083625328674,15360.0
-21.608579635620117,-21.615427017211914,0.00684739463031292,0.0,63.47227363722957,15360.0
-21.633298873901367,-21.639245986938477,0.00594847509637475,0.0,56.25804714037621,15360.0
-21.6793270111084,-21.686487197875977,0.007155367638915777,0.0,41.68578401767436,15360.0
-21.638946533203125,-21.646039962768555,0.00710649648681283,0.0,53.46980774045344,15360.0
-21.68276023864746,-21.686986923217773,0.004233750980347395,0.0,44.82688104818313,15360.0
-21.695110321044922,-21.699954986572266,0.004844409879297018,0.0,45.961923437478944,15360.0
-21.67186737060547,-21.67828941345215,0.006426602136343718,0.0,56.91064094403082,15360.0
-21.66778564453125,-21.6754093170166,0.007621587719768286,0.0,50.38641755020894,15360.0
-21.66756248474121,-21.673980712890625,0.006415138021111488,0.0,52.446071961641934,15360.0
-21.68741226196289,-21.69225311279297,0.004835270345211029,0.0,51.05680989051595,15360.0
-21.688222885131836,-21.693965911865234,0.005748226307332516,0.0,36.3262283346299,15360.0
-21.67875862121582,-21.684619903564453,0.005860303528606892,0.0,48.59983869608686,15360.0
-21.67401123046875,-21.679296493530273,0.005283141974359751,0.0,42.18218646605706,15360.0
-21.704355239868164,-21.70840072631836,0.004044290166348219,0.0,49.10807141273563,15360.0
-21.66066551208496,-21.66588592529297,0.005220768973231316,0.0,54.22956156198659,15360.0
-21.682613372802734,-21.688262939453125,0.005649055354297161,0.0,42.98451520479468,15360.0
-21.713092803955078,-21.71866226196289,0.005566806998103857,0.0,45.951840399994815,15360.0
-21.724084854125977,-21.728130340576172,0.004050720017403364,0.0,34.180545686932184,15360.0
-21.726776123046875,-21.732202529907227,0.0054319193586707115,0.0,35.095643924922065,15360.0
-21.70693016052246,-21.712177276611328,0.005245715845376253,0.0,32.63591758438796,15360.0
-21.725515365600586,-21.729909896850586,0.004393202252686024,0.0,32.144923027622085,15360.0
-21.691152572631836,-21.6950740814209,0.003917975816875696,0.0,34.06714426532149,15360.0
-21.676755905151367,-21.681272506713867,0.004516104236245155,0.0,41.94393879693239,15360.0
-21.719343185424805,-21.724714279174805,0.00537028769031167,0.0,37.026190756989415,15360.0
-21.68037223815918,-21.685497283935547,0.005124490242451429,0.0,51.49550165783578,15360.0
-21.70562171936035,-21.710256576538086,0.004634136334061623,0.0,28.34516530574407,15360.0
-21.70623207092285,-21.71120262145996,0.0049671027809381485,0.0,55.388706042462914,15360.0
-21.725746154785156,-21.730640411376953,0.004895530175417662,0.0,48.362735991483454,15360.0
-21.712535858154297,-21.717214584350586,0.00467106094583869,0.0,33.45771680273648,15360.0
-21.699560165405273,-21.704303741455078,0.004744936246424913,0.0,42.58694549333042,15360.0
-21.748462677001953,-21.753490447998047,0.005033067427575588,0.0,42.60096241054402,15360.0
-21.7208251953125,-21.725927352905273,0.005095093045383692,0.0,30.12819695795965,15360.0
-21.694610595703125,-21.69915771484375,0.004541508853435516,0.0,39.79810077852344,15360.0
-21.74444007873535,-21.748538970947266,0.004107792861759663,0.0,37.23508810972111,15360.0
-21.746700286865234,-21.751474380493164,0.00477271294221282,0.0,31.229165498935174,15360.0
-21.715991973876953,-21.721139907836914,0.005155438557267189,0.0,44.70358434078186,15360.0
-21.708959579467773,-21.713939666748047,0.004979833494871855,0.0,28.420465832325757,15360.0
-21.736478805541992,-21.74146842956543,0.004990082699805498,0.0,29.22498344580075,15360.0
-21.733850479125977,-21.738807678222656,0.004961190279573202,0.0,33.81347613422034,15360.0
-21.731374740600586,-21.736467361450195,0.005086901597678661,0.0,39.026320165386494,15360.0
-21.713207244873047,-21.71829605102539,0.005090256221592426,0.0,36.86897886671397,15360.0
-21.712032318115234,-21.716846466064453,0.004816233646124601,0.0,46.22816317522068,15360.0
-21.741432189941406,-21.746000289916992,0.004575829487293959,0.0,33.09248339576375,15360.0
-21.705541610717773,-21.711143493652344,0.00559807987883687,0.0,55.164154282790065,15360.0
-21.706745147705078,-21.712846755981445,0.0060947975143790245,0.0,50.95797804459159,15360.0
-21.727252960205078,-21.733745574951172,0.006486180704087019,0.0,42.49833589763077,15360.0
-21.68653678894043,-21.69342803955078,0.0068930694833397865,0.0,45.37183792414106,15360.0
-21.72417640686035,-21.733097076416016,0.00892450101673603,0.0,50.93815498769442,15360.0
-21.728151321411133,-21.738698959350586,0.010550333186984062,0.0,38.335617351627356,15360.0
-21.68454360961914,-21.696407318115234,0.011858352459967136,0.0,62.28415609549881,15360.0
-21.676105499267578,-21.688512802124023,0.012407655827701092,0.0,61.07447005143815,15360.0
-21.728906631469727,-21.742919921875,0.01401404570788145,0.0,40.57248791576574,15360.0
-21.69515037536621,-21.711137771606445,0.015988413244485855,0.0,56.11162814604653,15360.0
-21.708845138549805,-21.726848602294922,0.01799659989774227,0.0,49.44767415164746,15360.0
-21.70754051208496,-21.72696304321289,0.019420672208070755,0.0,47.80303602407039,15360.0
-21.681108474731445,-21.69835090637207,0.01724587008357048,0.0,55.29393750377776,15360.0
-21.714069366455078,-21.72737693786621,0.013315720483660698,0.0,47.89689854814333,15360.0
-21.66452980041504,-21.67486572265625,0.010339124128222466,0.0,44.14661040826067,15360.0
-21.707611083984375,-21.71640968322754,0.00879428070038557,0.0,56.66416511707822,15360.0
-21.7631893157959,-21.772045135498047,0.008861111477017403,0.0,38.107366621949446,15360.0
-21.68268394470215,-21.691280364990234,0.008599902503192425,0.0,59.715049241867554,15360.0
-21.62919044494629,-21.63788414001465,0.008693713694810867,0.0,67.82666358580133,15360.0
-21.668575286865234,-21.677217483520508,0.008647045120596886,0.0,57.9263743879221,15360.0
-21.642820358276367,-21.65207862854004,0.009259023703634739,0.0,65.77533766087151,15360.0
-21.675554275512695,-21.685457229614258,0.009907083585858345,0.0,61.07850139101811,15360.0
-21.65032958984375,-21.659801483154297,0.00947733037173748,0.0,64.50386597592849,15360.0
-21.62928581237793,-21.63860511779785,0.009327107109129429,0.0,71.6281119546747,15360.0
-21.649229049682617,-21.65921974182129,0.009988265112042427,0.0,69.08673452650741,15360.0
-21.695743560791016,-21.707977294921875,0.012232992798089981,0.0,48.698136153711125,15360.0
-21.612262725830078,-21.62665367126465,0.0143900690600276,0.0,82.724513996482,15360.0
-21.664520263671875,-21.676944732666016,0.012419807724654675,0.0,62.70226213237642,15360.0
-21.672645568847656,-21.681676864624023,0.009034964255988598,0.0,58.693808354576014,15360.0
-21.605871200561523,-21.613454818725586,0.007582088001072407,0.0,82.89907760002804,15360.0
-21.673206329345703,-21.680665969848633,0.007458906155079603,0.0,54.338850073124654,15360.0
-21.694805145263672,-21.701860427856445,0.007051288150250912,0.0,52.03870641891776,15360.0
-21.69883918762207,-21.705644607543945,0.00680457754060626,0.0,46.000656025201216,15360.0
-21.72142791748047,-21.72737693786621,0.0059472741559147835,0.0,37.84647124016239,15360.0
-21.69820785522461,-21.70355224609375,0.005345009732991457,0.0,59.815465271186106,15360.0
-21.733875274658203,-21.739408493041992,0.0055396826937794685,0.0,44.00106570430566,15360.0
-21.682504653930664,-21.687896728515625,0.0053932699374854565,0.0,48.46287953305065,15360.0
-21.68709945678711,-21.691923141479492,0.004816485568881035,0.0,66.97228760823694,15360.0
-21.74159812927246,-21.746549606323242,0.00495630269870162,0.0,40.389327905300256,15360.0
-21.704374313354492,-21.709461212158203,0.005089141428470612,0.0,58.634547350219776,15360.0
-21.677894592285156,-21.68407440185547,0.006174796726554632,0.0,53.86366991879414,15360.0
-21.68128204345703,-21.687984466552734,0.006700819358229637,0.0,41.79279220671098,15360.0
-21.719987869262695,-21.727102279663086,0.007111004088073969,0.0,48.723235292791855,15360.0
-21.672725677490234,-21.681129455566406,0.008411635644733906,0.0,61.87662026279432,15360.0
-21.74280548095703,-21.75249481201172,0.009686754085123539,0.0,33.647820711078985,15360.0
-21.707263946533203,-21.718137741088867,0.010870367288589478,0.0,57.66412628628817,15360.0
-21.70919418334961,-21.72286033630371,0.013663743622601032,0.0,50.213978403225894,15360.0
-21.718664169311523,-21.736675262451172,0.018010620027780533,0.0,41.96149248960795,15360.0
-21.71029281616211,-21.73505210876465,0.024754108861088753,0.0,49.02830180509927,15360.0
-21.668428421020508,-21.698469161987305,0.03004324994981289,0.0,44.59351879765147,15360.0
-21.723203659057617,-21.75684356689453,0.03364420682191849,0.0,41.6802124401758,15360.0
-21.65383529663086,-21.69043731689453,0.036598335951566696,0.0,44.032367549840636,15360.0
-21.67914581298828,-21.708080291748047,0.028939571231603622,0.0,58.34689447486294,15360.0
-21.722667694091797,-21.73934555053711,0.016677528619766235,0.0,38.62871443743112,15360.0
-21.68206214904785,-21.69068145751953,0.008615227416157722,0.0,44.598903884654476,15360.0
-21.712846755981445,-21.719146728515625,0.0063054789789021015,0.0,42.86345944197329,15360.0
-21.70306968688965,-21.710302352905273,0.007234693039208651,0.0,31.658236262849393,15360.0
-21.698362350463867,-21.711896896362305,0.013533500023186207,0.0,53.12305868119771,15360.0
-21.69880485534668,-21.718605041503906,0.01979938894510269,0.0,40.77796612780541,15360.0
-21.659473419189453,-21.682409286499023,0.022937806323170662,0.0,60.95572266235018,15360.0
-21.642574310302734,-21.665346145629883,0.02277175709605217,0.0,72.1756293398464,15360.0
-21.65863609313965,-21.680477142333984,0.02184104174375534,0.0,60.22557646038829,15360.0
-21.64792823791504,-21.668323516845703,0.020392170175909996,0.0,43.460374709674014,15360.0
-21.68458366394043,-21.70027732849121,0.015688175335526466,0.0,63.79916388289726,15360.0
-21.750185012817383,-21.760366439819336,0.010176419280469418,0.0,40.13865135626153,15360.0
-21.679628372192383,-21.68722152709961,0.007589180488139391,0.0,54.161442766691195,15360.0
-21.692899703979492,-21.700481414794922,0.007584564387798309,0.0,57.03062949177389,15360.0
-21.692630767822266,-21.700071334838867,0.00743178790435195,0.0,54.59824217117047,15360.0
-21.68535614013672,-21.693418502807617,0.008074876852333546,0.0,55.49469264297365,15360.0
-21.672719955444336,-21.681049346923828,0.008327103219926357,0.0,59.30972080590493,15360.0
-21.69158172607422,-21.700342178344727,0.008766437880694866,0.0,55.77580811598995,15360.0
-21.718482971191406,-21.72743034362793,0.008946667425334454,0.0,46.13193162836917,15360.0
-21.66688346862793,-21.677202224731445,0.010317555628716946,0.0,68.46039479296365,15360.0
-21.604230880737305,-21.61579132080078,0.011553457006812096,0.0,76.20527794092354,15360.0
-21.637359619140625,-21.65159034729004,0.014229485765099525,0.0,55.04595677586625,15360.0
-21.668073654174805,-21.684295654296875,0.016223054379224777,0.0,43.52531840350092,15360.0
-21.628551483154297,-21.643007278442383,0.0144532211124897,0.0,69.24552777356654,15360.0
-21.66191291809082,-21.673606872558594,0.011694713495671749,0.0,51.59540399214157,15360.0
-21.685636520385742,-21.6940860748291,0.008446469902992249,0.0,48.703531579614875,15360.0
-21.654048919677734,-21.659961700439453,0.00590680493041873,0.0,55.49952598349993,15360.0
-21.65847396850586,-21.664133071899414,0.005664411466568708,0.0,61.703517667093394,15360.0
-21.7103328704834,-21.7164249420166,0.006092581432312727,0.0,32.642359439631164,15360.0
-21.650270462036133,-21.656269073486328,0.006001520436257124,0.0,61.32950291566897,15360.0
-21.60390853881836,-21.60932731628418,0.005417524836957455,0.0,68.80496861556091,15360.0
-21.70575523376465,-21.71150779724121,0.00574926333501935,0.0,35.09510268026922,15360.0
-21.648988723754883,-21.657135009765625,0.008144526742398739,0.0,54.55971801589392,15360.0
-21.690814971923828,-21.70128059387207,0.010464806109666824,0.0,54.33926239371361,15360.0
-21.696748733520508,-21.70789337158203,0.011151793412864208,0.0,42.44978965422231,15360.0
-21.649578094482422,-21.660602569580078,0.01101925503462553,0.0,56.6779901175733,15360.0
-21.672069549560547,-21.68126678466797,0.00919504463672638,0.0,44.78907454219844,15360.0
-21.688365936279297,-21.69553565979004,0.007170550990849733,0.0,39.181617206359384,15360.0
-21.662511825561523,-21.66989517211914,0.007380095310509205,0.0,45.74201714979288,15360.0
-21.648771286010742,-21.656116485595703,0.007341787219047546,0.0,65.27577710574107,15360.0
-21.678983688354492,-21.686229705810547,0.007251277100294828,0.0,43.241388825533285,15360.0
-21.676769256591797,-21.684368133544922,0.007593159563839436,0.0,56.770048361724406,15360.0
-21.586795806884766,-21.593889236450195,0.007095522712916136,0.0,78.86503141206255,15360.0
-21.692058563232422,-21.698286056518555,0.006235145032405853,0.0,50.05028352136099,15360.0
-21.712514877319336,-21.71901512145996,0.006501594092696905,0.0,40.38658180046785,15360.0
-21.643186569213867,-21.649993896484375,0.006804624572396278,0.0,60.20432398548329,15360.0
-21.69310188293457,-21.698915481567383,0.005811476148664951,0.0,54.966295745178485,15360.0
-21.66425132751465,-21.670984268188477,0.006731138098984957,0.0,49.708546363698474,15360.0
-21.685516357421875,-21.69347381591797,0.007957006804645061,0.0,64.1628094788605,15360.0
-21.67560386657715,-21.68304443359375,0.0074430545791983604,0.0,41.07857088844592,15360.0
-21.711027145385742,-21.718341827392578,0.007315030787140131,0.0,40.591973208181656,15360.0
-21.670894622802734,-21.678647994995117,0.007749616168439388,0.0,47.04071657153092,15360.0
-21.687007904052734,-21.69459342956543,0.007591354660689831,0.0,50.21381019824025,15360.0
-21.699932098388672,-21.707151412963867,0.007219015620648861,0.0,42.781090796673055,15360.0
-21.685762405395508,-21.692888259887695,0.007123015820980072,0.0,60.55856686538702,15360.0
-21.677095413208008,-21.683815002441406,0.006722527090460062,0.0,52.57996677668077,15360.0
-21.699710845947266,-21.706798553466797,0.007089024409651756,0.0,48.87320466456392,15360.0
-21.693077087402344,-21.70058250427246,0.007502065971493721,0.0,58.86893838614943,15360.0
-21.701223373413086,-21.708354949951172,0.007123531773686409,0.0,45.7202063720461,15360.0
-21.708391189575195,-21.715665817260742,0.007274689618498087,0.0,52.90349476227317,15360.0
-21.67059326171875,-21.677906036376953,0.007311960682272911,0.0,57.79126791753035,15360.0
-21.742258071899414,-21.749794006347656,0.007540812250226736,0.0,35.701468315077804,15360.0
-21.672107696533203,-21.680246353149414,0.008142716251313686,0.0,59.38715258010238,15360.0
-21.720951080322266,-21.73015594482422,0.009198280982673168,0.0,32.44349809764835,15360.0
-21.68709373474121,-21.70068359375,0.013597186654806137,0.0,65.13659506359669,15360.0
-21.699695587158203,-21.719343185424805,0.01964830979704857,0.0,49.98761089275003,15360.0
-21.68065643310547,-21.706981658935547,0.02632388100028038,0.0,54.11514304653088,15360.0
-21.640647888183594,-21.674734115600586,0.034083716571331024,0.0,63.73374031774486,15360.0
-21.63153648376465,-21.67203712463379,0.04050017148256302,0.0,60.30337285832254,15360.0
-21.652366638183594,-21.691293716430664,0.03893077373504639,0.0,60.91446558160001,15360.0
-21.644256591796875,-21.674196243286133,0.029933739453554153,0.0,53.97107864322833,15360.0
-21.60028076171875,-21.619548797607422,0.019262846559286118,0.0,66.45030307714735,15360.0
-21.662599563598633,-21.67583656311035,0.013244387693703175,0.0,56.957438236442925,15360.0
-21.681791305541992,-21.6950740814209,0.013284065760672092,0.0,46.32898544505922,15360.0
-21.650936126708984,-21.66691017150879,0.015977200120687485,0.0,67.97016073907157,15360.0
-21.665454864501953,-21.683448791503906,0.017994336783885956,0.0,69.96404898843474,15360.0
-21.6462345123291,-21.666109085083008,0.019878186285495758,0.0,59.690395000978945,15360.0
-21.63169288635254,-21.651390075683594,0.019694237038493156,0.0,70.05011643946808,15360.0
-21.679494857788086,-21.696086883544922,0.016592470929026604,0.0,58.05227820372211,15360.0
-21.69496726989746,-21.709089279174805,0.01412422675639391,0.0,55.68618399674318,15360.0
-21.706729888916016,-21.720422744750977,0.013693874701857567,0.0,54.18455963643214,15360.0
-21.69335174560547,-21.704936981201172,0.011581339873373508,0.0,42.1118400864347,15360.0
-21.690998077392578,-21.701093673706055,0.010101521387696266,0.0,37.181021067985185,15360.0
-21.651134490966797,-21.66162872314453,0.010496332310140133,0.0,52.518854224935374,15360.0
-21.692106246948242,-21.702022552490234,0.00991486944258213,0.0,62.02861806976232,15360.0
-21.67292022705078,-21.682748794555664,0.009826181456446648,0.0,42.23241460988614,15360.0
-21.63051986694336,-21.63808822631836,0.007565157953649759,0.0,73.38346753967592,15360.0
-21.623340606689453,-21.62978744506836,0.006443704944103956,0.0,73.24125141951313,15360.0
-21.7010555267334,-21.709447860717773,0.008389728143811226,0.0,58.322615677632704,15360.0
-21.649810791015625,-21.659793853759766,0.009988023899495602,0.0,64.50126764675475,15360.0
-21.637083053588867,-21.64720344543457,0.010114640928804874,0.0,70.86512654681799,15360.0
-21.661426544189453,-21.670440673828125,0.009013790637254715,0.0,67.85726060919541,15360.0
-21.693470001220703,-21.701467514038086,0.007995527237653732,0.0,50.87553126135073,15360.0
-21.60359764099121,-21.61153221130371,0.007936481386423111,0.0,76.55639845755589,15360.0
-21.649301528930664,-21.656009674072266,0.006705502048134804,0.0,55.79965735228583,15360.0
-21.684324264526367,-21.691247940063477,0.006919266656041145,0.0,49.38382566773216,15360.0
-21.620357513427734,-21.627185821533203,0.006829119753092527,0.0,70.61395022318102,15360.0
-21.69686508178711,-21.702119827270508,0.005256214179098606,0.0,40.753057924134296,15360.0
-21.706260681152344,-21.712926864624023,0.006665636785328388,0.0,51.48671537229275,15360.0
-21.652414321899414,-21.659080505371094,0.006666101049631834,0.0,62.443390948273816,15360.0
-21.656064987182617,-21.660871505737305,0.00480067590251565,0.0,65.28739754989049,15360.0
-21.700275421142578,-21.70537567138672,0.005101852118968964,0.0,48.691556040896245,15360.0
-21.73776626586914,-21.743030548095703,0.005269121844321489,0.0,42.964325407878526,15360.0
-21.710023880004883,-21.71491050720215,0.00488652428612113,0.0,46.4380665481968,15360.0
-21.702289581298828,-21.706750869750977,0.004465415142476559,0.0,48.2321955372257,15360.0
-21.69645118713379,-21.70174789428711,0.005295550916343927,0.0,47.44597328469482,15360.0
-21.701845169067383,-21.706323623657227,0.004484580364078283,0.0,42.21267775564763,15360.0
-21.711204528808594,-21.71504020690918,0.003831977490335703,0.0,43.62194388983432,15360.0
-21.685110092163086,-21.689504623413086,0.00439463322982192,0.0,41.156053160241655,15360.0
-21.685102462768555,-21.68978500366211,0.004682630300521851,0.0,40.08931348180197,15360.0
-21.706212997436523,-21.711225509643555,0.005014308262616396,0.0,40.048322975214546,15360.0
-21.700403213500977,-21.70631980895996,0.005910984240472317,0.0,37.806551788707054,15360.0
-21.698326110839844,-21.706035614013672,0.007707066368311644,0.0,50.12837312061175,15360.0
-21.691987991333008,-21.698974609375,0.006986014079302549,0.0,41.37509930853898,15360.0
-21.660640716552734,-21.666492462158203,0.0058539509773254395,0.0,68.35868418159335,15360.0
-21.660736083984375,-21.66674041748047,0.00601088535040617,0.0,56.76475250268294,15360.0
-21.660860061645508,-21.666934967041016,0.006081489380449057,0.0,56.802091821234654,15360.0
-21.62418556213379,-21.63054847717285,0.0063587515614926815,0.0,77.82682594924542,15360.0
-21.659883499145508,-21.665952682495117,0.006071597803384066,0.0,73.90751495884071,15360.0
-21.674890518188477,-21.682140350341797,0.007259103003889322,0.0,46.63655042419845,15360.0
-21.599254608154297,-21.606595993041992,0.00734134204685688,0.0,81.83223463118985,15360.0
-21.55378532409668,-21.562517166137695,0.008726771920919418,0.0,86.59502649729744,15360.0
-21.664587020874023,-21.67595672607422,0.011369897052645683,0.0,62.37148595430623,15360.0
-21.689409255981445,-21.702510833740234,0.013099180534482002,0.0,51.519641071015336,15360.0
-21.64076042175293,-21.65367317199707,0.012913648970425129,0.0,72.94520123720103,15360.0
-21.644807815551758,-21.656286239624023,0.011476311832666397,0.0,52.04445367728671,15360.0
-21.579477310180664,-21.590518951416016,0.011039640754461288,0.0,77.91808462058611,15360.0
-21.5725154876709,-21.581987380981445,0.009470975026488304,0.0,98.1709421893129,15360.0
-21.613035202026367,-21.622404098510742,0.009367558173835278,0.0,61.090364193387316,15360.0
-21.7108097076416,-21.7213077545166,0.010502949357032776,0.0,52.21174214673337,15360.0
-21.602813720703125,-21.611309051513672,0.00849873200058937,0.0,60.45321081424029,15360.0
-21.612768173217773,-21.62076187133789,0.007991088554263115,0.0,71.10442105896286,15360.0
-21.69708251953125,-21.706275939941406,0.00919483695179224,0.0,39.656703555017614,15360.0
-21.62262535095215,-21.630922317504883,0.00829643290489912,0.0,68.04162094730414,15360.0
-21.627662658691406,-21.633447647094727,0.005787223111838102,0.0,66.79469407698069,15360.0
-21.68780517578125,-21.694684982299805,0.006879647262394428,0.0,41.22151443747734,15360.0
-21.629886627197266,-21.636690139770508,0.006803170312196016,0.0,71.75625734192138,15360.0
-21.616878509521484,-21.620708465576172,0.003830813802778721,0.0,73.70727548578064,15360.0
-21.68041229248047,-21.68691635131836,0.0065004886128008366,0.0,61.994155125073796,15360.0
-21.66453742980957,-21.673940658569336,0.009399350732564926,0.0,44.690206672388605,15360.0
-21.656160354614258,-21.66437530517578,0.008216409012675285,0.0,55.25272814936141,15360.0
-21.66241455078125,-21.670631408691406,0.008219138719141483,0.0,43.344361991468084,15360.0
-21.697093963623047,-21.70598793029785,0.008895069360733032,0.0,40.1664957866113,15360.0
-21.706676483154297,-21.715059280395508,0.008384115062654018,0.0,44.704765290091785,15360.0
-21.711666107177734,-21.71797752380371,0.006311181001365185,0.0,37.707430823853066,15360.0
-21.678030014038086,-21.6849422454834,0.006908969022333622,0.0,45.93122828723584,15360.0
-21.733327865600586,-21.74054527282715,0.007219808641821146,0.0,28.124528775846233,15360.0
-21.692279815673828,-21.69891929626465,0.0066484794951975346,0.0,49.382834023803625,15360.0
-21.6722469329834,-21.679994583129883,0.007743594702333212,0.0,54.11667655444639,15360.0
-21.716535568237305,-21.72650146484375,0.009970923885703087,0.0,41.95898950790014,15360.0
-21.704669952392578,-21.71575355529785,0.011078928597271442,0.0,41.35164543752318,15360.0
-21.69365119934082,-21.703847885131836,0.010197686031460762,0.0,52.01888314103733,15360.0
-21.73732566833496,-21.74862289428711,0.011296167969703674,0.0,39.0951830088994,15360.0
-21.72376251220703,-21.73311996459961,0.009355412796139717,0.0,44.29520374661168,15360.0
-21.719303131103516,-21.726001739501953,0.006699355784803629,0.0,53.83242130244972,15360.0
-21.69239616394043,-21.699533462524414,0.007134582381695509,0.0,46.25420865661084,15360.0
-21.705862045288086,-21.714731216430664,0.008873087354004383,0.0,42.93524923220147,15360.0
-21.73874855041504,-21.74764633178711,0.00889982283115387,0.0,32.16080396228861,15360.0
-21.691640853881836,-21.702415466308594,0.010779649950563908,0.0,46.249205800243566,15360.0
-21.731403350830078,-21.744199752807617,0.012794585898518562,0.0,30.546151158821765,15360.0
-21.715831756591797,-21.728700637817383,0.012864532880485058,0.0,51.68453658871237,15360.0
-21.725610733032227,-21.73974609375,0.014132781885564327,0.0,33.20916924744733,15360.0
-21.6807861328125,-21.694896697998047,0.014110656455159187,0.0,49.62359431740684,15360.0
-21.738832473754883,-21.74993896484375,0.011098743416368961,0.0,45.540906761355615,15360.0
-21.712682723999023,-21.722509384155273,0.009824654087424278,0.0,51.0959929885933,15360.0
-21.72397804260254,-21.733306884765625,0.009324232116341591,0.0,53.603318924085755,15360.0
-21.733049392700195,-21.74395751953125,0.010913116857409477,0.0,46.743520874531264,15360.0
-21.70433807373047,-21.718046188354492,0.013710156083106995,0.0,43.39397683482608,15360.0
-21.700071334838867,-21.71592140197754,0.015857085585594177,0.0,53.948705348960125,15360.0
-21.696025848388672,-21.713842391967773,0.01781444624066353,0.0,52.30710463582515,15360.0
-21.671154022216797,-21.69172477722168,0.020574446767568588,0.0,55.737751565464606,15360.0
-21.72174644470215,-21.746606826782227,0.024864930659532547,0.0,36.063413421679385,15360.0
-21.651750564575195,-21.67902946472168,0.027280302718281746,0.0,69.80638778821815,15360.0
-21.68889808654785,-21.712934494018555,0.024038899689912796,0.0,58.14140843129437,15360.0
-21.714696884155273,-21.7340030670166,0.01930520124733448,0.0,48.60354808127891,15360.0
-21.632869720458984,-21.64683723449707,0.013963592238724232,0.0,74.67886540959883,15360.0
-21.672666549682617,-21.68255615234375,0.009884817525744438,0.0,64.45604201693892,15360.0
-21.683183670043945,-21.693296432495117,0.010115381330251694,0.0,60.36112561612796,15360.0
-21.657779693603516,-21.66948699951172,0.011706223711371422,0.0,72.8491462571422,15360.0
-21.70008087158203,-21.714632034301758,0.014553756453096867,0.0,53.65254075939704,15360.0
-21.704090118408203,-21.71983528137207,0.015743976458907127,0.0,49.505980069554,15360.0
-21.6746768951416,-21.689424514770508,0.01474445778876543,0.0,56.18379117187799,15360.0
-21.629365921020508,-21.640954971313477,0.011592404916882515,0.0,64.0732939123997,15360.0
-21.691375732421875,-21.700927734375,0.009547439403831959,0.0,58.108241630649516,15360.0
-21.614105224609375,-21.62350845336914,0.00939980335533619,0.0,70.5986009737989,15360.0
-21.54524040222168,-21.553110122680664,0.007878183387219906,0.0,102.57703769765114,15360.0
-21.68136978149414,-21.690336227416992,0.008963421918451786,0.0,63.71569084380524,15360.0
-21.66353988647461,-21.674352645874023,0.010812519118189812,0.0,68.80417989043262,15360.0
-21.603668212890625,-21.615015029907227,0.011343066580593586,0.0,70.58214381970225,15360.0
-21.657691955566406,-21.668825149536133,0.011134253814816475,0.0,74.95356140498997,15360.0
-21.64789390563965,-21.662248611450195,0.01436169259250164,0.0,51.71100671632269,15360.0
-21.6480655670166,-21.662691116333008,0.014625375159084797,0.0,60.86145039167033,15360.0
-21.685636520385742,-21.69734001159668,0.0116999177262187,0.0,51.563955954117816,15360.0
-21.69969367980957,-21.712732315063477,0.013035763055086136,0.0,48.32968921553897,15360.0
-21.680532455444336,-21.693819046020508,0.013285068795084953,0.0,49.45575411489363,15360.0
-21.66069221496582,-21.671985626220703,0.011295722797513008,0.0,58.635407502287165,15360.0
-21.711339950561523,-21.722341537475586,0.011004465632140636,0.0,50.69733171011711,15360.0
-21.72066307067871,-21.73251724243164,0.011857140809297562,0.0,48.120653203054616,15360.0
-21.671302795410156,-21.682043075561523,0.010736442171037197,0.0,51.176639611063855,15360.0
-21.659507751464844,-21.670413970947266,0.010910054668784142,0.0,54.55831001056787,15360.0
-21.6555233001709,-21.668489456176758,0.012967442162334919,0.0,57.7429194798014,15360.0
-21.718101501464844,-21.730745315551758,0.012646447867155075,0.0,57.538354661725705,15360.0
-21.707246780395508,-21.7198429107666,0.012596173211932182,0.0,44.46476464885824,15360.0
-21.678401947021484,-21.68897819519043,0.010580809786915779,0.0,54.04873367217518,15360.0
-21.676008224487305,-21.684856414794922,0.008852709084749222,0.0,53.502146074444504,15360.0
-21.643131256103516,-21.651044845581055,0.007912884466350079,0.0,71.3751357031195,15360.0
-21.595609664916992,-21.603696823120117,0.008084563538432121,0.0,66.6733796514363,15360.0
-21.6694278717041,-21.677202224731445,0.00777402613312006,0.0,42.39988424983142,15360.0
-21.65311050415039,-21.66016960144043,0.007060566451400518,0.0,49.557103705129755,15360.0
-21.59402084350586,-21.601993560791016,0.00797508005052805,0.0,71.12169759733352,15360.0
-21.644203186035156,-21.653352737426758,0.00914937723428011,0.0,56.06760830667223,15360.0
-21.64776039123535,-21.65597152709961,0.008205986581742764,0.0,57.97629221678359,15360.0
-21.662641525268555,-21.67070770263672,0.008069923147559166,0.0,70.60403250537166,15360.0
-21.647724151611328,-21.656049728393555,0.00832047313451767,0.0,53.773512203296875,15360.0
-21.648332595825195,-21.65841293334961,0.010074034333229065,0.0,72.93258194166118,15360.0
-21.669775009155273,-21.68153190612793,0.01175782736390829,0.0,46.52644467475822,15360.0
-21.657855987548828,-21.670509338378906,0.01265656016767025,0.0,60.98942669963572,15360.0
-21.57259178161621,-21.586856842041016,0.014265013858675957,0.0,79.30329836796798,15360.0
-21.671329498291016,-21.685651779174805,0.014317340217530727,0.0,69.84561569024748,15360.0
-21.69896125793457,-21.71175193786621,0.012795871123671532,0.0,37.817259567379914,15360.0
-21.661409378051758,-21.67232894897461,0.01091993972659111,0.0,64.38762831367173,15360.0
-21.657880783081055,-21.666046142578125,0.008166621439158916,0.0,50.87434307364587,15360.0
-21.661161422729492,-21.668466567993164,0.007312408648431301,0.0,61.00847418601431,15360.0
-21.62083625793457,-21.62891960144043,0.008083970285952091,0.0,67.33259424851245,15360.0
-21.646331787109375,-21.655799865722656,0.009472543373703957,0.0,59.38719353385807,15360.0
-21.613245010375977,-21.624128341674805,0.010887546464800835,0.0,71.11136315589451,15360.0
-21.632822036743164,-21.645055770874023,0.012234773486852646,0.0,65.06854919329311,15360.0
-21.558961868286133,-21.57140350341797,0.012438720092177391,0.0,86.70936905738424,15360.0
-21.67841911315918,-21.68961524963379,0.011193027719855309,0.0,52.03849853357836,15360.0
-21.60917091369629,-21.61896514892578,0.0097872419282794,0.0,68.78489578814849,15360.0
-21.584964752197266,-21.59324073791504,0.00827920250594616,0.0,80.9072812002088,15360.0
-21.703418731689453,-21.710920333862305,0.0075033255852758884,0.0,47.98945896454249,15360.0
-21.531005859375,-21.53885841369629,0.007850656285881996,0.0,86.37024781219164,15360.0
-21.580793380737305,-21.589475631713867,0.00867669377475977,0.0,72.49886126937997,15360.0
-21.599515914916992,-21.60940933227539,0.009890721179544926,0.0,79.35309025156512,15360.0
-21.640836715698242,-21.652063369750977,0.01122187077999115,0.0,72.4839224808958,15360.0
-21.655975341796875,-21.664400100708008,0.008428583852946758,0.0,67.87435344265444,15360.0
-21.607757568359375,-21.612857818603516,0.005105827935039997,0.0,70.64357686158137,15360.0
-21.58972930908203,-21.59571075439453,0.005984197836369276,0.0,75.48882758169542,15360.0
-21.628719329833984,-21.637187957763672,0.008471488952636719,0.0,59.657887521362795,15360.0
-21.580108642578125,-21.589473724365234,0.009368563070893288,0.0,69.89841298493671,15360.0
-21.46228790283203,-21.470548629760742,0.008259463123977184,0.0,103.13555848324904,15360.0
-21.4101619720459,-21.420381546020508,0.010218874551355839,0.0,111.91015434571908,15360.0
-21.439268112182617,-21.44875144958496,0.009472276084125042,0.0,97.47365830654732,15360.0
-21.563770294189453,-21.572460174560547,0.008693910203874111,0.0,78.41691632887533,15360.0
-21.512287139892578,-21.522045135498047,0.009751600213348866,0.0,91.73753625907372,15360.0
-21.285520553588867,-21.29865074157715,0.013133972883224487,0.0,118.67490132813428,15360.0
-21.471332550048828,-21.48420524597168,0.012878776527941227,0.0,102.50235968731953,15360.0
-21.60943031311035,-21.61962890625,0.010193254798650742,0.0,50.30881206472323,15360.0
-21.566761016845703,-21.577856063842773,0.011102714575827122,0.0,69.72076327290536,15360.0
-21.60681915283203,-21.620946884155273,0.01412792969495058,0.0,56.112869233433706,15360.0
-21.601839065551758,-21.612443923950195,0.010603782720863819,0.0,52.66439175833387,15360.0
-21.559473037719727,-21.566993713378906,0.007526119239628315,0.0,68.25991736433411,15360.0
-21.586326599121094,-21.594627380371094,0.008303285576403141,0.0,66.71767068838494,15360.0
-21.609392166137695,-21.61779022216797,0.008404726162552834,0.0,47.39434022654893,15360.0
-21.388301849365234,-21.396303176879883,0.00800714548677206,0.0,116.96167952783716,15360.0
-21.514482498168945,-21.52306365966797,0.008584930561482906,0.0,87.54094117870414,15360.0
-21.55471420288086,-21.56707763671875,0.012362823821604252,0.0,70.34878645024618,15360.0
-21.500276565551758,-21.514667510986328,0.014394810423254967,0.0,87.99881651909979,15360.0
-21.597219467163086,-21.611000061035156,0.013781625777482986,0.0,65.20324870127358,15360.0
-21.538976669311523,-21.551809310913086,0.012836083769798279,0.0,67.4845359340745,15360.0
-21.430213928222656,-21.441923141479492,0.011710514314472675,0.0,93.0852640097512,15360.0
-21.459381103515625,-21.47099494934082,0.011607130989432335,0.0,98.3497859538918,15360.0
-21.479761123657227,-21.490257263183594,0.010500430129468441,0.0,74.4880817668587,15360.0
-21.397058486938477,-21.405311584472656,0.008254317566752434,0.0,113.40271412654234,15360.0
-21.216955184936523,-21.224876403808594,0.007919925265014172,0.0,127.73197482114875,15360.0
-21.51211166381836,-21.5211124420166,0.009005699306726456,0.0,74.89560970485402,15360.0
-21.46644401550293,-21.475954055786133,0.009507163427770138,0.0,91.1527828072941,15360.0
-21.451982498168945,-21.46030044555664,0.008315146900713444,0.0,104.3387237299681,15360.0
-21.514558792114258,-21.521337509155273,0.00677954638376832,0.0,80.45097284606946,15360.0
-21.446908950805664,-21.45458984375,0.007682514376938343,0.0,76.3127580499369,15360.0
-21.38490104675293,-21.392915725708008,0.00802274327725172,0.0,109.19808852213613,15360.0
-21.609468460083008,-21.618144989013672,0.008677021600306034,0.0,55.08848113248041,15360.0
-21.47013282775879,-21.480854034423828,0.010716093704104424,0.0,86.12616522822174,15360.0
-21.36210060119629,-21.36956787109375,0.007466019596904516,0.0,93.86277341309261,15360.0
-21.59288215637207,-21.60083770751953,0.007956525310873985,0.0,40.93193460619132,15360.0
-21.39376449584961,-21.403593063354492,0.009827127680182457,0.0,94.23788594386833,15360.0
-21.278200149536133,-21.28641700744629,0.008212690241634846,0.0,104.17291812480339,15360.0
-21.46978187561035,-21.48033905029297,0.010557115077972412,0.0,70.77328877382236,15360.0
-21.562965393066406,-21.574541091918945,0.01157416868954897,0.0,57.20221690412388,15360.0
-21.496706008911133,-21.507841110229492,0.011135024018585682,0.0,69.79711593469301,15360.0
-21.55704689025879,-21.56511878967285,0.008073819801211357,0.0,59.915605344182,15360.0
-21.5970401763916,-21.604543685913086,0.007503584958612919,0.0,50.33967534055098,15360.0
-21.586938858032227,-21.595237731933594,0.008292492479085922,0.0,62.005344448168636,15360.0
-21.522930145263672,-21.53184700012207,0.008912703953683376,0.0,54.85050014882632,15360.0
-21.484682083129883,-21.495237350463867,0.010549681261181831,0.0,77.08074672425973,15360.0
-21.549434661865234,-21.55908203125,0.009650110267102718,0.0,48.522717911480896,15360.0
-21.493202209472656,-21.50285530090332,0.009651115164160728,0.0,75.81938813076118,15360.0
-21.570518493652344,-21.579008102416992,0.00848690140992403,0.0,62.74184960264128,15360.0
-21.45819664001465,-21.465604782104492,0.007403732277452946,0.0,82.82128557526686,15360.0
-21.518146514892578,-21.525474548339844,0.007334659341722727,0.0,84.41947492335946,15360.0
-21.52278709411621,-21.53074836730957,0.007960537448525429,0.0,73.37932572356615,15360.0
-21.383398056030273,-21.392173767089844,0.008778898045420647,0.0,109.19087027781028,15360.0
-21.43511390686035,-21.4437255859375,0.008612711913883686,0.0,62.940513460338785,15360.0
-21.513916015625,-21.521854400634766,0.007941320538520813,0.0,66.66613489905913,15360.0
-21.430559158325195,-21.437042236328125,0.006484962999820709,0.0,69.47052277103818,15360.0
-21.421051025390625,-21.42765998840332,0.006604938302189112,0.0,92.25936382071121,15360.0
-21.426494598388672,-21.43391227722168,0.007422309834510088,0.0,89.54275190816342,15360.0
-21.46179962158203,-21.468799591064453,0.007007088977843523,0.0,91.73650242675824,15360.0
-21.35869789123535,-21.364213943481445,0.005515601020306349,0.0,89.80940304715638,15360.0
-21.45807647705078,-21.46529769897461,0.00722765875980258,0.0,77.89275930322867,15360.0
-21.412282943725586,-21.42000389099121,0.007722077891230583,0.0,66.98625755134128,15360.0
-21.42576789855957,-21.431575775146484,0.005815363023430109,0.0,81.56035814006549,15360.0
-21.498891830444336,-21.506168365478516,0.007279629353433847,0.0,62.60799517700136,15360.0
-21.335561752319336,-21.343860626220703,0.008291914127767086,0.0,75.34691215775445,15360.0
-21.522167205810547,-21.527666091918945,0.005496820900589228,0.0,66.07772167582645,15360.0
-21.41455078125,-21.420475006103516,0.005926693789660931,0.0,50.40499916073766,15360.0
-21.475610733032227,-21.482257843017578,0.006647550035268068,0.0,66.2033660030989,15360.0
-21.488080978393555,-21.496000289916992,0.007921461947262287,0.0,52.90441960593082,15360.0
-21.37702178955078,-21.386781692504883,0.009754062630236149,0.0,82.70568586439198,15360.0
-21.461442947387695,-21.471921920776367,0.010480805300176144,0.0,57.77281386521961,15360.0
-21.385156631469727,-21.395124435424805,0.009973741136491299,0.0,85.58400817549736,15360.0
-21.295743942260742,-21.30500602722168,0.009266181848943233,0.0,93.58479614550706,15360.0
-21.39446258544922,-21.401758193969727,0.0072954134084284306,0.0,83.04886652109508,15360.0
-21.496065139770508,-21.5024356842041,0.0063671693205833435,0.0,59.45705933780534,15360.0
-21.323810577392578,-21.33100128173828,0.007194409146904945,0.0,102.2618105814495,15360.0
-21.469518661499023,-21.47806739807129,0.00855351984500885,0.0,61.05628708094124,15360.0
-21.400432586669922,-21.40998077392578,0.009545492008328438,0.0,86.14657847405289,15360.0
-21.23961067199707,-21.248334884643555,0.00872654840350151,0.0,116.62023649282978,15360.0
-21.33310317993164,-21.344999313354492,0.011895701289176941,0.0,103.40026008631571,15360.0
-21.460704803466797,-21.477916717529297,0.01720774918794632,0.0,66.70205994115436,15360.0
-21.268980026245117,-21.285043716430664,0.01606481708586216,0.0,124.79732341574594,15360.0
-21.38722038269043,-21.4018497467041,0.014631728641688824,0.0,83.31745898087325,15360.0
-21.370403289794922,-21.383689880371094,0.013284135609865189,0.0,85.4747274200683,15360.0
-21.39553451538086,-21.405921936035156,0.010387120768427849,0.0,99.38533825666545,15360.0
-21.426414489746094,-21.4344482421875,0.008038771338760853,0.0,70.88465437356955,15360.0
-21.444467544555664,-21.45613670349121,0.01166440173983574,0.0,77.06551192304347,15360.0
-21.24277114868164,-21.254404067993164,0.011633619666099548,0.0,107.19165251347577,15360.0
-21.251964569091797,-21.26319122314453,0.011227032169699669,0.0,107.11012296121964,15360.0
-21.4929141998291,-21.511260986328125,0.018349135294556618,0.0,55.99943129294461,15360.0
-21.464305877685547,-21.48561668395996,0.021305937319993973,0.0,63.045873978894626,15360.0
-21.432016372680664,-21.44577980041504,0.013763189315795898,0.0,67.9937498752664,15360.0
-21.47373390197754,-21.48494529724121,0.011210385710000992,0.0,69.79527154519991,15360.0
-21.500104904174805,-21.51247787475586,0.012371765449643135,0.0,67.76748960988121,15360.0
-21.35055160522461,-21.359148025512695,0.008596322499215603,0.0,99.66555638730082,15360.0
-21.433612823486328,-21.442493438720703,0.008876209147274494,0.0,81.05327567282625,15360.0
-21.53528594970703,-21.54987144470215,0.01458260603249073,0.0,59.896520210036414,15360.0
-21.34375762939453,-21.357582092285156,0.013825214467942715,0.0,95.22828061989932,15360.0
-21.489595413208008,-21.49883460998535,0.009233945049345493,0.0,60.30363512641802,15360.0
-21.36027717590332,-21.372060775756836,0.011781793087720871,0.0,102.38282589806136,15360.0
-21.40587043762207,-21.418182373046875,0.012305562384426594,0.0,88.75192801907164,15360.0
-21.47294044494629,-21.485193252563477,0.01224771048873663,0.0,61.259783274127905,15360.0
-21.365449905395508,-21.378305435180664,0.012852592393755913,0.0,100.57177375813342,15360.0
-21.476118087768555,-21.487247467041016,0.011124090291559696,0.0,73.12994162539815,15360.0
-21.4022216796875,-21.411746978759766,0.009527557529509068,0.0,62.43969176232488,15360.0
-21.371335983276367,-21.380956649780273,0.009623461402952671,0.0,102.57758939889257,15360.0
-21.42096710205078,-21.430204391479492,0.009237915277481079,0.0,75.52805949697621,15360.0
-21.419633865356445,-21.430395126342773,0.010764059610664845,0.0,85.94264138568124,15360.0
-21.50347328186035,-21.513370513916016,0.009899690747261047,0.0,73.28093435254,15360.0
-21.397401809692383,-21.40491485595703,0.0075108809396624565,0.0,85.38142713413737,15360.0
-21.446699142456055,-21.452308654785156,0.005609619896858931,0.0,76.25847607855694,15360.0
-21.50079345703125,-21.507232666015625,0.006439257878810167,0.0,74.497594690433,15360.0
-21.438875198364258,-21.445289611816406,0.006411203183233738,0.0,71.80351494906722,15360.0
-21.511972427368164,-21.518491744995117,0.006514999084174633,0.0,62.407768206855344,15360.0
-21.40452766418457,-21.411376953125,0.006857946515083313,0.0,82.93380250276708,15360.0
-21.458398818969727,-21.46563148498535,0.007226480171084404,0.0,70.88282597965096,15360.0
-21.57354164123535,-21.579673767089844,0.00613770354539156,0.0,53.15076143368471,15360.0
-21.450925827026367,-21.45648193359375,0.0055628614500164986,0.0,75.1710771111563,15360.0
-21.485048294067383,-21.491485595703125,0.006438830401748419,0.0,49.915468719296605,15360.0
-21.43059539794922,-21.436872482299805,0.00627693859860301,0.0,76.95578178505856,15360.0
-21.438819885253906,-21.444286346435547,0.005465889349579811,0.0,74.81493204667427,15360.0
-21.5697021484375,-21.576051712036133,0.0063447048887610435,0.0,62.70126207422139,15360.0
-21.39337730407715,-21.399688720703125,0.0063095600344240665,0.0,78.16916387095635,15360.0
-21.480693817138672,-21.484874725341797,0.004179057665169239,0.0,71.88764054147177,15360.0
-21.484907150268555,-21.492677688598633,0.007773157674819231,0.0,62.80393967011,15360.0
-21.48080062866211,-21.490148544311523,0.00934518687427044,0.0,58.74710591069172,15360.0
-21.42613983154297,-21.432329177856445,0.006182683631777763,0.0,79.97003002476953,15360.0
-21.364625930786133,-21.371898651123047,0.007271365728229284,0.0,81.45609638447272,15360.0
-21.31315040588379,-21.32181167602539,0.008657684549689293,0.0,99.72161995380795,15360.0
-21.367937088012695,-21.374530792236328,0.006588721182197332,0.0,100.15580319899502,15360.0
-21.530733108520508,-21.539777755737305,0.009039873257279396,0.0,63.33398111973396,15360.0
-21.45441246032715,-21.4650821685791,0.010676261968910694,0.0,76.22422306820992,15360.0
-21.5174560546875,-21.52414321899414,0.0066857547499239445,0.0,70.27523346812364,15360.0
-21.585580825805664,-21.593095779418945,0.007513714022934437,0.0,50.10372402868209,15360.0
-21.402727127075195,-21.41107177734375,0.00833677314221859,0.0,79.67963494377616,15360.0
-21.49034881591797,-21.496013641357422,0.005670711863785982,0.0,71.4493314755569,15360.0
-21.549959182739258,-21.55531120300293,0.0053492262959480286,0.0,57.17913016096924,15360.0
-21.474313735961914,-21.48038673400879,0.006071113049983978,0.0,64.1570370410045,15360.0
-21.51834487915039,-21.524980545043945,0.006647112779319286,0.0,58.099795339419124,15360.0
-21.4682674407959,-21.473731994628906,0.005460088141262531,0.0,67.5230406087328,15360.0
-21.49387550354004,-21.500463485717773,0.006587940733879805,0.0,59.42836332552359,15360.0
-21.407007217407227,-21.414003372192383,0.0069945394061505795,0.0,82.4088106607202,15360.0
-21.41786003112793,-21.42369270324707,0.005832892842590809,0.0,68.28281726081907,15360.0
-21.52852439880371,-21.536319732666016,0.0077931564301252365,0.0,76.71781376687967,15360.0
-21.342138290405273,-21.35009002685547,0.007954102009534836,0.0,72.72071196963923,15360.0
-21.465436935424805,-21.47389793395996,0.008459835313260555,0.0,63.79106559775251,15360.0
-21.497365951538086,-21.508460998535156,0.011102674528956413,0.0,62.612209194190875,15360.0
-21.527891159057617,-21.538646697998047,0.010752114467322826,0.0,48.2780023315535,15360.0
-21.498470306396484,-21.508779525756836,0.010305573232471943,0.0,64.03177649022622,15360.0
-21.442821502685547,-21.452783584594727,0.009960311464965343,0.0,53.7519098215389,15360.0
-21.50246238708496,-21.508670806884766,0.006208293605595827,0.0,67.208230092152,15360.0
-21.47447395324707,-21.481252670288086,0.006779818329960108,0.0,74.14019744132786,15360.0
-21.607934951782227,-21.6146183013916,0.0066831368021667,0.0,51.315815154367506,15360.0
-21.541452407836914,-21.54838752746582,0.006927063222974539,0.0,69.05553059313162,15360.0
-21.514163970947266,-21.5212459564209,0.007078184746205807,0.0,49.498439422062404,15360.0
-21.551769256591797,-21.55844497680664,0.006678252946585417,0.0,64.6682582516253,15360.0
-21.46605682373047,-21.47365379333496,0.007599008269608021,0.0,60.19893756507567,15360.0
-21.537839889526367,-21.5450496673584,0.007207081653177738,0.0,65.76566359806752,15360.0
-21.449214935302734,-21.45661735534668,0.007406114134937525,0.0,67.84079117095361,15360.0
-21.420513153076172,-21.428640365600586,0.008127815090119839,0.0,96.64808929506877,15360.0
-21.534107208251953,-21.541492462158203,0.007383100222796202,0.0,71.29550819886009,15360.0
-21.502885818481445,-21.511327743530273,0.008442961610853672,0.0,76.50183806690322,15360.0
-21.40608024597168,-21.41414451599121,0.008057968690991402,0.0,75.0542127859404,15360.0
-21.57047462463379,-21.576839447021484,0.0063577620312571526,0.0,50.73788810127315,15360.0
-21.45244026184082,-21.45731544494629,0.00487890001386404,0.0,62.66210612535792,15360.0
-21.53874969482422,-21.544645309448242,0.005902377422899008,0.0,77.08895762163186,15360.0
-21.5850772857666,-21.593156814575195,0.008077796548604965,0.0,65.78620299457673,15360.0
-21.520883560180664,-21.52911949157715,0.008244083262979984,0.0,64.9502835704191,15360.0
-21.51861000061035,-21.529254913330078,0.010643893852829933,0.0,59.971040264467085,15360.0
-21.59060287475586,-21.602977752685547,0.012375857681035995,0.0,47.58706242299656,15360.0
-21.56798553466797,-21.57988166809082,0.011892673559486866,0.0,58.58368775039027,15360.0
-21.581775665283203,-21.59217643737793,0.01040408294647932,0.0,62.06944619460042,15360.0
-21.545583724975586,-21.55422592163086,0.008642788976430893,0.0,83.37405197111354,15360.0
-21.58428192138672,-21.59204864501953,0.007776801474392414,0.0,61.99497489137819,15360.0
-21.577219009399414,-21.585725784301758,0.008503969758749008,0.0,77.70867424578496,15360.0
-21.59021759033203,-21.59833526611328,0.008118980564177036,0.0,59.12184215406996,15360.0
-21.50675392150879,-21.515403747558594,0.008646789006888866,0.0,87.6019120999683,15360.0
-21.523334503173828,-21.530668258666992,0.007329074200242758,0.0,74.80071407443995,15360.0
-21.540983200073242,-21.548906326293945,0.007928703911602497,0.0,74.77590919002425,15360.0
-21.478946685791016,-21.489093780517578,0.010149617679417133,0.0,79.23787489503262,15360.0
-21.503509521484375,-21.513151168823242,0.009636783972382545,0.0,94.27784432201013,15360.0
-21.57979393005371,-21.588838577270508,0.009042296558618546,0.0,60.95283638879451,15360.0
-21.558605194091797,-21.569332122802734,0.010730664245784283,0.0,68.7530313445788,15360.0
-21.497713088989258,-21.50963592529297,0.011918400414288044,0.0,80.92973446345887,15360.0
-21.54371452331543,-21.554235458374023,0.010527423582971096,0.0,70.10923652148529,15360.0
-21.49156951904297,-21.50127601623535,0.009704426862299442,0.0,87.37924704457134,15360.0
-21.439672470092773,-21.44965934753418,0.009988942183554173,0.0,88.6345372192138,15360.0
-21.5513916015625,-21.559673309326172,0.008284849114716053,0.0,70.06138323578894,15360.0
-21.524112701416016,-21.534299850463867,0.010184874758124352,0.0,78.58759759348482,15360.0
-21.434532165527344,-21.444580078125,0.01004598569124937,0.0,97.5623541878163,15360.0
-21.567859649658203,-21.576396942138672,0.008537830784916878,0.0,63.738876772593684,15360.0
-21.528940200805664,-21.53884506225586,0.009904727339744568,0.0,84.8705435496348,15360.0
-21.455617904663086,-21.464569091796875,0.008952286094427109,0.0,88.11393441485066,15360.0
-21.596094131469727,-21.604389190673828,0.008297136053442955,0.0,59.07352825792725,15360.0
-21.557783126831055,-21.568723678588867,0.010937048122286797,0.0,61.899234925799426,15360.0
-21.396034240722656,-21.40755271911621,0.011511294171214104,0.0,115.90765921561935,15360.0
-21.573116302490234,-21.582477569580078,0.009363537654280663,0.0,71.10857466718335,15360.0
-21.42521858215332,-21.433635711669922,0.008418171666562557,0.0,106.95226280736978,15360.0
-21.355722427368164,-21.361785888671875,0.006069683004170656,0.0,123.71941125948588,15360.0
-21.533363342285156,-21.53837013244629,0.0049994271248579025,0.0,56.42196782120164,15360.0
-21.488168716430664,-21.496074676513672,0.007905138656497002,0.0,79.38506713607107,15360.0
-21.457420349121094,-21.4643611907959,0.006939904298633337,0.0,98.68874326533636,15360.0
-21.59657096862793,-21.603437423706055,0.006861370988190174,0.0,50.5518594093271,15360.0
-21.389272689819336,-21.39850616455078,0.009229962714016438,0.0,99.06149067574152,15360.0
-21.39423179626465,-21.402231216430664,0.007997666485607624,0.0,97.32486827768881,15360.0
-21.552766799926758,-21.559114456176758,0.006343788933008909,0.0,68.69280964248355,15360.0
-21.369709014892578,-21.375877380371094,0.006170067470520735,0.0,105.49261925274547,15360.0
-21.591127395629883,-21.59551239013672,0.004379455465823412,0.0,61.93511351092653,15360.0
-21.508607864379883,-21.51357650756836,0.004965529777109623,0.0,68.39407107467511,15360.0
-21.44464683532715,-21.450197219848633,0.005551013629883528,0.0,89.58052664351297,15360.0
-21.557884216308594,-21.562000274658203,0.004114894196391106,0.0,54.45707992619246,15360.0
-21.57219123840332,-21.577606201171875,0.005413397680968046,0.0,65.64949159437214,15360.0
-21.53606414794922,-21.542522430419922,0.006461053155362606,0.0,75.63101506407924,15360.0
-21.581378936767578,-21.5862979888916,0.004927809815853834,0.0,60.880040194471654,15360.0
-21.499704360961914,-21.505083084106445,0.005376296583563089,0.0,76.93235909122458,15360.0
-21.58928680419922,-21.594953536987305,0.005665158852934837,0.0,64.8239318683223,15360.0
-21.517826080322266,-21.522502899169922,0.004680912476032972,0.0,69.15226847488717,15360.0
-21.60819435119629,-21.61311912536621,0.0049274759367108345,0.0,40.13543596377168,15360.0
-21.51199722290039,-21.516864776611328,0.004865911789238453,0.0,68.55230942558218,15360.0
-21.57858657836914,-21.583148956298828,0.0045628598891198635,0.0,63.8723128942728,15360.0
-21.56984519958496,-21.575023651123047,0.005179697182029486,0.0,68.74136876051215,15360.0
-21.525117874145508,-21.530908584594727,0.0057897185906767845,0.0,68.70037510298572,15360.0
-21.48319435119629,-21.488245010375977,0.00504854554310441,0.0,76.74614102775921,15360.0
-21.564563751220703,-21.568979263305664,0.004411096218973398,0.0,50.89346544483255,15360.0
-21.505306243896484,-21.509023666381836,0.0037139803171157837,0.0,77.67986262083046,15360.0
-21.452045440673828,-21.456682205200195,0.004639593884348869,0.0,81.84493724407717,15360.0
-21.618141174316406,-21.62287139892578,0.004723315127193928,0.0,54.06978049511269,15360.0
-21.4930477142334,-21.497432708740234,0.004380888305604458,0.0,68.69111265286627,15360.0
-21.488258361816406,-21.493715286254883,0.00545909907668829,0.0,89.69730748729103,15360.0
-21.484827041625977,-21.489408493041992,0.004586245398968458,0.0,69.67134351706567,15360.0
-21.465349197387695,-21.470121383666992,0.004777228459715843,0.0,84.58972691596834,15360.0
-21.410070419311523,-21.415931701660156,0.005854794289916754,0.0,107.15311117448648,15360.0
-21.453216552734375,-21.45926856994629,0.006055752746760845,0.0,90.96872164768848,15360.0
-21.3864803314209,-21.392099380493164,0.005620723124593496,0.0,93.09418286851508,15360.0
-21.28435516357422,-21.290245056152344,0.005885728169232607,0.0,116.51216538200477,15360.0
-21.421680450439453,-21.42748260498047,0.005802628118544817,0.0,98.4017347329032,15360.0
-21.295854568481445,-21.30404281616211,0.008197530172765255,0.0,95.76096365802478,15360.0
-21.153608322143555,-21.163171768188477,0.009561746381223202,0.0,134.246972599482,15360.0
-21.464183807373047,-21.47509765625,0.010920013301074505,0.0,91.01778480275199,15360.0
-21.296348571777344,-21.30685043334961,0.010508904233574867,0.0,108.76848319382955,15360.0
-21.25815773010254,-21.269203186035156,0.011033277027308941,0.0,123.95106297165029,15360.0
-21.38298225402832,-21.396240234375,0.013257745653390884,0.0,82.61339182218478,15360.0
-21.352624893188477,-21.367570877075195,0.014947067014873028,0.0,102.90760885377597,15360.0
-21.3393497467041,-21.35198402404785,0.012632980942726135,0.0,107.28974717708381,15360.0
-21.379749298095703,-21.39188575744629,0.012139899656176567,0.0,101.36598372644741,15360.0
-21.363779067993164,-21.374353408813477,0.010577050037682056,0.0,115.43736356116597,15360.0
-21.277536392211914,-21.287708282470703,0.01016730535775423,0.0,110.85365193212752,15360.0
-21.376020431518555,-21.383697509765625,0.007682241033762693,0.0,78.5109082718874,15360.0
-21.52253532409668,-21.528087615966797,0.005553690250962973,0.0,55.67324711804319,15360.0
-21.384126663208008,-21.389928817749023,0.005801632534712553,0.0,76.11377570753538,15360.0
-21.511207580566406,-21.51782989501953,0.006623053923249245,0.0,59.80761447824887,15360.0
-21.51443099975586,-21.519460678100586,0.005028857383877039,0.0,55.86094693928549,15360.0
-21.44645881652832,-21.452350616455078,0.005895730573683977,0.0,80.00355800180657,15360.0
-21.526865005493164,-21.532438278198242,0.0055758957751095295,0.0,56.89800101509294,15360.0
-21.529605865478516,-21.53631019592285,0.006700181867927313,0.0,68.84632117041679,15360.0
-21.520612716674805,-21.527870178222656,0.007254111580550671,0.0,60.32274381342479,15360.0
-21.415685653686523,-21.421998977661133,0.006309050135314465,0.0,57.91615395653899,15360.0
-21.513526916503906,-21.519603729248047,0.006073048338294029,0.0,57.03035504353109,15360.0
-21.52230453491211,-21.528743743896484,0.006441980134695768,0.0,64.09710765278152,15360.0
-21.461992263793945,-21.46767234802246,0.005680869333446026,0.0,87.60309372398216,15360.0
-21.582387924194336,-21.588735580444336,0.006342234555631876,0.0,54.05423114457645,15360.0
-21.46698570251465,-21.47279930114746,0.0058130668476223946,0.0,85.92517254526581,15360.0
-21.476966857910156,-21.482118606567383,0.005149211268872023,0.0,61.87725391535271,15360.0
-21.478376388549805,-21.483325958251953,0.004952309653162956,0.0,70.49952016577092,15360.0
-21.55253791809082,-21.557451248168945,0.004921093117445707,0.0,51.33937172940117,15360.0
-21.567731857299805,-21.57382583618164,0.00609166594222188,0.0,48.45561986788276,15360.0
-21.46803855895996,-21.474924087524414,0.006883606314659119,0.0,72.51974296459053,15360.0
-21.56159019470215,-21.570093154907227,0.00850209966301918,0.0,43.449668705718274,15360.0
-21.511253356933594,-21.519533157348633,0.008288374170660973,0.0,73.16276331453837,15360.0
-21.59885025024414,-21.60761833190918,0.008774718269705772,0.0,50.93166772569426,15360.0
-21.534305572509766,-21.54270362854004,0.008397724479436874,0.0,49.748836597290094,15360.0
-21.47015953063965,-21.47907257080078,0.008911480195820332,0.0,43.12073758103107,15360.0
-21.587800979614258,-21.597139358520508,0.009340551681816578,0.0,44.70810733470858,15360.0
-21.479822158813477,-21.49065399169922,0.0108298035338521,0.0,52.0804061435453,15360.0
-21.502098083496094,-21.514251708984375,0.012153668329119682,0.0,53.61523932628104,15360.0
-21.516706466674805,-21.530916213989258,0.014206561259925365,0.0,62.695118102740004,15360.0
-21.416170120239258,-21.435443878173828,0.019273454323410988,0.0,95.13846075105525,15360.0
-21.513256072998047,-21.54560661315918,0.03235618397593498,0.0,66.50145415554243,15360.0
-21.4562931060791,-21.50465965270996,0.04836491122841835,0.0,65.46926280982146,15360.0
-21.47647476196289,-21.52739906311035,0.050923578441143036,0.0,66.63434107955759,15360.0
-21.5235652923584,-21.570384979248047,0.04682129994034767,0.0,62.87155194783622,15360.0
-21.454084396362305,-21.49628257751465,0.04219770058989525,0.0,53.82561486802799,15360.0
-21.46974754333496,-21.512737274169922,0.04299959912896156,0.0,79.11527417869203,15360.0
-21.522729873657227,-21.56023597717285,0.03749603033065796,0.0,61.992532593257295,15360.0
-21.540651321411133,-21.56395149230957,0.02330111898481846,0.0,66.67993488779781,15360.0
-21.480749130249023,-21.49302101135254,0.012270907871425152,0.0,78.15357395271357,15360.0
-21.549680709838867,-21.56245994567871,0.012779117561876774,0.0,52.08757540959551,15360.0
-21.46580696105957,-21.490970611572266,0.025167278945446014,0.0,72.22879276203653,15360.0
-21.440553665161133,-21.483728408813477,0.04317482188344002,0.0,71.81457218887078,15360.0
-21.52359390258789,-21.568809509277344,0.04521574079990387,0.0,65.62285700805116,15360.0
-21.536739349365234,-21.560365676879883,0.023624377325177193,0.0,57.465317792197744,15360.0
-21.45069122314453,-21.458030700683594,0.007338276132941246,0.0,67.56074585266164,15360.0
-21.60596466064453,-21.622220993041992,0.01625913195312023,0.0,57.1544197147362,15360.0
-21.50713348388672,-21.53826332092285,0.031129032373428345,0.0,61.20212029556356,15360.0
-21.562597274780273,-21.59990882873535,0.037311065942049026,0.0,63.191299421059796,15360.0
-21.543846130371094,-21.569772720336914,0.02593170292675495,0.0,67.12684885651342,15360.0
-21.63189697265625,-21.64212989807129,0.010233936831355095,0.0,43.822592818875755,15360.0
-21.573152542114258,-21.581207275390625,0.008050698786973953,0.0,63.82537794311575,15360.0
-21.56856346130371,-21.58137321472168,0.012802747078239918,0.0,68.51392070925236,15360.0
-21.614215850830078,-21.630529403686523,0.01631198450922966,0.0,44.41328807940923,15360.0
-21.572782516479492,-21.587432861328125,0.014645783230662346,0.0,68.86267285916851,15360.0
-21.663103103637695,-21.672887802124023,0.009786914102733135,0.0,41.49438021123014,15360.0
-21.691795349121094,-21.699338912963867,0.0075434292666614056,0.0,32.76072178401994,15360.0
-21.59062957763672,-21.598745346069336,0.008114960044622421,0.0,51.522000626963006,15360.0
-21.620779037475586,-21.63014030456543,0.00935883354395628,0.0,51.35494010726978,15360.0
-21.656160354614258,-21.664518356323242,0.008359924890100956,0.0,39.04165579091831,15360.0
-21.603557586669922,-21.610279083251953,0.006719573400914669,0.0,59.69076917726818,15360.0
-21.59467887878418,-21.60063934326172,0.005960484966635704,0.0,57.36476950441057,15360.0
-21.67701530456543,-21.68425941467285,0.007237618323415518,0.0,38.09921350015638,15360.0
-21.65074348449707,-21.659942626953125,0.009204709902405739,0.0,47.93625635204381,15360.0
-21.646108627319336,-21.655241012573242,0.00913084577769041,0.0,50.47603661005152,15360.0
-21.639930725097656,-21.646886825561523,0.006952476222068071,0.0,48.90644137012873,15360.0
-21.600379943847656,-21.607057571411133,0.00668041966855526,0.0,67.299961840252,15360.0
-21.621089935302734,-21.628459930419922,0.007374863140285015,0.0,73.34342697208905,15360.0
-21.673860549926758,-21.67999267578125,0.006132250186055899,0.0,40.82059505118557,15360.0
-21.62236785888672,-21.627376556396484,0.005007788073271513,0.0,57.81725763183131,15360.0
-21.659788131713867,-21.665010452270508,0.005221349652856588,0.0,55.23101693306371,15360.0
-21.66348648071289,-21.669519424438477,0.006031526252627373,0.0,52.365015739404306,15360.0
-21.680164337158203,-21.685596466064453,0.005436817184090614,0.0,39.225091508731,15360.0
-21.694461822509766,-21.698795318603516,0.004330671392381191,0.0,47.71216388272376,15360.0
-21.675140380859375,-21.679115295410156,0.003970376215875149,0.0,39.17420925488336,15360.0
-21.663135528564453,-21.66738510131836,0.004244978539645672,0.0,38.63772735400054,15360.0
-21.693334579467773,-21.698049545288086,0.004713980946689844,0.0,51.9077290498899,15360.0
-21.733989715576172,-21.739519119262695,0.005529530346393585,0.0,39.09076835736448,15360.0
-21.61783218383789,-21.62294578552246,0.005120050627738237,0.0,65.3945364063584,15360.0
-21.67972755432129,-21.68368148803711,0.003945025149732828,0.0,50.51476358297581,15360.0
-21.723358154296875,-21.726661682128906,0.00330630736425519,0.0,55.405254712070686,15360.0
-21.674962997436523,-21.679058074951172,0.004096486140042543,0.0,48.65527362311208,15360.0
-21.69523811340332,-21.699644088745117,0.004407455213367939,0.0,54.16823525863086,15360.0
-21.709383010864258,-21.71381378173828,0.004433405119925737,0.0,43.79325181412496,15360.0
-21.711706161499023,-21.716157913208008,0.0044485097751021385,0.0,37.05238719873774,15360.0
-21.679536819458008,-21.684324264526367,0.004785512108355761,0.0,61.18232235477979,15360.0
-21.687978744506836,-21.693403244018555,0.005418026819825172,0.0,44.19129710229772,15360.0
-21.717824935913086,-21.7227725982666,0.00494323018938303,0.0,36.641252458430785,15360.0
-21.744489669799805,-21.74864387512207,0.004154914058744907,0.0,43.58155533654145,15360.0
-21.7183837890625,-21.72209358215332,0.0037041748873889446,0.0,36.29275475221906,15360.0
-21.70014190673828,-21.703556060791016,0.00341370003297925,0.0,42.95959564902299,15360.0
-21.749614715576172,-21.753509521484375,0.0038967332802712917,0.0,37.33446204817544,15360.0
-21.694183349609375,-21.699106216430664,0.004927566275000572,0.0,57.00410459663465,15360.0
-21.731807708740234,-21.737577438354492,0.005772335454821587,0.0,44.6858269747972,15360.0
-21.73705291748047,-21.743440628051758,0.006382330320775509,0.0,40.04846539956847,15360.0
-21.70067024230957,-21.706401824951172,0.005734345875680447,0.0,51.620780298194475,15360.0
-21.7156982421875,-21.721113204956055,0.005413643550127745,0.0,45.52255220872657,15360.0
-21.767337799072266,-21.772016525268555,0.0046771070919930935,0.0,28.8411176440601,15360.0
-21.6715087890625,-21.676738739013672,0.005228556226938963,0.0,56.235244344994,15360.0
-21.763233184814453,-21.76845932006836,0.00522544514387846,0.0,43.31908676606114,15360.0
-21.756349563598633,-21.761402130126953,0.00505125941708684,0.0,45.86104555795372,15360.0
-21.727956771850586,-21.733257293701172,0.005304310005158186,0.0,49.63435065808707,15360.0
-21.749406814575195,-21.75530242919922,0.005896774120628834,0.0,38.33506991976492,15360.0
-21.7498779296875,-21.757244110107422,0.007366406265646219,0.0,36.752284124174935,15360.0
-21.7430362701416,-21.75173568725586,0.008692359551787376,0.0,44.95050096774526,15360.0
-21.743122100830078,-21.75282859802246,0.009707736782729626,0.0,45.168250429155826,15360.0
-21.707805633544922,-21.718486785888672,0.01068216934800148,0.0,44.12561150597894,15360.0
-21.7182674407959,-21.72902488708496,0.010756772011518478,0.0,53.896128726259235,15360.0
-21.716279983520508,-21.726497650146484,0.010222216136753559,0.0,42.285136648215705,15360.0
-21.667943954467773,-21.679323196411133,0.011376515962183475,0.0,47.93647137472231,15360.0
-21.694175720214844,-21.707685470581055,0.013504463247954845,0.0,50.06908773549134,15360.0
-21.72142791748047,-21.737571716308594,0.016141461208462715,0.0,37.99945144413207,15360.0
-21.700584411621094,-21.71744155883789,0.01685342751443386,0.0,34.5048784457644,15360.0
-21.756505966186523,-21.771961212158203,0.015454194508492947,0.0,36.23789289646752,15360.0
-21.731996536254883,-21.746158599853516,0.014157210476696491,0.0,36.66820609661707,15360.0
-21.735620498657227,-21.75011444091797,0.014503494836390018,0.0,49.513149713046296,15360.0
-21.719524383544922,-21.734514236450195,0.01499411091208458,0.0,41.15213001115878,15360.0
-21.70148277282715,-21.715898513793945,0.014408353716135025,0.0,60.449458890909085,15360.0
-21.735408782958984,-21.74843406677246,0.01303313672542572,0.0,43.49261899992607,15360.0
-21.727991104125977,-21.73834228515625,0.010353637859225273,0.0,45.667665310744596,15360.0
-21.68397331237793,-21.692380905151367,0.008407643996179104,0.0,73.18924467260702,15360.0
-21.70205307006836,-21.709455490112305,0.007406969089061022,0.0,56.256997769381165,15360.0
-21.687286376953125,-21.694469451904297,0.00718662329018116,0.0,55.310397499038224,15360.0
-21.686664581298828,-21.693443298339844,0.0067794593051075935,0.0,62.74329923799343,15360.0
-21.660043716430664,-21.666439056396484,0.006392975803464651,0.0,68.9982785436872,15360.0
-21.691631317138672,-21.6967716217041,0.005138904321938753,0.0,67.39832310793533,15360.0
-21.679054260253906,-21.68292236328125,0.003867929568514228,0.0,70.7695725250081,15360.0
-21.684038162231445,-21.689701080322266,0.005671042483299971,0.0,61.94168403893887,15360.0
-21.689176559448242,-21.69768524169922,0.008503389544785023,0.0,66.86169761159879,15360.0
-21.729015350341797,-21.73830223083496,0.009277918376028538,0.0,44.227940181935686,15360.0
-21.668806076049805,-21.681562423706055,0.01275530643761158,0.0,64.49112068132904,15360.0
-21.5750675201416,-21.590486526489258,0.015422167256474495,0.0,87.29752129839791,15360.0
-21.6683349609375,-21.683408737182617,0.015075341798365116,0.0,67.55757598135638,15360.0
-21.68031883239746,-21.696758270263672,0.016444198787212372,0.0,61.12004932582714,15360.0
-21.678157806396484,-21.69162940979004,0.01347256824374199,0.0,61.72206590048755,15360.0
-21.682086944580078,-21.690834045410156,0.008749229833483696,0.0,58.84053663047241,15360.0
-21.690532684326172,-21.698158264160156,0.007623666897416115,0.0,50.403866803972065,15360.0
-21.647951126098633,-21.65420913696289,0.006258941721171141,0.0,82.04485119522515,15360.0
-21.701860427856445,-21.709787368774414,0.007924376986920834,0.0,64.17824280204184,15360.0
-21.70621681213379,-21.720869064331055,0.014649460092186928,0.0,50.82387578699524,15360.0
-21.669668197631836,-21.68913459777832,0.019469745457172394,0.0,80.55611288410911,15360.0
-21.68718719482422,-21.705690383911133,0.018501605838537216,0.0,59.18075314092278,15360.0
-21.743860244750977,-21.756685256958008,0.012827003374695778,0.0,45.68267239001542,15360.0
-21.65416145324707,-21.663293838500977,0.009139901027083397,0.0,70.4700769588563,15360.0
-21.719865798950195,-21.72698211669922,0.007113256491720676,0.0,53.50536620285074,15360.0
-21.721342086791992,-21.72787857055664,0.006536914501339197,0.0,40.25790133845029,15360.0
-21.72719383239746,-21.73474884033203,0.007551621180027723,0.0,49.90813332791362,15360.0
-21.74393653869629,-21.749792098999023,0.005855994764715433,0.0,50.39740883908444,15360.0
-21.671606063842773,-21.676973342895508,0.005365575663745403,0.0,61.182410985696464,15360.0
-21.69779396057129,-21.7050838470459,0.0072840740904212,0.0,64.40036362344607,15360.0
-21.73543357849121,-21.741802215576172,0.006369800306856632,0.0,40.68343250691458,15360.0
-21.603919982910156,-21.609643936157227,0.005718803033232689,0.0,78.10296606464095,15360.0
-21.590717315673828,-21.595348358154297,0.004631558898836374,0.0,88.51913404273887,15360.0
-21.69984245300293,-21.704532623291016,0.004693257622420788,0.0,54.27180483495969,15360.0
-21.602632522583008,-21.608970642089844,0.0063422610983252525,0.0,92.32853221339215,15360.0
-21.448827743530273,-21.456281661987305,0.007454206235706806,0.0,115.29137441696791,15360.0
-21.70691680908203,-21.71832275390625,0.01140417531132698,0.0,48.11253960120312,15360.0
-21.601356506347656,-21.61680793762207,0.015448680147528648,0.0,81.6492434604424,15360.0
-21.57065773010254,-21.580934524536133,0.01027634833008051,0.0,93.65303053632033,15360.0
-21.741254806518555,-21.749258041381836,0.00800221599638462,0.0,45.0982805676226,15360.0
-21.606863021850586,-21.61712074279785,0.010256921872496605,0.0,87.89782287239296,15360.0
-21.661712646484375,-21.668703079223633,0.00698775565251708,0.0,77.88053587660744,15360.0
-21.712566375732422,-21.71908950805664,0.0065262196585536,0.0,41.04113036206477,15360.0
-21.59047508239746,-21.59994888305664,0.009478090330958366,0.0,86.54813663736019,15360.0
-21.62506103515625,-21.635942459106445,0.010888305492699146,0.0,74.02749434613048,15360.0
-21.679479598999023,-21.688493728637695,0.009012054651975632,0.0,53.29738723930659,15360.0
-21.567413330078125,-21.57761001586914,0.010197005234658718,0.0,84.37259953198381,15360.0
-21.556453704833984,-21.565113067626953,0.008661413565278053,0.0,84.37864017583901,15360.0
-21.64976692199707,-21.657466888427734,0.007707530632615089,0.0,55.62687541611752,15360.0
-21.617300033569336,-21.625160217285156,0.007863029837608337,0.0,75.48317530719513,15360.0
-21.577526092529297,-21.58436393737793,0.0068400586023926735,0.0,70.31650379142667,15360.0
-21.617780685424805,-21.62518310546875,0.007406267803162336,0.0,68.2322393587768,15360.0
-21.524648666381836,-21.53493309020996,0.010286848992109299,0.0,75.37640359173344,15360.0
-21.57841682434082,-21.58847427368164,0.010058284737169743,0.0,67.98004265749215,15360.0
-21.58903694152832,-21.601377487182617,0.012341340072453022,0.0,80.11475065705889,15360.0
-21.618661880493164,-21.63270378112793,0.014043412171304226,0.0,67.00018226839869,15360.0
-21.551219940185547,-21.56195068359375,0.010736468248069286,0.0,78.4550438592114,15360.0
-21.631893157958984,-21.640888214111328,0.008993578143417835,0.0,61.806827806108274,15360.0
-21.549129486083984,-21.559877395629883,0.010746666230261326,0.0,68.84540885244635,15360.0
-21.57188606262207,-21.579980850219727,0.008095537312328815,0.0,87.1282472024894,15360.0
-21.62336540222168,-21.629568099975586,0.0061969757080078125,0.0,75.01201005708208,15360.0
-21.55785369873047,-21.56334686279297,0.005487798247486353,0.0,86.26859741292398,15360.0
-21.584678649902344,-21.591068267822266,0.0063955108635127544,0.0,79.50737122566147,15360.0
-21.62544059753418,-21.635845184326172,0.010406593792140484,0.0,71.26091951769148,15360.0
-21.535743713378906,-21.548450469970703,0.012703657150268555,0.0,74.66535255580042,15360.0
-21.54946517944336,-21.56395721435547,0.014493202790617943,0.0,79.48774620585107,15360.0
-21.557161331176758,-21.574146270751953,0.016985749825835228,0.0,69.62474808033517,15360.0
-21.600765228271484,-21.614910125732422,0.014150326140224934,0.0,72.87222938737725,15360.0
-21.591915130615234,-21.602550506591797,0.010638564825057983,0.0,66.7152054094456,15360.0
-21.557104110717773,-21.565515518188477,0.008408349938690662,0.0,75.84758141651463,15360.0
-21.576385498046875,-21.58202362060547,0.005639700684696436,0.0,56.18639178013621,15360.0
-21.54782485961914,-21.553396224975586,0.0055747064761817455,0.0,75.20691370748497,15360.0
-21.49754524230957,-21.505544662475586,0.007994902320206165,0.0,100.69455060639736,15360.0
-21.626392364501953,-21.63408088684082,0.0076981158927083015,0.0,57.59760100592268,15360.0
-21.48642921447754,-21.495939254760742,0.009504612535238266,0.0,102.12500370390103,15360.0
-21.514177322387695,-21.523365020751953,0.009189619682729244,0.0,87.41542945182738,15360.0
-21.583660125732422,-21.590688705444336,0.007025422062724829,0.0,58.40984556643852,15360.0
-21.550031661987305,-21.556922912597656,0.006895701866596937,0.0,84.22816716399511,15360.0
-21.606422424316406,-21.6129150390625,0.006495093461126089,0.0,71.28881144647293,15360.0
-21.56035804748535,-21.565824508666992,0.005464494228363037,0.0,83.55262524718052,15360.0
-21.62543296813965,-21.631595611572266,0.006162047851830721,0.0,60.5118961432644,15360.0
-21.52113914489746,-21.52619743347168,0.005057378206402063,0.0,87.10479447454564,15360.0
-21.594690322875977,-21.60011100769043,0.005419403314590454,0.0,72.52865674109721,15360.0
-21.578508377075195,-21.58467674255371,0.006164120975881815,0.0,68.49476099638062,15360.0
-21.518861770629883,-21.523540496826172,0.004679757636040449,0.0,91.52409513822471,15360.0
-21.619779586791992,-21.625394821166992,0.0056160492822527885,0.0,61.94121360374936,15360.0
-21.471220016479492,-21.47651481628418,0.005291749257594347,0.0,87.05642927596713,15360.0
-21.58652687072754,-21.59086799621582,0.004335325676947832,0.0,62.97658142863314,15360.0
-21.674646377563477,-21.680255889892578,0.005606898572295904,0.0,47.504889128425184,15360.0
-21.596006393432617,-21.601564407348633,0.0055627236142754555,0.0,62.02216683363211,15360.0
-21.612600326538086,-21.618579864501953,0.005981012247502804,0.0,65.21079324967214,15360.0
-21.630287170410156,-21.635828018188477,0.005540467798709869,0.0,60.4120336633679,15360.0
-21.635080337524414,-21.639062881469727,0.003986237104982138,0.0,50.60273981279256,15360.0
-21.61956214904785,-21.623762130737305,0.004201867152005434,0.0,54.128378657215045,15360.0
-21.64813804626465,-21.653043746948242,0.004906614311039448,0.0,38.563119833367395,15360.0
-21.628175735473633,-21.633243560791016,0.005064314231276512,0.0,47.15568058483424,15360.0
-21.65800666809082,-21.66242790222168,0.004421046003699303,0.0,50.957098954189284,15360.0
-21.622844696044922,-21.62840461730957,0.005550960078835487,0.0,55.55371887797754,15360.0
-21.622278213500977,-21.628246307373047,0.005972723476588726,0.0,47.97558890504463,15360.0
-21.573814392089844,-21.57921600341797,0.005402207840234041,0.0,52.16481830413424,15360.0
-21.626117706298828,-21.631376266479492,0.005262442398816347,0.0,47.566555619632204,15360.0
-21.60980224609375,-21.614032745361328,0.004233377054333687,0.0,48.58136690588038,15360.0
-21.5876407623291,-21.591596603393555,0.003958656918257475,0.0,52.477820738848436,15360.0
-21.63136100769043,-21.635601043701172,0.004245446994900703,0.0,68.71455119076745,15360.0
-21.62162208557129,-21.625574111938477,0.003946188371628523,0.0,50.135065142717664,15360.0
-21.640682220458984,-21.644620895385742,0.003941263537853956,0.0,58.33207430722303,15360.0
-21.680341720581055,-21.683839797973633,0.0034939530305564404,0.0,42.77974315600631,15360.0
-21.685129165649414,-21.689189910888672,0.0040636807680130005,0.0,44.52549873254264,15360.0
-21.619962692260742,-21.6240177154541,0.004059336148202419,0.0,43.375935982067475,15360.0
-21.638742446899414,-21.643007278442383,0.00426302757114172,0.0,41.96389861782882,15360.0
-21.657991409301758,-21.661867141723633,0.0038788774982094765,0.0,54.37676037530105,15360.0
-21.687103271484375,-21.69115447998047,0.004052783362567425,0.0,38.813310485710126,15360.0
-21.597063064575195,-21.60123634338379,0.004174806643277407,0.0,84.28632508391637,15360.0
-21.641063690185547,-21.646282196044922,0.00521746464073658,0.0,60.36287022701252,15360.0
-21.649118423461914,-21.657495498657227,0.00838097371160984,0.0,55.69059439550925,15360.0
-21.654918670654297,-21.665443420410156,0.010522774420678616,0.0,60.54504444053691,15360.0
-21.64301872253418,-21.65550422668457,0.012485402636229992,0.0,44.42193760911973,15360.0
-21.618629455566406,-21.63153648376465,0.01290280930697918,0.0,65.14316154317679,15360.0
-21.59482192993164,-21.60769271850586,0.012871897779405117,0.0,70.0021758927523,15360.0
-21.634471893310547,-21.649253845214844,0.014776197262108326,0.0,61.82678388353971,15360.0
-21.653318405151367,-21.66938018798828,0.016062354668974876,0.0,53.22676736012022,15360.0
-21.60106086730957,-21.620229721069336,0.019165555015206337,0.0,66.00333102303853,15360.0
-21.645620346069336,-21.667381286621094,0.02176428958773613,0.0,52.708997196310165,15360.0
-21.658103942871094,-21.683265686035156,0.025170879438519478,0.0,56.204514217359765,15360.0
-21.657379150390625,-21.682756423950195,0.025375371798872948,0.0,50.67555835041034,15360.0
-21.657655715942383,-21.678672790527344,0.02101549506187439,0.0,60.13219655243625,15360.0
-21.665691375732422,-21.681062698364258,0.015373549424111843,0.0,63.285004695820895,15360.0
-21.649892807006836,-21.65996742248535,0.010075612924993038,0.0,57.437305828364906,15360.0
-21.609338760375977,-21.61687469482422,0.007538929581642151,0.0,63.206221065404264,15360.0
-21.687108993530273,-21.694091796875,0.0069768126122653484,0.0,56.66836947667036,15360.0
-21.667821884155273,-21.674833297729492,0.007010313682258129,0.0,51.66852475610589,15360.0
-21.647621154785156,-21.6582088470459,0.010582472197711468,0.0,62.99785314686555,15360.0
-21.690568923950195,-21.705228805541992,0.014654737897217274,0.0,47.29660548681821,15360.0
-21.650117874145508,-21.66651725769043,0.016395580023527145,0.0,68.16989724659494,15360.0
-21.645427703857422,-21.658702850341797,0.013282837346196175,0.0,57.371414798321815,15360.0
-21.71746253967285,-21.726945877075195,0.00948392041027546,0.0,45.90321757807487,15360.0
-21.723508834838867,-21.73170280456543,0.00819385889917612,0.0,39.76972634944932,15360.0
-21.710729598999023,-21.7203369140625,0.00960923545062542,0.0,44.9974316819754,15360.0
-21.654563903808594,-21.665128707885742,0.010561271570622921,0.0,51.759531963644314,15360.0
-21.716325759887695,-21.727169036865234,0.010847748257219791,0.0,49.24725564563229,15360.0
-21.69447898864746,-21.70372772216797,0.009255355224013329,0.0,42.85015813446261,15360.0
-21.68267822265625,-21.690067291259766,0.007395192049443722,0.0,57.47306084650472,15360.0
-21.70903968811035,-21.71565055847168,0.006612939294427633,0.0,48.58580640238428,15360.0
-21.67044448852539,-21.676786422729492,0.006343207322061062,0.0,62.1147787831901,15360.0
-21.667095184326172,-21.674001693725586,0.006899808067828417,0.0,66.72340478434593,15360.0
-21.724056243896484,-21.73377799987793,0.009721617214381695,0.0,49.31826201060741,15360.0
-21.668188095092773,-21.679161071777344,0.010974314995110035,0.0,65.6031235777198,15360.0
-21.713031768798828,-21.723907470703125,0.010872812010347843,0.0,41.59305314355551,15360.0
-21.69339370727539,-21.704736709594727,0.011347861960530281,0.0,57.95433372341215,15360.0
-21.73611068725586,-21.74659538269043,0.010487303137779236,0.0,42.27319346097152,15360.0
-21.72414207458496,-21.732694625854492,0.008557203225791454,0.0,53.52063894884739,15360.0
-21.679574966430664,-21.68776512145996,0.008194408379495144,0.0,57.276321089698634,15360.0
-21.741851806640625,-21.749399185180664,0.0075462935492396355,0.0,46.626479277553784,15360.0
-21.670570373535156,-21.677204132080078,0.006629609502851963,0.0,54.08811120053382,15360.0
-21.729459762573242,-21.735063552856445,0.005601277109235525,0.0,50.62123031840394,15360.0
-21.712543487548828,-21.718156814575195,0.005609595682471991,0.0,52.20077692669965,15360.0
-21.748220443725586,-21.75326156616211,0.005042970180511475,0.0,47.077843866854906,15360.0
-21.724102020263672,-21.72916030883789,0.005060332827270031,0.0,48.57321607610569,15360.0
-21.563573837280273,-21.569002151489258,0.005429917946457863,0.0,87.5653476442723,15360.0
-21.689353942871094,-21.69623565673828,0.0068855611607432365,0.0,56.72136470859063,15360.0
-21.700403213500977,-21.707889556884766,0.007486551068723202,0.0,55.469528273416195,15360.0
-21.6135196685791,-21.621122360229492,0.007597208023071289,0.0,81.22490506349723,15360.0
-21.704843521118164,-21.71160316467285,0.00675728777423501,0.0,44.947760633001295,15360.0
-21.553367614746094,-21.55946159362793,0.006093935109674931,0.0,89.74201948259243,15360.0
-21.663299560546875,-21.67000961303711,0.006716336123645306,0.0,72.46547368998085,15360.0
-21.745704650878906,-21.752473831176758,0.006775732152163982,0.0,44.98342418374748,15360.0
-21.643491744995117,-21.650909423828125,0.0074176606722176075,0.0,63.9952778093556,15360.0
-21.73183250427246,-21.736927032470703,0.00509495846927166,0.0,44.075989684918525,15360.0
-21.645587921142578,-21.649982452392578,0.004396012052893639,0.0,56.496007285504305,15360.0
-21.628225326538086,-21.631990432739258,0.0037617492489516735,0.0,80.7844096717175,15360.0
-21.63405418395996,-21.638708114624023,0.00465508084744215,0.0,68.75714075993055,15360.0
-21.60406494140625,-21.609092712402344,0.0050348322838544846,0.0,70.69568560372875,15360.0
-21.606992721557617,-21.614501953125,0.007513030897825956,0.0,72.72773210702587,15360.0
-21.620180130004883,-21.628368377685547,0.008189733140170574,0.0,76.46215577452615,15360.0
-21.662200927734375,-21.668867111206055,0.006667348090559244,0.0,67.30944956307754,15360.0
-21.668912887573242,-21.675823211669922,0.006907736882567406,0.0,62.67359622860718,15360.0
-21.637210845947266,-21.64593505859375,0.008725705556571484,0.0,72.778738807813,15360.0
-21.716957092285156,-21.7274227142334,0.010474120266735554,0.0,38.14516907862884,15360.0
-21.60466957092285,-21.614789962768555,0.010119335725903511,0.0,87.57502711386327,15360.0
-21.665395736694336,-21.67735481262207,0.011953490786254406,0.0,63.75376522806625,15360.0
-21.684593200683594,-21.69904327392578,0.014451803639531136,0.0,55.61990659835809,15360.0
-21.69186019897461,-21.705198287963867,0.013339472003281116,0.0,60.29055834049782,15360.0
-21.662986755371094,-21.674571990966797,0.011585745960474014,0.0,61.44721750241597,15360.0
-21.61542320251465,-21.62480354309082,0.009374918416142464,0.0,81.85468395676345,15360.0
-21.686676025390625,-21.696842193603516,0.01016827393323183,0.0,51.833707607132126,15360.0
-21.5692081451416,-21.580242156982422,0.011038992553949356,0.0,94.30478361876465,15360.0
-21.68282127380371,-21.69070816040039,0.00788754690438509,0.0,63.219675311234475,15360.0
-21.596895217895508,-21.605690002441406,0.008794578723609447,0.0,67.96729759672748,15360.0
-21.62657356262207,-21.63290023803711,0.006323787849396467,0.0,71.32949107851182,15360.0
-21.687477111816406,-21.694072723388672,0.006588861811906099,0.0,51.47528312181722,15360.0
-21.660615921020508,-21.66792869567871,0.007305657956749201,0.0,74.94392697628415,15360.0
-21.679309844970703,-21.686532974243164,0.0072233183309435844,0.0,57.67583234149696,15360.0
-21.68040657043457,-21.688678741455078,0.008265615440905094,0.0,63.055265049379564,15360.0
-21.678560256958008,-21.686731338500977,0.008173968642950058,0.0,65.35183710179525,15360.0
-21.65250015258789,-21.659290313720703,0.006785990670323372,0.0,74.18019984699735,15360.0
-21.750988006591797,-21.75759506225586,0.006606902461498976,0.0,40.78605063167563,15360.0
-21.729768753051758,-21.73719596862793,0.007431888021528721,0.0,50.70682967115068,15360.0
-21.705400466918945,-21.711946487426758,0.006549883168190718,0.0,48.53763220287666,15360.0
-21.708890914916992,-21.714746475219727,0.005852172151207924,0.0,40.593550604570815,15360.0
-21.663846969604492,-21.669469833374023,0.005618921015411615,0.0,54.1039631070595,15360.0
-21.67070960998535,-21.675132751464844,0.004423345439136028,0.0,58.830860319216555,15360.0
-21.715606689453125,-21.72105598449707,0.005447014234960079,0.0,46.53803907024262,15360.0
-21.666154861450195,-21.670942306518555,0.004789285361766815,0.0,66.70627264855106,15360.0
-21.67435646057129,-21.67963409423828,0.005275273695588112,0.0,57.48753474408477,15360.0
-21.614416122436523,-21.620882034301758,0.0064611113630235195,0.0,68.45543703295822,15360.0
-21.6306095123291,-21.637065887451172,0.006461700890213251,0.0,73.06847031626967,15360.0
-21.647151947021484,-21.653697967529297,0.00654428917914629,0.0,83.28651206628035,15360.0
-21.63874053955078,-21.64628028869629,0.007542041130363941,0.0,69.86489910722068,15360.0
-21.62290382385254,-21.630659103393555,0.00775177264586091,0.0,67.03770785173816,15360.0
-21.397306442260742,-21.40358543395996,0.006277394015341997,0.0,112.91609342923236,15360.0
-21.614601135253906,-21.619985580444336,0.005380607675760984,0.0,81.57267998577167,15360.0
-21.56245231628418,-21.56890296936035,0.006444965489208698,0.0,79.80386549340398,15360.0
-21.450603485107422,-21.456789016723633,0.006181621924042702,0.0,122.76607709819113,15360.0
-21.68582534790039,-21.69164276123047,0.0058174231089651585,0.0,48.856159746381266,15360.0
-21.433164596557617,-21.44015121459961,0.0069840750657022,0.0,111.0279288616275,15360.0
-21.501230239868164,-21.507835388183594,0.006604096386581659,0.0,98.40174432462778,15360.0
-21.65343475341797,-21.66120147705078,0.007765707094222307,0.0,63.38793932337794,15360.0
-21.548498153686523,-21.55984115600586,0.011336760595440865,0.0,89.87453117045763,15360.0
-21.599681854248047,-21.61036491394043,0.010686718858778477,0.0,73.51629874530533,15360.0
-21.579862594604492,-21.592416763305664,0.012552657164633274,0.0,78.04003518036633,15360.0
-21.576139450073242,-21.591997146606445,0.015862856060266495,0.0,86.1606271243104,15360.0
-21.64200782775879,-21.656068801879883,0.014058973640203476,0.0,67.29228285388776,15360.0
-21.57219123840332,-21.585474014282227,0.013282449916005135,0.0,66.48810298938797,15360.0
-21.571752548217773,-21.583772659301758,0.012019319459795952,0.0,72.7953220055893,15360.0
-21.63983917236328,-21.64683723449707,0.006989819463342428,0.0,53.29351398466836,15360.0
-21.560197830200195,-21.56670379638672,0.006507658399641514,0.0,55.53968822226581,15360.0
-21.66259765625,-21.66855239868164,0.005948933772742748,0.0,62.931644687348,15360.0
-21.581928253173828,-21.58670425415039,0.004775035660713911,0.0,67.42604531840877,15360.0
-21.492053985595703,-21.498027801513672,0.005977987311780453,0.0,101.97923731770318,15360.0
-21.632116317749023,-21.638891220092773,0.006772844586521387,0.0,67.6308210610194,15360.0
-21.617158889770508,-21.625484466552734,0.008327334187924862,0.0,63.86295810356596,15360.0
-21.566877365112305,-21.575626373291016,0.008746733888983727,0.0,83.76667940588584,15360.0
-21.645145416259766,-21.653484344482422,0.008341074921190739,0.0,47.95217742155424,15360.0
-21.613590240478516,-21.621185302734375,0.007597909774631262,0.0,67.00284931846141,15360.0
-21.574132919311523,-21.581825256347656,0.007689344696700573,0.0,87.54837621159501,15360.0
-21.64946746826172,-21.655447006225586,0.005978655535727739,0.0,42.275796417698174,15360.0
-21.58879280090332,-21.59389877319336,0.005107061006128788,0.0,74.95519968969495,15360.0
-21.57098960876465,-21.57533073425293,0.004349771421402693,0.0,86.79155395613107,15360.0
-21.733516693115234,-21.738086700439453,0.0045730555430054665,0.0,35.94874963397462,15360.0
-21.58570671081543,-21.591835021972656,0.0061227404512465,0.0,85.84742980518189,15360.0
-21.58776092529297,-21.594385147094727,0.006618099752813578,0.0,74.71448113240716,15360.0
-21.733680725097656,-21.742656707763672,0.008983918465673923,0.0,37.41464433421308,15360.0
-21.605573654174805,-21.61737823486328,0.01180827897042036,0.0,66.0433143976509,15360.0
-21.638303756713867,-21.651987075805664,0.013681316748261452,0.0,69.73016662285843,15360.0
-21.706377029418945,-21.721296310424805,0.014918354339897633,0.0,29.39339464905624,15360.0
-21.65679931640625,-21.671226501464844,0.014428296126425266,0.0,58.81785649869647,15360.0
-21.684467315673828,-21.695507049560547,0.011039714328944683,0.0,47.84010925761562,15360.0
-21.720651626586914,-21.731786727905273,0.011138280853629112,0.0,38.60517358364791,15360.0
-21.692920684814453,-21.703779220581055,0.010863340459764004,0.0,49.35354010799459,15360.0
-21.724802017211914,-21.735177993774414,0.01038036122918129,0.0,42.618577151396174,15360.0
-21.710359573364258,-21.722026824951172,0.011663926765322685,0.0,48.255067844551846,15360.0
-21.716087341308594,-21.729644775390625,0.013563991524279118,0.0,44.09361345821267,15360.0
-21.72533416748047,-21.740583419799805,0.01524468045681715,0.0,32.80101308430325,15360.0
-21.626237869262695,-21.639991760253906,0.013756736181676388,0.0,55.41702348993052,15360.0
-21.660255432128906,-21.66874122619629,0.008484548889100552,0.0,64.31602485315668,15360.0
-21.681692123413086,-21.687992095947266,0.006296029780060053,0.0,53.73834915667871,15360.0
-21.688434600830078,-21.693876266479492,0.005439727567136288,0.0,53.35385900368444,15360.0
-21.729928970336914,-21.7348575592041,0.004927517380565405,0.0,56.10157528071059,15360.0
-21.72353744506836,-21.729337692260742,0.0057976022362709045,0.0,45.97568429875733,15360.0
-21.670759201049805,-21.677715301513672,0.006957694422453642,0.0,64.89715158650243,15360.0
-21.634145736694336,-21.642601013183594,0.008455848321318626,0.0,61.54543667757756,15360.0
-21.69504737854004,-21.704906463623047,0.009855909273028374,0.0,54.55717153349676,15360.0
-21.730682373046875,-21.7420711517334,0.011385645717382431,0.0,41.516343136031225,15360.0
-21.64112663269043,-21.650230407714844,0.009101997129619122,0.0,84.9720445495306,15360.0
-21.689870834350586,-21.695964813232422,0.006097123026847839,0.0,56.59183575268809,15360.0
-21.660802841186523,-21.667091369628906,0.006278714630752802,0.0,68.36299278519327,15360.0
-21.51498031616211,-21.519346237182617,0.004369628615677357,0.0,100.53652326238658,15360.0
-21.6395206451416,-21.644880294799805,0.005362951662391424,0.0,82.83356762122972,15360.0
-21.70615005493164,-21.715412139892578,0.009265173226594925,0.0,41.84655664159076,15360.0
-21.587135314941406,-21.597196578979492,0.010064667090773582,0.0,91.37200262695792,15360.0
-21.68276596069336,-21.693103790283203,0.010334674268960953,0.0,55.59591074692327,15360.0
-21.640981674194336,-21.655120849609375,0.014137567952275276,0.0,60.747051860270815,15360.0
-21.541242599487305,-21.555248260498047,0.014008904807269573,0.0,91.55307362782368,15360.0
-21.639406204223633,-21.65341567993164,0.014002876356244087,0.0,64.68947701779959,15360.0
-21.679899215698242,-21.69635772705078,0.016456149518489838,0.0,51.50458023557235,15360.0
-21.574121475219727,-21.586767196655273,0.012640193104743958,0.0,88.52711767421951,15360.0
-21.673154830932617,-21.681243896484375,0.008095025084912777,0.0,55.79008017554039,15360.0
-21.6274471282959,-21.63520622253418,0.007759454660117626,0.0,74.83383404908123,15360.0
-21.608083724975586,-21.615345001220703,0.007260559592396021,0.0,76.76567888721199,15360.0
-21.69687843322754,-21.704355239868164,0.00747442664578557,0.0,51.858385498005575,15360.0
-21.611675262451172,-21.621824264526367,0.010158196091651917,0.0,74.51947174541941,15360.0
-21.708219528198242,-21.71891212463379,0.010690453462302685,0.0,49.353330130970846,15360.0
-21.629125595092773,-21.63810920715332,0.00897615309804678,0.0,59.24352613669562,15360.0
-21.647411346435547,-21.65578842163086,0.008373958989977837,0.0,57.09195867995382,15360.0
-21.657794952392578,-21.664976119995117,0.007180920336395502,0.0,51.66873708166869,15360.0
-21.72255516052246,-21.72838020324707,0.005827167071402073,0.0,41.993786795794,15360.0
-21.681264877319336,-21.68778419494629,0.006515344139188528,0.0,59.40430150618046,15360.0
-21.66575813293457,-21.673297882080078,0.0075450860895216465,0.0,66.50818419315081,15360.0
-21.646024703979492,-21.653120040893555,0.007093607448041439,0.0,45.07563310488265,15360.0
-21.62295150756836,-21.629138946533203,0.006188716273754835,0.0,74.43994472468255,15360.0
-21.635114669799805,-21.641756057739258,0.00664103776216507,0.0,64.59372000133156,15360.0
-21.64228630065918,-21.64853286743164,0.00625413516536355,0.0,54.198158469925794,15360.0
-21.637121200561523,-21.644380569458008,0.007253773510456085,0.0,56.69003017885403,15360.0
-21.711458206176758,-21.719045639038086,0.007592647802084684,0.0,42.80498770144412,15360.0
-21.67415428161621,-21.67971420288086,0.00556175597012043,0.0,58.854724970412526,15360.0
-21.690885543823242,-21.6970157623291,0.00613241596147418,0.0,50.62545301311328,15360.0
-21.614643096923828,-21.62173843383789,0.007089916151016951,0.0,67.69417613193892,15360.0
-21.671428680419922,-21.676706314086914,0.005281410180032253,0.0,50.8646677727968,15360.0
-21.685808181762695,-21.69162368774414,0.005816945340484381,0.0,42.52326796703317,15360.0
-21.654640197753906,-21.66117286682129,0.006528082769364119,0.0,61.88793446249142,15360.0
-21.718297958374023,-21.72345733642578,0.005159931257367134,0.0,44.12559171177149,15360.0
-21.676185607910156,-21.682146072387695,0.005967096425592899,0.0,53.619619274629414,15360.0
-21.735553741455078,-21.741004943847656,0.005449214018881321,0.0,45.045611292585505,15360.0
-21.71147918701172,-21.715389251708984,0.003908523824065924,0.0,41.876240673639266,15360.0
-21.715749740600586,-21.719409942626953,0.003649869468063116,0.0,48.650193428398815,15360.0
-21.737335205078125,-21.74102210998535,0.0036860217805951834,0.0,44.57845152308687,15360.0
-21.72516441345215,-21.728649139404297,0.003491542302072048,0.0,34.63490747536451,15360.0
-21.742359161376953,-21.746431350708008,0.004076218232512474,0.0,34.824209195581616,15360.0
-21.746280670166016,-21.75047492980957,0.004195613320916891,0.0,36.65793120465661,15360.0
-21.731225967407227,-21.734928131103516,0.0037021355237811804,0.0,46.01479049254547,15360.0
-21.74873161315918,-21.752031326293945,0.003297230927273631,0.0,32.76506182406455,15360.0
-21.7075138092041,-21.711589813232422,0.004068396519869566,0.0,52.74180016564844,15360.0
-21.750093460083008,-21.7546329498291,0.0045441193506121635,0.0,48.38569026163048,15360.0
-21.773069381713867,-21.778032302856445,0.004964590538293123,0.0,36.05305536917623,15360.0
-21.72885513305664,-21.734439849853516,0.005585429724305868,0.0,46.27358504387066,15360.0
-21.751039505004883,-21.756757736206055,0.005718449596315622,0.0,46.448598537205626,15360.0
-21.75517463684082,-21.760425567626953,0.0052540660835802555,0.0,38.15402123821291,15360.0
-21.71027183532715,-21.715404510498047,0.005133606027811766,0.0,38.551140076810505,15360.0
-21.756738662719727,-21.76170539855957,0.004965922329574823,0.0,48.321214446347064,15360.0
-21.795167922973633,-21.79927635192871,0.004106059204787016,0.0,38.262812785619445,15360.0
-21.76265525817871,-21.766687393188477,0.004036608152091503,0.0,38.38884859549963,15360.0
-21.783994674682617,-21.788082122802734,0.004092031624168158,0.0,33.11961591836444,15360.0
-21.742902755737305,-21.747278213500977,0.004368230234831572,0.0,30.309424331487737,15360.0
-21.770042419433594,-21.774316787719727,0.004269145894795656,0.0,36.31457874811252,15360.0
-21.7957820892334,-21.80083656311035,0.005049276631325483,0.0,37.81168876893773,15360.0
-21.756208419799805,-21.76178741455078,0.00558240944519639,0.0,46.59295846271643,15360.0
-21.760433197021484,-21.766948699951172,0.006513891275972128,0.0,45.70792102290907,15360.0
-21.752132415771484,-21.759862899780273,0.007732205092906952,0.0,56.313954830577714,15360.0
-21.74249839782715,-21.753110885620117,0.010613015852868557,0.0,49.4625936354149,15360.0
-21.698577880859375,-21.714662551879883,0.016087088733911514,0.0,62.41607470322253,15360.0
-21.668115615844727,-21.691486358642578,0.023369090631604195,0.0,77.25164131862896,15360.0
-21.674476623535156,-21.70882225036621,0.03434373810887337,0.0,73.41330260248863,15360.0
-21.712505340576172,-21.756298065185547,0.04378426820039749,0.0,50.174479068605216,15360.0
-21.647432327270508,-21.69737434387207,0.04994472116231918,0.0,82.20060163479431,15360.0
-21.589351654052734,-21.63901710510254,0.04966036230325699,0.0,76.67211318802183,15360.0
-21.678930282592773,-21.726652145385742,0.0477205291390419,0.0,53.378527242888886,15360.0
-21.655223846435547,-21.695507049560547,0.04028675705194473,0.0,75.56719877390368,15360.0
-21.691226959228516,-21.717510223388672,0.026281295344233513,0.0,70.50033990545647,15360.0
-21.691471099853516,-21.70903778076172,0.0175681933760643,0.0,63.20317695133189,15360.0
-21.641977310180664,-21.656850814819336,0.014878066256642342,0.0,76.01012940282469,15360.0
-21.719562530517578,-21.7374324798584,0.017873018980026245,0.0,55.85579303814064,15360.0
-21.657276153564453,-21.68393325805664,0.02665918879210949,0.0,68.2372049794722,15360.0
-21.71500587463379,-21.740657806396484,0.025654636323451996,0.0,51.15754912232792,15360.0
-21.723859786987305,-21.740034103393555,0.01617899350821972,0.0,55.91892547166179,15360.0
-21.653974533081055,-21.66591453552246,0.011934628710150719,0.0,74.05383738567672,15360.0
-21.721601486206055,-21.733308792114258,0.01171899400651455,0.0,61.554756730530876,15360.0
-21.72628402709961,-21.73782730102539,0.011549519374966621,0.0,44.859850237181945,15360.0
-21.668230056762695,-21.68071174621582,0.012477051466703415,0.0,74.75637212938342,15360.0
-21.700742721557617,-21.7108154296875,0.010070989839732647,0.0,65.81481896004371,15360.0
-21.718273162841797,-21.72538185119629,0.00710473395884037,0.0,44.23757947883037,15360.0
-21.70244598388672,-21.71172523498535,0.009280226193368435,0.0,66.93880190664363,15360.0
-21.712099075317383,-21.722471237182617,0.0103659862652421,0.0,56.620258093152366,15360.0
-21.698854446411133,-21.70868682861328,0.009835829958319664,0.0,50.45077803878359,15360.0
-21.648954391479492,-21.656513214111328,0.007565199863165617,0.0,66.07010091506955,15360.0
-21.6777400970459,-21.682844161987305,0.005098301451653242,0.0,67.27949955122824,15360.0
-21.74078369140625,-21.74501609802246,0.004236375447362661,0.0,46.2106116820064,15360.0
-21.69523811340332,-21.700830459594727,0.005593214649707079,0.0,48.91446685440187,15360.0
-21.609708786010742,-21.61626434326172,0.00654964754357934,0.0,88.42266240102572,15360.0
-21.697580337524414,-21.705848693847656,0.008269894868135452,0.0,58.0035288344235,15360.0
-21.741024017333984,-21.749971389770508,0.008952246978878975,0.0,46.39540687339904,15360.0
-21.660287857055664,-21.668087005615234,0.007800777908414602,0.0,55.10367705455061,15360.0
-21.652008056640625,-21.657737731933594,0.005721590481698513,0.0,64.90924515918176,15360.0
-21.70891761779785,-21.7137451171875,0.00483384495601058,0.0,45.5649207587083,15360.0
-21.573955535888672,-21.578676223754883,0.004722295794636011,0.0,88.82061004567693,15360.0
-21.598649978637695,-21.603614807128906,0.004969312809407711,0.0,87.184376945828,15360.0
-21.731342315673828,-21.738515853881836,0.007176914718002081,0.0,51.124044819059066,15360.0
-21.641456604003906,-21.64787483215332,0.006414406467229128,0.0,66.23798862574105,15360.0
-21.664508819580078,-21.670881271362305,0.006374967750161886,0.0,53.06880218406174,15360.0
-21.759891510009766,-21.767744064331055,0.007855483330786228,0.0,30.993590519390782,15360.0
-21.64850616455078,-21.654661178588867,0.006152756046503782,0.0,49.54187715937161,15360.0
-21.720849990844727,-21.724943161010742,0.0040944600477814674,0.0,43.43704824126053,15360.0
-21.707263946533203,-21.712940216064453,0.005675405729562044,0.0,48.820595193900964,15360.0
-21.641733169555664,-21.647924423217773,0.006197166629135609,0.0,64.8359682842999,15360.0
-21.738977432250977,-21.743724822998047,0.004750419873744249,0.0,43.7705683441745,15360.0
-21.696374893188477,-21.701093673706055,0.00471597071737051,0.0,64.29571454053037,15360.0
-21.7359561920166,-21.740053176879883,0.004099281504750252,0.0,54.03812785995979,15360.0
-21.727569580078125,-21.730863571166992,0.003298993920907378,0.0,41.75475161577233,15360.0
-21.715940475463867,-21.720022201538086,0.004084531683474779,0.0,49.98417269125432,15360.0
-21.7739200592041,-21.77803611755371,0.004119193647056818,0.0,32.54684191189791,15360.0
-21.68852424621582,-21.692163467407227,0.0036428263410925865,0.0,55.638245695111145,15360.0
-21.711917877197266,-21.71548843383789,0.0035751359537243843,0.0,61.738324701924434,15360.0
-21.726518630981445,-21.730690002441406,0.004175371490418911,0.0,47.49680416877974,15360.0
-21.764158248901367,-21.769277572631836,0.005117490421980619,0.0,32.07400524407388,15360.0
-21.759708404541016,-21.764995574951172,0.0052872877568006516,0.0,41.9183197595973,15360.0
-21.747556686401367,-21.753305435180664,0.0057458579540252686,0.0,44.08109790466215,15360.0
-21.77193260192871,-21.7772159576416,0.005285195540636778,0.0,30.41648686139674,15360.0
-21.716520309448242,-21.721202850341797,0.004689245484769344,0.0,51.38638135557046,15360.0
-21.73356056213379,-21.737571716308594,0.004004581831395626,0.0,42.662892757907755,15360.0
-21.728271484375,-21.73198127746582,0.0037091439589858055,0.0,58.17474379594624,15360.0
-21.782705307006836,-21.786113739013672,0.0034106806851923466,0.0,37.616102187506165,15360.0
-21.74081039428711,-21.74367332458496,0.0028639244846999645,0.0,45.82358572216056,15360.0
-21.724613189697266,-21.72797393798828,0.003356622764840722,0.0,51.06125498994297,15360.0
-21.742618560791016,-21.74644660949707,0.003824863350018859,0.0,54.04159415110275,15360.0
-21.739036560058594,-21.743288040161133,0.004250102210789919,0.0,52.68662298998068,15360.0
-21.69365882873535,-21.698467254638672,0.004808514844626188,0.0,60.40236040098689,15360.0
-21.738361358642578,-21.742834091186523,0.004479472525417805,0.0,60.08813968726635,15360.0
-21.715898513793945,-21.719987869262695,0.004090053960680962,0.0,55.741508820698286,15360.0
-21.704002380371094,-21.708011627197266,0.00401496235281229,0.0,60.46564044496668,15360.0
-21.69481658935547,-21.69942855834961,0.004609827883541584,0.0,60.860678370456064,15360.0
-21.550262451171875,-21.55599021911621,0.005729917902499437,0.0,94.42327279175964,15360.0
-21.678863525390625,-21.68805694580078,0.009199723601341248,0.0,77.15636787883162,15360.0
-21.678869247436523,-21.692277908325195,0.013408150523900986,0.0,68.76686763589296,15360.0
-21.6685848236084,-21.68367576599121,0.015087929554283619,0.0,71.71578742828974,15360.0
-21.630695343017578,-21.648988723754883,0.01828920468688011,0.0,77.0773541734793,15360.0
-21.62860870361328,-21.64912223815918,0.020507412031292915,0.0,78.84680573835809,15360.0
-21.7080078125,-21.728893280029297,0.02088702656328678,0.0,57.632076190395054,15360.0
-21.62145233154297,-21.64376449584961,0.022312931716442108,0.0,88.20644291274172,15360.0
-21.74936294555664,-21.769412994384766,0.020050840452313423,0.0,46.01833114362519,15360.0
-21.629884719848633,-21.646699905395508,0.01681329868733883,0.0,84.75811359153005,15360.0
-21.56354522705078,-21.578855514526367,0.015306565910577774,0.0,94.01350533689629,15360.0
-21.663808822631836,-21.67694664001465,0.0131481708958745,0.0,54.073256439351525,15360.0
-21.70462989807129,-21.717525482177734,0.012897863052785397,0.0,60.82315574444372,15360.0
-21.570167541503906,-21.580495834350586,0.01032792404294014,0.0,80.4141313264341,15360.0
-21.57686996459961,-21.583845138549805,0.00698265852406621,0.0,95.96715475023716,15360.0
-21.604740142822266,-21.612407684326172,0.0076696001924574375,0.0,71.27615282686405,15360.0
-21.615917205810547,-21.62288475036621,0.006969348527491093,0.0,72.21461670393063,15360.0
-21.50505828857422,-21.51262664794922,0.00757376616820693,0.0,74.26367816898397,15360.0
-21.56322479248047,-21.570415496826172,0.00719533022493124,0.0,96.35177981212867,15360.0
-21.64896583557129,-21.656007766723633,0.007041635923087597,0.0,57.61023879584638,15360.0
-21.537921905517578,-21.547094345092773,0.00917938631027937,0.0,96.83926072491478,15360.0
-21.639570236206055,-21.647329330444336,0.007757512386888266,0.0,64.4854410497419,15360.0
-21.611865997314453,-21.619129180908203,0.007257332559674978,0.0,65.31908543297085,15360.0
-21.55013084411621,-21.558940887451172,0.008812444284558296,0.0,74.51272348440476,15360.0
-21.635719299316406,-21.64224624633789,0.006529959384351969,0.0,68.02843746464221,15360.0
-21.6170654296875,-21.62314796447754,0.0060887266881763935,0.0,65.28518533814837,15360.0
-21.599130630493164,-21.607051849365234,0.007923762314021587,0.0,74.15465421687367,15360.0
-21.65097427368164,-21.6573429107666,0.00637053232640028,0.0,70.74076227199512,15360.0
-21.600072860717773,-21.604625701904297,0.004553979728370905,0.0,61.389114283062796,15360.0
-21.586633682250977,-21.59274673461914,0.006110763642936945,0.0,84.80794792493317,15360.0
-21.56558609008789,-21.572778701782227,0.007193543016910553,0.0,63.544496913493155,15360.0
-21.574337005615234,-21.580533981323242,0.006200921256095171,0.0,78.7988439273807,15360.0
-21.584360122680664,-21.591548919677734,0.007183109410107136,0.0,80.1585885941744,15360.0
-21.704334259033203,-21.712066650390625,0.007733523845672607,0.0,43.96710010661734,15360.0
-21.63068389892578,-21.636369705200195,0.005691404454410076,0.0,64.66198263485857,15360.0
-21.652299880981445,-21.65689468383789,0.004589274059981108,0.0,60.705798733130266,15360.0
-21.659648895263672,-21.664806365966797,0.005152975209057331,0.0,58.81694448611161,15360.0
-21.651309967041016,-21.655935287475586,0.004626586567610502,0.0,70.44933802019634,15360.0
-21.677980422973633,-21.68233871459961,0.004362596198916435,0.0,54.39036995920961,15360.0
-21.64185905456543,-21.646236419677734,0.004373451694846153,0.0,64.16259348639748,15360.0
-21.66722297668457,-21.672100067138672,0.004875900689512491,0.0,57.044445924108324,15360.0
-21.64553451538086,-21.65081024169922,0.005272584035992622,0.0,58.87332088161246,15360.0
-21.63532257080078,-21.639490127563477,0.004162574652582407,0.0,71.1013790712162,15360.0
-21.67498207092285,-21.680376052856445,0.005397075787186623,0.0,62.88673206986475,15360.0
-21.573488235473633,-21.57825469970703,0.00476693082600832,0.0,78.24181224046549,15360.0
-21.64971923828125,-21.65529441833496,0.00557768065482378,0.0,67.40086017892276,15360.0
-21.64577865600586,-21.652616500854492,0.00683490140363574,0.0,63.66641067817814,15360.0
-21.69757080078125,-21.70363998413086,0.006067932583391666,0.0,49.849342801195945,15360.0
-21.590904235839844,-21.598630905151367,0.007724385242909193,0.0,81.19299028502095,15360.0
-21.680225372314453,-21.686161041259766,0.005937713198363781,0.0,52.08025051987879,15360.0
-21.64803123474121,-21.653705596923828,0.005675659980624914,0.0,60.93299364299949,15360.0
-21.571184158325195,-21.5775146484375,0.006327535025775433,0.0,91.23554649573005,15360.0
-21.708425521850586,-21.71380043029785,0.005373226944357157,0.0,41.459584978318254,15360.0
-21.59971046447754,-21.60610580444336,0.006403437815606594,0.0,76.95704707506248,15360.0
-21.57007598876953,-21.575523376464844,0.0054497201927006245,0.0,95.3743177383176,15360.0
-21.67391014099121,-21.680347442626953,0.006432445254176855,0.0,56.99857302335621,15360.0
-21.65265655517578,-21.660703659057617,0.008044764399528503,0.0,66.91089611416206,15360.0
-21.59206771850586,-21.59943962097168,0.007376052439212799,0.0,85.08411732280878,15360.0
-21.5533390045166,-21.562549591064453,0.009206891991198063,0.0,86.13511966852951,15360.0
-21.678295135498047,-21.688417434692383,0.010120890103280544,0.0,48.55834454286613,15360.0
-21.517427444458008,-21.524250030517578,0.006821610499173403,0.0,94.44191523738004,15360.0
-21.54738426208496,-21.55341911315918,0.006033463403582573,0.0,89.4776432511776,15360.0
-21.69671630859375,-21.70403289794922,0.007316061295568943,0.0,43.64754838877153,15360.0
-21.510087966918945,-21.515827178955078,0.005733168683946133,0.0,76.88906200793129,15360.0
-21.572059631347656,-21.57737159729004,0.005312249530106783,0.0,65.7029163292,15360.0
-21.612438201904297,-21.619871139526367,0.007434616331011057,0.0,54.08242936619178,15360.0
-21.52907943725586,-21.536317825317383,0.007236701902002096,0.0,71.27249392414717,15360.0
-21.625572204589844,-21.63365364074707,0.008075480349361897,0.0,56.92195898317397,15360.0
-21.5929012298584,-21.6019344329834,0.009035567753016949,0.0,65.51391300567914,15360.0
-21.612648010253906,-21.617753982543945,0.005102031864225864,0.0,74.08340517377434,15360.0
-21.551790237426758,-21.5579776763916,0.006182070355862379,0.0,64.22103924991659,15360.0
-21.640066146850586,-21.647937774658203,0.007868642918765545,0.0,59.0524227803183,15360.0
-21.479612350463867,-21.485271453857422,0.0056618074886500835,0.0,87.60620348250517,15360.0
-21.672727584838867,-21.679346084594727,0.006619153078645468,0.0,60.02671601142873,15360.0
-21.552221298217773,-21.560081481933594,0.007859477773308754,0.0,83.43572985700968,15360.0
-21.50316047668457,-21.510608673095703,0.007441865745931864,0.0,93.57248621722098,15360.0
-21.655851364135742,-21.665285110473633,0.00943191908299923,0.0,63.48830758181053,15360.0
-21.607036590576172,-21.619016647338867,0.011984328739345074,0.0,73.27989236927809,15360.0
-21.65797996520996,-21.669797897338867,0.011818193830549717,0.0,67.90450141146549,15360.0
-21.649017333984375,-21.659090042114258,0.01007262896746397,0.0,69.11808752581534,15360.0
-21.579021453857422,-21.58890151977539,0.009884217754006386,0.0,84.07750700636355,15360.0
-21.64201545715332,-21.648780822753906,0.006765261758118868,0.0,60.84048520958186,15360.0
-21.620532989501953,-21.627288818359375,0.006757003255188465,0.0,63.42023283991606,15360.0
-21.610517501831055,-21.616455078125,0.005942351184785366,0.0,64.7853048745577,15360.0
-21.60031509399414,-21.60611915588379,0.005813509691506624,0.0,81.18739677161102,15360.0
-21.58106803894043,-21.58742332458496,0.006353440694510937,0.0,95.24228091862042,15360.0
-21.702098846435547,-21.71183204650879,0.00972936674952507,0.0,54.18870099134835,15360.0
-21.601591110229492,-21.610864639282227,0.009271041490137577,0.0,87.29625122918162,15360.0
-21.63753890991211,-21.645509719848633,0.007978375069797039,0.0,57.04116755383991,15360.0
-21.659076690673828,-21.66643524169922,0.007361643481999636,0.0,63.33278126784729,15360.0
-21.647850036621094,-21.653118133544922,0.005264429375529289,0.0,54.8508907032654,15360.0
-21.680416107177734,-21.685401916503906,0.004983728285878897,0.0,54.45457888633694,15360.0
-21.672483444213867,-21.67963409423828,0.007153569255024195,0.0,72.39891283665753,15360.0
-21.680728912353516,-21.686567306518555,0.005841927602887154,0.0,53.714356450004,15360.0
-21.67865753173828,-21.685094833374023,0.006434984039515257,0.0,66.7810227885924,15360.0
-21.666446685791016,-21.67293357849121,0.006478254217654467,0.0,59.404249152639856,15360.0
-21.688989639282227,-21.693878173828125,0.004887897055596113,0.0,58.18838504618086,15360.0
-21.663768768310547,-21.66786766052246,0.00409467238932848,0.0,64.08758384188839,15360.0
-21.60323143005371,-21.607635498046875,0.004404393490403891,0.0,74.41859797630693,15360.0
-21.659570693969727,-21.664798736572266,0.005229354836046696,0.0,48.35864030138569,15360.0
-21.53076934814453,-21.536720275878906,0.005947132129222155,0.0,89.17493152314587,15360.0
-21.573009490966797,-21.57929229736328,0.006289673503488302,0.0,96.08178796100287,15360.0
-21.69095230102539,-21.69936180114746,0.008409670554101467,0.0,62.96772521124581,15360.0
-21.463834762573242,-21.47239875793457,0.008563638664782047,0.0,110.22666013123799,15360.0
-21.467506408691406,-21.473886489868164,0.006381221581250429,0.0,111.63816714567392,15360.0
-21.66950035095215,-21.678775787353516,0.00928072165697813,0.0,65.72858662292376,15360.0
-21.541179656982422,-21.550355911254883,0.009171700105071068,0.0,80.94498172924361,15360.0
-21.533966064453125,-21.540552139282227,0.006583342328667641,0.0,97.30124634503731,15360.0
-21.671175003051758,-21.67942237854004,0.008247303776443005,0.0,49.34190659571424,15360.0
-21.585695266723633,-21.596609115600586,0.010913810692727566,0.0,76.08080128893756,15360.0
-21.702054977416992,-21.711265563964844,0.009214111603796482,0.0,48.38211444233068,15360.0
-21.65107536315918,-21.65940284729004,0.008329177275300026,0.0,65.36401346532857,15360.0
-21.65133285522461,-21.66120719909668,0.00987450685352087,0.0,57.9084831958257,15360.0
-21.55049705505371,-21.561269760131836,0.010772638954222202,0.0,75.8463649016089,15360.0
-21.624427795410156,-21.633398056030273,0.008964517153799534,0.0,75.88656807654701,15360.0
-21.65816307067871,-21.668994903564453,0.010835206136107445,0.0,57.52939802529128,15360.0
-21.51331901550293,-21.524250030517578,0.010934997349977493,0.0,100.75550621043216,15360.0
-21.659000396728516,-21.668174743652344,0.00917456578463316,0.0,62.277890793669336,15360.0
-21.600271224975586,-21.609525680541992,0.009255566634237766,0.0,69.8033164223572,15360.0
-21.599706649780273,-21.605928421020508,0.006219641771167517,0.0,72.41829817381173,15360.0
-21.604475021362305,-21.611825942993164,0.007355424575507641,0.0,54.70784780962728,15360.0
-21.548463821411133,-21.555103302001953,0.006645232439041138,0.0,86.53345113653124,15360.0
-21.659669876098633,-21.66352081298828,0.003859942080453038,0.0,63.23515251585399,15360.0
-21.671817779541016,-21.677705764770508,0.00589248351752758,0.0,65.50708081194526,15360.0
-21.654029846191406,-21.660579681396484,0.00655130110681057,0.0,70.72235907426568,15360.0
-21.703584671020508,-21.710247039794922,0.006667835637927055,0.0,48.02593358314805,15360.0
-21.65948486328125,-21.66756248474121,0.008081373758614063,0.0,60.451284855976304,15360.0
-21.666259765625,-21.67420768737793,0.007948574610054493,0.0,46.11506771196191,15360.0
-21.638822555541992,-21.645938873291016,0.007113926578313112,0.0,60.650045265522614,15360.0
-21.66086769104004,-21.6661376953125,0.005272543057799339,0.0,51.12894907601496,15360.0
-21.602033615112305,-21.606800079345703,0.004762354306876659,0.0,75.99128089004994,15360.0
-21.64783477783203,-21.65291404724121,0.005079994909465313,0.0,61.473719428799576,15360.0
-21.720478057861328,-21.72649574279785,0.006023615598678589,0.0,51.04616280039078,15360.0
-21.637521743774414,-21.64385414123535,0.006332430522888899,0.0,70.73635413163687,15360.0
-21.6570987701416,-21.663414001464844,0.006323019973933697,0.0,63.42196592103042,15360.0
-21.689762115478516,-21.697486877441406,0.007727805990725756,0.0,40.23944504220351,15360.0
-21.651256561279297,-21.6588191986084,0.0075642988085746765,0.0,54.02945052893508,15360.0
-21.630647659301758,-21.636680603027344,0.006036802660673857,0.0,78.59708892707295,15360.0
-21.701183319091797,-21.71003532409668,0.008859788998961449,0.0,56.52341824868322,15360.0
-21.69826316833496,-21.708208084106445,0.009946228936314583,0.0,45.616054242340375,15360.0
-21.61623191833496,-21.624622344970703,0.00839227344840765,0.0,65.20744074028306,15360.0
-21.706457138061523,-21.71534538269043,0.00889340229332447,0.0,41.14693233998943,15360.0
-21.689319610595703,-21.698522567749023,0.009202377870678902,0.0,49.642492674545096,15360.0
-21.60973358154297,-21.616880416870117,0.007147550117224455,0.0,40.787171688096294,15360.0
-21.64046287536621,-21.64582061767578,0.005361051298677921,0.0,62.25961812403059,15360.0
-21.663679122924805,-21.66883087158203,0.005156082566827536,0.0,51.623019959602786,15360.0
-21.636064529418945,-21.64065170288086,0.004587352275848389,0.0,69.5009067559431,15360.0
-21.690967559814453,-21.694787979125977,0.0038180986884981394,0.0,52.52715531949754,15360.0
-21.664457321166992,-21.668245315551758,0.003794596064835787,0.0,58.141563011023656,15360.0
-21.51464080810547,-21.519418716430664,0.004777675028890371,0.0,85.98336043909191,15360.0
-21.68060874938965,-21.68425178527832,0.003639433067291975,0.0,54.418783781233316,15360.0
-21.640674591064453,-21.64517593383789,0.004493942018598318,0.0,51.64976584368355,15360.0
-21.594261169433594,-21.59857940673828,0.004319322761148214,0.0,77.22272299574296,15360.0
-21.59008026123047,-21.594783782958984,0.004703558050096035,0.0,78.2934576788106,15360.0
-21.621572494506836,-21.627376556396484,0.005806419067084789,0.0,84.1803790371658,15360.0
-21.576513290405273,-21.58237075805664,0.005859098397195339,0.0,75.02013160055944,15360.0
-21.574392318725586,-21.581378936767578,0.006986073683947325,0.0,70.06683858373556,15360.0
-21.652956008911133,-21.660856246948242,0.007902857847511768,0.0,64.49313559254601,15360.0
-21.544971466064453,-21.552940368652344,0.007974300533533096,0.0,94.81901482120006,15360.0
-21.491968154907227,-21.501026153564453,0.00905874278396368,0.0,92.94071796927851,15360.0
-21.644664764404297,-21.656877517700195,0.01220801193267107,0.0,73.08407603080403,15360.0
-21.46067237854004,-21.473670959472656,0.01300374511629343,0.0,96.17309898031267,15360.0
-21.589731216430664,-21.602418899536133,0.012689714320003986,0.0,84.54473918844293,15360.0
-21.61155128479004,-21.625892639160156,0.014342810958623886,0.0,81.15648092779237,15360.0
-21.577451705932617,-21.5881290435791,0.010674060322344303,0.0,71.05736438966701,15360.0
-21.562374114990234,-21.572725296020508,0.01035164576023817,0.0,77.2736597057646,15360.0
-21.66236114501953,-21.67848777770996,0.016124676913022995,0.0,55.22931893626443,15360.0
-21.54323387145996,-21.56316566467285,0.019935734570026398,0.0,58.99731841592854,15360.0
-21.536157608032227,-21.554441452026367,0.018285704776644707,0.0,85.6367715987052,15360.0
-21.64093780517578,-21.66022300720215,0.019292574375867844,0.0,55.7851541564544,15360.0
-21.5731143951416,-21.591777801513672,0.018667729571461678,0.0,80.75185995767684,15360.0
-21.592031478881836,-21.606061935424805,0.014026105403900146,0.0,72.66690432038025,15360.0
-21.622262954711914,-21.636486053466797,0.014224349521100521,0.0,47.84277409443231,15360.0
-21.62696075439453,-21.63641357421875,0.009451338090002537,0.0,49.44020107020572,15360.0
-21.670345306396484,-21.676210403442383,0.005867296364158392,0.0,36.566694243997865,15360.0
-21.577260971069336,-21.587430953979492,0.010169352404773235,0.0,64.5896705392946,15360.0
-21.67235565185547,-21.68623924255371,0.013880165293812752,0.0,45.11600662199823,15360.0
-21.630067825317383,-21.64543914794922,0.015375963412225246,0.0,62.96007353573387,15360.0
-21.658838272094727,-21.676237106323242,0.01740344613790512,0.0,46.145318700737626,15360.0
-21.60736083984375,-21.622344970703125,0.014988004229962826,0.0,61.2402036575923,15360.0
-21.691442489624023,-21.70168113708496,0.010230726562440395,0.0,50.402074978400606,15360.0
-21.657644271850586,-21.666736602783203,0.009093531407415867,0.0,39.206324859516414,15360.0
-21.630125045776367,-21.638458251953125,0.008329658769071102,0.0,57.333244143921384,15360.0
-21.67711639404297,-21.68565559387207,0.008535168133676052,0.0,50.58754692737009,15360.0
-21.576906204223633,-21.589628219604492,0.012725409120321274,0.0,74.12993457127388,15360.0
-21.491239547729492,-21.50531768798828,0.014078428037464619,0.0,97.65142404537079,15360.0
-21.59153938293457,-21.604101181030273,0.012564684264361858,0.0,60.305582422373185,15360.0
-21.61272430419922,-21.62382698059082,0.011099048890173435,0.0,50.10572642585628,15360.0
-21.592748641967773,-21.600435256958008,0.007687957491725683,0.0,70.27225084252501,15360.0
-21.62066650390625,-21.62747573852539,0.0068131196312606335,0.0,57.88856593104478,15360.0
-21.51790428161621,-21.526399612426758,0.008493744768202305,0.0,73.52046863796183,15360.0
-21.585962295532227,-21.593896865844727,0.007938814349472523,0.0,69.51331232872013,15360.0
-21.5343017578125,-21.54157066345215,0.007278564851731062,0.0,39.29390731800049,15360.0
-21.50705337524414,-21.51247215270996,0.00541344378143549,0.0,77.51970051509245,15360.0
-21.653066635131836,-21.657268524169922,0.004203349817544222,0.0,62.82883479279916,15360.0
-21.632266998291016,-21.639894485473633,0.007630073465406895,0.0,50.35285043736883,15360.0
-21.590761184692383,-21.5988826751709,0.008123273029923439,0.0,65.78583446536662,15360.0
-21.59951400756836,-21.605531692504883,0.00601805979385972,0.0,54.94410862955467,15360.0
-21.631006240844727,-21.636415481567383,0.005414287094026804,0.0,46.978232962657536,15360.0
-21.57429313659668,-21.578948974609375,0.004654348827898502,0.0,57.600394662257045,15360.0
-21.60904312133789,-21.614084243774414,0.005037745926529169,0.0,68.19750032740825,15360.0
-21.696369171142578,-21.702571868896484,0.0062047080136835575,0.0,41.30327256295346,15360.0
-21.634990692138672,-21.641597747802734,0.0066049350425601006,0.0,49.84601195806093,15360.0
-21.696691513061523,-21.702640533447266,0.005948081146925688,0.0,43.69976343194264,15360.0
-21.681880950927734,-21.687725067138672,0.005838384851813316,0.0,54.815784809108735,15360.0
-21.684803009033203,-21.690654754638672,0.005849278997629881,0.0,38.26859094179853,15360.0
-21.69659423828125,-21.702123641967773,0.005526639521121979,0.0,43.16492024498605,15360.0
-21.646940231323242,-21.653522491455078,0.006580893415957689,0.0,51.171025496627585,15360.0
-21.703834533691406,-21.709360122680664,0.005529994145035744,0.0,49.63148695173889,15360.0
-21.7150936126709,-21.719951629638672,0.004857905674725771,0.0,43.507368416929964,15360.0
-21.662532806396484,-21.668468475341797,0.005932111758738756,0.0,45.05067911897179,15360.0
-21.710752487182617,-21.716259002685547,0.005503839813172817,0.0,34.21072257787553,15360.0
-21.5786190032959,-21.584835052490234,0.006214202381670475,0.0,69.20219784620284,15360.0
-21.477977752685547,-21.486873626708984,0.008899855427443981,0.0,99.94213358949393,15360.0
-21.64714813232422,-21.656225204467773,0.009073322638869286,0.0,77.21212813411617,15360.0
-21.678190231323242,-21.686641693115234,0.008454570546746254,0.0,48.15666650220135,15360.0
-21.548688888549805,-21.557825088500977,0.009138314053416252,0.0,92.95040753162225,15360.0
-21.619657516479492,-21.625972747802734,0.006311553996056318,0.0,44.17464642761413,15360.0
-21.617666244506836,-21.6215763092041,0.003916751127690077,0.0,67.84332917280766,15360.0
-21.593822479248047,-21.59946060180664,0.0056388238444924355,0.0,73.37895844684498,15360.0
-21.65238380432129,-21.658519744873047,0.006137393414974213,0.0,56.086922867198574,15360.0
-21.666563034057617,-21.67194938659668,0.0053826868534088135,0.0,53.39030802568749,15360.0
-21.69963836669922,-21.706195831298828,0.006557444576174021,0.0,49.87707578629881,15360.0
-21.63490867614746,-21.641136169433594,0.006228203885257244,0.0,64.16528088113006,15360.0
-21.55691909790039,-21.560657501220703,0.003739007283002138,0.0,79.27995818933015,15360.0
-21.63382339477539,-21.638917922973633,0.005099290981888771,0.0,63.745234247310805,15360.0
-21.634519577026367,-21.641475677490234,0.006957797333598137,0.0,49.860361474037695,15360.0
-21.48879623413086,-21.49654197692871,0.007744534872472286,0.0,106.54944067323684,15360.0
-21.474987030029297,-21.482181549072266,0.0071915555745363235,0.0,101.18191481669152,15360.0
-21.705812454223633,-21.7126522064209,0.006837873719632626,0.0,30.550733150986453,15360.0
-21.54606819152832,-21.554542541503906,0.008467672392725945,0.0,79.91389018276652,15360.0
-21.578052520751953,-21.585498809814453,0.00745068583637476,0.0,77.83185705284527,15360.0
-21.62190055847168,-21.628231048583984,0.006329633761197329,0.0,58.97867593272958,15360.0
-21.59073257446289,-21.59760856628418,0.006880178116261959,0.0,60.95294597884418,15360.0
-21.613927841186523,-21.619916915893555,0.0059932926669716835,0.0,61.47947238873332,15360.0
-21.66673469543457,-21.672748565673828,0.006011345889419317,0.0,59.78585809635389,15360.0
-21.667842864990234,-21.674715042114258,0.006873621605336666,0.0,43.71344450059018,15360.0
-21.56340789794922,-21.569854736328125,0.006446237210184336,0.0,72.72343277195857,15360.0
-21.601682662963867,-21.607513427734375,0.00583317456766963,0.0,69.40690381327795,15360.0
-21.67677879333496,-21.68389129638672,0.007115325424820185,0.0,50.312783985835196,15360.0
-21.380807876586914,-21.388092041015625,0.007282610516995192,0.0,99.2932032794981,15360.0
-21.447389602661133,-21.45359230041504,0.006200880743563175,0.0,101.67099027554563,15360.0
-21.60171890258789,-21.608659744262695,0.006936293561011553,0.0,53.709434179440066,15360.0
-21.54705238342285,-21.55477523803711,0.007716990076005459,0.0,76.13308039119644,15360.0
-21.578365325927734,-21.58503532409668,0.00667428458109498,0.0,68.85537006901201,15360.0
-21.61496925354004,-21.621469497680664,0.006501031573861837,0.0,65.59801753706097,15360.0
-21.55291748046875,-21.560245513916016,0.007327881641685963,0.0,65.5525262331622,15360.0
-21.53046989440918,-21.53570556640625,0.00523912999778986,0.0,74.21087077487788,15360.0
-21.49210548400879,-21.496417999267578,0.004316726233810186,0.0,82.80280020077761,15360.0
-21.615474700927734,-21.621286392211914,0.005815388169139624,0.0,66.72493379249161,15360.0
-21.586503982543945,-21.593929290771484,0.007429955061525106,0.0,54.15418969505368,15360.0
-21.557701110839844,-21.56662368774414,0.008927717804908752,0.0,73.11130179259699,15360.0
-21.630704879760742,-21.63962173461914,0.008914679288864136,0.0,48.21472567053165,15360.0
-21.641380310058594,-21.65215301513672,0.01077571976929903,0.0,53.986030325380284,15360.0
-21.623693466186523,-21.63494873046875,0.011254253797233105,0.0,54.33263266212823,15360.0
-21.60407066345215,-21.616254806518555,0.012182462960481644,0.0,43.85642160651918,15360.0
-21.61806869506836,-21.63518714904785,0.01711886003613472,0.0,47.15016934295573,15360.0
-21.615509033203125,-21.636966705322266,0.021461408585309982,0.0,47.433042106899904,15360.0
-21.637874603271484,-21.659868240356445,0.022000329568982124,0.0,57.5933383579551,15360.0
-21.699485778808594,-21.720365524291992,0.020880522206425667,0.0,48.85690216146407,15360.0
-21.640674591064453,-21.66014862060547,0.019472835585474968,0.0,59.92846347371636,15360.0
-21.573957443237305,-21.59147834777832,0.017518823966383934,0.0,63.07279440030073,15360.0
-21.61689567565918,-21.634260177612305,0.01736765168607235,0.0,43.621013495422915,15360.0
-21.58864402770996,-21.607452392578125,0.0188119038939476,0.0,79.34017240584744,15360.0
-21.631671905517578,-21.64942169189453,0.017752541229128838,0.0,61.87774794217,15360.0
-21.592449188232422,-21.61054229736328,0.018091436475515366,0.0,60.64001993328577,15360.0
-21.59141731262207,-21.607227325439453,0.01580989733338356,0.0,79.82373204145759,15360.0
-21.685998916625977,-21.698816299438477,0.01281434204429388,0.0,43.35119488570844,15360.0
-21.605905532836914,-21.61870002746582,0.012789029628038406,0.0,71.35379373761396,15360.0
-21.635316848754883,-21.64714241027832,0.01182082574814558,0.0,70.88642576118934,15360.0
-21.64987564086914,-21.66034698486328,0.010472146794199944,0.0,64.60783413832671,15360.0
-21.59172248840332,-21.600183486938477,0.008464781567454338,0.0,72.44055740177001,15360.0
-21.611976623535156,-21.61795425415039,0.005979235749691725,0.0,76.69785621748734,15360.0
-21.570159912109375,-21.578157424926758,0.007997923530638218,0.0,62.656211785035225,15360.0
-21.649450302124023,-21.657855987548828,0.008406473323702812,0.0,53.73922969964679,15360.0
-21.687969207763672,-21.69626235961914,0.008294754661619663,0.0,45.90852361851561,15360.0
-21.63142204284668,-21.640216827392578,0.008792993612587452,0.0,61.39798942082922,15360.0
-21.71242332458496,-21.720176696777344,0.00776326609775424,0.0,48.925616794186375,15360.0
-21.66767120361328,-21.674434661865234,0.006762851495295763,0.0,48.31405558337229,15360.0
-21.682580947875977,-21.68854522705078,0.005961020477116108,0.0,43.96228276062004,15360.0
-21.646772384643555,-21.653295516967773,0.006520897150039673,0.0,55.431730290524456,15360.0
-21.592477798461914,-21.6000919342041,0.007611220236867666,0.0,80.27616708089492,15360.0
-21.71481704711914,-21.723827362060547,0.009008566848933697,0.0,46.45008409632293,15360.0
-21.62417221069336,-21.634349822998047,0.01017854642122984,0.0,73.65234424740193,15360.0
-21.634424209594727,-21.639484405517578,0.005063148215413094,0.0,63.342089885114056,15360.0
-21.647090911865234,-21.65374755859375,0.006660128477960825,0.0,63.164362946907936,15360.0
-21.493938446044922,-21.50049591064453,0.006562200374901295,0.0,85.68687719981226,15360.0
-21.574846267700195,-21.57962417602539,0.004781614523380995,0.0,79.77821315182132,15360.0
-21.592561721801758,-21.600099563598633,0.0075389547273516655,0.0,77.81441082400617,15360.0
-21.644630432128906,-21.650941848754883,0.006313786841928959,0.0,75.63892456985033,15360.0
-21.611961364746094,-21.618959426879883,0.006998112425208092,0.0,63.42423266825663,15360.0
-21.591663360595703,-21.599407196044922,0.0077463677152991295,0.0,73.41366783564753,15360.0
-21.60992431640625,-21.615657806396484,0.00574026582762599,0.0,53.8557045050859,15360.0
-21.59745216369629,-21.602323532104492,0.0048692128621041775,0.0,75.10381053904392,15360.0
-21.677820205688477,-21.683216094970703,0.005402378737926483,0.0,43.343726036889564,15360.0
-21.608407974243164,-21.61406135559082,0.00565317552536726,0.0,73.0076748938626,15360.0
-21.658754348754883,-21.664268493652344,0.005510303191840649,0.0,58.42738576519379,15360.0
-21.65877914428711,-21.666791915893555,0.008009588345885277,0.0,50.3386147650226,15360.0
-21.65947151184082,-21.669565200805664,0.010095681995153427,0.0,47.42737380755685,15360.0
-21.672210693359375,-21.684633255004883,0.012428155168890953,0.0,57.34639172846339,15360.0
-21.588720321655273,-21.603490829467773,0.014774172566831112,0.0,63.98766822992793,15360.0
-21.620641708374023,-21.635772705078125,0.015133445151150227,0.0,81.38374002716913,15360.0
-21.710451126098633,-21.724201202392578,0.013755666092038155,0.0,49.90759328271922,15360.0
-21.66507911682129,-21.676366806030273,0.011289354413747787,0.0,65.33962039749898,15360.0
-21.657960891723633,-21.667064666748047,0.009106799960136414,0.0,70.73458273784337,15360.0
-21.749908447265625,-21.7572078704834,0.007294908165931702,0.0,34.67037638221942,15360.0
-21.651639938354492,-21.658315658569336,0.006677469704300165,0.0,73.86896615120736,15360.0
-21.630470275878906,-21.636201858520508,0.005728598218411207,0.0,69.68349823951426,15360.0
-21.652616500854492,-21.65938949584961,0.006769688334316015,0.0,61.93443811974077,15360.0
-21.69666290283203,-21.70441436767578,0.007748749572783709,0.0,66.09265511769972,15360.0
-21.643260955810547,-21.65140151977539,0.008136842399835587,0.0,58.64095062370208,15360.0
-21.60777473449707,-21.6171875,0.009423704817891121,0.0,66.22020253026223,15360.0
-21.713336944580078,-21.72043228149414,0.007093408145010471,0.0,50.0741342763779,15360.0
-21.653230667114258,-21.65894317626953,0.005707817152142525,0.0,58.418584510512886,15360.0
-21.681591033935547,-21.68715476989746,0.005566547624766827,0.0,60.48245863922996,15360.0
-21.686758041381836,-21.691600799560547,0.004849724471569061,0.0,57.51636384765281,15360.0
-21.67597198486328,-21.6804141998291,0.004442920442670584,0.0,58.60648100567152,15360.0
-21.574214935302734,-21.581327438354492,0.007115249987691641,0.0,66.85794523325272,15360.0
-21.621328353881836,-21.629695892333984,0.008359241299331188,0.0,68.98982251824431,15360.0
-21.64731216430664,-21.65498161315918,0.007666014600545168,0.0,60.76909824992725,15360.0
-21.641061782836914,-21.649324417114258,0.008263183757662773,0.0,71.15203416881967,15360.0
-21.64742088317871,-21.654470443725586,0.0070459600538015366,0.0,58.06385110955598,15360.0
-21.6059513092041,-21.611085891723633,0.005137779749929905,0.0,70.71698481013276,15360.0
-21.683635711669922,-21.688627243041992,0.004988917615264654,0.0,49.34957304080112,15360.0
-21.542997360229492,-21.5473575592041,0.004361015744507313,0.0,75.99359184989558,15360.0
-21.59141731262207,-21.596567153930664,0.005152283236384392,0.0,68.80248123657715,15360.0
-21.592914581298828,-21.598613739013672,0.005703537724912167,0.0,87.53487369124662,15360.0
-21.635263442993164,-21.639867782592773,0.004605365451425314,0.0,68.06741283154463,15360.0
-21.595592498779297,-21.601037979125977,0.00545154744759202,0.0,56.16548873526853,15360.0
-21.60797119140625,-21.614355087280273,0.00638789776712656,0.0,73.93114665815631,15360.0
-21.680286407470703,-21.68428611755371,0.003999629989266396,0.0,54.424697993759835,15360.0
-21.673723220825195,-21.678159713745117,0.004437704104930162,0.0,57.25310246555284,15360.0
-21.64982795715332,-21.65395164489746,0.004125392064452171,0.0,61.191685981810515,15360.0
-21.601146697998047,-21.604944229125977,0.0037925862707197666,0.0,77.59712581391675,15360.0
-21.66802978515625,-21.672182083129883,0.0041503580287098885,0.0,63.58490961737255,15360.0
-21.61284065246582,-21.616323471069336,0.003483733395114541,0.0,73.68591500238352,15360.0
-21.60323143005371,-21.607534408569336,0.004302903078496456,0.0,76.22822976248557,15360.0
-21.63180923461914,-21.637046813964844,0.00523822195827961,0.0,59.647409193349304,15360.0
-21.688692092895508,-21.693647384643555,0.004955820739269257,0.0,65.70007262162362,15360.0
-21.609437942504883,-21.615446090698242,0.006007322575896978,0.0,79.33360450677785,15360.0
-21.64762306213379,-21.653833389282227,0.0062070684507489204,0.0,74.3285097242201,15360.0
-21.63705825805664,-21.643375396728516,0.006316987797617912,0.0,59.50851887382679,15360.0
-21.582361221313477,-21.587926864624023,0.005562976934015751,0.0,79.67783618718106,15360.0
-21.733766555786133,-21.738794326782227,0.005026625469326973,0.0,40.763599452429325,15360.0
-21.651355743408203,-21.65713119506836,0.0057791429571807384,0.0,62.94425290179914,15360.0
-21.613370895385742,-21.619129180908203,0.005759032443165779,0.0,77.70409057788234,15360.0
-21.661245346069336,-21.667348861694336,0.006101171486079693,0.0,46.902544497495754,15360.0
-21.68020248413086,-21.68855094909668,0.008351192809641361,0.0,69.19748917016005,15360.0
-21.65909194946289,-21.665836334228516,0.006746023427695036,0.0,55.31232474576475,15360.0
-21.6976375579834,-21.703584671020508,0.005950004328042269,0.0,49.56384411688224,15360.0
-21.60093116760254,-21.608240127563477,0.007304369937628508,0.0,74.50636662053004,15360.0
-21.68922233581543,-21.69452667236328,0.005303421523422003,0.0,43.614702110366125,15360.0
-21.698068618774414,-21.705638885498047,0.007567816413938999,0.0,63.71717106871308,15360.0
-21.710596084594727,-21.71857261657715,0.007972633466124535,0.0,50.67768622632226,15360.0
-21.6788330078125,-21.685636520385742,0.006806583609431982,0.0,63.70780894508349,15360.0
-21.680084228515625,-21.69043731689453,0.010353922843933105,0.0,63.40190665861313,15360.0
-21.761892318725586,-21.774391174316406,0.012494438327848911,0.0,34.016618213968805,15360.0
-21.62959861755371,-21.64175033569336,0.012154215946793556,0.0,61.21910040190994,15360.0
-21.733642578125,-21.747257232666016,0.013615920208394527,0.0,42.80577173255448,15360.0
-21.66004753112793,-21.671710968017578,0.01166000310331583,0.0,63.02457723445629,15360.0
-21.669517517089844,-21.678546905517578,0.009034396149218082,0.0,66.35961633635743,15360.0
-21.68701934814453,-21.695310592651367,0.008289221674203873,0.0,46.888939995405416,15360.0
-21.62876319885254,-21.6368408203125,0.008079850114881992,0.0,69.652463478486,15360.0
-21.639333724975586,-21.64703369140625,0.0077054002322256565,0.0,62.88589595047958,15360.0
-21.66945457458496,-21.676639556884766,0.007188878022134304,0.0,52.60382111750215,15360.0
-21.696016311645508,-21.702863693237305,0.0068496717140078545,0.0,56.88343164289413,15360.0
-21.682363510131836,-21.687463760375977,0.005102180875837803,0.0,52.35488186350998,15360.0
-21.63818359375,-21.644020080566406,0.005836570635437965,0.0,70.0153682462428,15360.0
-21.718461990356445,-21.72499656677246,0.006536597386002541,0.0,51.37353154760597,15360.0
-21.690765380859375,-21.697406768798828,0.0066434601321816444,0.0,56.935870397520475,15360.0
-21.711753845214844,-21.718549728393555,0.0068024625070393085,0.0,52.50647857817631,15360.0
-21.69857406616211,-21.705078125,0.006503675598651171,0.0,44.43879838166645,15360.0
-21.72088050842285,-21.7281551361084,0.007275676354765892,0.0,47.72195972624678,15360.0
-21.698474884033203,-21.704139709472656,0.00566661823540926,0.0,55.90068794714167,15360.0
-21.737171173095703,-21.743968963623047,0.0068007525987923145,0.0,43.999997918113436,15360.0
-21.710779190063477,-21.71708869934082,0.006311861798167229,0.0,52.55968947556229,15360.0
-21.7628173828125,-21.768266677856445,0.005445278715342283,0.0,31.010719958743724,15360.0
-21.690793991088867,-21.69807243347168,0.00727351289242506,0.0,48.06123744895272,15360.0
-21.705596923828125,-21.711851119995117,0.006250305566936731,0.0,56.948315845597676,15360.0
-21.65085792541504,-21.656803131103516,0.005947950761765242,0.0,74.08387202842817,15360.0
-21.74257469177246,-21.74966049194336,0.0070860483683645725,0.0,43.34376562515325,15360.0
-21.75963592529297,-21.76780128479004,0.008162765763700008,0.0,39.661502899391344,15360.0
-21.747602462768555,-21.75523567199707,0.007632066495716572,0.0,47.93345153855957,15360.0
-21.790254592895508,-21.797327041625977,0.007068098522722721,0.0,29.85783490873605,15360.0
-21.7382755279541,-21.743711471557617,0.005437172017991543,0.0,46.50546790691509,15360.0
-21.778247833251953,-21.783550262451172,0.0053058043122291565,0.0,38.60749076512415,15360.0
-21.727588653564453,-21.73231315612793,0.004729932639747858,0.0,57.12973336753363,15360.0
-21.733972549438477,-21.7391300201416,0.005156579427421093,0.0,56.193266536798,15360.0
-21.735612869262695,-21.741830825805664,0.006215554662048817,0.0,39.2599024201488,15360.0
-21.745729446411133,-21.752511978149414,0.006784404162317514,0.0,54.433695984985874,15360.0
-21.761165618896484,-21.76724624633789,0.006083461921662092,0.0,42.926097173571655,15360.0
-21.76716423034668,-21.77332305908203,0.006157373543828726,0.0,46.10510108932727,15360.0
-21.69808006286621,-21.704195022583008,0.006118617951869965,0.0,65.48930027347866,15360.0
-21.78797721862793,-21.794343948364258,0.006362101994454861,0.0,36.65279090632985,15360.0
-21.729345321655273,-21.736589431762695,0.007235561963170767,0.0,50.819140951409864,15360.0
-21.707881927490234,-21.716094970703125,0.008214057423174381,0.0,60.05032593819556,15360.0
-21.717864990234375,-21.726865768432617,0.009002025239169598,0.0,55.35587861519545,15360.0
-21.70266342163086,-21.7102108001709,0.007546025328338146,0.0,61.87280630472824,15360.0
-21.675569534301758,-21.681804656982422,0.006238922476768494,0.0,68.02661910264105,15360.0
-21.753570556640625,-21.76055908203125,0.006992132868617773,0.0,52.520129876913145,15360.0
-21.692155838012695,-21.702037811279297,0.00988168828189373,0.0,62.2723906107596,15360.0
-21.677074432373047,-21.689090728759766,0.012013241648674011,0.0,65.27899820044021,15360.0
-21.74704360961914,-21.761144638061523,0.014101802371442318,0.0,48.87026700242933,15360.0
-21.639039993286133,-21.655595779418945,0.01655755564570427,0.0,75.95066134054507,15360.0
-21.729429244995117,-21.748144149780273,0.018721191212534904,0.0,57.517839951258985,15360.0
-21.750394821166992,-21.771503448486328,0.021103808656334877,0.0,46.49948026920613,15360.0
-21.620128631591797,-21.642236709594727,0.022105954587459564,0.0,85.48076429196836,15360.0
-21.720935821533203,-21.7413330078125,0.020396823063492775,0.0,63.73528404677734,15360.0
-21.762834548950195,-21.78098487854004,0.018156031146645546,0.0,46.7716914315145,15360.0
-21.682607650756836,-21.694955825805664,0.012353181838989258,0.0,68.87982020687686,15360.0
-21.756921768188477,-21.764934539794922,0.008020192384719849,0.0,45.444434968648835,15360.0
-21.767215728759766,-21.775615692138672,0.008396828547120094,0.0,48.15924220472826,15360.0
-21.731786727905273,-21.74077606201172,0.008985725231468678,0.0,55.01174608186697,15360.0
-21.74352264404297,-21.75141143798828,0.007893458940088749,0.0,53.40822721669797,15360.0
-21.793039321899414,-21.800748825073242,0.007711476180702448,0.0,31.858504777177238,15360.0
-21.72260284423828,-21.73133087158203,0.008720808662474155,0.0,58.21037786953376,15360.0
-21.742748260498047,-21.75044059753418,0.007686711847782135,0.0,60.31264944917996,15360.0
-21.75945472717285,-21.7664794921875,0.0070220958441495895,0.0,45.891087565269295,15360.0
-21.783872604370117,-21.791723251342773,0.007852906361222267,0.0,47.813505976814916,15360.0
-21.77303123474121,-21.78157615661621,0.00854241382330656,0.0,51.25688937445672,15360.0
-21.78276252746582,-21.79166603088379,0.008904431015253067,0.0,46.26252720875176,15360.0
-21.807771682739258,-21.815898895263672,0.00813313852995634,0.0,36.93204922821537,15360.0
-21.766080856323242,-21.77379608154297,0.007712840102612972,0.0,37.003937420134555,15360.0
-21.77496910095215,-21.781986236572266,0.007016846444457769,0.0,46.34157488937123,15360.0
-21.77459716796875,-21.779829025268555,0.005228668451309204,0.0,42.229888300210895,15360.0
-21.771881103515625,-21.77540397644043,0.0035263984464108944,0.0,41.37588613315137,15360.0
-21.78030776977539,-21.78452491760254,0.0042166681960225105,0.0,46.256556963622636,15360.0
-21.77645492553711,-21.780366897583008,0.003917415160685778,0.0,41.77313140580369,15360.0
-21.782623291015625,-21.786710739135742,0.004088458139449358,0.0,48.47028737009796,15360.0
-21.79650115966797,-21.80198860168457,0.005488370545208454,0.0,48.9922727423206,15360.0
-21.806093215942383,-21.812259674072266,0.006167860701680183,0.0,36.11005683869783,15360.0
-21.741920471191406,-21.74895477294922,0.0070368326269090176,0.0,67.4252521479478,15360.0
-21.78415298461914,-21.790260314941406,0.0061058285646140575,0.0,45.7250644569813,15360.0
-21.784345626831055,-21.789470672607422,0.005125601775944233,0.0,43.98972958325816,15360.0
-21.73654556274414,-21.741779327392578,0.005231709219515324,0.0,70.06007848273438,15360.0
-21.783531188964844,-21.788372039794922,0.004842055030167103,0.0,39.55585214496661,15360.0
-21.768457412719727,-21.773365020751953,0.004903006367385387,0.0,47.99135530426439,15360.0
-21.76431655883789,-21.769466400146484,0.005150094162672758,0.0,51.94345849262461,15360.0
-21.720083236694336,-21.724700927734375,0.004617326892912388,0.0,61.816038454334794,15360.0
-21.767333984375,-21.772058486938477,0.00472336495295167,0.0,57.595474051275694,15360.0
-21.828643798828125,-21.83357048034668,0.004927156027406454,0.0,32.42620473209744,15360.0
-21.733936309814453,-21.7387638092041,0.004822940565645695,0.0,62.776485271739524,15360.0
-21.7841739654541,-21.7891902923584,0.005012893117964268,0.0,49.65746457930262,15360.0
-21.780309677124023,-21.785127639770508,0.004815984982997179,0.0,50.91619893875964,15360.0
-21.761627197265625,-21.76774024963379,0.006110286805778742,0.0,54.11241020137998,15360.0
-21.792631149291992,-21.797855377197266,0.005226286128163338,0.0,51.30734076621482,15360.0
-21.75053596496582,-21.757413864135742,0.006879456341266632,0.0,53.862814593716806,15360.0
-21.752683639526367,-21.762794494628906,0.010111602954566479,0.0,61.647215143143015,15360.0
-21.79367446899414,-21.804370880126953,0.010693076066672802,0.0,47.113538229880845,15360.0
-21.770904541015625,-21.782129287719727,0.01122591458261013,0.0,54.65072174732417,15360.0
-21.77350616455078,-21.786014556884766,0.012508200481534004,0.0,61.410646529913556,15360.0
-21.752328872680664,-21.76849937438965,0.016168633475899696,0.0,57.25370503778913,15360.0
-21.765806198120117,-21.78582191467285,0.020020153373479843,0.0,60.155978599482935,15360.0
-21.803993225097656,-21.824750900268555,0.020757338032126427,0.0,42.72417751719721,15360.0
-21.788516998291016,-21.809751510620117,0.021236715838313103,0.0,48.64882264008992,15360.0
-21.804622650146484,-21.824514389038086,0.019889455288648605,0.0,45.47276632095587,15360.0
-21.77375030517578,-21.795923233032227,0.022171897813677788,0.0,60.144994182678836,15360.0
-21.799291610717773,-21.823545455932617,0.024250544607639313,0.0,41.781848511042504,15360.0
-21.773731231689453,-21.797344207763672,0.023608988150954247,0.0,52.61440029619161,15360.0
-21.781835556030273,-21.80326271057129,0.02143615111708641,0.0,39.38586198972022,15360.0
-21.754478454589844,-21.772809982299805,0.018326599150896072,0.0,48.69390847731596,15360.0
-21.764514923095703,-21.781152725219727,0.016643790528178215,0.0,40.16772339344095,15360.0
-21.766416549682617,-21.78693389892578,0.020518731325864792,0.0,46.39629116735723,15360.0
-21.744373321533203,-21.7686710357666,0.024299822747707367,0.0,51.69981477156936,15360.0
-21.771648406982422,-21.793956756591797,0.022305872291326523,0.0,50.29950069001771,15360.0
-21.783823013305664,-21.801292419433594,0.017467180266976357,0.0,53.895101685965805,15360.0
-21.807126998901367,-21.819549560546875,0.012419375590980053,0.0,38.597106471283276,15360.0
-21.79702377319336,-21.80560302734375,0.00857502594590187,0.0,49.80471190600099,15360.0
-21.831817626953125,-21.838041305541992,0.006223528645932674,0.0,31.988220539268696,15360.0
-21.777158737182617,-21.782222747802734,0.005063157994300127,0.0,43.32876350724903,15360.0
-21.804401397705078,-21.811620712280273,0.007216922007501125,0.0,47.57164177349889,15360.0
-21.818811416625977,-21.82880973815918,0.010005030781030655,0.0,35.6295419647068,15360.0
-21.797924041748047,-21.807933807373047,0.010014435276389122,0.0,47.97126910568906,15360.0
-21.815309524536133,-21.823911666870117,0.008594592101871967,0.0,37.4412705069214,15360.0
-21.829999923706055,-21.83660888671875,0.006609804462641478,0.0,29.79728435770126,15360.0
-21.816808700561523,-21.821918487548828,0.005114296451210976,0.0,33.686774091222865,15360.0
-21.811702728271484,-21.817129135131836,0.005421758163720369,0.0,29.457266936898332,15360.0
-21.83476448059082,-21.8421630859375,0.007399863097816706,0.0,33.91774080815981,15360.0
-21.84593963623047,-21.85503578186035,0.009105352684855461,0.0,29.284671970896316,15360.0
-21.833303451538086,-21.841516494750977,0.008210470899939537,0.0,41.48138211853322,15360.0
-21.80597686767578,-21.812196731567383,0.006223884876817465,0.0,40.477205315262744,15360.0
-21.83358383178711,-21.83769416809082,0.004110234789550304,0.0,38.25116804307276,15360.0
-21.840662002563477,-21.845191955566406,0.0045378548093140125,0.0,27.236658213289537,15360.0
-21.851806640625,-21.857555389404297,0.0057474542409181595,0.0,29.434177949066605,15360.0
-21.859182357788086,-21.86603355407715,0.006846976932138205,0.0,32.16517295111364,15360.0
-21.826501846313477,-21.83395004272461,0.007451142184436321,0.0,36.58246670615219,15360.0
-21.792158126831055,-21.79902458190918,0.006870567798614502,0.0,47.36510288850018,15360.0
-21.827220916748047,-21.832008361816406,0.004782642237842083,0.0,39.62635254567387,15360.0
-21.81341552734375,-21.816802978515625,0.003390538040548563,0.0,48.852270315161796,15360.0
-21.81741714477539,-21.821447372436523,0.004030346404761076,0.0,48.24614603389947,15360.0
-21.815494537353516,-21.819971084594727,0.004479794763028622,0.0,39.696505319949935,15360.0
-21.80949592590332,-21.814268112182617,0.004774452652782202,0.0,56.03908463926755,15360.0
-21.803266525268555,-21.808815002441406,0.005554099567234516,0.0,43.59392357590761,15360.0
-21.767902374267578,-21.773357391357422,0.00545026920735836,0.0,58.30045687969246,15360.0
-21.803661346435547,-21.808162689208984,0.00450089992955327,0.0,59.26015511711773,15360.0
-21.825056076049805,-21.82892608642578,0.0038702115416526794,0.0,39.07453982695611,15360.0
-21.798114776611328,-21.801788330078125,0.003683156333863735,0.0,56.09365487159069,15360.0
-21.838212966918945,-21.842159271240234,0.003942576702684164,0.0,35.46574366832681,15360.0
-21.81233787536621,-21.816417694091797,0.004081075545400381,0.0,39.79093597712996,15360.0
-21.825008392333984,-21.829689025878906,0.004682213068008423,0.0,39.43854606333188,15360.0
-21.817724227905273,-21.822959899902344,0.005230223760008812,0.0,43.68393857082973,15360.0
-21.84623908996582,-21.851903915405273,0.0056744287721812725,0.0,36.3844012124782,15360.0
-21.856225967407227,-21.86252212524414,0.006299935281276703,0.0,31.299790313612384,15360.0
