batch_elbo_loss,batch_recon_nll,batch_kl,batch_action_bc,grad_norm,total_valid_steps
19.22304916381836,18.87856101989746,0.3444880247116089,0.0,5.86000078414115,23040.0
18.713186264038086,18.4373836517334,0.27580222487449646,0.0,5.030184193956124,23040.0
18.331188201904297,18.109739303588867,0.2214517593383789,0.0,4.804716888466551,23040.0
17.92153549194336,17.67405128479004,0.24748165905475616,0.0,5.547737785686791,23040.0
17.374317169189453,17.066999435424805,0.3073190152645111,0.0,7.772023483380872,23040.0
16.903470993041992,16.513137817382812,0.3903302550315857,0.0,12.558273492181222,23040.0
15.696844100952148,15.201725006103516,0.4951236844062805,0.0,21.046853378726826,23040.0
14.209977149963379,13.590662956237793,0.6193103790283203,0.0,40.94375150443662,23040.0
13.996087074279785,13.344254493713379,0.6518322825431824,0.0,181.919797537377,23040.0
14.319091796875,13.708717346191406,0.6103788018226624,0.0,206.13115243609374,23040.0
12.494220733642578,12.09433364868164,0.3998886048793793,0.0,62.41988154460606,23040.0
12.347222328186035,11.954428672790527,0.39279165863990784,0.0,47.97924529738007,23040.0
12.553008079528809,12.15432357788086,0.39868175983428955,0.0,73.11071341190689,23040.0
11.800559997558594,11.389100074768066,0.41145995259284973,0.0,69.11180731667744,23040.0
11.17423152923584,10.703897476196289,0.47033682465553284,0.0,37.728388657566825,23040.0
10.795244216918945,10.362586975097656,0.4326583743095398,0.0,105.37631274143243,23040.0
10.103899002075195,9.764349937438965,0.33954864740371704,0.0,105.578878786461,23040.0
9.646862030029297,9.250639915466309,0.39622026681900024,0.0,178.2980892638693,23040.0
9.367711067199707,8.986979484558105,0.38073045015335083,0.0,220.46743812815328,23040.0
12.344822883605957,11.941595077514648,0.40322884917259216,0.0,637.0421392762769,23040.0
10.419637680053711,10.056203842163086,0.3634323477745056,0.0,423.87538148858323,23040.0
10.161718368530273,9.834874153137207,0.32684358954429626,0.0,348.96816311271175,23040.0
9.020206451416016,8.761004447937012,0.25920024514198303,0.0,144.52053016130608,23040.0
9.21768569946289,8.991384506225586,0.2263011783361435,0.0,154.82485470804062,23040.0
9.708885192871094,9.512431144714355,0.19645445048809052,0.0,152.69031556788286,23040.0
9.320100784301758,9.143038749694824,0.17706531286239624,0.0,122.24571838932495,23040.0
9.155096054077148,8.974440574645996,0.18065452575683594,0.0,87.72411427973435,23040.0
8.83464527130127,8.635089874267578,0.19955353438854218,0.0,68.1129834879291,23040.0
8.718225479125977,8.496685028076172,0.22154375910758972,0.0,115.1224024782438,23040.0
8.502768516540527,8.283228874206543,0.21953974664211273,0.0,174.25322688895218,23040.0
7.637547492980957,7.442951679229736,0.1945931762456894,0.0,98.01855141443947,23040.0
7.566532611846924,7.363663196563721,0.20286744832992554,0.0,165.72823289710308,23040.0
7.532198905944824,7.339010238647461,0.19318750500679016,0.0,247.63755566551967,23040.0
6.935369968414307,6.752853870391846,0.18251746892929077,0.0,150.75584590847652,23040.0
7.352988243103027,7.135557174682617,0.21742814779281616,0.0,332.19172117723565,23040.0
7.027004718780518,6.81835412979126,0.20864976942539215,0.0,327.7783335357246,23040.0
8.076836585998535,7.829530239105225,0.24730992317199707,0.0,543.1345426587044,23040.0
8.703339576721191,8.478042602539062,0.22529582679271698,0.0,664.1630614030996,23040.0
7.899679183959961,7.666394233703613,0.2332853376865387,0.0,539.2806134772492,23040.0
6.782596111297607,6.573508262634277,0.20909012854099274,0.0,296.48304568111325,23040.0
7.482004642486572,7.270061492919922,0.21194413304328918,0.0,417.1115288845179,23040.0
6.697660446166992,6.530392646789551,0.16727086901664734,0.0,235.22674873479662,23040.0
7.075015544891357,6.9373297691345215,0.13768528401851654,0.0,285.8073951827843,23040.0
6.578474998474121,6.4269843101501465,0.15149062871932983,0.0,178.69511138116718,23040.0
6.964161396026611,6.813858509063721,0.15030227601528168,0.0,227.94244031378034,23040.0
6.715188980102539,6.58242654800415,0.1327633261680603,0.0,169.82298197270254,23040.0
6.48145866394043,6.348939895629883,0.13251802325248718,0.0,120.56844210547969,23040.0
6.8071980476379395,6.671885967254639,0.13531173765659332,0.0,196.51712409506874,23040.0
6.29997444152832,6.176089286804199,0.12388479709625244,0.0,114.70683752750713,23040.0
6.2610859870910645,6.127533435821533,0.1335524320602417,0.0,142.7798524468267,23040.0
6.377346992492676,6.243775844573975,0.13356970250606537,0.0,174.27164509554194,23040.0
5.93925666809082,5.827705383300781,0.11154874414205551,0.0,134.35661575588523,23040.0
6.222523212432861,6.084816932678223,0.13770626485347748,0.0,141.9592654540782,23040.0
6.172724723815918,6.049712657928467,0.12301145493984222,0.0,170.9791455544307,23040.0
5.8564934730529785,5.738399982452393,0.11809535324573517,0.0,124.56213963096071,23040.0
6.000382423400879,5.8635334968566895,0.13684982061386108,0.0,176.3025843315774,23040.0
5.785965919494629,5.6630659103393555,0.12289834767580032,0.0,126.81747337740053,23040.0
5.889484882354736,5.760813236236572,0.1286713033914566,0.0,181.10631135111402,23040.0
5.7779011726379395,5.654462814331055,0.12343845516443253,0.0,126.92900631103325,23040.0
5.665407657623291,5.5472002029418945,0.11820687353610992,0.0,168.9962953210189,23040.0
5.769089221954346,5.647486209869385,0.12160233408212662,0.0,157.03323190434492,23040.0
5.596137523651123,5.4878830909729,0.10825260728597641,0.0,115.45995952045043,23040.0
5.611105918884277,5.487405300140381,0.12370037287473679,0.0,173.68059723665417,23040.0
5.527344226837158,5.414909362792969,0.11243440955877304,0.0,128.14393211135638,23040.0
5.5706305503845215,5.44928503036499,0.12134519964456558,0.0,130.46182614186475,23040.0
6.774722099304199,6.647849082946777,0.12687082588672638,0.0,122.89519940191502,23040.0
5.4968976974487305,5.3877668380737305,0.10913173109292984,0.0,171.28381941866385,23040.0
5.522300720214844,5.400749206542969,0.12155084311962128,0.0,129.5351087550666,23040.0
5.501204967498779,5.400196552276611,0.10100829601287842,0.0,134.08090748411547,23040.0
5.571900844573975,5.445345878601074,0.12655594944953918,0.0,156.54111026385164,23040.0
5.5492262840271,5.439906597137451,0.10932069271802902,0.0,133.47911639931507,23040.0
5.62201452255249,5.518045425415039,0.10396905243396759,0.0,207.49569463530105,23040.0
5.540427207946777,5.422981262207031,0.11744586378335953,0.0,283.57212796826974,23040.0
6.026447772979736,5.912800312042236,0.11364821344614029,0.0,418.19797883047784,23040.0
6.730283737182617,6.526139259338379,0.2041441798210144,0.0,563.7969698496942,23040.0
6.958531856536865,6.749694347381592,0.20883670449256897,0.0,598.9903965207163,23040.0
5.9921393394470215,5.855039596557617,0.13709935545921326,0.0,378.662970269975,23040.0
5.783539295196533,5.674446105957031,0.1090930700302124,0.0,301.98849165330245,23040.0
6.148184776306152,6.025384426116943,0.12279883772134781,0.0,353.3690306066597,23040.0
5.587812423706055,5.500043869018555,0.0877671018242836,0.0,171.89785495401935,23040.0
5.927060127258301,5.83817195892334,0.08888868242502213,0.0,290.82656599053865,23040.0
5.589865684509277,5.5057196617126465,0.08414513617753983,0.0,126.64819718534018,23040.0
5.687604904174805,5.61192512512207,0.0756787657737732,0.0,233.25604297316653,23040.0
5.546009063720703,5.4672346115112305,0.07877358049154282,0.0,103.4785698246444,23040.0
5.700099468231201,5.6246657371521,0.07543200999498367,0.0,189.27756209423586,23040.0
5.574060440063477,5.504276752471924,0.06978445500135422,0.0,108.29664272622279,23040.0
5.674853801727295,5.59510612487793,0.07974856346845627,0.0,151.19137803650796,23040.0
5.60048246383667,5.528732776641846,0.07174956798553467,0.0,121.00718070339639,23040.0
5.642889976501465,5.569243907928467,0.07364886999130249,0.0,108.1833041540834,23040.0
5.491913318634033,5.416822910308838,0.07508900761604309,0.0,133.64869820516273,23040.0
6.645601272583008,6.56978702545166,0.07581514865159988,0.0,82.48634781655586,23040.0
5.465165615081787,5.392049312591553,0.07311587035655975,0.0,141.27824946807948,23040.0
5.473806858062744,5.403730869293213,0.0700765997171402,0.0,59.32874551095185,23040.0
5.475073337554932,5.404991149902344,0.07008200138807297,0.0,140.8787255569083,23040.0
5.355999946594238,5.286244869232178,0.0697559341788292,0.0,40.40931224855466,23040.0
6.717720985412598,6.637693405151367,0.08002586662769318,0.0,136.73676610587975,23040.0
5.38111686706543,5.309879779815674,0.07123664766550064,0.0,41.581633480407966,23040.0
5.444377899169922,5.371801376342773,0.0725775733590126,0.0,128.43327947497843,23040.0
5.248726844787598,5.176071643829346,0.07265707105398178,0.0,58.19480998281442,23040.0
5.380577087402344,5.306013107299805,0.07456283271312714,0.0,113.38932950066364,23040.0
5.397546291351318,5.321563243865967,0.07598264515399933,0.0,87.54580525468363,23040.0
5.235321521759033,5.162620544433594,0.07270006835460663,0.0,87.72624864315216,23040.0
5.441789150238037,5.360468864440918,0.08131960779428482,0.0,119.53896545951336,23040.0
5.530422687530518,5.449870586395264,0.08055292814970016,0.0,63.59035026215397,23040.0
5.437289714813232,5.355382919311523,0.08190663158893585,0.0,115.83273536860702,23040.0
5.10427188873291,5.028648376464844,0.07562369853258133,0.0,85.213495906847,23040.0
5.088517189025879,5.011537075042725,0.07698019593954086,0.0,63.513448203174036,23040.0
5.240627765655518,5.162777900695801,0.0778500884771347,0.0,118.73085019027648,23040.0
5.270495414733887,5.1874470710754395,0.08304963260889053,0.0,122.96791899394863,23040.0
5.288918972015381,5.209270477294922,0.07965078204870224,0.0,147.07369396733932,23040.0
5.399540901184082,5.320903301239014,0.07863730937242508,0.0,257.74416384013676,23040.0
6.120889663696289,6.01855993270874,0.10232845693826675,0.0,434.0671994793357,23040.0
7.081838607788086,6.926062107086182,0.15577618777751923,0.0,695.3936190531441,23040.0
8.424015998840332,8.203386306762695,0.22063235938549042,0.0,919.8223250007683,23040.0
7.246442794799805,7.082415580749512,0.16402707993984222,0.0,684.0459372121805,23040.0
5.391270160675049,5.302286624908447,0.08898293226957321,0.0,129.23563747502305,23040.0
6.57078742980957,6.463833808898926,0.10695118457078934,0.0,474.32911907432674,23040.0
5.393066883087158,5.316127777099609,0.07693775743246078,0.0,79.81383444947525,23040.0
6.189410209655762,6.113820552825928,0.0755896270275116,0.0,308.1622092213554,23040.0
5.787391662597656,5.714583873748779,0.07280848920345306,0.0,154.73185381168753,23040.0
5.803652763366699,5.730905532836914,0.07274554669857025,0.0,130.79530784182037,23040.0
5.985495567321777,5.918097496032715,0.06739836186170578,0.0,194.68065330152464,23040.0
5.632093906402588,5.5681681632995605,0.06392598152160645,0.0,70.98847792568985,23040.0
5.790035724639893,5.719228267669678,0.0708053708076477,0.0,112.3956063460376,23040.0
5.820652484893799,5.7482829093933105,0.07236835360527039,0.0,147.54528268722785,23040.0
5.603188514709473,5.533085823059082,0.07009996473789215,0.0,64.68241996453456,23040.0
5.62994384765625,5.559300899505615,0.07064439356327057,0.0,110.20701386497178,23040.0
5.790913105010986,5.7209343910217285,0.06997939944267273,0.0,132.90562291811688,23040.0
5.482513904571533,5.414048671722412,0.06846511363983154,0.0,62.772406793511145,23040.0
5.571382522583008,5.500531196594238,0.07085204869508743,0.0,137.27530626075557,23040.0
5.476507663726807,5.408658027648926,0.06785057485103607,0.0,112.75938272229342,23040.0
5.395204067230225,5.321420192718506,0.07378576695919037,0.0,104.91611053033344,23040.0
5.3532586097717285,5.283079147338867,0.0701780766248703,0.0,148.17083201244984,23040.0
5.201873302459717,5.128755569458008,0.07311698794364929,0.0,71.04366144880353,23040.0
5.330929756164551,5.256776809692383,0.07415342330932617,0.0,152.25313128664678,23040.0
5.103525638580322,5.0279693603515625,0.0755554735660553,0.0,52.50061611877513,23040.0
5.36833381652832,5.290328502655029,0.0780055820941925,0.0,147.76309270110528,23040.0
5.166553974151611,5.088211536407471,0.07834343612194061,0.0,48.686398162213834,23040.0
5.227144718170166,5.147971153259277,0.07917319238185883,0.0,137.89394058022248,23040.0
5.223752975463867,5.142256259918213,0.08149725943803787,0.0,49.44045457693577,23040.0
5.357002258300781,5.276416778564453,0.08058524876832962,0.0,136.00337476955556,23040.0
5.153137683868408,5.0666279792785645,0.08650834113359451,0.0,63.43537528912393,23040.0
5.359188079833984,5.280731678009033,0.07845575362443924,0.0,127.32275355761077,23040.0
5.099826335906982,5.011193752288818,0.08863266557455063,0.0,102.27518701499983,23040.0
5.252449989318848,5.173330783843994,0.07911866903305054,0.0,100.73566271420518,23040.0
6.571718215942383,6.478994369506836,0.09272071719169617,0.0,140.1700236245209,23040.0
5.112961769104004,5.030528545379639,0.08243334293365479,0.0,48.8437527774832,23040.0
5.191429138183594,5.111198425292969,0.08022966235876083,0.0,122.98064266520127,23040.0
5.290546894073486,5.2041802406311035,0.08636679500341415,0.0,123.75205258030961,23040.0
5.156490802764893,5.071187496185303,0.08530394732952118,0.0,61.94244363316044,23040.0
5.247594356536865,5.156018257141113,0.09157569706439972,0.0,122.18810136066894,23040.0
5.158482074737549,5.073606491088867,0.08487678319215775,0.0,127.44123659329404,23040.0
4.978825569152832,4.902663230895996,0.07616271823644638,0.0,71.78560908182693,23040.0
4.915768623352051,4.82807731628418,0.08769163489341736,0.0,94.39503553928029,23040.0
5.106296539306641,5.012049674987793,0.09424681216478348,0.0,111.84818853813594,23040.0
5.053958892822266,4.966272830963135,0.08768462389707565,0.0,109.61994093300494,23040.0
5.140989303588867,5.0521626472473145,0.08882561326026917,0.0,149.29413446651054,23040.0
5.214056968688965,5.122910499572754,0.09114453941583633,0.0,190.4297914820414,23040.0
5.208700656890869,5.116748809814453,0.09195183962583542,0.0,197.7080470246494,23040.0
5.248113632202148,5.145119667053223,0.102992944419384,0.0,204.52178694246575,23040.0
5.3382415771484375,5.20328426361084,0.13495796918869019,0.0,216.90186596748012,23040.0
5.420641899108887,5.245523929595947,0.17511717975139618,0.0,214.98224797656306,23040.0
5.314320087432861,5.160435199737549,0.1538849025964737,0.0,176.82773018912772,23040.0
5.168385982513428,5.079203128814697,0.08918352425098419,0.0,134.19383968729053,23040.0
5.045078754425049,4.956676006317139,0.08840306103229523,0.0,125.36703014224189,23040.0
5.006119251251221,4.904643535614014,0.10147427767515182,0.0,122.66657693440902,23040.0
5.084601879119873,5.0138092041015625,0.07079283893108368,0.0,123.38297782285646,23040.0
5.096615791320801,5.013356685638428,0.08326051384210587,0.0,117.04918676910572,23040.0
5.024798393249512,4.941121578216553,0.08367711305618286,0.0,92.498817896142,23040.0
4.975139141082764,4.906611442565918,0.068525031208992,0.0,104.22811390876264,23040.0
4.839937210083008,4.765340328216553,0.07459799200296402,0.0,94.49951085518137,23040.0
5.113254547119141,5.040624618530273,0.07262890785932541,0.0,71.2649176975563,23040.0
5.181883811950684,5.103766441345215,0.07811710238456726,0.0,86.26604661149925,23040.0
5.059763431549072,4.988560676574707,0.07120285928249359,0.0,95.07206480110722,23040.0
5.06046199798584,4.986260890960693,0.07420102506875992,0.0,79.81142925042263,23040.0
5.119319438934326,5.04317569732666,0.07614482939243317,0.0,61.09197811327871,23040.0
5.0372724533081055,4.965365886688232,0.07190819829702377,0.0,80.1356861864796,23040.0
4.910744667053223,4.832855701446533,0.07789067924022675,0.0,96.13229540943418,23040.0
4.89022159576416,4.817656993865967,0.07256430387496948,0.0,78.20884941466772,23040.0
4.918654441833496,4.84361457824707,0.0750381201505661,0.0,62.23735345577459,23040.0
4.92352294921875,4.848287105560303,0.07523644715547562,0.0,72.79415208756846,23040.0
4.916776180267334,4.839857578277588,0.07691935449838638,0.0,78.21787269880164,23040.0
4.930552005767822,4.854427814483643,0.0761244148015976,0.0,64.90879020899764,23040.0
6.142096519470215,6.057336330413818,0.08476004749536514,0.0,62.42244966171556,23040.0
4.902541637420654,4.824575901031494,0.07796716690063477,0.0,104.91063216500845,23040.0
5.185285568237305,5.094095706939697,0.09118916094303131,0.0,159.79671535492352,23040.0
5.14232063293457,5.034927845001221,0.10739322006702423,0.0,240.76575371057712,23040.0
5.492604732513428,5.333668231964111,0.1589363068342209,0.0,378.95352791503046,23040.0
6.22542667388916,6.002893924713135,0.22253237664699554,0.0,552.6759045151648,23040.0
6.525784492492676,6.3228936195373535,0.20289060473442078,0.0,645.3783560017558,23040.0
5.58236026763916,5.485006809234619,0.09735262393951416,0.0,441.40041213245917,23040.0
5.159923076629639,5.0528459548950195,0.10707845538854599,0.0,213.61439373281942,23040.0
5.506166934967041,5.419858932495117,0.08630764484405518,0.0,333.83812438045646,23040.0
5.098622798919678,5.0119099617004395,0.08671297132968903,0.0,191.45013854126015,23040.0
5.1757049560546875,5.096679210662842,0.07902520149946213,0.0,238.1460693971236,23040.0
5.118339538574219,5.042929649353027,0.07540994137525558,0.0,168.88680389946055,23040.0
5.192166328430176,5.114681720733643,0.07748521864414215,0.0,180.96506140311982,23040.0
5.183487415313721,5.109837055206299,0.0736505314707756,0.0,145.3998731730003,23040.0
5.137894153594971,5.068352699279785,0.069541797041893,0.0,135.37673722923012,23040.0
6.241884231567383,6.160502910614014,0.08138087391853333,0.0,144.0138890786936,23040.0
5.00570011138916,4.937875747680664,0.06782351434230804,0.0,80.4108068221896,23040.0
5.071337699890137,5.001190662384033,0.07014530897140503,0.0,126.28659896267732,23040.0
4.802900791168213,4.736792087554932,0.0661100372672081,0.0,79.16740721403515,23040.0
4.967491149902344,4.89166784286499,0.0758223608136177,0.0,108.19847263147405,23040.0
6.1290411949157715,6.044875144958496,0.08416548371315002,0.0,100.3317902595821,23040.0
4.774337291717529,4.699514865875244,0.07482174038887024,0.0,71.94239788644107,23040.0
4.88132381439209,4.806368350982666,0.07495582103729248,0.0,111.92405100207995,23040.0
4.801039218902588,4.724915504455566,0.07612413913011551,0.0,44.060869289891876,23040.0
4.810816287994385,4.725826740264893,0.08498895168304443,0.0,116.78645396923204,23040.0
4.800000190734863,4.718177318572998,0.08182176202535629,0.0,36.95465233243671,23040.0
4.611075401306152,4.528693199157715,0.08238258212804794,0.0,110.99842336299085,23040.0
6.03798770904541,5.944974899291992,0.09301388263702393,0.0,52.91438118272625,23040.0
4.771832466125488,4.675835609436035,0.0959959477186203,0.0,112.85679328125498,23040.0
4.74179744720459,4.6487135887146,0.09308341145515442,0.0,63.39787334956949,23040.0
4.616625785827637,4.520574569702148,0.09604990482330322,0.0,104.11359113779129,23040.0
4.5972137451171875,4.498627185821533,0.09858593344688416,0.0,88.96816124930457,23040.0
5.979737758636475,5.8708319664001465,0.10890516638755798,0.0,94.73794493738835,23040.0
4.629140853881836,4.531962871551514,0.09717880934476852,0.0,81.60592874844622,23040.0
4.638343334197998,4.533830642700195,0.10451242327690125,0.0,132.73759610210737,23040.0
4.544894218444824,4.445896625518799,0.0989978015422821,0.0,74.66693429138037,23040.0
4.706876277923584,4.599847793579102,0.10702858865261078,0.0,95.26687287640127,23040.0
4.890218734741211,4.776666164398193,0.11355151236057281,0.0,171.42026588932143,23040.0
4.82639741897583,4.714710235595703,0.11168738454580307,0.0,135.48606102602346,23040.0
4.575683116912842,4.4721245765686035,0.1035582646727562,0.0,105.55020598828455,23040.0
4.732211112976074,4.62191104888916,0.1102995052933693,0.0,140.6910622924269,23040.0
4.8168253898620605,4.698731422424316,0.11809474974870682,0.0,164.5656230581488,23040.0
4.757900238037109,4.639537334442139,0.11836463958024979,0.0,219.64652676563892,23040.0
5.217917442321777,5.071671485900879,0.14624516665935516,0.0,382.7353707094941,23040.0
6.084403991699219,5.88873815536499,0.19566740095615387,0.0,584.1461349223803,23040.0
6.429165363311768,6.217934608459473,0.2112293243408203,0.0,617.6133126668379,23040.0
5.006757736206055,4.894191265106201,0.11256637424230576,0.0,263.0296580038181,23040.0
5.052854061126709,4.919552803039551,0.13330183923244476,0.0,296.01288003212,23040.0
5.066089153289795,4.957359313964844,0.1087288185954094,0.0,297.92186464843957,23040.0
4.608373641967773,4.484983444213867,0.1233905553817749,0.0,188.50644423017584,23040.0
4.815236568450928,4.724312782287598,0.09092379361391068,0.0,216.58974602385217,23040.0
4.82454776763916,4.718140125274658,0.1064089983701706,0.0,176.45486282378886,23040.0
4.742973327636719,4.643423557281494,0.09954991936683655,0.0,125.55579986451431,23040.0
6.071177959442139,5.959997653961182,0.1111784502863884,0.0,167.83839076216805,23040.0
4.358344554901123,4.266705513000488,0.0916389599442482,0.0,92.00341889982501,23040.0
5.85588264465332,5.756732940673828,0.09914934635162354,0.0,138.58142895638747,23040.0
4.569299221038818,4.485753536224365,0.08354629576206207,0.0,116.20770971312926,23040.0
4.487489700317383,4.4032511711120605,0.08423776179552078,0.0,71.87238224550119,23040.0
4.495877265930176,4.412235736846924,0.08364211022853851,0.0,125.95397104120708,23040.0
4.358480930328369,4.281217575073242,0.07726266980171204,0.0,71.23597307753973,23040.0
4.458154201507568,4.378506660461426,0.07964859902858734,0.0,91.19378202395363,23040.0
4.369725704193115,4.287905216217041,0.0818205177783966,0.0,100.88127695753721,23040.0
4.367717266082764,4.288815498352051,0.07890252768993378,0.0,38.38080660959386,23040.0
4.395978927612305,4.310503959655762,0.08547444641590118,0.0,104.35859457782375,23040.0
4.258045673370361,4.177687644958496,0.08035764843225479,0.0,48.469393915728105,23040.0
4.295666694641113,4.208432197570801,0.08723318576812744,0.0,89.17037773779181,23040.0
4.262302875518799,4.179249286651611,0.08305300772190094,0.0,71.06765371038853,23040.0
4.290395259857178,4.195389270782471,0.09500555694103241,0.0,73.43821208510744,23040.0
4.2695488929748535,4.179042339324951,0.09050671011209488,0.0,89.70866346323507,23040.0
4.046771049499512,3.955409526824951,0.09136294573545456,0.0,68.74482765098482,23040.0
4.130487442016602,4.044837474822998,0.08565022796392441,0.0,90.29273289642703,23040.0
3.9046499729156494,3.816559076309204,0.0880904570221901,0.0,65.74883522689206,23040.0
4.03276252746582,3.944483518600464,0.08828051388263702,0.0,86.41529413125981,23040.0
4.187971591949463,4.094510078430176,0.09346136450767517,0.0,59.8010943388491,23040.0
3.959007740020752,3.873379945755005,0.08562804013490677,0.0,69.3177092477889,23040.0
4.064688682556152,3.972358465194702,0.0923311859369278,0.0,53.59037658285982,23040.0
4.151885986328125,4.056689262390137,0.09519690275192261,0.0,63.19572300237,23040.0
4.009183883666992,3.9160525798797607,0.09313111752271652,0.0,100.58560554902309,23040.0
4.05988883972168,3.9677927494049072,0.09209627658128738,0.0,74.1711381504279,23040.0
4.178153991699219,4.079355716705322,0.09879888594150543,0.0,84.95499834101348,23040.0
4.1076507568359375,3.996656894683838,0.1109946072101593,0.0,140.88803284048345,23040.0
4.554131507873535,4.398314952850342,0.15581613779067993,0.0,190.43326176501645,23040.0
4.369340896606445,4.168715000152588,0.20062580704689026,0.0,171.1928448971364,23040.0
4.097564697265625,3.9834530353546143,0.11411196738481522,0.0,92.01956375787178,23040.0
4.357136249542236,4.2067461013793945,0.15038985013961792,0.0,94.52907411345706,23040.0
4.288197040557861,4.082559585571289,0.20563818514347076,0.0,169.43492420060815,23040.0
4.058650493621826,3.9539761543273926,0.10467317700386047,0.0,89.9294318492797,23040.0
4.287243843078613,4.081563472747803,0.2056809365749359,0.0,131.61248367095416,23040.0
4.183804512023926,4.038154602050781,0.14565135538578033,0.0,177.85298980517197,23040.0
3.948066234588623,3.811558723449707,0.13650816679000854,0.0,52.51744169447281,23040.0
4.308065891265869,4.1379523277282715,0.1701134294271469,0.0,180.89830095812545,23040.0
4.189558029174805,4.072192668914795,0.11736583709716797,0.0,117.5303541704727,23040.0
4.096853733062744,3.9551897048950195,0.1416642814874649,0.0,70.69240337146563,23040.0
4.170793533325195,4.046061038970947,0.12473400682210922,0.0,132.9912982438208,23040.0
4.129935264587402,3.986067056655884,0.14386823773384094,0.0,76.95990358238326,23040.0
3.739414691925049,3.639238119125366,0.10017705708742142,0.0,67.80203778463436,23040.0
4.142200946807861,4.0037736892700195,0.13842707872390747,0.0,107.01845639188151,23040.0
4.146867752075195,4.034336566925049,0.11253191530704498,0.0,73.95356903246017,23040.0
4.160975456237793,4.028491020202637,0.13248468935489655,0.0,119.41261928495479,23040.0
3.9331774711608887,3.8266119956970215,0.10656532645225525,0.0,114.51788473489354,23040.0
3.9594078063964844,3.8378255367279053,0.12158291786909103,0.0,76.48509662709021,23040.0
3.896538257598877,3.782872438430786,0.11366572976112366,0.0,123.89051472861867,23040.0
3.9618287086486816,3.834646701812744,0.12718282639980316,0.0,75.42974015868847,23040.0
3.8922128677368164,3.7644708156585693,0.1277424544095993,0.0,124.311422400727,23040.0
3.890622854232788,3.7569947242736816,0.13362810015678406,0.0,133.89143582226467,23040.0
3.813481330871582,3.690678834915161,0.1228022649884224,0.0,90.10479445901161,23040.0
4.136159420013428,3.992736577987671,0.1434231698513031,0.0,161.79407673789098,23040.0
5.268665790557861,5.09260368347168,0.17606215178966522,0.0,147.6331620448619,23040.0
4.00476598739624,3.8567068576812744,0.1480586677789688,0.0,149.16402509852472,23040.0
4.008505821228027,3.862640142440796,0.14586427807807922,0.0,144.0462900009804,23040.0
3.93587064743042,3.8115570545196533,0.12431513518095016,0.0,151.7567811282904,23040.0
3.842005729675293,3.7251362800598145,0.11687035113573074,0.0,99.2457790247824,23040.0
3.9092326164245605,3.7751264572143555,0.1341070830821991,0.0,157.8641973402714,23040.0
3.6436214447021484,3.5109548568725586,0.13266681134700775,0.0,107.95314061881402,23040.0
3.711888313293457,3.595961570739746,0.11592616885900497,0.0,90.12300418421428,23040.0
3.956772565841675,3.790545701980591,0.1662268191576004,0.0,131.54634238005445,23040.0
3.6245968341827393,3.5009243488311768,0.12367335706949234,0.0,94.70449719750475,23040.0
3.7716941833496094,3.64229679107666,0.12939780950546265,0.0,120.20473541223338,23040.0
3.7164549827575684,3.593376636505127,0.12307704240083694,0.0,96.76699423629513,23040.0
3.771587371826172,3.651984214782715,0.1196027621626854,0.0,97.07689373246612,23040.0
3.5720415115356445,3.444993734359741,0.12704777717590332,0.0,102.47043455958271,23040.0
3.5492289066314697,3.4171504974365234,0.1320783793926239,0.0,98.28395479573659,23040.0
3.482494831085205,3.3525891304016113,0.12990537285804749,0.0,78.04804126596274,23040.0
3.765775203704834,3.6172986030578613,0.14847436547279358,0.0,114.67691124302748,23040.0
3.6313509941101074,3.493724822998047,0.13762637972831726,0.0,83.190623159107,23040.0
3.5061404705047607,3.3709027767181396,0.1352366954088211,0.0,53.24472168721395,23040.0
3.615954875946045,3.474834442138672,0.1411207616329193,0.0,114.05795855074922,23040.0
3.7452995777130127,3.5794789791107178,0.16582101583480835,0.0,113.18785719456854,23040.0
3.5588579177856445,3.419982671737671,0.13887545466423035,0.0,100.33411418595256,23040.0
3.4820899963378906,3.346666097640991,0.13542424142360687,0.0,156.51721023031868,23040.0
3.767242193222046,3.5848419666290283,0.18240028619766235,0.0,160.97903656593613,23040.0
3.688149929046631,3.5150845050811768,0.1730661243200302,0.0,115.63625390651792,23040.0
3.637312173843384,3.4920973777770996,0.14521406590938568,0.0,181.31649191625445,23040.0
3.582595109939575,3.4395334720611572,0.14306120574474335,0.0,155.72117512283018,23040.0
3.98125958442688,3.785095453262329,0.19616399705410004,0.0,159.62532205720862,23040.0
4.2773213386535645,4.112043380737305,0.16527771949768066,0.0,206.19447619279458,23040.0
3.556136131286621,3.4085628986358643,0.14757372438907623,0.0,107.73754829697427,23040.0
4.654215335845947,4.466888904571533,0.1873263716697693,0.0,229.57026699029012,23040.0
3.4313080310821533,3.232163906097412,0.19914387166500092,0.0,151.7575550394305,23040.0
4.217009544372559,4.073378086090088,0.14363300800323486,0.0,213.1814420199361,23040.0
3.677351951599121,3.496169090270996,0.1811828464269638,0.0,112.96343843684872,23040.0
4.25360631942749,4.057392120361328,0.1962144821882248,0.0,211.51918385790296,23040.0
3.5758142471313477,3.383370876312256,0.19244280457496643,0.0,110.30280010593631,23040.0
3.761455535888672,3.512824773788452,0.24863050878047943,0.0,137.80798980366583,23040.0
3.7261531352996826,3.558490037918091,0.16766270995140076,0.0,131.72765834343454,23040.0
3.412529945373535,3.1870553493499756,0.22547385096549988,0.0,61.4334307467164,23040.0
3.9093635082244873,3.708066701889038,0.2012961059808731,0.0,142.4800500859064,23040.0
3.4923551082611084,3.3125312328338623,0.1798243671655655,0.0,64.38358560551215,23040.0
3.3845534324645996,3.163640260696411,0.22091373801231384,0.0,98.31245533293664,23040.0
3.174070119857788,3.003243923187256,0.17082703113555908,0.0,86.19629293956807,23040.0
3.294198513031006,3.072514533996582,0.2216845154762268,0.0,63.345835077117364,23040.0
3.340228319168091,3.169545888900757,0.1706819087266922,0.0,97.46719332801713,23040.0
3.433227777481079,3.2268035411834717,0.20642441511154175,0.0,146.42330460789503,23040.0
3.8731417655944824,3.671372413635254,0.2017686814069748,0.0,220.83271613378696,23040.0
3.3914241790771484,3.1750357151031494,0.2163897603750229,0.0,148.2831952829731,23040.0
3.49934720993042,3.301772117614746,0.1975754350423813,0.0,123.81514203203734,23040.0
3.512589454650879,3.3153727054595947,0.1972166746854782,0.0,142.38500390560515,23040.0
3.1334903240203857,2.9490065574645996,0.18448428809642792,0.0,115.56426137663348,23040.0
3.241267681121826,3.039820671081543,0.2014462947845459,0.0,134.13739377012863,23040.0
2.976928949356079,2.797257423400879,0.17967075109481812,0.0,136.22277507462093,23040.0
3.1725449562072754,2.981773614883423,0.1907709389925003,0.0,131.1466129980479,23040.0
3.0348117351531982,2.856450080871582,0.17836129665374756,0.0,146.30095773324706,23040.0
3.0071794986724854,2.79050874710083,0.21667088568210602,0.0,76.17636471874268,23040.0
3.14302921295166,2.9516756534576416,0.19135315716266632,0.0,105.54399793735796,23040.0
3.0239057540893555,2.8147733211517334,0.209132581949234,0.0,171.1848210810539,23040.0
3.098358392715454,2.8767971992492676,0.22156089544296265,0.0,238.73587222385638,23040.0
3.6490461826324463,3.4455339908599854,0.2035117745399475,0.0,310.418955134643,23040.0
3.172119379043579,2.955568790435791,0.21655073761940002,0.0,264.12388068684317,23040.0
2.9818387031555176,2.819186210632324,0.16265282034873962,0.0,103.38577466594849,23040.0
3.5066184997558594,3.2469139099121094,0.25970470905303955,0.0,195.41876554532683,23040.0
3.109525203704834,2.9277055263519287,0.18181970715522766,0.0,189.66186388707268,23040.0
2.96724009513855,2.780670404434204,0.1865684688091278,0.0,78.37420612072603,23040.0
2.9020979404449463,2.733733892440796,0.1683637797832489,0.0,140.68593622083546,23040.0
4.1154913902282715,3.9140164852142334,0.20147529244422913,0.0,128.11340475803752,23040.0
2.7049036026000977,2.5401597023010254,0.16474376618862152,0.0,127.32860668393042,23040.0
2.7154593467712402,2.5429322719573975,0.17252710461616516,0.0,125.40825564363897,23040.0
2.710177183151245,2.5253498554229736,0.18482665717601776,0.0,80.99029272378314,23040.0
4.13416862487793,3.9564523696899414,0.17771659791469574,0.0,89.51565407599169,23040.0
2.4327237606048584,2.2743875980377197,0.15833574533462524,0.0,102.03573198288925,23040.0
2.8522074222564697,2.691756010055542,0.16045157611370087,0.0,130.00495461882545,23040.0
3.001373052597046,2.829195022583008,0.17217732965946198,0.0,103.31425999427805,23040.0
2.684831380844116,2.5188839435577393,0.16594766080379486,0.0,205.53381626275458,23040.0
2.6665709018707275,2.5150835514068604,0.1514875590801239,0.0,146.73893138928685,23040.0
2.6283795833587646,2.477102041244507,0.15127776563167572,0.0,144.18328334743552,23040.0
2.7232959270477295,2.565148115158081,0.15814730525016785,0.0,194.7856130425657,23040.0
2.826653242111206,2.6739511489868164,0.152701735496521,0.0,170.1909326431186,23040.0
2.683440685272217,2.4934659004211426,0.18997520208358765,0.0,136.6882284483202,23040.0
2.3971099853515625,2.2596452236175537,0.13746465742588043,0.0,112.71969640759386,23040.0
2.483020305633545,2.307185649871826,0.17583461105823517,0.0,148.56616842772942,23040.0
3.91422176361084,3.7406768798828125,0.17354601621627808,0.0,153.14861395260695,23040.0
2.6064870357513428,2.4417994022369385,0.16468752920627594,0.0,145.15996530085084,23040.0
2.4355905055999756,2.255178451538086,0.18041159212589264,0.0,110.15481059547227,23040.0
2.4654040336608887,2.3009800910949707,0.16442379355430603,0.0,98.00482363648662,23040.0
2.732820510864258,2.560706853866577,0.17211350798606873,0.0,152.0478598873272,23040.0
2.528028964996338,2.364450693130493,0.16357830166816711,0.0,181.4992418284617,23040.0
3.9075117111206055,3.6971867084503174,0.21032389998435974,0.0,230.04572267587127,23040.0
6.436786651611328,6.030292987823486,0.40649425983428955,0.0,315.0123069145323,23040.0
4.823172569274902,4.603010177612305,0.22016090154647827,0.0,274.87426331612016,23040.0
3.7899372577667236,3.306337594985962,0.48359960317611694,0.0,281.19824851374716,23040.0
3.4656338691711426,3.281287908554077,0.18434645235538483,0.0,238.93534387933076,23040.0
3.9041571617126465,3.628946304321289,0.27521076798439026,0.0,201.97041535910702,23040.0
3.383704900741577,3.173579216003418,0.2101253867149353,0.0,107.47764741593072,23040.0
3.394627571105957,3.2286288738250732,0.16599838435649872,0.0,159.64949657426612,23040.0
3.5981526374816895,3.328146457672119,0.27000683546066284,0.0,130.02817535361126,23040.0
3.396597385406494,3.212785243988037,0.18381208181381226,0.0,78.01018501896313,23040.0
4.804934501647949,4.612955093383789,0.19197987020015717,0.0,99.13999629549853,23040.0
3.525588035583496,3.3406612873077393,0.18492679297924042,0.0,90.46110946543209,23040.0
3.117022752761841,2.9249799251556396,0.19204366207122803,0.0,60.41063307988759,23040.0
3.6523325443267822,3.4326822757720947,0.21965092420578003,0.0,116.82690217370575,23040.0
2.9214107990264893,2.7619411945343018,0.15946945548057556,0.0,88.72332471287493,23040.0
3.052241325378418,2.876836061477661,0.1754043847322464,0.0,58.52670057981529,23040.0
2.955000162124634,2.7864880561828613,0.16851243376731873,0.0,103.30253091311977,23040.0
2.6085782051086426,2.4182119369506836,0.19036661088466644,0.0,66.5078423527988,23040.0
3.2968926429748535,3.0569546222686768,0.23993758857250214,0.0,128.11050364531138,23040.0
2.792780876159668,2.558945417404175,0.23383581638336182,0.0,110.68115388609014,23040.0
2.8468613624572754,2.6248714923858643,0.22199027240276337,0.0,130.73834858498353,23040.0
2.8219399452209473,2.599332571029663,0.22260716557502747,0.0,90.92339739727818,23040.0
2.51404070854187,2.302435874938965,0.21160604059696198,0.0,58.02073601810018,23040.0
2.9575517177581787,2.744978904724121,0.21257275342941284,0.0,109.49235297246271,23040.0
2.5775272846221924,2.346226692199707,0.23130062222480774,0.0,107.45679686433216,23040.0
2.4652011394500732,2.2649075984954834,0.2002931833267212,0.0,79.35807886062106,23040.0
2.589125156402588,2.362330198287964,0.2267945557832718,0.0,107.13152226571272,23040.0
2.7426340579986572,2.4986989498138428,0.2439354509115219,0.0,133.7211231055203,23040.0
2.592359781265259,2.364956855773926,0.2274027317762375,0.0,143.13569028226968,23040.0
2.7266600131988525,2.501251697540283,0.2254079133272171,0.0,176.3548791820276,23040.0
2.392319440841675,2.2087290287017822,0.18359024822711945,0.0,115.55418091181247,23040.0
2.4621896743774414,2.2134175300598145,0.2487722635269165,0.0,100.39716940188575,23040.0
2.6308181285858154,2.4005823135375977,0.23023609817028046,0.0,118.2720971478137,23040.0
2.8476850986480713,2.5864715576171875,0.26121363043785095,0.0,208.6758724063107,23040.0
2.867471933364868,2.6319761276245117,0.23549601435661316,0.0,258.87519675485487,23040.0
2.387514352798462,2.1784770488739014,0.209037646651268,0.0,189.19439324653456,23040.0
2.308530807495117,2.0993614196777344,0.20916934311389923,0.0,70.72412843947177,23040.0
2.4582815170288086,2.206916570663452,0.2513643801212311,0.0,167.57244863413337,23040.0
2.8564090728759766,2.6530888080596924,0.20331953465938568,0.0,240.17425920349228,23040.0
2.2700297832489014,2.0650205612182617,0.20500972867012024,0.0,140.81563970297657,23040.0
2.3099782466888428,2.084685802459717,0.22529220581054688,0.0,182.82518668762472,23040.0
2.584444761276245,2.3922455310821533,0.19219888746738434,0.0,268.2231714222876,23040.0
2.917551040649414,2.617414712905884,0.30013686418533325,0.0,133.62570678773582,23040.0
2.7840592861175537,2.566685199737549,0.2173732966184616,0.0,226.196235008081,23040.0
2.518216371536255,2.2791428565979004,0.2390737384557724,0.0,200.39650769742906,23040.0
2.744710683822632,2.480896234512329,0.2638148069381714,0.0,215.26299418834452,23040.0
4.62509298324585,4.39870023727417,0.22639276087284088,0.0,230.58081424915616,23040.0
3.511129856109619,3.2746853828430176,0.23644569516181946,0.0,115.81663755020732,23040.0
2.8076300621032715,2.6300108432769775,0.1776193082332611,0.0,254.26233350103456,23040.0
3.8720269203186035,3.6515896320343018,0.2204381674528122,0.0,203.90471909581663,23040.0
2.438406467437744,2.2330996990203857,0.20530670881271362,0.0,200.6626442400707,23040.0
3.727330207824707,3.5292165279388428,0.19811327755451202,0.0,198.71282497855083,23040.0
5.082613945007324,4.878520965576172,0.20409202575683594,0.0,99.07392215672061,23040.0
3.589738368988037,3.4021615982055664,0.18757671117782593,0.0,135.23458846533092,23040.0
3.0429959297180176,2.815138816833496,0.22785690426826477,0.0,173.986145674114,23040.0
3.653933048248291,3.3911173343658447,0.26281559467315674,0.0,123.69427632063372,23040.0
3.505967617034912,3.2808501720428467,0.22511737048625946,0.0,162.8432394458329,23040.0
2.670727252960205,2.405097246170044,0.2656303942203522,0.0,100.02158500305639,23040.0
3.049555540084839,2.706181287765503,0.34337443113327026,0.0,121.03532641927762,23040.0
3.55452036857605,3.290757894515991,0.263762503862381,0.0,57.79708321280714,23040.0
3.665377140045166,3.44419527053833,0.22118151187896729,0.0,74.00636188660224,23040.0
3.1307284832000732,2.9003639221191406,0.23036450147628784,0.0,52.63969544476788,23040.0
3.1370577812194824,2.7792584896087646,0.3577994108200073,0.0,143.20554491465543,23040.0
3.1687204837799072,2.8508830070495605,0.31783759593963623,0.0,74.1658547338771,23040.0
3.0600876808166504,2.8021440505981445,0.2579438388347626,0.0,145.72927455605065,23040.0
3.0302350521087646,2.7122180461883545,0.31801727414131165,0.0,96.39483783242383,23040.0
3.1039953231811523,2.7168567180633545,0.38713833689689636,0.0,97.3405147458437,23040.0
3.0753262042999268,2.7655272483825684,0.3097991347312927,0.0,95.7103168423143,23040.0
2.9355974197387695,2.667203664779663,0.2683940529823303,0.0,66.88508975946195,23040.0
2.719341993331909,2.4345667362213135,0.2847750782966614,0.0,71.24816780250944,23040.0
2.730851650238037,2.4364771842956543,0.29437363147735596,0.0,72.82930974895577,23040.0
4.027074337005615,3.7200815677642822,0.3069919943809509,0.0,76.8107608243021,23040.0
2.9244208335876465,2.6379446983337402,0.28647568821907043,0.0,79.38818855266932,23040.0
2.7941510677337646,2.5010225772857666,0.29312869906425476,0.0,73.45104333143138,23040.0
2.5943875312805176,2.3112049102783203,0.2831824719905853,0.0,78.8290659674755,23040.0
2.8795180320739746,2.551265239715576,0.3282531201839447,0.0,75.2981661495036,23040.0
2.899202585220337,2.574082612991333,0.32511991262435913,0.0,85.87970756854386,23040.0
2.6860666275024414,2.4089772701263428,0.2770897150039673,0.0,58.48284711925987,23040.0
2.7958734035491943,2.4996323585510254,0.29624152183532715,0.0,70.94064797916877,23040.0
3.612783908843994,3.3162028789520264,0.29658159613609314,0.0,46.17597277803928,23040.0
3.7705817222595215,3.489017963409424,0.2815636098384857,0.0,68.19999542772709,23040.0
2.5114989280700684,2.25657320022583,0.2549254894256592,0.0,77.33081555406194,23040.0
2.5854790210723877,2.315542697906494,0.26993653178215027,0.0,47.59805673721281,23040.0
2.3055574893951416,2.0505056381225586,0.2550518214702606,0.0,95.6895099766739,23040.0
3.7504777908325195,3.4573278427124023,0.29315003752708435,0.0,62.95429816791119,23040.0
2.4151363372802734,2.1518709659576416,0.2632652819156647,0.0,97.1510744341545,23040.0
2.0867323875427246,1.8690991401672363,0.21763311326503754,0.0,51.327873606721184,23040.0
2.1891491413116455,1.9476815462112427,0.24146734178066254,0.0,77.1307330240293,23040.0
2.116835117340088,1.9039475917816162,0.21288755536079407,0.0,123.42338003581301,23040.0
2.228339672088623,1.9825712442398071,0.24576884508132935,0.0,109.07777536076614,23040.0
2.171635866165161,1.937908411026001,0.233727365732193,0.0,178.97097590198646,23040.0
2.8000147342681885,2.5132882595062256,0.2867263853549957,0.0,265.5574001498579,23040.0
2.0094871520996094,1.7891347408294678,0.22035270929336548,0.0,129.7217831083093,23040.0
2.878145933151245,2.561795473098755,0.31634995341300964,0.0,253.79734363303535,23040.0
3.135725259780884,2.8673288822174072,0.26839643716812134,0.0,249.21930456262174,23040.0
3.066032886505127,2.8141207695007324,0.2519119381904602,0.0,155.19001172797593,23040.0
3.33374285697937,3.0843660831451416,0.24937613308429718,0.0,147.73240026938495,23040.0
2.942580461502075,2.680695056915283,0.261884868144989,0.0,200.37023680133473,23040.0
2.048051357269287,1.8577213287353516,0.1903301477432251,0.0,96.75709819135764,23040.0
2.371669054031372,2.179694175720215,0.191974937915802,0.0,143.54485770764225,23040.0
2.3705124855041504,2.139510154724121,0.2310033142566681,0.0,113.92055748860696,23040.0
2.0974621772766113,1.8918741941452026,0.20558854937553406,0.0,71.97325831949688,23040.0
2.1234097480773926,1.9289854764938354,0.19442416727542877,0.0,129.12489338641296,23040.0
2.1219749450683594,1.9145134687423706,0.20746131241321564,0.0,114.59678090882625,23040.0
2.020695686340332,1.8240368366241455,0.1966586709022522,0.0,74.27030549532799,23040.0
2.182969808578491,1.9841885566711426,0.1987813264131546,0.0,135.7242373559013,23040.0
2.2214858531951904,2.023085355758667,0.19840063154697418,0.0,72.17917287585318,23040.0
1.9914557933807373,1.8003617525100708,0.19109416007995605,0.0,88.202380574279,23040.0
2.1186683177948,1.9130749702453613,0.2055933177471161,0.0,119.18814518876512,23040.0
2.0828964710235596,1.865166187286377,0.21773003041744232,0.0,67.37573755551581,23040.0
1.8448549509048462,1.6442677974700928,0.20058712363243103,0.0,87.57594768996039,23040.0
1.8720746040344238,1.6692508459091187,0.20282377302646637,0.0,96.60205268421622,23040.0
2.2059810161590576,1.9944549798965454,0.21152642369270325,0.0,64.1692286072825,23040.0
1.7995131015777588,1.606279969215393,0.19323304295539856,0.0,94.9546627117069,23040.0
2.1144652366638184,1.8853317499160767,0.22913330793380737,0.0,135.95318943636826,23040.0
1.7598387002944946,1.5323820114135742,0.22745679318904877,0.0,81.51187756842435,23040.0
1.970692753791809,1.7310748100280762,0.23961809277534485,0.0,123.21356432212885,23040.0
1.577143669128418,1.330973744392395,0.24617023766040802,0.0,90.22658622061398,23040.0
2.0022966861724854,1.7789438962936401,0.22335311770439148,0.0,68.55624674901266,23040.0
1.6341822147369385,1.4287751913070679,0.20540708303451538,0.0,108.71698540901849,23040.0
1.9547990560531616,1.6798100471496582,0.2749892771244049,0.0,102.44982283079092,23040.0
1.8351718187332153,1.6199440956115723,0.21522751450538635,0.0,118.93367475595333,23040.0
1.8784031867980957,1.631448745727539,0.24695467948913574,0.0,99.52284335145227,23040.0
1.7658501863479614,1.5303502082824707,0.23549997806549072,0.0,84.64341159691938,23040.0
1.8292280435562134,1.651353120803833,0.1778744012117386,0.0,99.04544978231185,23040.0
2.1089067459106445,1.8409937620162964,0.267912894487381,0.0,141.14425516652813,23040.0
1.693695068359375,1.4971760511398315,0.19651898741722107,0.0,127.76225316504913,23040.0
1.8361620903015137,1.6412763595581055,0.19488590955734253,0.0,100.85923344327799,23040.0
1.6409623622894287,1.4186232089996338,0.2223394364118576,0.0,52.384431698120565,23040.0
1.7736696004867554,1.5363738536834717,0.23729576170444489,0.0,85.12550575599785,23040.0
1.8397064208984375,1.663564682006836,0.17614181339740753,0.0,115.59801389882351,23040.0
1.8105742931365967,1.5999205112457275,0.21065402030944824,0.0,55.84957889145401,23040.0
1.6376755237579346,1.438677430152893,0.19899770617485046,0.0,129.29361041640752,23040.0
1.6058712005615234,1.4353280067443848,0.1705433875322342,0.0,67.55440201905299,23040.0
1.5975265502929688,1.4166146516799927,0.18091163039207458,0.0,79.69914126673554,23040.0
1.7080856561660767,1.5259194374084473,0.18216586112976074,0.0,91.60291436157549,23040.0
1.5754398107528687,1.4085160493850708,0.16692358255386353,0.0,63.1909642092045,23040.0
1.5720298290252686,1.4022125005722046,0.16981711983680725,0.0,81.97350172968832,23040.0
1.581026554107666,1.4013344049453735,0.17969250679016113,0.0,69.76688606164637,23040.0
1.663032054901123,1.4894895553588867,0.17354217171669006,0.0,73.0834443846561,23040.0
1.7494086027145386,1.577133297920227,0.1722748875617981,0.0,58.551930325034036,23040.0
2.0793488025665283,1.8655288219451904,0.21382060647010803,0.0,157.04282725721694,23040.0
1.8638876676559448,1.6971474885940552,0.16673994064331055,0.0,133.09253037314633,23040.0
1.6259220838546753,1.4447603225708008,0.18116183578968048,0.0,91.25891462652577,23040.0
2.2668676376342773,2.046548843383789,0.22031860053539276,0.0,189.55003070546647,23040.0
2.383932590484619,2.1799755096435547,0.20395736396312714,0.0,110.21839655959599,23040.0
2.389544725418091,2.2072103023529053,0.18233434855937958,0.0,105.76586852993661,23040.0
1.6629501581192017,1.4674072265625,0.19554293155670166,0.0,111.39976120393119,23040.0
3.0774800777435303,2.7567217350006104,0.32075873017311096,0.0,196.97168996291697,23040.0
1.952752709388733,1.7567219734191895,0.1960308700799942,0.0,134.09547450725594,23040.0
2.7937979698181152,2.535733938217163,0.25806447863578796,0.0,153.58340025817049,23040.0
2.618941068649292,2.385694980621338,0.23324671387672424,0.0,81.29820592610825,23040.0
2.0054311752319336,1.8314894437789917,0.17394202947616577,0.0,106.1769597401195,23040.0
2.053762197494507,1.7796708345413208,0.2740919291973114,0.0,130.13760239009713,23040.0
2.7073981761932373,2.406467914581299,0.3009299039840698,0.0,144.42841606095314,23040.0
1.729043960571289,1.5332136154174805,0.19583004713058472,0.0,103.9355862037254,23040.0
1.9109529256820679,1.6830298900604248,0.22792308032512665,0.0,90.76310927131092,23040.0
2.1480867862701416,1.8791619539260864,0.26892542839050293,0.0,61.1715377493182,23040.0
2.2137508392333984,1.998145341873169,0.21560543775558472,0.0,100.4052811432363,23040.0
1.9787074327468872,1.789247989654541,0.18945948779582977,0.0,69.0556675386426,23040.0
1.7336283922195435,1.496389389038086,0.23723889887332916,0.0,57.53054611552765,23040.0
2.395463705062866,2.118034601211548,0.27742889523506165,0.0,112.33556075373711,23040.0
1.7515013217926025,1.5329225063323975,0.21857860684394836,0.0,82.66558029692104,23040.0
1.8617767095565796,1.6393152475357056,0.22246189415454865,0.0,44.23640622796811,23040.0
1.9579627513885498,1.7186779975891113,0.2392846643924713,0.0,83.99834881053484,23040.0
1.832021951675415,1.6176074743270874,0.21441444754600525,0.0,77.95037647907607,23040.0
1.6810226440429688,1.4453009366989136,0.23572148382663727,0.0,50.87762899413035,23040.0
1.8206446170806885,1.5622862577438354,0.2583584487438202,0.0,85.09290918927967,23040.0
2.000500202178955,1.7462756633758545,0.2542244493961334,0.0,79.98280282978999,23040.0
1.8500279188156128,1.5936095714569092,0.2564180791378021,0.0,54.34149668404112,23040.0
1.801673173904419,1.5376144647598267,0.2640589475631714,0.0,80.07777520343228,23040.0
1.8638101816177368,1.6148803234100342,0.24892966449260712,0.0,53.44861213320418,23040.0
1.846966028213501,1.570086121559143,0.2768799364566803,0.0,60.37365055963164,23040.0
1.8592947721481323,1.578404426574707,0.28089046478271484,0.0,66.53181976651405,23040.0
1.5528367757797241,1.3284711837768555,0.22436538338661194,0.0,44.82261449657948,23040.0
1.7308717966079712,1.4999204874038696,0.23095139861106873,0.0,58.492240160848375,23040.0
1.6767791509628296,1.416717767715454,0.2600615322589874,0.0,55.12722461621882,23040.0
1.647491455078125,1.3898593187332153,0.257632315158844,0.0,63.61104796865791,23040.0
1.5984011888504028,1.3642194271087646,0.23418182134628296,0.0,88.85818926311372,23040.0
1.5696502923965454,1.3429057598114014,0.22674423456192017,0.0,65.3216493185952,23040.0
1.4713134765625,1.2628157138824463,0.208497554063797,0.0,99.68152339889254,23040.0
1.7296805381774902,1.4944069385528564,0.2352735549211502,0.0,114.92034791226689,23040.0
1.719443917274475,1.508872151374817,0.21057163178920746,0.0,158.6049080194301,23040.0
1.8104381561279297,1.6081550121307373,0.20228292047977448,0.0,84.55225364027613,23040.0
1.6144859790802002,1.4024543762207031,0.21203163266181946,0.0,149.97657149840708,23040.0
1.667862057685852,1.4567975997924805,0.21106447279453278,0.0,94.8836541189287,23040.0
1.8049291372299194,1.6137564182281494,0.19117291271686554,0.0,107.59814740669829,23040.0
1.844752550125122,1.6372514963150024,0.20750117301940918,0.0,118.81312153648646,23040.0
1.632424235343933,1.4280505180358887,0.20437341928482056,0.0,48.454963507419194,23040.0
1.5161641836166382,1.3235535621643066,0.19261038303375244,0.0,108.58323430453996,23040.0
1.3677804470062256,1.1944047212600708,0.17337574064731598,0.0,88.50029622224388,23040.0
1.6384059190750122,1.443480372428894,0.1949254721403122,0.0,46.23637477208861,23040.0
1.439432978630066,1.2486616373062134,0.19077108800411224,0.0,102.97794382373988,23040.0
1.6591198444366455,1.4566859006881714,0.2024337202310562,0.0,64.33960204983077,23040.0
1.4793673753738403,1.2971644401550293,0.18220274150371552,0.0,83.12834328475064,23040.0
1.4434164762496948,1.2624335289001465,0.18098288774490356,0.0,88.17746714161117,23040.0
1.3956304788589478,1.200318455696106,0.19531211256980896,0.0,52.595202620606855,23040.0
1.620600938796997,1.3943259716033936,0.22627490758895874,0.0,83.15038858435733,23040.0
1.3755967617034912,1.1779472827911377,0.19764940440654755,0.0,76.73707402363286,23040.0
1.550715446472168,1.3456625938415527,0.2050531804561615,0.0,30.565077408071424,23040.0
1.5020313262939453,1.2972674369812012,0.20476382970809937,0.0,86.90658137562075,23040.0
1.4597710371017456,1.2467124462127686,0.21305888891220093,0.0,74.83041259467178,23040.0
1.5799591541290283,1.3522881269454956,0.2276708334684372,0.0,54.40919068213475,23040.0
2.6544952392578125,2.3981847763061523,0.2563101351261139,0.0,83.31292152856588,23040.0
1.3504042625427246,1.1619086265563965,0.18849554657936096,0.0,54.74531155924587,23040.0
1.4872164726257324,1.2819627523422241,0.2052536904811859,0.0,81.40190996751348,23040.0
1.3937525749206543,1.1724964380264282,0.22125616669654846,0.0,75.45497962988361,23040.0
1.3645110130310059,1.131112813949585,0.2333981990814209,0.0,46.98414784809581,23040.0
1.156160593032837,0.9449068903923035,0.21125376224517822,0.0,92.00803387073871,23040.0
1.3352879285812378,1.1186178922653198,0.2166699767112732,0.0,46.16145916137057,23040.0
1.3047354221343994,1.088663935661316,0.2160712629556656,0.0,101.24480084874683,23040.0
1.2184842824935913,1.004845380783081,0.21363919973373413,0.0,66.10690178769568,23040.0
1.3089879751205444,1.1155258417129517,0.19346226751804352,0.0,103.07918797197688,23040.0
2.5147218704223633,2.264530658721924,0.25019171833992004,0.0,81.61750844544903,23040.0
1.2957746982574463,1.102685809135437,0.19308874011039734,0.0,73.96758288876745,23040.0
1.4218971729278564,1.2138688564300537,0.2080283761024475,0.0,139.99655549695305,23040.0
1.4314578771591187,1.2355707883834839,0.19588737189769745,0.0,95.03267971214338,23040.0
1.2820384502410889,1.0844765901565552,0.19756171107292175,0.0,92.13842367819456,23040.0
1.2216627597808838,1.0218783617019653,0.1997845321893692,0.0,43.46851974915857,23040.0
1.2961268424987793,1.1164079904556274,0.17971861362457275,0.0,58.41880601322015,23040.0
1.0722583532333374,0.9054959416389465,0.16676218807697296,0.0,65.54056901979058,23040.0
1.2062056064605713,1.0157701969146729,0.19043540954589844,0.0,56.51779977627023,23040.0
1.3490513563156128,1.148826003074646,0.20022526383399963,0.0,89.24757004130551,23040.0
1.044620394706726,0.8728085160255432,0.17181184887886047,0.0,51.02951917705081,23040.0
1.0178686380386353,0.8293535113334656,0.18851521611213684,0.0,105.21461557025063,23040.0
1.0152815580368042,0.837990403175354,0.1772911697626114,0.0,69.00179369216444,23040.0
2.4798479080200195,2.230095863342285,0.2497522085905075,0.0,75.85007849465966,23040.0
1.2609236240386963,1.0647690296173096,0.19615478813648224,0.0,65.38678110182873,23040.0
1.1773464679718018,0.9775139689445496,0.1998324692249298,0.0,72.87662609112633,23040.0
1.0024975538253784,0.8349593281745911,0.1675381362438202,0.0,53.134017187809754,23040.0
1.1605172157287598,0.9694101810455322,0.1911071091890335,0.0,66.5189750921737,23040.0
1.2117528915405273,1.0143940448760986,0.1973588466644287,0.0,45.21676178894826,23040.0
1.1434506177902222,0.9532706141471863,0.19017983973026276,0.0,71.58484694090225,23040.0
1.011076807975769,0.832537829875946,0.17853903770446777,0.0,58.21031606132737,23040.0
1.2014167308807373,0.9967535138130188,0.20466288924217224,0.0,58.8974805003113,23040.0
0.9544960260391235,0.7773663997650146,0.17712968587875366,0.0,58.672087016898445,23040.0
1.0281424522399902,0.8331909775733948,0.1949513554573059,0.0,34.76018207538711,23040.0
1.2244023084640503,1.005602240562439,0.21879997849464417,0.0,69.6172907871191,23040.0
1.1364001035690308,0.9376692175865173,0.19873085618019104,0.0,54.715123950678,23040.0
0.9695294499397278,0.783665657043457,0.18586383759975433,0.0,41.17773726514016,23040.0
1.2974584102630615,1.086529016494751,0.21092945337295532,0.0,105.30071617195537,23040.0
1.3276902437210083,1.1407079696655273,0.1869824081659317,0.0,99.9418973650226,23040.0
1.2404276132583618,1.0423146486282349,0.19811314344406128,0.0,64.73261004804996,23040.0
1.6667954921722412,1.4169906377792358,0.24980439245700836,0.0,157.25390159579808,23040.0
1.263853669166565,1.0672208070755005,0.19663284718990326,0.0,81.85153636045945,23040.0
1.4064717292785645,1.1948022842407227,0.21166910231113434,0.0,94.19799351814423,23040.0
0.8169686794281006,0.6525272130966187,0.16444148123264313,0.0,75.08543084209776,23040.0
1.7578856945037842,1.4868906736373901,0.2709951400756836,0.0,141.4530498141201,23040.0
1.0261166095733643,0.8552882671356201,0.1708282083272934,0.0,71.77040474543844,23040.0
1.5480937957763672,1.3396960496902466,0.20839786529541016,0.0,103.35444872577602,23040.0
1.0726968050003052,0.8864663243293762,0.1862305998802185,0.0,48.68177619936797,23040.0
1.4196224212646484,1.174453616142273,0.24516895413398743,0.0,125.39327916982481,23040.0
1.069871425628662,0.865382730960846,0.20448864996433258,0.0,48.59954557999785,23040.0
1.267004132270813,1.0668010711669922,0.2002028524875641,0.0,90.19554100449977,23040.0
1.2383365631103516,1.042293906211853,0.19604282081127167,0.0,62.77186502872971,23040.0
1.157580852508545,0.9419740438461304,0.21560674905776978,0.0,69.10376549220868,23040.0
1.3223613500595093,1.074965476989746,0.247395858168602,0.0,78.83467822390728,23040.0
1.125409483909607,0.9295815229415894,0.19582778215408325,0.0,61.9139160012972,23040.0
1.1012107133865356,0.9036091566085815,0.1976015269756317,0.0,70.95367995705453,23040.0
1.0407341718673706,0.8387324213981628,0.20200176537036896,0.0,61.8902685947001,23040.0
1.0004092454910278,0.798099160194397,0.20231011509895325,0.0,77.09958445325029,23040.0
1.0215948820114136,0.80286705493927,0.218727707862854,0.0,49.684835931723185,23040.0
0.9864479899406433,0.785286009311676,0.20116208493709564,0.0,80.11192127161702,23040.0
0.9119665622711182,0.714241087436676,0.19772545993328094,0.0,40.90443918050828,23040.0
1.1319842338562012,0.9168930649757385,0.21509139239788055,0.0,73.18583508337936,23040.0
1.0868451595306396,0.8616840839385986,0.22516095638275146,0.0,53.337710478211726,23040.0
0.8818776607513428,0.6994898319244385,0.18238769471645355,0.0,59.80451046702129,23040.0
1.1398420333862305,0.9303397536277771,0.20950238406658173,0.0,61.58299101586575,23040.0
1.0024336576461792,0.7965108156204224,0.20592282712459564,0.0,43.276243830628566,23040.0
1.1188068389892578,0.9024132490158081,0.2163936346769333,0.0,66.45556427653848,23040.0
0.8884000182151794,0.7077342867851257,0.1806657612323761,0.0,33.80461250521236,23040.0
0.9431136846542358,0.7501269578933716,0.19298668205738068,0.0,63.97382137188093,23040.0
0.7258861064910889,0.529961884021759,0.19592419266700745,0.0,48.241143185487864,23040.0
0.901762068271637,0.7052816152572632,0.19648051261901855,0.0,53.738387074820686,23040.0
0.892029881477356,0.6946550011634827,0.1973748505115509,0.0,48.846539271954484,23040.0
0.8953679203987122,0.6973220109939575,0.1980459839105606,0.0,50.68150179832153,23040.0
0.809977650642395,0.6133456230163574,0.19663198292255402,0.0,51.13815651672624,23040.0
1.012367606163025,0.8024047613143921,0.2099626511335373,0.0,46.21457488717114,23040.0
0.9907425045967102,0.7813308835029602,0.20941171050071716,0.0,57.534892713376564,23040.0
0.9388066530227661,0.7362089157104492,0.20259782671928406,0.0,61.262866085068985,23040.0
2.1676440238952637,1.8722003698349,0.29544371366500854,0.0,43.551326021335655,23040.0
2.0367939472198486,1.7502851486206055,0.28650906682014465,0.0,66.5588205448961,23040.0
0.8579531908035278,0.6535559892654419,0.20439721643924713,0.0,38.572194457400066,23040.0
0.8572074174880981,0.6452091932296753,0.21199829876422882,0.0,57.10169130384594,23040.0
0.910760760307312,0.7072407603263855,0.20351997017860413,0.0,37.83408542485772,23040.0
0.8467712998390198,0.6373580694198608,0.20941323041915894,0.0,50.78948996145153,23040.0
0.914641261100769,0.6961215734481812,0.21851961314678192,0.0,43.57432663230235,23040.0
1.0490683317184448,0.8273885250091553,0.22167985141277313,0.0,49.269685145551485,23040.0
2.1346373558044434,1.8295515775680542,0.3050859272480011,0.0,59.892832871499266,23040.0
1.1356300115585327,0.9107039570808411,0.22492600977420807,0.0,83.66035830916609,23040.0
0.767790675163269,0.5607961416244507,0.20699451863765717,0.0,54.716491101513704,23040.0
1.3246337175369263,1.089817762374878,0.23481589555740356,0.0,78.6451827172643,23040.0
0.9133449792861938,0.6919292211532593,0.22141581773757935,0.0,57.29551455050906,23040.0
0.9441044926643372,0.716684877872467,0.2274193912744522,0.0,83.37049986382019,23040.0
0.8819353580474854,0.6723511815071106,0.20958417654037476,0.0,61.792485195690205,23040.0
0.9332687258720398,0.7137465476989746,0.21952205896377563,0.0,54.62364550183609,23040.0
0.847238302230835,0.6391153335571289,0.20812316238880157,0.0,69.49433039112567,23040.0
0.7894537448883057,0.5803036689758301,0.20914997160434723,0.0,50.60160154732826,23040.0
1.0394996404647827,0.8038299679756165,0.2356697916984558,0.0,73.61446112047247,23040.0
0.8892125487327576,0.673609733581543,0.21560277044773102,0.0,38.96508787300353,23040.0
1.0156543254852295,0.7883524298667908,0.22730180621147156,0.0,57.90985060422457,23040.0
0.8856272101402283,0.6627019643783569,0.22292523086071014,0.0,75.43689577076275,23040.0
0.8747442364692688,0.6588894128799438,0.21585479378700256,0.0,43.648074869472325,23040.0
0.9668228030204773,0.7450866103172302,0.22173625230789185,0.0,55.26885815080807,23040.0
0.7049790024757385,0.4981335401535034,0.20684543251991272,0.0,41.98014461154345,23040.0
0.7181207537651062,0.49789801239967346,0.22022277116775513,0.0,57.83916989828398,23040.0
0.8263614177703857,0.5900996923446655,0.2362617701292038,0.0,52.0224150868027,23040.0
1.0356783866882324,0.7918511033058167,0.24382711946964264,0.0,37.26853022127132,23040.0
0.9945642948150635,0.7625541687011719,0.23201023042201996,0.0,61.791803775950946,23040.0
0.7095384001731873,0.4786364734172821,0.23090197145938873,0.0,28.05474163659489,23040.0
0.7878867983818054,0.5477949976921082,0.2400917410850525,0.0,56.87923079391527,23040.0
0.721860945224762,0.488782674074173,0.2330782413482666,0.0,48.0531073993567,23040.0
0.7356522679328918,0.5096549987792969,0.22599726915359497,0.0,27.52207405535952,23040.0
0.7471802830696106,0.5011610388755798,0.24601921439170837,0.0,59.199602265628236,23040.0
0.7339558005332947,0.502590537071228,0.2313651442527771,0.0,76.52144098760425,23040.0
0.7149720788002014,0.48147693276405334,0.23349520564079285,0.0,52.570364508917024,23040.0
0.7442707419395447,0.5065329670906067,0.23773792386054993,0.0,37.840250748603324,23040.0
0.7903475165367126,0.5547908544540405,0.2355564683675766,0.0,73.22308040480024,23040.0
0.9639706015586853,0.7105392217636108,0.2534312903881073,0.0,91.80876798795246,23040.0
0.8461737036705017,0.6079126000404358,0.23826120793819427,0.0,86.58291287378846,23040.0
0.8583454489707947,0.6124518513679504,0.24589358270168304,0.0,69.68134972794398,23040.0
0.8647105097770691,0.596699059009552,0.26801151037216187,0.0,37.42721587703882,23040.0
0.9527413249015808,0.7030602097511292,0.24968108534812927,0.0,83.17836519537877,23040.0
0.4526786804199219,0.21598248183727264,0.23669622838497162,0.0,52.612764827053354,23040.0
0.724250853061676,0.47883954644203186,0.24541142582893372,0.0,68.76230979924281,23040.0
0.8863199949264526,0.6313697099685669,0.25495031476020813,0.0,105.38596155296348,23040.0
0.6463287472724915,0.3994869589805603,0.24684174358844757,0.0,75.84402029179715,23040.0
0.7495639324188232,0.4894680976867676,0.26009583473205566,0.0,70.61771578200381,23040.0
0.7036141157150269,0.47184234857559204,0.23177173733711243,0.0,79.90925729727991,23040.0
0.5507591366767883,0.3176291286945343,0.23312999308109283,0.0,62.82043097236572,23040.0
0.7745630145072937,0.4910506308078766,0.28351226449012756,0.0,111.73319863334329,23040.0
1.0894798040390015,0.8209039568901062,0.26857563853263855,0.0,114.42764991702136,23040.0
0.5870946049690247,0.34399276971817017,0.24310187995433807,0.0,62.91000810850607,23040.0
1.4837028980255127,1.1507112979888916,0.33299174904823303,0.0,194.79477021079026,23040.0
1.3845362663269043,1.113295078277588,0.27124136686325073,0.0,145.37240003322404,23040.0
1.3415802717208862,1.0675286054611206,0.27405187487602234,0.0,109.53813401966494,23040.0
0.984041154384613,0.6982998251914978,0.28574132919311523,0.0,115.1027448466092,23040.0
1.2046544551849365,0.8932241797447205,0.3114302456378937,0.0,121.3201163869408,23040.0
0.9745171666145325,0.7040262222290039,0.2704909145832062,0.0,105.4850306623177,23040.0
1.4080690145492554,1.1353861093521118,0.2726830840110779,0.0,92.0490198791628,23040.0
0.9448115229606628,0.6715567111968994,0.27325472235679626,0.0,82.08493177837164,23040.0
1.6067363023757935,1.2696670293807983,0.3370693325996399,0.0,149.29511314087122,23040.0
2.2332425117492676,1.8821022510528564,0.35114049911499023,0.0,88.06755311538946,23040.0
1.1380691528320312,0.8471940159797668,0.2908749580383301,0.0,102.67806462728672,23040.0
0.9637117981910706,0.6956210732460022,0.26809072494506836,0.0,68.76556760852498,23040.0
1.2408982515335083,0.9331574440002441,0.30774086713790894,0.0,115.5574077461335,23040.0
0.967740535736084,0.6928991675376892,0.2748413681983948,0.0,63.23414452402056,23040.0
0.8972076177597046,0.6459577679634094,0.2512498199939728,0.0,93.89510309920544,23040.0
0.976327657699585,0.7052716612815857,0.27105605602264404,0.0,52.75971466385152,23040.0
0.8942543864250183,0.610630989074707,0.28362342715263367,0.0,96.93426346865424,23040.0
1.129180908203125,0.8053449988365173,0.32383599877357483,0.0,64.85753863751737,23040.0
0.8302797079086304,0.5652074217796326,0.2650722563266754,0.0,92.88819219322957,23040.0
0.8987228274345398,0.583260178565979,0.31546276807785034,0.0,68.00330840301181,23040.0
0.7705285549163818,0.4846024513244629,0.28592613339424133,0.0,82.92074743195694,23040.0
0.6621510982513428,0.377029150724411,0.28512194752693176,0.0,68.93278579105862,23040.0
2.0012667179107666,1.6307530403137207,0.3705136179924011,0.0,77.4771441999512,23040.0
0.6251493692398071,0.33699604868888855,0.28815335035324097,0.0,71.33527011791693,23040.0
0.6631105542182922,0.37899747490882874,0.2841130197048187,0.0,67.7888447447888,23040.0
0.7565644383430481,0.4732029438018799,0.2833614647388458,0.0,85.26615711167513,23040.0
1.0016611814498901,0.679599404335022,0.3220617473125458,0.0,75.4137353858384,23040.0
0.6037133932113647,0.33821427822113037,0.265499085187912,0.0,97.65299949985238,23040.0
0.8393619060516357,0.548982560634613,0.29037925601005554,0.0,96.95705704243055,23040.0
0.7571662068367004,0.4739188253879547,0.28324729204177856,0.0,83.44908847150151,23040.0
2.0409345626831055,1.6812796592712402,0.35965487360954285,0.0,88.60615161898922,23040.0
0.7192153334617615,0.4314805269241333,0.2877348065376282,0.0,72.60216265975309,23040.0
0.7265697121620178,0.43438801169395447,0.29218170046806335,0.0,62.213396993983736,23040.0
0.6406097412109375,0.34546634554862976,0.29514339566230774,0.0,86.51975423445266,23040.0
0.7193409204483032,0.42210978269577026,0.29723113775253296,0.0,61.4024033275968,23040.0
0.6597667932510376,0.36274829506874084,0.2970185875892639,0.0,58.89385215523892,23040.0
0.8005247116088867,0.5012263655662537,0.29929858446121216,0.0,84.6708991798179,23040.0
0.7434988021850586,0.43278953433036804,0.3107093274593353,0.0,19.0583610224618,23040.0
0.7499108910560608,0.4337432086467743,0.3161677122116089,0.0,78.51350736212778,23040.0
0.7398319840431213,0.42770257592201233,0.3121294379234314,0.0,47.087096100236465,23040.0
0.7001533508300781,0.38010087609291077,0.3200524151325226,0.0,52.58770180712413,23040.0
0.671208381652832,0.329194039106369,0.3420144319534302,0.0,47.57473882644158,23040.0
1.6760386228561401,1.271445631980896,0.4045928120613098,0.0,35.050163972722274,23040.0
0.7428320050239563,0.39391911029815674,0.34891292452812195,0.0,55.85002962572907,23040.0
0.4956884980201721,0.17200540006160736,0.3236831724643707,0.0,28.937658614477876,23040.0
0.5982423424720764,0.2551650106906891,0.34307733178138733,0.0,58.82438449555574,23040.0
0.6511954069137573,0.30627134442329407,0.34492409229278564,0.0,36.704486113457946,23040.0
0.7128944396972656,0.3566996157169342,0.35619476437568665,0.0,78.67118316335392,23040.0
0.7293224930763245,0.37841036915779114,0.35091206431388855,0.0,30.18434936986564,23040.0
0.5641644597053528,0.23107552528381348,0.3330889344215393,0.0,65.13382544087511,23040.0
0.6387421488761902,0.29675090312957764,0.34199127554893494,0.0,44.515793490535,23040.0
0.6827576756477356,0.3220726549625397,0.3606850206851959,0.0,42.986206817541536,23040.0
0.69297194480896,0.3467862010002136,0.34618574380874634,0.0,30.077095767209883,23040.0
0.6936793923377991,0.34376564621925354,0.34991371631622314,0.0,34.07135541989942,23040.0
0.6346198916435242,0.26283031702041626,0.3717896640300751,0.0,58.22040448250163,23040.0
0.8241755962371826,0.4324512183666229,0.39172443747520447,0.0,41.71657829468154,23040.0
0.558495819568634,0.19039903581142426,0.36809688806533813,0.0,40.03448800812396,23040.0
0.550330638885498,0.17235055565834045,0.37798017263412476,0.0,35.53100093247446,23040.0
0.7037480473518372,0.33015263080596924,0.3735954761505127,0.0,56.18003037396959,23040.0
0.7894036173820496,0.4012066721916199,0.3881969749927521,0.0,55.97559288671543,23040.0
0.7126069068908691,0.349235862493515,0.3633710741996765,0.0,52.943469720124725,23040.0
0.6560416221618652,0.2883002758026123,0.36774125695228577,0.0,72.79683669689042,23040.0
0.5940359830856323,0.24621227383613586,0.34782376885414124,0.0,44.76178895248249,23040.0
0.6128165125846863,0.24956513941287994,0.3632515072822571,0.0,72.99595878710089,23040.0
0.3000975251197815,-0.057289429008960724,0.35738712549209595,0.0,64.26445984259487,23040.0
0.5429096221923828,0.16779303550720215,0.3751164376735687,0.0,37.57278547938803,23040.0
0.6447822451591492,0.2689586281776428,0.3758234977722168,0.0,64.01326426781183,23040.0
0.5049096941947937,0.0934624969959259,0.4114472270011902,0.0,78.12489514249751,23040.0
0.5044716596603394,0.10952317714691162,0.3949485421180725,0.0,89.15454806777144,23040.0
0.6986832022666931,0.3138166069984436,0.38486653566360474,0.0,94.2398039492196,23040.0
0.5825269222259521,0.1590893417596817,0.42343762516975403,0.0,75.5054901256113,23040.0
0.6824444532394409,0.2783913016319275,0.4040531516075134,0.0,44.09911777067119,23040.0
0.48348116874694824,0.11145231127738953,0.37202876806259155,0.0,68.84857797455274,23040.0
0.5477922558784485,0.17163842916488647,0.3761539161205292,0.0,98.37485898457787,23040.0
0.8013221025466919,0.3934829831123352,0.4078390896320343,0.0,112.09684900249981,23040.0
0.6707503795623779,0.26814472675323486,0.40260574221611023,0.0,76.78649602108648,23040.0
0.34089910984039307,-0.04435599595308304,0.38525521755218506,0.0,53.277189779429136,23040.0
0.4628273844718933,0.059462808072566986,0.40336447954177856,0.0,71.45293293073175,23040.0
0.5736618638038635,0.1611967384815216,0.4124651551246643,0.0,62.1416718481093,23040.0
0.3059435486793518,-0.08415623754262924,0.39009979367256165,0.0,64.24688154780902,23040.0
0.6237257122993469,0.17214690148830414,0.45157864689826965,0.0,73.16976516619822,23040.0
1.8192142248153687,1.3193038702011108,0.4999100863933563,0.0,102.84438878274386,23040.0
0.6179843544960022,0.1622423231601715,0.4557419717311859,0.0,92.33816266621011,23040.0
0.6737388968467712,0.22041715681552887,0.4533217251300812,0.0,78.07956748974428,23040.0
0.7274272441864014,0.2800888121128082,0.44733843207359314,0.0,78.54864165146041,23040.0
0.49614453315734863,0.05389711633324623,0.4422474801540375,0.0,63.336513089344976,23040.0
0.6041737198829651,0.16190995275974274,0.4422636330127716,0.0,88.55514334760568,23040.0
0.6618863940238953,0.21230460703372955,0.4495815336704254,0.0,69.30452873023268,23040.0
0.5158957839012146,0.08944672346115112,0.42644909024238586,0.0,77.2284912172972,23040.0
0.6210374236106873,0.19912448525428772,0.4219130575656891,0.0,155.68677820157947,23040.0
0.4849933981895447,0.0714711919426918,0.4135221838951111,0.0,152.00002487591632,23040.0
0.5221037268638611,0.08587014675140381,0.43623363971710205,0.0,112.15797420666073,23040.0
0.6477453708648682,0.20888228714466095,0.43886294960975647,0.0,130.01692753363503,23040.0
0.5106227397918701,0.0740470364689827,0.43657562136650085,0.0,111.71559345534386,23040.0
0.6670424342155457,0.22136743366718292,0.44567516446113586,0.0,87.35869276338384,23040.0
0.6671364903450012,0.20241013169288635,0.4647265672683716,0.0,82.66970641065684,23040.0
0.6380136013031006,0.1777397096157074,0.46027395129203796,0.0,119.87380839958303,23040.0
0.5813698768615723,0.14325977861881256,0.43810996413230896,0.0,83.28263666107722,23040.0
0.4732326865196228,0.031057575717568398,0.4421752095222473,0.0,78.6379273743309,23040.0
0.7179872393608093,0.2304213047027588,0.4875659644603729,0.0,121.6107589181087,23040.0
0.813280463218689,0.3118531107902527,0.5014273524284363,0.0,76.33330336040464,23040.0
1.3696253299713135,0.8542071580886841,0.5154182314872742,0.0,169.72120798075576,23040.0
1.0503262281417847,0.6030508875846863,0.4472752809524536,0.0,154.71190301111113,23040.0
0.8776291012763977,0.422928124666214,0.4547010660171509,0.0,89.61994121235706,23040.0
1.3437052965164185,0.7861729264259338,0.5575323700904846,0.0,158.404139639237,23040.0
0.8187834024429321,0.3480255901813507,0.4707579016685486,0.0,124.63636342946008,23040.0
0.6018972992897034,0.13492944836616516,0.46696776151657104,0.0,77.86733061221038,23040.0
1.8628641366958618,1.2342231273651123,0.6286414265632629,0.0,213.51356128456953,23040.0
1.1306774616241455,0.6718165874481201,0.4588607847690582,0.0,107.55510031523431,23040.0
1.2419617176055908,0.7753205895423889,0.4666410982608795,0.0,131.8182638935197,23040.0
0.9587047100067139,0.3855748176574707,0.5731299519538879,0.0,82.50376552101946,23040.0
0.8922229409217834,0.4426327049732208,0.44959038496017456,0.0,110.79987296561453,23040.0
0.9991387128829956,0.5359228849411011,0.46321597695350647,0.0,93.34700117527503,23040.0
0.8060827255249023,0.35004377365112305,0.4560390114784241,0.0,68.1801660308324,23040.0
0.8396889567375183,0.3739774823188782,0.465711385011673,0.0,98.92671081909187,23040.0
0.8094737529754639,0.36288630962371826,0.44658759236335754,0.0,88.70800818091554,23040.0
1.350151777267456,0.8256384134292603,0.5245134830474854,0.0,120.95907826042227,23040.0
1.183796763420105,0.7161498069763184,0.46764713525772095,0.0,83.90871874028119,23040.0
0.7734638452529907,0.31520161032676697,0.45826220512390137,0.0,70.89598558178791,23040.0
2.0738677978515625,1.486811876296997,0.587056040763855,0.0,106.17927508793463,23040.0
0.7267506122589111,0.259247750043869,0.46750301122665405,0.0,77.62630507250763,23040.0
0.7215102910995483,0.21700464189052582,0.5045056939125061,0.0,60.684733484240645,23040.0
1.2906490564346313,0.7024208307266235,0.588228166103363,0.0,91.96241733599508,23040.0
0.8036284446716309,0.3243584632873535,0.47926995158195496,0.0,80.07830668947236,23040.0
0.725726306438446,0.21063408255577087,0.515092134475708,0.0,75.71140824738562,23040.0
0.7648440599441528,0.2508079409599304,0.514036238193512,0.0,89.90229041639728,23040.0
0.5989854335784912,0.09546487778425217,0.5035205483436584,0.0,74.82055984001988,23040.0
0.8850979208946228,0.3709305226802826,0.5141673684120178,0.0,93.42270630160654,23040.0
0.5568983554840088,0.042594656348228455,0.5143037438392639,0.0,79.63443667724306,23040.0
0.5505013465881348,0.04846790060400963,0.5020334720611572,0.0,93.69851486739243,23040.0
0.6370363831520081,0.12186867743730545,0.5151677131652832,0.0,53.4777499322829,23040.0
0.6280567646026611,0.0809541568160057,0.5471027493476868,0.0,108.29225997625554,23040.0
0.26578301191329956,-0.23642802238464355,0.5022109150886536,0.0,67.75913738973479,23040.0
0.39451169967651367,-0.13923071324825287,0.5337426662445068,0.0,74.4741671071679,23040.0
0.45653823018074036,-0.08425802737474442,0.5407961010932922,0.0,82.82340763037304,23040.0
0.20303475856781006,-0.3368883430957794,0.5399232506752014,0.0,73.15553533660632,23040.0
0.49880045652389526,-0.06853992491960526,0.5673403143882751,0.0,64.025045395588,23040.0
0.5000625848770142,-0.09754504263401031,0.597607433795929,0.0,81.38362702077258,23040.0
0.35270971059799194,-0.20805609226226807,0.5607656836509705,0.0,75.30427316367472,23040.0
0.3065962791442871,-0.2574121356010437,0.5640086531639099,0.0,71.95759880176821,23040.0
0.4539937376976013,-0.10821716487407684,0.5622107982635498,0.0,85.10674775992945,23040.0
0.33526647090911865,-0.2526353597640991,0.5879017114639282,0.0,72.48667877721839,23040.0
0.31094348430633545,-0.2450980544090271,0.5560414791107178,0.0,75.40382728470927,23040.0
0.23040148615837097,-0.37920549511909485,0.6096071004867554,0.0,83.13320414211677,23040.0
0.27076631784439087,-0.3520658314228058,0.6228320002555847,0.0,50.94803352182078,23040.0
0.38624444603919983,-0.21238967776298523,0.5986340045928955,0.0,95.03099492529009,23040.0
0.3585829734802246,-0.241257905960083,0.5998409390449524,0.0,72.82975771256872,23040.0
0.22155585885047913,-0.37033793330192566,0.5918937921524048,0.0,79.89954681140681,23040.0
0.1225702315568924,-0.45263463258743286,0.5752049088478088,0.0,69.64572207379655,23040.0
0.3692057728767395,-0.26489248871803284,0.6340981721878052,0.0,65.13858903647998,23040.0
1.3365638256072998,0.6528997421264648,0.6836639046669006,0.0,65.9228968576355,23040.0
0.14143875241279602,-0.46549326181411743,0.606931746006012,0.0,45.669323640084045,23040.0
0.1545417606830597,-0.4400811195373535,0.5946226716041565,0.0,43.10657526186165,23040.0
0.377444326877594,-0.2897596061229706,0.6672039031982422,0.0,64.12548756529523,23040.0
0.2697305977344513,-0.34193581342697144,0.6116663813591003,0.0,54.1829584815599,23040.0
0.4049152731895447,-0.23634444177150726,0.641259491443634,0.0,40.71236034363928,23040.0
0.19046767055988312,-0.487445205450058,0.6779127717018127,0.0,66.55795318647694,23040.0
0.12724779546260834,-0.46816253662109375,0.5954104065895081,0.0,58.027859479503626,23040.0
0.14706450700759888,-0.4925057291984558,0.6395700573921204,0.0,44.97666916117016,23040.0
0.31276294589042664,-0.35262227058410645,0.6653849482536316,0.0,56.90201558006991,23040.0
0.11372722685337067,-0.5737109780311584,0.6874381899833679,0.0,44.977055035173585,23040.0
0.283801406621933,-0.4089115858078003,0.6927129030227661,0.0,56.92221268741752,23040.0
0.5008547306060791,-0.20223736763000488,0.7030920386314392,0.0,73.89678558989914,23040.0
0.25681567192077637,-0.440414160490036,0.6972296237945557,0.0,81.58577048846159,23040.0
0.2800574004650116,-0.43117204308509827,0.7112294435501099,0.0,72.15709663277542,23040.0
0.31630247831344604,-0.37566372752189636,0.6919662356376648,0.0,77.89109254221874,23040.0
0.11711200326681137,-0.5691649913787842,0.6862770915031433,0.0,77.724191993581,23040.0
1.2941187620162964,0.5313433408737183,0.762775182723999,0.0,76.94565827077432,23040.0
0.1825251281261444,-0.4937005639076233,0.6762257814407349,0.0,78.26995904702572,23040.0
0.24840910732746124,-0.430361807346344,0.6787708401679993,0.0,81.45312476454514,23040.0
0.18983247876167297,-0.5071718692779541,0.6970040798187256,0.0,85.13960424555175,23040.0
0.13278108835220337,-0.5675238966941833,0.7003051042556763,0.0,74.16712122142663,23040.0
1.0292866230010986,0.2772030532360077,0.7520833611488342,0.0,76.24620557965189,23040.0
0.1874731481075287,-0.484514445066452,0.6719875931739807,0.0,83.4168588485137,23040.0
0.2642669379711151,-0.43468213081359863,0.6989490985870361,0.0,98.56190580731062,23040.0
0.17082342505455017,-0.5310093760490417,0.7018325924873352,0.0,70.33217610177363,23040.0
0.11474473774433136,-0.5533236265182495,0.6680682897567749,0.0,78.86615730901718,23040.0
0.4318094551563263,-0.29381999373435974,0.725629448890686,0.0,110.32584540671269,23040.0
0.4779077172279358,-0.31247222423553467,0.7903801202774048,0.0,92.7004618461715,23040.0
0.05100526660680771,-0.6711515188217163,0.7221565842628479,0.0,58.2531269956545,23040.0
0.29096657037734985,-0.4892468750476837,0.7802132368087769,0.0,101.14136050986099,23040.0
0.498019278049469,-0.2615930140018463,0.7596120834350586,0.0,87.27146280113928,23040.0
0.18854357302188873,-0.560666561126709,0.7492102980613708,0.0,88.10067729826129,23040.0
0.07175563275814056,-0.6327863335609436,0.7045418620109558,0.0,53.751918704903254,23040.0
0.3546614646911621,-0.38242679834365845,0.7370882630348206,0.0,67.45515566965499,23040.0
0.293923556804657,-0.46135932207107544,0.7552827000617981,0.0,86.2045197161251,23040.0
0.11268854141235352,-0.6390721201896667,0.7517605423927307,0.0,63.58654797644641,23040.0
0.22306111454963684,-0.5496557354927063,0.772716760635376,0.0,67.79140793326367,23040.0
0.10476245731115341,-0.636149525642395,0.7409119606018066,0.0,71.11379716289001,23040.0
0.06405310332775116,-0.6617403626441956,0.7257933020591736,0.0,58.45680733336752,23040.0
-0.003342405892908573,-0.728252649307251,0.7249100804328918,0.0,83.9245587808208,23040.0
0.007151911035180092,-0.7089900374412537,0.7161423563957214,0.0,110.72959267383007,23040.0
0.33482086658477783,-0.4432372748851776,0.778057873249054,0.0,95.8944655332186,23040.0
0.1706756204366684,-0.5919628739356995,0.7626384496688843,0.0,87.15078027525182,23040.0
0.08687399327754974,-0.662233293056488,0.749107301235199,0.0,85.34783130231753,23040.0
0.0768570601940155,-0.6584503054618835,0.7353070378303528,0.0,75.71122574641717,23040.0
0.2555461823940277,-0.5745935440063477,0.8301397562026978,0.0,69.82317714141858,23040.0
0.05260183662176132,-0.7384229302406311,0.7910242080688477,0.0,73.75536946770231,23040.0
-0.14461654424667358,-0.9192830324172974,0.774666428565979,0.0,83.68610199346745,23040.0
-0.03129343315958977,-0.8356354832649231,0.8043420314788818,0.0,63.68356498368718,23040.0
0.2097124308347702,-0.6621841788291931,0.8718963861465454,0.0,100.34516900506301,23040.0
0.963594377040863,0.0389077290892601,0.9246866106987,0.0,188.69047909464138,23040.0
2.9685733318328857,2.0776944160461426,0.8908793926239014,0.0,251.71134944332618,23040.0
1.009333610534668,0.1865478903055191,0.8227858543395996,0.0,140.94887340694112,23040.0
3.1679584980010986,1.8933889865875244,1.2745691537857056,0.0,267.0687770477238,23040.0
1.1072402000427246,0.30277717113494873,0.8044632077217102,0.0,171.74224338955497,23040.0
1.9962189197540283,1.1570237874984741,0.8391947150230408,0.0,138.2556426688071,23040.0
0.9316747784614563,0.09186260402202606,0.8398120403289795,0.0,87.51057330454591,23040.0
1.8419666290283203,0.9020590782165527,0.9399072527885437,0.0,163.23572583354817,23040.0
1.3723437786102295,0.4726760983467102,0.8996676802635193,0.0,72.81937021575956,23040.0
1.1632803678512573,0.400986909866333,0.7622932195663452,0.0,102.71479698364215,23040.0
1.3266732692718506,0.6091353297233582,0.7175377607345581,0.0,92.39978720856212,23040.0
1.0729175806045532,0.31074121594429016,0.7621764540672302,0.0,41.063417181532856,23040.0
1.5489377975463867,0.7160850763320923,0.832852840423584,0.0,96.44608855402909,23040.0
1.3253837823867798,0.5582985281944275,0.7670851945877075,0.0,64.1715469068997,23040.0
0.991902768611908,0.2791098356246948,0.7127928137779236,0.0,40.21075740495565,23040.0
1.1026415824890137,0.43440428376197815,0.668237030506134,0.0,68.71957886015254,23040.0
0.9053268432617188,0.2461237609386444,0.6592031121253967,0.0,46.34725239193885,23040.0
0.931232213973999,0.22619247436523438,0.7050396203994751,0.0,43.66223476592561,23040.0
1.3006913661956787,0.5016049146652222,0.7990862727165222,0.0,76.22392746525279,23040.0
0.8535477519035339,0.15621957182884216,0.6973283290863037,0.0,34.42405185217021,23040.0
0.7296058535575867,0.05594472959637642,0.6736611127853394,0.0,59.681834997966924,23040.0
1.0934635400772095,0.3613743185997009,0.7320892214775085,0.0,59.77433001259553,23040.0
1.0432336330413818,0.28658562898635864,0.7566481828689575,0.0,49.82489443196908,23040.0
0.7757371664047241,0.027023203670978546,0.7487136721611023,0.0,81.64661396515517,23040.0
0.5281239151954651,-0.15936020016670227,0.6874840259552002,0.0,40.04775661827365,23040.0
0.7906346917152405,-0.02170104905962944,0.812335729598999,0.0,84.33597448961787,23040.0
0.6602128744125366,-0.15414927899837494,0.8143622279167175,0.0,47.290435947699265,23040.0
0.5690562725067139,-0.2733311057090759,0.842387318611145,0.0,75.80870965641164,23040.0
0.549451470375061,-0.29640576243400574,0.8458572626113892,0.0,95.38149916307842,23040.0
0.4465579688549042,-0.39608651399612427,0.8426445126533508,0.0,37.39402396581564,23040.0
0.39846792817115784,-0.5203933715820312,0.9188612103462219,0.0,68.70283633235131,23040.0
0.1445372849702835,-0.7088203430175781,0.8533572554588318,0.0,60.955494272922614,23040.0
0.18158762156963348,-0.6859320402145386,0.8675199151039124,0.0,49.13840914585806,23040.0
0.3251182436943054,-0.5673772096633911,0.8924953937530518,0.0,80.82873232372891,23040.0
0.21714186668395996,-0.7047644257545471,0.9219063520431519,0.0,71.98334543316626,23040.0
0.04766112565994263,-0.8729333877563477,0.9205944538116455,0.0,68.44401660968144,23040.0
0.2538241147994995,-0.7217770218849182,0.9756008386611938,0.0,69.98348299767234,23040.0
0.036081116646528244,-0.8868218064308167,0.9229027628898621,0.0,48.54490727349328,23040.0
0.2570333778858185,-0.7079257965087891,0.9649592638015747,0.0,85.55292861701764,23040.0
0.4442960023880005,-0.6218604445457458,1.0661563873291016,0.0,100.77303173232305,23040.0
1.2848894596099854,0.2722875773906708,1.0126020908355713,0.0,151.40816892331688,23040.0
1.760962963104248,0.5164982080459595,1.2444647550582886,0.0,155.52654982573364,23040.0
1.0370272397994995,-0.004511462524533272,1.0415388345718384,0.0,117.90090816884776,23040.0
1.4110515117645264,0.3396139442920685,1.0714373588562012,0.0,63.466386678293766,23040.0
1.149821162223816,0.0344567708671093,1.1153640747070312,0.0,147.37869367031593,23040.0
0.4241012930870056,-0.5371428728103638,0.9612442851066589,0.0,81.86251450577798,23040.0
0.6938216090202332,-0.23206917941570282,0.9258910417556763,0.0,94.37155605307483,23040.0
1.5982669591903687,0.4314561188220978,1.1668108701705933,0.0,80.98977194612924,23040.0
0.6020059585571289,-0.4530829191207886,1.0550886392593384,0.0,87.097217286887,23040.0
0.40505048632621765,-0.517518937587738,0.9225694537162781,0.0,78.40830724120154,23040.0
0.2920462191104889,-0.6189772486686707,0.9110231995582581,0.0,61.631522444576056,23040.0
0.29061004519462585,-0.6528817415237427,0.9434916973114014,0.0,67.76614810307092,23040.0
0.22190403938293457,-0.7207563519477844,0.9426605105400085,0.0,55.701005106042,23040.0
0.31450679898262024,-0.5506856441497803,0.8651922345161438,0.0,60.83983885169116,23040.0
1.029129147529602,0.03246259689331055,0.9966661930084229,0.0,54.83580614314469,23040.0
0.4500822424888611,-0.49495357275009155,0.945035994052887,0.0,55.13285621348588,23040.0
0.06985989958047867,-0.8488345742225647,0.9186941981315613,0.0,63.68132013071267,23040.0
-0.0640677958726883,-0.9398316144943237,0.8757635354995728,0.0,45.67862239377129,23040.0
-0.0660267174243927,-0.9881793260574341,0.9221528172492981,0.0,69.19257385897521,23040.0
0.11217543482780457,-0.8785092830657959,0.9906846880912781,0.0,56.55823601211638,23040.0
0.4760220944881439,-0.5706816911697388,1.0467040538787842,0.0,96.01286278947984,23040.0
0.01524309627711773,-0.9815953373908997,0.9968388080596924,0.0,78.67204720323282,23040.0
-0.043947771191596985,-1.0414401292800903,0.997491717338562,0.0,77.72728760738663,23040.0
-0.02296457812190056,-1.0385301113128662,1.015565276145935,0.0,74.86302536231533,23040.0
0.13767500221729279,-0.9800330400466919,1.1177077293395996,0.0,98.15239805805513,23040.0
0.0007080078357830644,-1.0768052339553833,1.0775136947631836,0.0,85.83672053978478,23040.0
-0.1680542677640915,-1.2868233919143677,1.1187690496444702,0.0,46.037096975874995,23040.0
-0.17275074124336243,-1.273647427558899,1.1008965969085693,0.0,98.00988734583936,23040.0
0.1326204240322113,-0.9906540513038635,1.123274564743042,0.0,104.15724880150789,23040.0
-0.1664949655532837,-1.3300392627716064,1.1635445356369019,0.0,72.64491304837246,23040.0
-0.3934459686279297,-1.485694408416748,1.092248558998108,0.0,44.529323680146426,23040.0
-0.27385517954826355,-1.3852734565734863,1.1114180088043213,0.0,71.20912503152644,23040.0
-0.10184947401285172,-1.3171457052230835,1.2152960300445557,0.0,74.15885808110603,23040.0
-0.20824603736400604,-1.3458307981491089,1.137584924697876,0.0,76.47842926132326,23040.0
-0.39835235476493835,-1.5180498361587524,1.1196972131729126,0.0,87.1325528900793,23040.0
-0.31186240911483765,-1.4892823696136475,1.177419662475586,0.0,96.45049469090984,23040.0
-0.14196211099624634,-1.3468652963638306,1.2049027681350708,0.0,94.46463855596281,23040.0
-0.23877611756324768,-1.3967201709747314,1.157943844795227,0.0,74.42118927528912,23040.0
-0.16706879436969757,-1.4104480743408203,1.2433793544769287,0.0,73.37571615384665,23040.0
0.0024940860457718372,-1.2393184900283813,1.2418125867843628,0.0,114.40067357346467,23040.0
0.08709422498941422,-1.16524076461792,1.252334713935852,0.0,101.81756452354664,23040.0
-0.2017897218465805,-1.473040223121643,1.2712503671646118,0.0,37.75409214006822,23040.0
-0.2894207239151001,-1.526484489440918,1.2370647192001343,0.0,110.17438854096125,23040.0
-0.2173059731721878,-1.4819239377975464,1.264617681503296,0.0,113.58650848501466,23040.0
-0.03869900107383728,-1.322842001914978,1.2841428518295288,0.0,98.61695693751349,23040.0
-0.0407654270529747,-1.1862257719039917,1.1454600095748901,0.0,116.77054156571691,23040.0
-0.18316417932510376,-1.4749552011489868,1.291791558265686,0.0,114.78642670258589,23040.0
-0.26755768060684204,-1.50436270236969,1.2368050813674927,0.0,95.4700027152858,23040.0
0.5942675471305847,-0.7412962913513184,1.3355634212493896,0.0,71.97144434668422,23040.0
0.030739493668079376,-1.3470054864883423,1.3777449131011963,0.0,149.5160964814675,23040.0
0.2159598022699356,-1.0815733671188354,1.2975330352783203,0.0,154.32525401526615,23040.0
-0.3112826347351074,-1.5708293914794922,1.2595468759536743,0.0,67.19509872489573,23040.0
0.23605257272720337,-1.0952860116958618,1.3313384056091309,0.0,169.53991175214935,23040.0
0.2104998677968979,-1.0794506072998047,1.2899507284164429,0.0,155.20726116281128,23040.0
-0.04156665876507759,-1.3341437578201294,1.2925775051116943,0.0,92.03560318738019,23040.0
0.2677270174026489,-1.1198829412460327,1.3876100778579712,0.0,172.08077420575452,23040.0
0.2258612960577011,-1.018387794494629,1.2442485094070435,0.0,126.15212902608403,23040.0
0.5185644030570984,-0.7915483117103577,1.3101129531860352,0.0,99.73346831680702,23040.0
0.6882425546646118,-0.6732812523841858,1.3615237474441528,0.0,181.58035358005637,23040.0
0.8500227928161621,-0.3700445890426636,1.2200672626495361,0.0,134.88683766153014,23040.0
1.3078829050064087,-0.015368244610726833,1.3232510089874268,0.0,114.64633257940368,23040.0
0.7070446610450745,-0.6867923140525818,1.3938369750976562,0.0,160.5926215054542,23040.0
0.980991780757904,-0.3708192706108093,1.3518112897872925,0.0,163.16505350072663,23040.0
0.24490296840667725,-0.9837051630020142,1.2286080121994019,0.0,125.21194671760341,23040.0
0.8400887250900269,-0.45555081963539124,1.2956395149230957,0.0,101.07275574808422,23040.0
0.650989294052124,-0.6671454310417175,1.3181347846984863,0.0,158.55674548372653,23040.0
-0.16803406178951263,-1.3652368783950806,1.1972026824951172,0.0,68.31013388674413,23040.0
0.47361505031585693,-0.6819425225257874,1.155557632446289,0.0,126.40466974979486,23040.0
-0.043477725237607956,-1.2271101474761963,1.183632493019104,0.0,85.94223721449538,23040.0
0.06381390988826752,-1.1629574298858643,1.226771593093872,0.0,91.89536959974666,23040.0
-0.10338147729635239,-1.224335789680481,1.1209536790847778,0.0,103.30697233374339,23040.0
-0.16429097950458527,-1.2968438863754272,1.132553219795227,0.0,84.75890839036796,23040.0
0.05976472795009613,-1.1660635471343994,1.2258280515670776,0.0,83.91933444462357,23040.0
-0.08931327611207962,-1.3236126899719238,1.2342991828918457,0.0,100.54376628970861,23040.0
0.07682729512453079,-1.1884291172027588,1.2652562856674194,0.0,102.45125787373621,23040.0
-0.019613096490502357,-1.3430514335632324,1.3234379291534424,0.0,95.00604281685949,23040.0
0.11480838060379028,-1.1523020267486572,1.267110824584961,0.0,95.34970003526152,23040.0
-0.3892837464809418,-1.6263645887374878,1.2370809316635132,0.0,82.1141016122016,23040.0
-0.3621150553226471,-1.6625655889511108,1.3004511594772339,0.0,77.41094043152553,23040.0
-0.16633622348308563,-1.5548402070999146,1.3885045051574707,0.0,181.5537003786828,23040.0
0.9104055762290955,-0.6184502840042114,1.5288556814193726,0.0,175.17909175832543,23040.0
1.4952754974365234,0.10617730766534805,1.3890986442565918,0.0,175.35784371903762,23040.0
0.83268803358078,-0.5309445858001709,1.3636332750320435,0.0,119.3762212424882,23040.0
0.7496773600578308,-0.7819157242774963,1.5315933227539062,0.0,170.16557739092036,23040.0
-0.1328173726797104,-1.5483847856521606,1.4155677556991577,0.0,76.05287355472373,23040.0
0.9174395203590393,-0.5009891390800476,1.418428659439087,0.0,171.60728540689053,23040.0
0.2896011173725128,-1.1480053663253784,1.4376068115234375,0.0,97.39706841537794,23040.0
0.08726367354393005,-1.3375508785247803,1.4248151779174805,0.0,88.92404933494272,23040.0
0.223313570022583,-1.0887377262115479,1.3120509386062622,0.0,106.67707328488149,23040.0
0.1266999989748001,-1.1232374906539917,1.249937653541565,0.0,69.97693016407227,23040.0
-0.10070653259754181,-1.359165072441101,1.2584586143493652,0.0,78.37676741273506,23040.0
0.10339466482400894,-1.132021427154541,1.2354161739349365,0.0,86.02717380223606,23040.0
-0.08764612674713135,-1.2946646213531494,1.207018256187439,0.0,72.15698341845298,23040.0
-0.24497532844543457,-1.4461064338684082,1.201130747795105,0.0,85.06876424051897,23040.0
-0.21602757275104523,-1.4136111736297607,1.197583556175232,0.0,84.96734040524457,23040.0
-0.2610907256603241,-1.5187561511993408,1.2576653957366943,0.0,79.57363248602375,23040.0
-0.18103989958763123,-1.4361299276351929,1.2550904750823975,0.0,81.35299132368782,23040.0
-0.050159528851509094,-1.380010962486267,1.3298519849777222,0.0,80.75266686715509,23040.0
-0.3526725769042969,-1.6501882076263428,1.2975157499313354,0.0,70.04072519397862,23040.0
-0.02959170937538147,-1.4269866943359375,1.3973950147628784,0.0,116.2022303945956,23040.0
-0.15585878491401672,-1.629708170890808,1.4738500118255615,0.0,87.4823373273986,23040.0
-0.04171189293265343,-1.3977669477462769,1.3560552597045898,0.0,119.16356956386346,23040.0
-0.7235410809516907,-2.1216633319854736,1.3981223106384277,0.0,66.86190879933282,23040.0
-0.30653589963912964,-1.792853593826294,1.4863179922103882,0.0,114.08919876603814,23040.0
0.010172812268137932,-1.4712003469467163,1.4813735485076904,0.0,97.10685960317905,23040.0
-0.5119103789329529,-2.0010175704956055,1.4891068935394287,0.0,65.79291846540207,23040.0
0.15965303778648376,-1.4271436929702759,1.5867972373962402,0.0,124.94629998764118,23040.0
0.23956052958965302,-1.2224324941635132,1.461992859840393,0.0,127.71462698310107,23040.0
-0.3906252682209015,-1.9753623008728027,1.5847365856170654,0.0,63.12728801952324,23040.0
0.03356132656335831,-1.643898844718933,1.677459716796875,0.0,115.4992205070515,23040.0
-0.2982471287250519,-1.7962055206298828,1.4979580640792847,0.0,109.45250640333832,23040.0
-0.16868402063846588,-1.7444663047790527,1.5757824182510376,0.0,93.73833588952773,23040.0
-0.2341385781764984,-1.8393803834915161,1.605242371559143,0.0,120.02160379368483,23040.0
-0.04003257676959038,-1.7114596366882324,1.6714272499084473,0.0,119.8074435713209,23040.0
-0.1069498136639595,-1.6433258056640625,1.536375880241394,0.0,98.96678172623278,23040.0
-0.12536409497261047,-1.6886303424835205,1.563266634941101,0.0,93.30861374886975,23040.0
-0.15440614521503448,-1.7417386770248413,1.5873326063156128,0.0,117.94912811616385,23040.0
-0.22668898105621338,-1.8507721424102783,1.6240824460983276,0.0,100.40874110679215,23040.0
-0.019026311114430428,-1.4914462566375732,1.4724197387695312,0.0,101.47467300917867,23040.0
-0.4149947166442871,-1.9031411409378052,1.4881466627120972,0.0,100.06822237634543,23040.0
0.11292997747659683,-1.471105933189392,1.584035873413086,0.0,133.93573988167898,23040.0
-0.5588960647583008,-2.028036594390869,1.4691411256790161,0.0,114.48374888541966,23040.0
-0.2904863953590393,-1.7074228525161743,1.4169361591339111,0.0,102.24937996131622,23040.0
-0.48133137822151184,-1.9908089637756348,1.5094773769378662,0.0,105.8161100796365,23040.0
-0.3973488211631775,-1.955867886543274,1.558518648147583,0.0,103.6932774345658,23040.0
-0.3104991614818573,-1.8324503898620605,1.5219504833221436,0.0,107.72274003407148,23040.0
-0.4216381907463074,-1.9749218225479126,1.55328369140625,0.0,94.51800052470023,23040.0
-0.43649452924728394,-2.0894381999969482,1.652943730354309,0.0,106.43325151527817,23040.0
-0.5191759467124939,-2.049154043197632,1.5299782752990723,0.0,119.5625036221431,23040.0
0.45864978432655334,-1.28498113155365,1.743631362915039,0.0,105.85727609735983,23040.0
-0.5882189273834229,-2.2778236865997314,1.6896036863327026,0.0,103.23616669052396,23040.0
0.1749344766139984,-1.6311982870101929,1.8061326742172241,0.0,98.63766382954277,23040.0
-0.502608060836792,-2.198688507080078,1.6960803270339966,0.0,148.08276100314737,23040.0
-0.5469103455543518,-2.2327616214752197,1.685850977897644,0.0,141.35867341284953,23040.0
-0.6546029448509216,-2.36517071723938,1.7105681896209717,0.0,80.06634064633798,23040.0
-0.3875584900379181,-2.154090166091919,1.7665313482284546,0.0,133.59330733639678,23040.0
-0.6863844990730286,-2.393951892852783,1.707567811012268,0.0,132.23304255551452,23040.0
-0.7677071690559387,-2.513967275619507,1.7462599277496338,0.0,60.52253329184877,23040.0
0.07431785017251968,-1.906306505203247,1.9806249141693115,0.0,114.04400568247422,23040.0
-0.44929105043411255,-2.229776620864868,1.780485987663269,0.0,115.80040638250864,23040.0
-0.6839929223060608,-2.4559106826782227,1.7719179391860962,0.0,94.97230288335132,23040.0
0.36534035205841064,-1.5896918773651123,1.955032229423523,0.0,119.68613789757562,23040.0
-0.45803359150886536,-2.320626735687256,1.8625929355621338,0.0,137.92471796622095,23040.0
-0.7314208745956421,-2.451810598373413,1.7203892469406128,0.0,105.53508103731261,23040.0
-0.7830353379249573,-2.538479804992676,1.755444049835205,0.0,104.20334310603914,23040.0
-0.49200883507728577,-2.2913875579833984,1.7993791103363037,0.0,146.81596352777618,23040.0
-0.7042526006698608,-2.53587007522583,1.8316165208816528,0.0,106.09378887493325,23040.0
-0.40807220339775085,-2.273322582244873,1.8652496337890625,0.0,145.20287182898704,23040.0
-0.7407821416854858,-2.4900476932525635,1.749266266822815,0.0,124.24876156627421,23040.0
-0.530000627040863,-2.258075475692749,1.7280750274658203,0.0,115.81437255554573,23040.0
-0.559873104095459,-2.414414167404175,1.8545407056808472,0.0,128.84424454317696,23040.0
-0.8712776899337769,-2.6292974948883057,1.7580196857452393,0.0,99.54389459162935,23040.0
-0.7417985796928406,-2.5573890209198,1.815590739250183,0.0,98.8537443699322,23040.0
-0.6510459780693054,-2.3968825340270996,1.7458364963531494,0.0,102.03450543029851,23040.0
-0.7857157588005066,-2.581766128540039,1.796049952507019,0.0,100.07663408246532,23040.0
-0.8552367091178894,-2.624282121658325,1.7690457105636597,0.0,97.86858464667083,23040.0
-0.7538375854492188,-2.621501922607422,1.8676645755767822,0.0,118.88898805024203,23040.0
0.8055531978607178,-1.0711289644241333,1.876682162284851,0.0,148.51679127700572,23040.0
0.2272205501794815,-1.7680459022521973,1.9952664375305176,0.0,215.55773588199074,23040.0
0.9931601881980896,-0.8355056047439575,1.8286662101745605,0.0,197.00578824136554,23040.0
-0.8071417212486267,-2.6574106216430664,1.850269079208374,0.0,104.73124711334994,23040.0
-0.40164968371391296,-2.278311252593994,1.8766616582870483,0.0,124.54725969456847,23040.0
-0.08927372843027115,-1.914071798324585,1.824798583984375,0.0,130.50519860123572,23040.0
-0.774304986000061,-2.522359848022461,1.7480541467666626,0.0,65.99505445597474,23040.0
0.1899118572473526,-1.731221318244934,1.921133041381836,0.0,149.77823013852336,23040.0
-0.1712333709001541,-1.9358134269714355,1.7645801305770874,0.0,85.77284465312773,23040.0
-0.10814463347196579,-1.7485523223876953,1.6404069662094116,0.0,108.46225827200155,23040.0
-0.5522794127464294,-2.2188735008239746,1.6665942668914795,0.0,110.87970305198532,23040.0
0.04080817848443985,-1.6984524726867676,1.739259958267212,0.0,119.46997057861357,23040.0
-0.3422185778617859,-2.0081801414489746,1.665961742401123,0.0,129.65232956183002,23040.0
-0.45342308282852173,-2.026125907897949,1.572703242301941,0.0,101.39379075562046,23040.0
-0.5190144777297974,-2.204253911972046,1.685239553451538,0.0,105.16768759600727,23040.0
-0.4223636984825134,-2.1430087089538574,1.720644235610962,0.0,128.41339003184123,23040.0
-0.48481637239456177,-2.184673547744751,1.6998580694198608,0.0,104.61416214773436,23040.0
-0.4662250876426697,-2.1790127754211426,1.712787389755249,0.0,114.54108903494011,23040.0
-0.4961532652378082,-2.333508014678955,1.8373550176620483,0.0,96.93335820071663,23040.0
-0.8693433403968811,-2.625706911087036,1.7563637495040894,0.0,97.80557131838276,23040.0
-0.793974757194519,-2.5031867027282715,1.7092121839523315,0.0,90.40559234266837,23040.0
-0.8882665038108826,-2.670055866241455,1.7817893028259277,0.0,85.59860198660118,23040.0
-0.8086218237876892,-2.655107259750366,1.8464850187301636,0.0,84.76982964887051,23040.0
-0.6902711391448975,-2.4749996662139893,1.7847282886505127,0.0,113.87602255213885,23040.0
-0.7406502366065979,-2.6993589401245117,1.9587093591690063,0.0,102.75508448117971,23040.0
-0.9562176465988159,-2.8329172134399414,1.8766992092132568,0.0,82.93432270598497,23040.0
-0.7136816382408142,-2.6830387115478516,1.9693570137023926,0.0,121.39064872251627,23040.0
-0.09697381407022476,-2.050999879837036,1.9540265798568726,0.0,144.4723201674476,23040.0
0.01696491241455078,-2.166306257247925,2.183270215988159,0.0,183.19218661138984,23040.0
-0.3988613188266754,-2.339684009552002,1.940821886062622,0.0,135.25929787715367,23040.0
-0.4832156300544739,-2.4594545364379883,1.97623872756958,0.0,119.84914468398664,23040.0
-0.03359769284725189,-2.135728359222412,2.102130889892578,0.0,199.7243735682312,23040.0
-0.7682952880859375,-2.7846415042877197,2.016345977783203,0.0,126.29115171868894,23040.0
0.0022156292106956244,-1.9595609903335571,1.9617770910263062,0.0,135.3713797167782,23040.0
-0.7521085143089294,-2.6206984519958496,1.8685901165008545,0.0,106.40107430426085,23040.0
0.27634549140930176,-1.7956180572509766,2.0719640254974365,0.0,174.02591092687865,23040.0
-0.8558891415596008,-2.637988567352295,1.7820988893508911,0.0,105.12662548979644,23040.0
-0.2675413489341736,-2.06430721282959,1.7967660427093506,0.0,141.80577496440358,23040.0
-0.697178304195404,-2.5423288345336914,1.8451504707336426,0.0,102.45684960322384,23040.0
-0.5089181065559387,-2.3993098735809326,1.8903909921646118,0.0,150.13418852232437,23040.0
-0.5132781267166138,-2.3016088008880615,1.7883307933807373,0.0,110.24788387345865,23040.0
-0.8433579206466675,-2.623964548110962,1.7806072235107422,0.0,142.18530908073936,23040.0
-0.15330393612384796,-2.1347315311431885,1.9814281463623047,0.0,145.56540763294817,23040.0
-0.9393812417984009,-2.727062702178955,1.7876800298690796,0.0,129.4629506105102,23040.0
-0.5795791149139404,-2.372098684310913,1.7925193309783936,0.0,110.76098877176288,23040.0
-1.0202993154525757,-2.8512203693389893,1.8309210538864136,0.0,121.78304953339023,23040.0
-0.6933291554450989,-2.662224292755127,1.9688944816589355,0.0,125.96708278078069,23040.0
-1.0731126070022583,-3.032594919204712,1.9594833850860596,0.0,100.23160365636909,23040.0
-0.7595142126083374,-2.787414789199829,2.027899742126465,0.0,124.46525334437347,23040.0
-1.0948714017868042,-3.0262153148651123,1.931344747543335,0.0,93.1175499442071,23040.0
-0.8386011719703674,-2.879694700241089,2.041093587875366,0.0,154.34358807183622,23040.0
-0.6670834422111511,-2.755143880844116,2.088060140609741,0.0,138.32765064593133,23040.0
0.5936809778213501,-1.6269400119781494,2.2206218242645264,0.0,194.86626763081168,23040.0
-0.8932658433914185,-2.9991414546966553,2.1058764457702637,0.0,131.396852795121,23040.0
-1.1958184242248535,-3.1737802028656006,1.9779608249664307,0.0,144.22068823289536,23040.0
-0.8130879998207092,-2.8999016284942627,2.0868148803710938,0.0,125.71301744104706,23040.0
-0.6845716834068298,-2.8417959213256836,2.1572232246398926,0.0,164.24603106863626,23040.0
-0.7702455520629883,-2.8974602222442627,2.127216339111328,0.0,174.8456275160461,23040.0
-0.8997966051101685,-3.115657329559326,2.2158608436584473,0.0,125.06460420753587,23040.0
-0.31806179881095886,-2.346406936645508,2.0283451080322266,0.0,147.91669628007693,23040.0
-0.8716839551925659,-2.9398579597473145,2.0681729316711426,0.0,121.01164389017941,23040.0
-0.348649263381958,-2.464169979095459,2.115520477294922,0.0,178.9769378377478,23040.0
-0.9958546161651611,-3.03767728805542,2.041822671890259,0.0,136.67962282110577,23040.0
-1.0120487213134766,-3.1131160259246826,2.1010663509368896,0.0,89.30734042690588,23040.0
-1.0778512954711914,-3.1187028884887695,2.0408520698547363,0.0,113.4472978524894,23040.0
-1.0796771049499512,-3.141812562942505,2.0621352195739746,0.0,90.01138373323208,23040.0
-1.1845088005065918,-3.2097229957580566,2.0252130031585693,0.0,116.61352543657019,23040.0
-0.8320143222808838,-3.007171630859375,2.175156831741333,0.0,93.96345207330572,23040.0
-0.9725462198257446,-3.021726131439209,2.0491788387298584,0.0,131.7741141574229,23040.0
-1.2669978141784668,-3.359612464904785,2.0926144123077393,0.0,71.19941816283941,23040.0
-1.3281034231185913,-3.369586944580078,2.0414841175079346,0.0,93.61066213556845,23040.0
-1.0363471508026123,-3.1211283206939697,2.0847814083099365,0.0,109.28385402299266,23040.0
-0.9182374477386475,-3.1217000484466553,2.203463077545166,0.0,115.84915140723636,23040.0
-0.4518670439720154,-2.606400966644287,2.154533624649048,0.0,166.55024703839283,23040.0
1.1190499067306519,-1.5478872060775757,2.6669373512268066,0.0,282.20568515719106,23040.0
2.210733413696289,-0.011798334307968616,2.22253155708313,0.0,221.10891066896252,23040.0
-0.08050382882356644,-2.2004425525665283,2.119938611984253,0.0,125.03222984943098,23040.0
1.1840156316757202,-1.4226109981536865,2.6066267490386963,0.0,170.86121399085383,23040.0
-0.5573927760124207,-2.6279144287109375,2.070521354675293,0.0,102.10505583226161,23040.0
0.42272600531578064,-1.7706644535064697,2.1933908462524414,0.0,113.95351704695787,23040.0
-0.12052402645349503,-2.1918044090270996,2.071279287338257,0.0,92.45852498082918,23040.0
0.05488283187150955,-1.9700883626937866,2.0249714851379395,0.0,154.55337198014334,23040.0
2.0356593132019043,-0.4157992899417877,2.451458215713501,0.0,185.83640332434692,23040.0
-0.06758414208889008,-2.0862979888916016,2.0187132358551025,0.0,83.84092452503809,23040.0
0.6753807067871094,-1.010292649269104,1.6856729984283447,0.0,103.98994411165992,23040.0
0.6497642397880554,-1.078183650970459,1.7279478311538696,0.0,93.26364151411698,23040.0
0.08802147209644318,-1.5967836380004883,1.6848056316375732,0.0,85.41938484411781,23040.0
0.07715192437171936,-1.63069486618042,1.7078464031219482,0.0,85.49014965565138,23040.0
0.3259254992008209,-1.4348313808441162,1.7607567310333252,0.0,108.42411203307404,23040.0
0.2570522725582123,-1.5365744829177856,1.7936269044876099,0.0,96.2430700708133,23040.0
-0.0914977416396141,-1.7876530885696411,1.6961554288864136,0.0,84.32270872133374,23040.0
0.02049398422241211,-1.6659470796585083,1.6864423751831055,0.0,69.56623291116327,23040.0
-0.16519930958747864,-1.854892611503601,1.689692735671997,0.0,79.04048606576583,23040.0
-0.21348753571510315,-1.9776097536087036,1.764122486114502,0.0,92.07400964266381,23040.0
-0.335283488035202,-2.144001007080078,1.8087173700332642,0.0,91.73845590566461,23040.0
-0.12712222337722778,-1.9837044477462769,1.856582522392273,0.0,104.17151408202311,23040.0
-0.5202335715293884,-2.355872869491577,1.835639238357544,0.0,78.63082638336901,23040.0
-0.5957684516906738,-2.4177303314208984,1.821962594985962,0.0,98.45471307723646,23040.0
-0.3464750647544861,-2.275280714035034,1.9288053512573242,0.0,92.95212202515405,23040.0
-0.9476038813591003,-2.8188414573669434,1.8712371587753296,0.0,83.87757750045532,23040.0
-0.7628173828125,-2.6640353202819824,1.901216983795166,0.0,74.64373868498342,23040.0
-0.35713690519332886,-2.367032289505005,2.009895086288452,0.0,82.01585353957816,23040.0
-0.809659481048584,-2.816107749938965,2.006448268890381,0.0,97.66439417711605,23040.0
-0.9899603724479675,-2.99995756149292,2.009995937347412,0.0,84.91499558673966,23040.0
-0.9584051966667175,-3.1204233169555664,2.1620187759399414,0.0,78.95962480208645,23040.0
-1.1506187915802002,-3.287775754928589,2.1371562480926514,0.0,59.44209938329252,23040.0
-1.024397611618042,-3.258620500564575,2.2342216968536377,0.0,86.21924071371176,23040.0
-0.9958899617195129,-3.3259243965148926,2.3300347328186035,0.0,76.08502464468019,23040.0
-1.198406457901001,-3.508342742919922,2.3099358081817627,0.0,69.53701656003736,23040.0
-1.0042531490325928,-3.4029743671417236,2.3987224102020264,0.0,115.03863396104789,23040.0
-0.8387864232063293,-3.2546067237854004,2.415820360183716,0.0,125.90983473003608,23040.0
-0.7983576655387878,-3.047960042953491,2.249602794647217,0.0,120.9597510649539,23040.0
-1.2541930675506592,-3.558394432067871,2.3042025566101074,0.0,54.46264865408652,23040.0
-0.825138509273529,-3.190077304840088,2.364938735961914,0.0,127.89909467702556,23040.0
-1.044403314590454,-3.3362057209014893,2.291801691055298,0.0,86.2595770022709,23040.0
-1.1761884689331055,-3.465392827987671,2.2892048358917236,0.0,121.03615170233705,23040.0
-0.76568603515625,-3.015988826751709,2.2503037452697754,0.0,151.35068361460515,23040.0
-0.22662392258644104,-2.652698040008545,2.4260737895965576,0.0,177.6231782920181,23040.0
0.12649419903755188,-2.0856592655181885,2.212153196334839,0.0,147.6517214244904,23040.0
-0.9491004943847656,-3.0940661430358887,2.1449642181396484,0.0,83.53693188487529,23040.0
-0.1135721430182457,-2.4909040927886963,2.3773324489593506,0.0,141.79842269297168,23040.0
-0.73876953125,-2.8962674140930176,2.1574978828430176,0.0,111.57787066692441,23040.0
-0.36210349202156067,-2.5321414470672607,2.1700377464294434,0.0,125.94463201235054,23040.0
-0.7228893637657166,-2.8246495723724365,2.101759433746338,0.0,161.12725195413466,23040.0
0.8193429112434387,-1.8013256788253784,2.620668411254883,0.0,172.27559751165145,23040.0
-0.3716549873352051,-2.3211960792541504,1.9495413303375244,0.0,146.74873905473692,23040.0
0.3942389190196991,-1.6335309743881226,2.0277695655822754,0.0,148.34736711890176,23040.0
-0.7537050247192383,-2.7477402687072754,1.9940354824066162,0.0,110.90940148561153,23040.0
0.28568968176841736,-1.833869457244873,2.1195590496063232,0.0,182.4595983463571,23040.0
-0.5871168971061707,-2.6059768199920654,2.018859624862671,0.0,96.90504143011327,23040.0
-0.3166874945163727,-2.1718943119049072,1.8552069664001465,0.0,140.69941317583812,23040.0
-0.023410961031913757,-1.9232913255691528,1.8998795747756958,0.0,114.48785408286649,23040.0
-0.755675733089447,-2.6303865909576416,1.8747105598449707,0.0,91.69466820010456,23040.0
-0.37882301211357117,-2.4309165477752686,2.052093267440796,0.0,149.54261478597127,23040.0
-0.3789675533771515,-2.4174087047576904,2.0384411811828613,0.0,97.33176539731278,23040.0
-0.7695414423942566,-2.7001545429229736,1.9306139945983887,0.0,127.20039753722268,23040.0
-0.2560197710990906,-2.3560099601745605,2.099989891052246,0.0,95.75327296143521,23040.0
-0.9101616144180298,-2.8328945636749268,1.9227328300476074,0.0,92.40593033929734,23040.0
-0.9638975262641907,-2.945932626724243,1.9820352792739868,0.0,108.70524688755543,23040.0
-0.9648503661155701,-3.0249335765838623,2.06008243560791,0.0,87.67124241394664,23040.0
-1.0828958749771118,-3.123112916946411,2.0402166843414307,0.0,110.41959087061456,23040.0
-1.1454294919967651,-3.2677066326141357,2.12227725982666,0.0,95.28150993485427,23040.0
-1.1356507539749146,-3.3023738861083984,2.1667237281799316,0.0,105.78759706046759,23040.0
-1.4601850509643555,-3.597348690032959,2.1371631622314453,0.0,77.29831820299073,23040.0
-1.2625938653945923,-3.488784074783325,2.2261908054351807,0.0,102.05236327600706,23040.0
-1.4882234334945679,-3.7317793369293213,2.2435555458068848,0.0,75.94944644520122,23040.0
-1.2869703769683838,-3.6519432067871094,2.364971160888672,0.0,108.1148291572602,23040.0
-0.8692367672920227,-3.340294361114502,2.471057891845703,0.0,90.94343189035368,23040.0
-1.3474516868591309,-3.821667432785034,2.4742157459259033,0.0,100.29151558119273,23040.0
-1.5114855766296387,-3.9839234352111816,2.472437620162964,0.0,77.7273721513822,23040.0
-1.364290714263916,-3.891890525817871,2.5276005268096924,0.0,109.8516759709329,23040.0
-1.4202375411987305,-3.934927463531494,2.5146899223327637,0.0,86.3965698497067,23040.0
-1.2175828218460083,-3.793268918991089,2.575685739517212,0.0,151.77499290200444,23040.0
-0.49782121181488037,-3.0097055435180664,2.5118842124938965,0.0,191.5823503316476,23040.0
-0.34215232729911804,-3.0059969425201416,2.663844108581543,0.0,248.85027416603054,23040.0
-0.4418833553791046,-2.8236169815063477,2.3817338943481445,0.0,223.0964942794375,23040.0
-0.5641489028930664,-3.1577107906341553,2.593562602996826,0.0,110.1499960918143,23040.0
-0.738704264163971,-3.2030277252197266,2.464325189590454,0.0,182.45597825783568,23040.0
-0.8157324194908142,-3.2881364822387695,2.4724042415618896,0.0,144.35386449628953,23040.0
-1.0216180086135864,-3.336334228515625,2.3147165775299072,0.0,109.56282153860919,23040.0
-0.81789231300354,-3.0924415588378906,2.2745490074157715,0.0,103.55863253276554,23040.0
-0.9441674947738647,-3.2359509468078613,2.2917847633361816,0.0,114.9487634822559,23040.0
-0.8704309463500977,-3.1625235080718994,2.292091131210327,0.0,119.96783447909313,23040.0
-1.0228112936019897,-3.186936855316162,2.164125680923462,0.0,109.9618944499616,23040.0
-1.0415267944335938,-3.1934525966644287,2.151925802230835,0.0,127.83677954412485,23040.0
-0.9710115790367126,-3.2049474716186523,2.2339353561401367,0.0,118.96928962997693,23040.0
-1.025611400604248,-3.243021011352539,2.21740984916687,0.0,122.50830473182081,23040.0
-1.2437764406204224,-3.3579623699188232,2.114185333251953,0.0,95.25739539373633,23040.0
-1.2756356000900269,-3.392979621887207,2.1173434257507324,0.0,129.78822328289618,23040.0
-1.1896576881408691,-3.40191388130188,2.212256669998169,0.0,89.29566217711135,23040.0
-1.2206840515136719,-3.49239444732666,2.2717106342315674,0.0,133.46930375383505,23040.0
-1.2502020597457886,-3.494187116622925,2.243985891342163,0.0,97.37759804026481,23040.0
-1.2433990240097046,-3.5575239658355713,2.314124584197998,0.0,164.34643629135235,23040.0
-1.552419900894165,-3.8265390396118164,2.2741198539733887,0.0,76.11238634991135,23040.0
-1.595029592514038,-3.9263956546783447,2.3313660621643066,0.0,129.4577737788634,23040.0
-1.3665530681610107,-3.895176887512207,2.5286245346069336,0.0,116.30221880785457,23040.0
-0.7034919857978821,-3.1771512031555176,2.473658323287964,0.0,163.31076966858564,23040.0
-0.9838338494300842,-3.701538324356079,2.717705726623535,0.0,149.04874153177454,23040.0
-1.2884856462478638,-3.755953073501587,2.4674675464630127,0.0,140.1465734569902,23040.0
-1.5502175092697144,-4.029327869415283,2.4791104793548584,0.0,89.24241826251657,23040.0
-1.5258793830871582,-4.040951251983643,2.5150723457336426,0.0,89.15626924845415,23040.0
-1.4634387493133545,-4.034291744232178,2.5708515644073486,0.0,114.09169849895036,23040.0
-0.38029760122299194,-3.2528839111328125,2.8725857734680176,0.0,175.04891639687398,23040.0
-0.816565215587616,-3.331993579864502,2.515428066253662,0.0,151.63599253304335,23040.0
-1.5143898725509644,-3.9589128494262695,2.4445230960845947,0.0,95.86696756061905,23040.0
-0.9126526713371277,-3.510782241821289,2.598129987716675,0.0,167.72817879082027,23040.0
-1.1688635349273682,-3.6656689643859863,2.496804714202881,0.0,125.50157193827853,23040.0
-1.2413043975830078,-3.6807165145874023,2.4394116401672363,0.0,118.97921987723383,23040.0
-0.8220604658126831,-3.4172468185424805,2.595186710357666,0.0,171.0046495437183,23040.0
-1.1602919101715088,-3.5899014472961426,2.429609775543213,0.0,143.95387642776194,23040.0
-1.053401231765747,-3.3744258880615234,2.321024179458618,0.0,117.31260296811861,23040.0
-0.8925696611404419,-3.305027484893799,2.4124579429626465,0.0,164.1993847103947,23040.0
-1.2165664434432983,-3.6368839740753174,2.420318365097046,0.0,97.2120406709006,23040.0
-0.8705054521560669,-3.190171003341675,2.3196656703948975,0.0,143.3196053984819,23040.0
-0.9929620623588562,-3.35601806640625,2.36305570602417,0.0,106.61742270385699,23040.0
-0.4695674479007721,-2.9109296798706055,2.4413628578186035,0.0,188.07994648331032,23040.0
-1.3775261640548706,-3.5833828449249268,2.2058560848236084,0.0,99.67952168258186,23040.0
-0.5657610297203064,-2.8521032333374023,2.2863433361053467,0.0,142.2543954026,23040.0
-1.387239694595337,-3.69337797164917,2.306138277053833,0.0,100.44156282613908,23040.0
-1.1676511764526367,-3.55181622505188,2.3841655254364014,0.0,115.62902812486817,23040.0
-1.4140256643295288,-3.6706814765930176,2.25665545463562,0.0,102.8570102635925,23040.0
-1.5419256687164307,-3.8483502864837646,2.3064231872558594,0.0,85.08237904866267,23040.0
-1.6416245698928833,-3.964798927307129,2.323174476623535,0.0,70.90109338607846,23040.0
-1.5318667888641357,-3.8712713718414307,2.3394033908843994,0.0,89.11352700744932,23040.0
-1.8122848272323608,-4.1655144691467285,2.3532280921936035,0.0,65.22140768472437,23040.0
-0.8360649943351746,-3.524120807647705,2.6880557537078857,0.0,120.30816524015977,23040.0
-1.3469158411026,-3.8316054344177246,2.484689235687256,0.0,98.11341919942744,23040.0
-1.7798768281936646,-4.24873685836792,2.468858242034912,0.0,95.4767295712682,23040.0
-1.7242231369018555,-4.316840648651123,2.5926175117492676,0.0,98.22265696610378,23040.0
-0.9230603575706482,-3.568288803100586,2.645228385925293,0.0,153.96280933701166,23040.0
-0.5569413900375366,-3.43422794342041,2.8772871494293213,0.0,190.48020951566164,23040.0
-0.8633739948272705,-3.500753879547119,2.6373796463012695,0.0,141.92918255495096,23040.0
-1.8862614631652832,-4.458630561828613,2.57236909866333,0.0,60.071207918545525,23040.0
-0.4006184935569763,-3.184384822845459,2.783766746520996,0.0,223.7117584524648,23040.0
-1.1733132600784302,-3.6652815341949463,2.491969347000122,0.0,165.61013785286875,23040.0
-1.2660380601882935,-3.7427828311920166,2.4767444133758545,0.0,106.40252363274342,23040.0
-1.1212594509124756,-3.713350772857666,2.5920915603637695,0.0,131.41611535033087,23040.0
-1.192773461341858,-3.807943344116211,2.615170955657959,0.0,81.49117001903107,23040.0
-1.5003865957260132,-3.916778564453125,2.4163928031921387,0.0,119.26314986180648,23040.0
-1.569309115409851,-4.010117530822754,2.4408082962036133,0.0,85.22853986563946,23040.0
-1.6640279293060303,-4.049035549163818,2.3850088119506836,0.0,95.65045933158524,23040.0
-1.541805386543274,-3.9319891929626465,2.390183925628662,0.0,87.70909620734443,23040.0
-1.6512755155563354,-4.070511817932129,2.419236421585083,0.0,86.27710501793943,23040.0
-1.6805528402328491,-4.0829339027404785,2.402381658554077,0.0,97.11192775936,23040.0
-1.8398526906967163,-4.241969585418701,2.4021172523498535,0.0,73.17680789277249,23040.0
-1.8438262939453125,-4.2938666343688965,2.450040102005005,0.0,91.88383829658038,23040.0
-1.7533111572265625,-4.274022579193115,2.520709991455078,0.0,94.17264924356067,23040.0
-1.4803096055984497,-4.167355537414551,2.6870458126068115,0.0,143.25252767422145,23040.0
-0.4753890931606293,-3.1242032051086426,2.648813009262085,0.0,194.07640297720673,23040.0
-0.09588731080293655,-3.0537567138671875,2.9578704833984375,0.0,218.69537028536257,23040.0
0.4873955249786377,-2.298645257949829,2.786041736602783,0.0,184.89442060584256,23040.0
-1.4048570394515991,-3.9870243072509766,2.5821666717529297,0.0,101.8185597978387,23040.0
-0.4809705913066864,-3.4654452800750732,2.9844744205474854,0.0,139.05264975476345,23040.0
-1.2046724557876587,-3.872385025024414,2.667713165283203,0.0,111.09793084523582,23040.0
-1.3313146829605103,-3.868889093399048,2.53757381439209,0.0,85.32183476268985,23040.0
-1.0738519430160522,-3.6454267501831055,2.5715746879577637,0.0,98.97702790851973,23040.0
-1.1171345710754395,-3.7072913646698,2.590157985687256,0.0,77.66723565924615,23040.0
-0.6429883241653442,-3.376129388809204,2.733140707015991,0.0,92.31815492525335,23040.0
-1.5026237964630127,-3.859644889831543,2.3570215702056885,0.0,67.78469657204887,23040.0
-1.2922042608261108,-3.6445794105529785,2.3523752689361572,0.0,80.72345403482734,23040.0
-1.5501513481140137,-3.848949909210205,2.298799753189087,0.0,64.48509999834025,23040.0
-1.511311650276184,-3.92879581451416,2.4174842834472656,0.0,73.92687185975538,23040.0
-1.382624864578247,-3.8876519203186035,2.505028009414673,0.0,73.33041564640206,23040.0
-1.6511520147323608,-4.080109119415283,2.428957223892212,0.0,52.48127191835352,23040.0
-1.570974588394165,-4.025980472564697,2.455005645751953,0.0,77.5162717266896,23040.0
-1.7056974172592163,-4.185092449188232,2.4793951511383057,0.0,63.66819824955101,23040.0
-1.8079230785369873,-4.339764595031738,2.5318429470062256,0.0,62.48798842891103,23040.0
-1.892943024635315,-4.4167985916137695,2.5238561630249023,0.0,69.8765788209226,23040.0
-1.826585054397583,-4.429283142089844,2.6026980876922607,0.0,54.78139545453267,23040.0
-1.7934095859527588,-4.492964744567871,2.6995553970336914,0.0,92.95903760332054,23040.0
-1.9767515659332275,-4.681211471557617,2.704458713531494,0.0,67.7707558760858,23040.0
-1.4049158096313477,-4.281486511230469,2.876570701599121,0.0,82.69074784308404,23040.0
-1.8027812242507935,-4.631042957305908,2.8282623291015625,0.0,103.43071923955473,23040.0
-1.4390966892242432,-4.376785755157471,2.937688112258911,0.0,91.94639784016314,23040.0
-1.948438048362732,-4.814988136291504,2.8665506839752197,0.0,90.28089902102191,23040.0
-1.9759494066238403,-4.873298645019531,2.8973493576049805,0.0,56.31381546743646,23040.0
-1.8577258586883545,-4.824155807495117,2.9664299488067627,0.0,89.54796929915423,23040.0
-2.0957603454589844,-5.050507068634033,2.954747200012207,0.0,54.891258629329066,23040.0
-1.601060152053833,-4.4756693840026855,2.874610424041748,0.0,132.5768366344457,23040.0
-1.366396188735962,-4.306159019470215,2.939762592315674,0.0,237.6558111038825,23040.0
-0.6657435297966003,-3.552335023880005,2.8865911960601807,0.0,235.48838243869648,23040.0
-1.7668594121932983,-4.803073406219482,3.0362133979797363,0.0,103.64786027603262,23040.0
-2.0167078971862793,-4.86297082901001,2.8462629318237305,0.0,106.67543450170396,23040.0
-1.2441530227661133,-4.306899070739746,3.0627455711364746,0.0,235.60645075273433,23040.0
7.074940204620361,3.12371826171875,3.951220989227295,0.0,541.1404349456126,23040.0
4.8601579666137695,2.045680284500122,2.8144781589508057,0.0,274.3778644943643,23040.0
7.163527965545654,4.336362361907959,2.827164649963379,0.0,158.50288370251133,23040.0
4.638326168060303,2.0777831077575684,2.560541868209839,0.0,106.3482100227226,23040.0
3.241274118423462,0.49680548906326294,2.7444682121276855,0.0,106.66049804324399,23040.0
2.2498910427093506,-0.3965781033039093,2.6464688777923584,0.0,81.65792243884518,23040.0
1.8094924688339233,-0.4137943685054779,2.2232868671417236,0.0,69.52327299509734,23040.0
2.147230863571167,-0.27951425313949585,2.4267446994781494,0.0,77.64922500876192,23040.0
2.057454824447632,-0.4226768910884857,2.4801318645477295,0.0,66.25310571096081,23040.0
2.2008302211761475,-0.1467432826757431,2.3475732803344727,0.0,78.73321995117388,23040.0
2.1617848873138428,0.0552503801882267,2.106534719467163,0.0,64.9305091264463,23040.0
1.7707453966140747,-0.12180961668491364,1.892554521560669,0.0,47.69006742688406,23040.0
1.6852014064788818,-0.06806229799985886,1.7532634735107422,0.0,52.53866005580462,23040.0
1.6168243885040283,-0.07561008632183075,1.6924341917037964,0.0,50.454433378875486,23040.0
1.4013549089431763,-0.21975046396255493,1.6211053133010864,0.0,55.08569806864535,23040.0
1.3811529874801636,-0.22954197227954865,1.6106948852539062,0.0,54.185329324867446,23040.0
1.373831868171692,-0.20400284230709076,1.5778346061706543,0.0,48.67302390878461,23040.0
0.9994713664054871,-0.4754987061023712,1.4749699831008911,0.0,51.8625218752116,23040.0
0.8042051792144775,-0.6926050782203674,1.4968104362487793,0.0,55.4079614856783,23040.0
0.9966107606887817,-0.6292542219161987,1.625864863395691,0.0,50.38267786775069,23040.0
0.5491741895675659,-1.0235249996185303,1.5726988315582275,0.0,43.52610301067805,23040.0
0.3606853783130646,-1.1928149461746216,1.5535005331039429,0.0,43.890958071195286,23040.0
0.1858188658952713,-1.3621777296066284,1.547996997833252,0.0,45.01695564088603,23040.0
0.27698975801467896,-1.4759368896484375,1.7529268264770508,0.0,41.50836166317984,23040.0
0.07714936882257462,-1.6978883743286133,1.7750381231307983,0.0,33.963759986427696,23040.0
-0.11644857376813889,-1.949511170387268,1.8330625295639038,0.0,50.323822533265066,23040.0
-0.26862284541130066,-2.162364959716797,1.893742561340332,0.0,39.484950543844135,23040.0
-0.5928738117218018,-2.488495111465454,1.8956222534179688,0.0,38.243509037876954,23040.0
-0.09203988313674927,-2.2477290630340576,2.1556897163391113,0.0,53.28355929444764,23040.0
-0.6242856979370117,-2.712852954864502,2.088567018508911,0.0,50.71102089438661,23040.0
-0.8483995795249939,-3.0893797874450684,2.2409818172454834,0.0,32.43427168716965,23040.0
-0.9721537232398987,-3.23067045211792,2.2585158348083496,0.0,96.86075979485025,23040.0
-0.8459794521331787,-3.1606051921844482,2.314626455307007,0.0,85.45599125240285,23040.0
-1.1082158088684082,-3.434865951538086,2.326650381088257,0.0,61.00199855939276,23040.0
-1.250299334526062,-3.585146188735962,2.334847927093506,0.0,74.54139490660341,23040.0
-1.0784410238265991,-3.61832332611084,2.539884328842163,0.0,90.14316319306592,23040.0
-0.9354231953620911,-3.4688351154327393,2.533411741256714,0.0,146.68700851192403,23040.0
-1.204402208328247,-3.740079402923584,2.535677671432495,0.0,102.03994672940614,23040.0
-1.383001446723938,-3.8852250576019287,2.5022244453430176,0.0,68.41650809541152,23040.0
-1.3169134855270386,-3.7814767360687256,2.4645638465881348,0.0,107.86920467815914,23040.0
-1.4417178630828857,-4.066169738769531,2.624452829360962,0.0,71.33384506901699,23040.0
-1.366154432296753,-4.037742614746094,2.6715877056121826,0.0,91.4666089554673,23040.0
-0.99519944190979,-3.608449935913086,2.6132495403289795,0.0,136.01061406836544,23040.0
-1.4897754192352295,-4.131533622741699,2.6417577266693115,0.0,79.97719341550771,23040.0
-1.6190963983535767,-4.199470520019531,2.5803747177124023,0.0,76.29696548862651,23040.0
-1.098120927810669,-3.7869815826416016,2.688861608505249,0.0,95.38030539632842,23040.0
-1.3080214262008667,-4.115413665771484,2.8073925971984863,0.0,54.70276710763827,23040.0
-1.3885016441345215,-4.194997787475586,2.8064959049224854,0.0,100.33712488633806,23040.0
-1.3305130004882812,-4.036506652832031,2.7059926986694336,0.0,114.67594697440738,23040.0
-1.8432276248931885,-4.490626811981201,2.6474010944366455,0.0,62.68558393437574,23040.0
-1.9268492460250854,-4.552791118621826,2.625941038131714,0.0,65.62209479627883,23040.0
-1.643491506576538,-4.292502403259277,2.6490089893341064,0.0,74.4583289866092,23040.0
-1.771515965461731,-4.517955303192139,2.7464404106140137,0.0,66.27468575443946,23040.0
-1.6690763235092163,-4.440059661865234,2.770984411239624,0.0,95.65984069487561,23040.0
-1.9086780548095703,-4.6412506103515625,2.732572317123413,0.0,83.83043477643197,23040.0
-2.060896396636963,-4.806994915008545,2.746098518371582,0.0,39.224129723032796,23040.0
-1.9125913381576538,-4.697349548339844,2.7847578525543213,0.0,71.18458348790105,23040.0
-2.0857300758361816,-4.86052131652832,2.774790048599243,0.0,62.87023792806733,23040.0
-1.9977492094039917,-4.776211261749268,2.778463840484619,0.0,58.664173788230414,23040.0
-1.8929024934768677,-4.717033386230469,2.8241305351257324,0.0,119.78095181064008,23040.0
-1.8218151330947876,-4.7114644050598145,2.8896467685699463,0.0,115.72069462519748,23040.0
-1.8270424604415894,-4.754789352416992,2.9277472496032715,0.0,94.74103332189483,23040.0
-1.7388838529586792,-4.65140438079834,2.912519693374634,0.0,134.88876810701342,23040.0
-1.674799919128418,-4.723182678222656,3.048383951187134,0.0,133.3662823907524,23040.0
-2.129075527191162,-4.952569007873535,2.8234939575195312,0.0,63.19595376620181,23040.0
-1.752664566040039,-4.625422954559326,2.8727595806121826,0.0,111.82811365153117,23040.0
-1.6695624589920044,-4.744588375091553,3.0750272274017334,0.0,98.0693028017863,23040.0
-1.9831783771514893,-4.926673412322998,2.9434945583343506,0.0,92.38984089490293,23040.0
-2.2348241806030273,-5.107892036437988,2.8730664253234863,0.0,65.6675634348452,23040.0
-2.147920846939087,-4.980057716369629,2.832137107849121,0.0,100.30710782351134,23040.0
-2.155310869216919,-5.043017864227295,2.887708902359009,0.0,61.32181257844172,23040.0
-2.026447057723999,-5.000811576843262,2.974364995956421,0.0,101.5823528581937,23040.0
-2.213017463684082,-5.153972148895264,2.940953493118286,0.0,67.76083329547814,23040.0
-1.9552785158157349,-4.856421947479248,2.901143789291382,0.0,97.94423112800328,23040.0
-2.0188405513763428,-4.949522018432617,2.930680990219116,0.0,106.27157821168527,23040.0
-1.5310816764831543,-4.460720539093018,2.9296395778656006,0.0,154.9445700215884,23040.0
-0.4548642933368683,-3.778468132019043,3.323603630065918,0.0,300.62944514790297,23040.0
-1.6333109140396118,-4.597310543060303,2.963999032974243,0.0,133.54926020319002,23040.0
-0.5619847774505615,-3.592317819595337,3.0303328037261963,0.0,151.02790553728306,23040.0
-1.431037425994873,-4.433028697967529,3.0019915103912354,0.0,136.37562170959322,23040.0
-2.06215238571167,-4.884160995483398,2.8220083713531494,0.0,94.08441633822825,23040.0
-1.3727794885635376,-4.388430118560791,3.015651226043701,0.0,137.36217611566107,23040.0
-0.30722203850746155,-3.391645669937134,3.084423065185547,0.0,232.47469023360264,23040.0
-1.5351238250732422,-4.316195011138916,2.7810721397399902,0.0,125.38870752938287,23040.0
-0.6957288384437561,-3.5435681343078613,2.847839117050171,0.0,119.52363582098647,23040.0
-1.5232542753219604,-4.249231815338135,2.725977659225464,0.0,92.20457077613408,23040.0
-1.4062633514404297,-4.252960205078125,2.8466970920562744,0.0,104.27424663904155,23040.0
-1.636293888092041,-4.257845878601074,2.621551990509033,0.0,113.82026240168523,23040.0
-1.8647381067276,-4.535542964935303,2.6708035469055176,0.0,86.46247993215174,23040.0
-0.8046177625656128,-3.67856502532959,2.8739473819732666,0.0,148.82754568382296,23040.0
-1.8988313674926758,-4.538614749908447,2.6397829055786133,0.0,113.07412082117888,23040.0
-1.8658274412155151,-4.487100124359131,2.621273994445801,0.0,78.32187993525845,23040.0
-1.8426320552825928,-4.543826103210449,2.7011945247650146,0.0,65.79589873826049,23040.0
-2.0426483154296875,-4.698344707489014,2.6556966304779053,0.0,62.13672728893286,23040.0
-1.8946034908294678,-4.623027324676514,2.728423833847046,0.0,64.40096700315802,23040.0
-2.0196430683135986,-4.789007663726807,2.7693636417388916,0.0,75.76087626737268,23040.0
-1.2354122400283813,-4.2724409103393555,3.0370287895202637,0.0,113.32751242974744,23040.0
-2.062805414199829,-4.933785438537598,2.870980739593506,0.0,102.30551047871548,23040.0
-2.118973970413208,-4.998448848724365,2.879477024078369,0.0,89.9221606429203,23040.0
-2.170261859893799,-5.0778913497924805,2.9076290130615234,0.0,53.87644546246016,23040.0
-2.1849160194396973,-5.210801124572754,3.025886297225952,0.0,75.06954824269202,23040.0
-1.8602828979492188,-5.006543159484863,3.146261692047119,0.0,151.65044112985987,23040.0
-0.7400047183036804,-3.9387271404266357,3.198723316192627,0.0,248.69616562619242,23040.0
3.5342533588409424,-0.5565140843391418,4.090766429901123,0.0,378.068506439322,23040.0
0.3353341519832611,-2.791945695877075,3.1272802352905273,0.0,180.88205107731272,23040.0
1.322251796722412,-1.815926432609558,3.1381778717041016,0.0,152.6236272911212,23040.0
-0.8071714043617249,-3.6399946212768555,2.832822799682617,0.0,88.71163927718169,23040.0
-0.19620497524738312,-3.437528371810913,3.241323471069336,0.0,105.95860438353145,23040.0
-0.820982038974762,-3.795544385910034,2.9745614528656006,0.0,78.73362555830504,23040.0
-1.2199113368988037,-4.045563220977783,2.8256523609161377,0.0,54.400921084602366,23040.0
-0.8621065020561218,-3.6973304748535156,2.835224151611328,0.0,93.13042146343756,23040.0
-0.8572744727134705,-3.5668344497680664,2.7095603942871094,0.0,98.91974105685308,23040.0
-0.9850907325744629,-3.519890069961548,2.5347986221313477,0.0,63.274911025579144,23040.0
-0.48163121938705444,-3.219960927963257,2.7383294105529785,0.0,84.31163733630049,23040.0
-1.0364649295806885,-3.583261728286743,2.546797037124634,0.0,62.96233445396513,23040.0
-1.220504879951477,-3.628143072128296,2.4076383113861084,0.0,52.945126567042934,23040.0
-1.2033843994140625,-3.553304433822632,2.3499200344085693,0.0,63.68985168176091,23040.0
-1.1055536270141602,-3.484767436981201,2.379213571548462,0.0,61.26537344563997,23040.0
-1.2416850328445435,-3.688894271850586,2.447209596633911,0.0,56.42666407502124,23040.0
-1.3194957971572876,-3.8497395515441895,2.530242919921875,0.0,56.577003233133475,23040.0
-1.2886500358581543,-3.888737201690674,2.6000866889953613,0.0,85.72526516732458,23040.0
-1.0676100254058838,-3.8107709884643555,2.743161201477051,0.0,88.80694538636673,23040.0
-1.4493985176086426,-4.1262946128845215,2.6768970489501953,0.0,64.66871801084419,23040.0
-1.8186918497085571,-4.427281379699707,2.6085879802703857,0.0,57.9618573361861,23040.0
-1.3917429447174072,-4.1247477531433105,2.7330057621002197,0.0,59.94462590065563,23040.0
-1.8093029260635376,-4.563901901245117,2.754599094390869,0.0,59.234772286875454,23040.0
-1.7018769979476929,-4.633872985839844,2.9319956302642822,0.0,45.49232105475534,23040.0
-1.840864896774292,-4.8220648765563965,2.9811997413635254,0.0,46.53461302178158,23040.0
-1.992375373840332,-4.883189678192139,2.8908135890960693,0.0,56.23639294538688,23040.0
-1.8972233533859253,-4.909974575042725,3.012751340866089,0.0,54.29705297883001,23040.0
-2.004950761795044,-5.045168876647949,3.040217399597168,0.0,52.19375109271521,23040.0
-2.0833580493927,-5.153406620025635,3.0700488090515137,0.0,63.33404143642358,23040.0
-1.9696574211120605,-5.172340393066406,3.20268177986145,0.0,37.14302488767189,23040.0
-2.2982046604156494,-5.428142070770264,3.129936456680298,0.0,88.42957961739286,23040.0
-2.1391916275024414,-5.328437805175781,3.189246892929077,0.0,80.73931806278182,23040.0
-2.290651321411133,-5.572323799133301,3.2816739082336426,0.0,29.16914058546498,23040.0
-2.07381272315979,-5.401447772979736,3.327634572982788,0.0,77.29398292660191,23040.0
-2.3503472805023193,-5.620749473571777,3.2704031467437744,0.0,93.27275528903262,23040.0
-2.0065436363220215,-5.294765472412109,3.2882206439971924,0.0,178.84411471371288,23040.0
-1.4696316719055176,-4.8436408042907715,3.374008893966675,0.0,172.05392861730135,23040.0
-1.441909670829773,-4.737925052642822,3.2960164546966553,0.0,185.61011700786364,23040.0
-2.1228113174438477,-5.337717533111572,3.2149064540863037,0.0,76.09378223049951,23040.0
-2.11295223236084,-5.310068607330322,3.1971168518066406,0.0,93.4793172345314,23040.0
-2.115290641784668,-5.266136169433594,3.1508443355560303,0.0,119.97201155565965,23040.0
-2.177755355834961,-5.474790096282959,3.2970333099365234,0.0,43.9726788927873,23040.0
-1.6960227489471436,-5.032079219818115,3.336057186126709,0.0,114.00839347927845,23040.0
-2.2238523960113525,-5.432465553283691,3.2086143493652344,0.0,81.04326536220718,23040.0
-2.4028499126434326,-5.580714702606201,3.1778650283813477,0.0,58.518587529659364,23040.0
-2.148615837097168,-5.298856735229492,3.150240182876587,0.0,95.75019977021456,23040.0
-2.4747848510742188,-5.558879375457764,3.0840933322906494,0.0,53.49258955257704,23040.0
-2.3523306846618652,-5.516971588134766,3.1646409034729004,0.0,83.42114937669662,23040.0
-2.3858323097229004,-5.5436015129089355,3.1577703952789307,0.0,93.64534228243598,23040.0
-2.739856243133545,-5.816848278045654,3.076991081237793,0.0,58.150261930411126,23040.0
-2.407597064971924,-5.5931715965271,3.1855764389038086,0.0,88.00261425250515,23040.0
-2.4230263233184814,-5.727041244506836,3.304013729095459,0.0,110.1062021562585,23040.0
-2.423679828643799,-5.662075042724609,3.2383944988250732,0.0,85.53061573388837,23040.0
-2.4193787574768066,-5.653975963592529,3.234597682952881,0.0,93.24906417377802,23040.0
-2.456005811691284,-5.7642292976379395,3.308222770690918,0.0,114.89087670084815,23040.0
-2.4062716960906982,-5.674411773681641,3.268139600753784,0.0,115.10821816992498,23040.0
-2.2259719371795654,-5.54446268081665,3.3184902667999268,0.0,114.48000609874522,23040.0
-2.280324935913086,-5.724654674530029,3.4443295001983643,0.0,124.06043432698826,23040.0
-2.1151275634765625,-5.466354846954346,3.3512275218963623,0.0,159.77184026199578,23040.0
-2.000053882598877,-5.373886585235596,3.373832941055298,0.0,119.21236750990079,23040.0
-2.2704131603240967,-5.506290912628174,3.2358782291412354,0.0,166.43672208981926,23040.0
-2.2356090545654297,-5.507842540740967,3.2722344398498535,0.0,157.97208440347484,23040.0
-2.18339204788208,-5.384837627410889,3.2014472484588623,0.0,109.85657039887259,23040.0
-2.1316583156585693,-5.39569616317749,3.264037847518921,0.0,163.52883335927274,23040.0
-2.25142765045166,-5.558748245239258,3.3073184490203857,0.0,111.46339018199619,23040.0
-2.0859951972961426,-5.29690408706665,3.2109107971191406,0.0,136.17221121865148,23040.0
-2.3820559978485107,-5.537250995635986,3.1551921367645264,0.0,105.90913130891137,23040.0
-2.1913280487060547,-5.366922855377197,3.175595760345459,0.0,143.81397126213608,23040.0
-2.156229019165039,-5.385052680969238,3.2288222312927246,0.0,136.09372797284223,23040.0
-2.076577663421631,-5.213871955871582,3.137294292449951,0.0,117.29285159324728,23040.0
-2.373366355895996,-5.565556049346924,3.1921885013580322,0.0,136.17270721656143,23040.0
-2.1552889347076416,-5.330630302429199,3.1753411293029785,0.0,141.3619545386995,23040.0
-2.4192142486572266,-5.525608062744141,3.106394052505493,0.0,114.61696129043047,23040.0
-2.4707045555114746,-5.58704137802124,3.116337299346924,0.0,120.52613121218589,23040.0
-2.347829580307007,-5.542171001434326,3.1943421363830566,0.0,133.01864738495428,23040.0
-2.3350117206573486,-5.536960601806641,3.201948404312134,0.0,118.92818081746701,23040.0
-2.4444429874420166,-5.659183025360107,3.2147371768951416,0.0,74.64529584293123,23040.0
-2.3743982315063477,-5.524093151092529,3.149696111679077,0.0,123.55091047088995,23040.0
-2.6357412338256836,-5.841592788696289,3.2058520317077637,0.0,65.33843296754476,23040.0
-2.6467463970184326,-5.830713748931885,3.183967113494873,0.0,108.0494124151053,23040.0
-2.65091609954834,-5.913956642150879,3.2630395889282227,0.0,93.1065563306871,23040.0
-2.6817450523376465,-5.994390964508057,3.312645196914673,0.0,55.52010691343991,23040.0
-2.7531161308288574,-6.03525447845459,3.282137393951416,0.0,78.69836062706958,23040.0
-2.5714023113250732,-5.996706008911133,3.425304889678955,0.0,43.48892316236863,23040.0
-2.648961305618286,-6.122801303863525,3.47383975982666,0.0,81.69001334580832,23040.0
-2.8307743072509766,-6.203700542449951,3.3729264736175537,0.0,91.56988336352664,23040.0
-2.734635829925537,-6.173691749572754,3.4390549659729004,0.0,110.91412966191741,23040.0
-2.7568490505218506,-6.273153305053711,3.5163042545318604,0.0,90.42796487738366,23040.0
-2.8814189434051514,-6.418391704559326,3.536972761154175,0.0,80.90477802162575,23040.0
-2.6881415843963623,-6.179525375366211,3.491386890411377,0.0,112.83776774878557,23040.0
-1.9453651905059814,-5.655231952667236,3.7098677158355713,0.0,194.97867060038078,23040.0
0.1528007835149765,-3.577589273452759,3.7303898334503174,0.0,314.26182157135366,23040.0
0.6444724798202515,-3.478813648223877,4.123288154602051,0.0,349.2146075070268,23040.0
-1.1556060314178467,-4.600032329559326,3.4444236755371094,0.0,188.370239936612,23040.0
0.051706381142139435,-3.484997510910034,3.536702871322632,0.0,179.84330284187521,23040.0
-1.8506436347961426,-5.130697727203369,3.280054807662964,0.0,140.6546771829002,23040.0
-0.7241142988204956,-4.3777360916137695,3.6536200046539307,0.0,188.96576206563427,23040.0
-1.8221102952957153,-4.969131946563721,3.147022247314453,0.0,96.73249174806391,23040.0
-1.691327452659607,-4.805474281311035,3.114147663116455,0.0,101.57124631748029,23040.0
-1.2223232984542847,-4.285614490509033,3.063291072845459,0.0,92.19102779454525,23040.0
-1.964844822883606,-4.754191875457764,2.789348602294922,0.0,68.78743935367744,23040.0
-1.1349180936813354,-4.250527381896973,3.115610122680664,0.0,99.2781681817778,23040.0
-1.5954629182815552,-4.526588439941406,2.931126594543457,0.0,78.1158168796106,23040.0
-1.9566842317581177,-4.751612186431885,2.7949283123016357,0.0,76.46608145365147,23040.0
-1.9030991792678833,-4.637085437774658,2.7339870929718018,0.0,76.26781461254208,23040.0
-1.707095980644226,-4.495887279510498,2.788790702819824,0.0,68.37151965251327,23040.0
-2.1266839504241943,-4.948698043823242,2.822011947631836,0.0,58.43373459261121,23040.0
-2.138787269592285,-5.022541046142578,2.8837544918060303,0.0,73.96303710358616,23040.0
-2.045692205429077,-4.980928897857666,2.935237407684326,0.0,59.965352654739156,23040.0
-2.3763906955718994,-5.2875590324401855,2.9111690521240234,0.0,55.437312604945454,23040.0
-2.3682658672332764,-5.37014627456665,3.0018815994262695,0.0,54.26803333011978,23040.0
-2.419185161590576,-5.562498569488525,3.143314838409424,0.0,68.03837825505688,23040.0
-2.5349247455596924,-5.695016860961914,3.1600918769836426,0.0,72.16950203260127,23040.0
-2.5132577419281006,-5.810867786407471,3.2976083755493164,0.0,67.54893832202335,23040.0
-2.811690330505371,-6.0832295417785645,3.2715423107147217,0.0,54.24524386195713,23040.0
-2.6814730167388916,-6.0913310050964355,3.4098567962646484,0.0,73.10467910946046,23040.0
-2.6195173263549805,-6.12517786026001,3.505657911300659,0.0,62.01159559659487,23040.0
-2.826394557952881,-6.314338684082031,3.487943172454834,0.0,89.24656517895353,23040.0
-2.734647512435913,-6.244522571563721,3.509876251220703,0.0,96.605413341301,23040.0
-2.5805625915527344,-6.220089435577393,3.6395273208618164,0.0,152.80762802397962,23040.0
-2.047919511795044,-5.648934364318848,3.601015329360962,0.0,213.5750952523056,23040.0
-1.2122548818588257,-5.033563613891602,3.8213090896606445,0.0,245.86903780934028,23040.0
-1.5345022678375244,-5.151281833648682,3.6167781352996826,0.0,235.13926486255716,23040.0
-2.376229763031006,-5.925320625305176,3.5490918159484863,0.0,140.59347649919468,23040.0
-2.412200927734375,-6.019183158874512,3.6069834232330322,0.0,125.98830105794967,23040.0
-2.122462272644043,-5.684587478637695,3.562124252319336,0.0,149.69204855408915,23040.0
-2.54219913482666,-6.055485725402832,3.5132863521575928,0.0,108.47889104540417,23040.0
-1.996122121810913,-5.584610462188721,3.5884878635406494,0.0,170.7252040479733,23040.0
-2.567391872406006,-5.995514392852783,3.4281222820281982,0.0,112.0869534700517,23040.0
-2.6394171714782715,-6.002126216888428,3.362708568572998,0.0,100.36358448579188,23040.0
-2.765693187713623,-6.034939289093018,3.2692439556121826,0.0,94.14911623855303,23040.0
-2.210472345352173,-5.562314987182617,3.3518433570861816,0.0,86.05581490751396,23040.0
-2.6885476112365723,-6.001338481903076,3.3127920627593994,0.0,81.92846074607755,23040.0
-2.7572147846221924,-6.074236869812012,3.3170228004455566,0.0,80.71038576911141,23040.0
-2.814967393875122,-6.1541218757629395,3.33915376663208,0.0,83.14603522832857,23040.0
-2.63228702545166,-6.082984924316406,3.4506945610046387,0.0,82.06318327911295,23040.0
-2.809704303741455,-6.170375347137451,3.360671043395996,0.0,86.35672494459328,23040.0
-2.848101854324341,-6.246951103210449,3.398850440979004,0.0,68.86754769041762,23040.0
-2.8499300479888916,-6.334182262420654,3.484253168106079,0.0,97.87073635733438,23040.0
-3.0752668380737305,-6.553267955780029,3.4780030250549316,0.0,56.26162858099466,23040.0
-2.6839122772216797,-6.264620780944824,3.5807077884674072,0.0,91.86321533862895,23040.0
-3.006769895553589,-6.644815921783447,3.638046979904175,0.0,76.98203481915222,23040.0
-2.795391798019409,-6.506575584411621,3.7111825942993164,0.0,116.7513954965755,23040.0
-2.3242952823638916,-6.119881629943848,3.7955877780914307,0.0,134.4708839156304,23040.0
-3.1135332584381104,-6.828403949737549,3.714871883392334,0.0,83.27205164861917,23040.0
-3.210606575012207,-6.893452167510986,3.682844400405884,0.0,88.60975194424253,23040.0
-2.8147637844085693,-6.547238349914551,3.7324740886688232,0.0,122.15025440795749,23040.0
-2.85675048828125,-6.704775810241699,3.84802508354187,0.0,131.94640984199302,23040.0
-2.930898427963257,-6.694169998168945,3.763273000717163,0.0,126.7322982835834,23040.0
-2.9772024154663086,-6.798762798309326,3.8215630054473877,0.0,104.59771999921094,23040.0
-3.163093090057373,-6.974899768829346,3.811807155609131,0.0,100.12203461003017,23040.0
-2.9896297454833984,-6.743934631347656,3.7543044090270996,0.0,134.28896073550195,23040.0
-2.9024438858032227,-6.722760200500488,3.820319175720215,0.0,134.61165482537535,23040.0
-2.848146915435791,-6.71948766708374,3.87134051322937,0.0,158.00797627087647,23040.0
-2.6640207767486572,-6.465071678161621,3.801051616668701,0.0,156.9881513778755,23040.0
-2.3091397285461426,-6.3301262855529785,4.020987033843994,0.0,142.43578636650776,23040.0
-2.5217511653900146,-6.348592758178711,3.8268401622772217,0.0,129.52119215782892,23040.0
-3.2673964500427246,-7.021652698516846,3.7542548179626465,0.0,115.9634234690529,23040.0
-3.0552585124969482,-6.884189128875732,3.8289315700531006,0.0,114.29678295550723,23040.0
-2.851409673690796,-6.597301006317139,3.745891571044922,0.0,118.6854648690474,23040.0
-2.8125784397125244,-6.597302436828613,3.784723997116089,0.0,120.68909941148867,23040.0
-3.0908288955688477,-6.786519527435303,3.695690631866455,0.0,97.42706302849673,23040.0
-3.0156047344207764,-6.658541679382324,3.642934560775757,0.0,117.86288915849768,23040.0
-2.602503538131714,-6.403013229370117,3.8005099296569824,0.0,142.50099607704675,23040.0
-2.869637966156006,-6.519298553466797,3.6496613025665283,0.0,140.0320963346532,23040.0
-3.100799322128296,-6.72878885269165,3.6279897689819336,0.0,100.44950611220007,23040.0
-3.018605947494507,-6.707979202270508,3.6893746852874756,0.0,114.78624121138468,23040.0
-2.986233949661255,-6.682470798492432,3.6962382793426514,0.0,115.92965033628313,23040.0
-3.083214282989502,-6.7848286628723145,3.701612949371338,0.0,115.07377194182021,23040.0
-2.9652180671691895,-6.74309778213501,3.7778778076171875,0.0,110.87483191988711,23040.0
-3.092724323272705,-6.769994258880615,3.677271842956543,0.0,114.34854087915461,23040.0
-3.0899178981781006,-6.7638373374938965,3.673919677734375,0.0,132.8128133272457,23040.0
-2.968088388442993,-6.742392539978027,3.7743022441864014,0.0,137.9438509249518,23040.0
-3.093980312347412,-6.81072998046875,3.716752052307129,0.0,86.98481135559875,23040.0
-3.323806047439575,-7.1240315437316895,3.8002257347106934,0.0,79.93351142431558,23040.0
-2.950911521911621,-6.837760925292969,3.886847972869873,0.0,157.00545711971066,23040.0
-2.716747522354126,-6.583546161651611,3.866800308227539,0.0,154.94094565399374,23040.0
-3.0422747135162354,-6.818089008331299,3.775815725326538,0.0,146.10932973468064,23040.0
-2.635021448135376,-6.631904602050781,3.996885061264038,0.0,135.04334705904967,23040.0
-2.5867807865142822,-6.433365345001221,3.8465847969055176,0.0,151.231162450718,23040.0
-3.035841941833496,-6.959752559661865,3.9239084720611572,0.0,139.02782736158537,23040.0
-2.9936039447784424,-6.853401184082031,3.8597967624664307,0.0,156.17164570897842,23040.0
-3.0043396949768066,-6.915535926818848,3.91119647026062,0.0,120.49643528469856,23040.0
-3.351794719696045,-7.1670918464660645,3.815295696258545,0.0,108.11173592337332,23040.0
-3.0145456790924072,-6.755852699279785,3.7413065433502197,0.0,134.15137398847799,23040.0
-2.9755825996398926,-6.935146808624268,3.959564447402954,0.0,90.78587232757397,23040.0
-3.056851863861084,-6.886733055114746,3.829878330230713,0.0,133.46658379178814,23040.0
-2.583859920501709,-6.4156270027160645,3.831766366958618,0.0,151.5195996886319,23040.0
-3.1395418643951416,-6.969966411590576,3.8304247856140137,0.0,117.05573306593804,23040.0
-3.152557134628296,-6.908954620361328,3.756399631500244,0.0,143.5946540409443,23040.0
-3.0698890686035156,-6.806202411651611,3.736314296722412,0.0,132.66177049089924,23040.0
-3.0526623725891113,-6.873138427734375,3.820474147796631,0.0,138.87918418952353,23040.0
-2.266223430633545,-6.332587242126465,4.06636381149292,0.0,202.61432997055806,23040.0
-2.2972891330718994,-6.2054877281188965,3.9081990718841553,0.0,170.71892750379467,23040.0
-2.861156463623047,-6.7231526374816895,3.861994504928589,0.0,162.97430982691054,23040.0
-2.9758825302124023,-6.748310565948486,3.772428035736084,0.0,168.68296610776167,23040.0
-3.2998626232147217,-7.042733192443848,3.742871046066284,0.0,140.6470518729701,23040.0
-2.0921669006347656,-5.965444087982178,3.8732781410217285,0.0,245.00249903663297,23040.0
-2.6973814964294434,-6.350191116333008,3.652811288833618,0.0,189.44305882921415,23040.0
-3.1278045177459717,-6.731138706207275,3.6033310890197754,0.0,115.91359929408047,23040.0
-2.5847904682159424,-6.2968878746032715,3.712099313735962,0.0,202.26377394578344,23040.0
-2.9987800121307373,-6.657101154327393,3.6583242416381836,0.0,107.50191578302554,23040.0
-2.6992642879486084,-6.378535270690918,3.6792731285095215,0.0,153.28271254671773,23040.0
-2.6318907737731934,-6.441051483154297,3.8091609477996826,0.0,139.19921729103737,23040.0
-3.159918785095215,-6.840622901916504,3.6807034015655518,0.0,110.70521892962996,23040.0
-3.0480613708496094,-6.652491569519043,3.604428768157959,0.0,113.26592561843269,23040.0
-3.0315744876861572,-6.6955389976501465,3.6639628410339355,0.0,97.92797528352743,23040.0
-2.939910888671875,-6.733630180358887,3.7937166690826416,0.0,133.10332200507023,23040.0
-3.4127445220947266,-7.160690784454346,3.747945785522461,0.0,71.96456642783525,23040.0
-3.1288602352142334,-6.883427143096924,3.754565715789795,0.0,103.10397514527752,23040.0
-3.396169662475586,-7.211364269256592,3.815192937850952,0.0,86.22295355183422,23040.0
-3.092698097229004,-6.945959568023682,3.8532612323760986,0.0,106.80069794312399,23040.0
-3.4576382637023926,-7.271381378173828,3.813742160797119,0.0,83.92545154703151,23040.0
-3.127875328063965,-7.042289733886719,3.9144158363342285,0.0,157.05423490851175,23040.0
-1.450840950012207,-5.426354885101318,3.975513458251953,0.0,278.55187103680737,23040.0
2.0795676708221436,-2.7073326110839844,4.786900997161865,0.0,434.20048962926427,23040.0
0.8802066445350647,-3.2876553535461426,4.167863368988037,0.0,289.8743647140377,23040.0
-1.7574856281280518,-5.513476848602295,3.7559902667999268,0.0,141.99404213330473,23040.0
-1.3819756507873535,-5.538650035858154,4.156675815582275,0.0,150.8573234615474,23040.0
-2.049002170562744,-5.824822425842285,3.7758193016052246,0.0,103.76875375670477,23040.0
-1.9097009897232056,-5.675463676452637,3.7657630443573,0.0,79.82152309997264,23040.0
-1.5730736255645752,-5.307218551635742,3.734144449234009,0.0,123.48590704883892,23040.0
-2.171694755554199,-5.629593849182129,3.4579007625579834,0.0,97.3741047626837,23040.0
0.6983173489570618,-3.3038442134857178,4.002161502838135,0.0,1672.773849525034,23040.0
3.9403250217437744,-0.05029064789414406,3.9906158447265625,0.0,319.5938261011934,23040.0
5.7900614738464355,2.573371171951294,3.216689109802246,0.0,307.07476630864545,23040.0
6.7063679695129395,3.644165277481079,3.0622029304504395,0.0,191.98280145236092,23040.0
4.4249348640441895,1.6943105459213257,2.7306251525878906,0.0,107.01713603211729,23040.0
3.910695791244507,1.1806374788284302,2.730057716369629,0.0,85.21623664872243,23040.0
4.237342834472656,1.3737876415252686,2.863555908203125,0.0,184.49274522444966,23040.0
3.152554988861084,0.6697076559066772,2.4828476905822754,0.0,111.77946430624989,23040.0
2.5902230739593506,0.36120346188545227,2.2290191650390625,0.0,90.42834014382979,23040.0
2.556506395339966,0.25723519921302795,2.2992711067199707,0.0,120.73685146770278,23040.0
1.8420683145523071,-0.4524185061454773,2.2944867610931396,0.0,55.64202310725441,23040.0
2.428698778152466,0.03718286007642746,2.3915162086486816,0.0,244.9786026179846,23040.0
1.8185640573501587,-0.2910538613796234,2.1096177101135254,0.0,152.28052350288272,23040.0
2.395796060562134,0.10316640883684158,2.2926292419433594,0.0,130.77588939189098,23040.0
2.1269872188568115,-0.30312275886535645,2.430110216140747,0.0,115.02852223515748,23040.0
1.561707615852356,-0.7539030313491821,2.31561017036438,0.0,83.1197078839774,23040.0
0.9824700355529785,-1.019813895225525,2.002284049987793,0.0,51.607501870304645,23040.0
0.9845210313796997,-0.9188058376312256,1.903327226638794,0.0,55.00664530321367,23040.0
1.3649948835372925,-0.5607898235321045,1.9257848262786865,0.0,64.8525556914905,23040.0
1.1675618886947632,-0.7562220096588135,1.9237834215164185,0.0,50.5290899835558,23040.0
1.1769275665283203,-0.9497556686401367,2.126682996749878,0.0,51.20330292489168,23040.0
1.056270718574524,-1.1466113328933716,2.2028818130493164,0.0,50.862257354459146,23040.0
0.47716549038887024,-1.6139061450958252,2.091071844100952,0.0,38.621719779370885,23040.0
0.27100154757499695,-1.7525808811187744,2.0235824584960938,0.0,66.32834155781144,23040.0
0.3963960111141205,-1.732955813407898,2.1293516159057617,0.0,50.69985988161416,23040.0
-0.05861758068203926,-2.133082628250122,2.0744643211364746,0.0,42.62406434296852,23040.0
-0.02975497767329216,-2.152225971221924,2.122472047805786,0.0,53.0585371502586,23040.0
-0.13431361317634583,-2.367332696914673,2.233018636703491,0.0,65.16331507670138,23040.0
-0.5027867555618286,-2.7172951698303223,2.2145090103149414,0.0,50.028525525929254,23040.0
-0.5410844683647156,-2.871666431427002,2.3305814266204834,0.0,56.06167721152219,23040.0
-0.5642423629760742,-2.980450391769409,2.416208505630493,0.0,66.9488752939871,23040.0
-0.5605398416519165,-3.107482671737671,2.5469422340393066,0.0,52.17840745463877,23040.0
-1.0930463075637817,-3.685541868209839,2.5924956798553467,0.0,61.600435293259125,23040.0
-0.8495543003082275,-3.5527865886688232,2.703232765197754,0.0,78.62616949482353,23040.0
-0.9106053709983826,-3.6919355392456055,2.781329870223999,0.0,71.5373745583721,23040.0
-1.2416425943374634,-4.098321437835693,2.856679677963257,0.0,54.319793113458495,23040.0
-1.3702170848846436,-4.251391410827637,2.881174087524414,0.0,49.87132961119475,23040.0
-1.341157078742981,-4.2436394691467285,2.9024810791015625,0.0,70.23066910801576,23040.0
-1.6024552583694458,-4.560326099395752,2.957869529724121,0.0,31.593625462115742,23040.0
-1.4244943857192993,-4.510879993438721,3.0863864421844482,0.0,136.5716629227811,23040.0
-0.9486080408096313,-3.905539035797119,2.956930637359619,0.0,158.18364140218503,23040.0
-1.2184090614318848,-4.2333807945251465,3.0149712562561035,0.0,99.89100620848869,23040.0
-1.4088200330734253,-4.555556297302246,3.1467373371124268,0.0,91.18938342005279,23040.0
-1.4817200899124146,-4.570250988006592,3.088531494140625,0.0,65.50132209043042,23040.0
-1.4936370849609375,-4.529323101043701,3.0356855392456055,0.0,90.60296131061902,23040.0
-1.5882282257080078,-4.641631126403809,3.0534026622772217,0.0,106.99055489232394,23040.0
-1.6470857858657837,-4.805201053619385,3.1581149101257324,0.0,205.1266809009745,23040.0
-1.778817892074585,-4.827034950256348,3.0482168197631836,0.0,94.13821967235974,23040.0
-1.9408448934555054,-4.989142417907715,3.0482964515686035,0.0,62.09750100434013,23040.0
-1.886036992073059,-4.950528621673584,3.0644917488098145,0.0,86.82148624548121,23040.0
-1.7715550661087036,-4.91035795211792,3.138803482055664,0.0,99.48625818173187,23040.0
-2.0184762477874756,-5.155815124511719,3.1373379230499268,0.0,82.84547847738916,23040.0
-1.9941844940185547,-5.172309875488281,3.1781256198883057,0.0,142.4263499231142,23040.0
-1.7061465978622437,-5.032635688781738,3.3264896869659424,0.0,153.68823878642635,23040.0
-1.9664301872253418,-5.267762184143066,3.301332950592041,0.0,97.28668645369547,23040.0
-2.31355619430542,-5.564333915710449,3.250777244567871,0.0,104.63106249714939,23040.0
-1.9995390176773071,-5.272863864898682,3.273325204849243,0.0,153.33248860556617,23040.0
-2.0910301208496094,-5.492655277252197,3.401623487472534,0.0,114.71598244781076,23040.0
-2.397531747817993,-5.766677379608154,3.3691446781158447,0.0,60.389181700840275,23040.0
-2.20648455619812,-5.573902606964111,3.367417335510254,0.0,106.97466245235812,23040.0
-2.5478568077087402,-5.914776802062988,3.3669185638427734,0.0,57.00947062107659,23040.0
-2.2405142784118652,-5.685742378234863,3.44522762298584,0.0,113.49346211729862,23040.0
-2.4354443550109863,-5.9117112159729,3.4762682914733887,0.0,112.17217329777922,23040.0
-2.1891279220581055,-5.712224006652832,3.5230953693389893,0.0,245.36796587377916,23040.0
-1.7380962371826172,-5.2390522956848145,3.5009548664093018,0.0,244.5543964482511,23040.0
-2.746697425842285,-6.1179938316345215,3.371295213699341,0.0,75.03536942698983,23040.0
-2.172452688217163,-5.6164231300354,3.4439706802368164,0.0,174.05213817737902,23040.0
-1.988534688949585,-5.467627048492432,3.4790921211242676,0.0,116.68713718524307,23040.0
-1.6265223026275635,-5.143052101135254,3.516530990600586,0.0,162.58681494797486,23040.0
-2.402527093887329,-5.720248222351074,3.3177201747894287,0.0,102.40119216197749,23040.0
-1.9898847341537476,-5.378653049468994,3.388767719268799,0.0,101.49887728445319,23040.0
-2.538144111633301,-5.897802829742432,3.359657049179077,0.0,58.51552336619037,23040.0
-2.4221746921539307,-5.792834281921387,3.3706610202789307,0.0,134.57737047310297,23040.0
-2.6803815364837646,-6.215749740600586,3.5353660583496094,0.0,66.50135457171483,23040.0
-1.8854585886001587,-5.694042205810547,3.8085849285125732,0.0,144.45739952211312,23040.0
-2.8314454555511475,-6.253478527069092,3.4220316410064697,0.0,68.69797391445825,23040.0
-2.7809722423553467,-6.28106164932251,3.5000908374786377,0.0,98.5642906394552,23040.0
-2.9403347969055176,-6.45654296875,3.516209125518799,0.0,63.44375786292414,23040.0
-2.819478988647461,-6.422567367553711,3.6030869483947754,0.0,106.80016846089949,23040.0
-2.9248874187469482,-6.614805698394775,3.689918041229248,0.0,70.0382685874768,23040.0
-2.814582109451294,-6.527288913726807,3.71270751953125,0.0,148.99514597029594,23040.0
-2.688037157058716,-6.257369041442871,3.569331645965576,0.0,195.48693592127515,23040.0
-2.0420641899108887,-5.8952765464782715,3.8532142639160156,0.0,240.2589745551665,23040.0
-2.877647876739502,-6.489028453826904,3.6113810539245605,0.0,172.65980191964132,23040.0
-2.9439096450805664,-6.661641597747803,3.7177319526672363,0.0,87.78461805827018,23040.0
-2.5114614963531494,-6.40345573425293,3.8919928073883057,0.0,335.55683222131705,23040.0
-2.059177875518799,-5.654604911804199,3.5954270362854004,0.0,245.60878356495894,23040.0
-2.5996012687683105,-6.2321457862854,3.632544994354248,0.0,78.11021776401701,23040.0
-2.3350956439971924,-5.908017158508301,3.5729215145111084,0.0,153.4964434824908,23040.0
-2.859522581100464,-6.466347694396973,3.606826066970825,0.0,71.29696864442172,23040.0
-2.387331485748291,-6.050673484802246,3.6633410453796387,0.0,152.76461760339382,23040.0
-2.8431639671325684,-6.532645225524902,3.6894795894622803,0.0,113.90546675053749,23040.0
-2.369767904281616,-6.165891647338867,3.7961249351501465,0.0,183.23953039556739,23040.0
-2.6589107513427734,-6.21122932434082,3.5523180961608887,0.0,143.18354563478053,23040.0
-2.648414373397827,-6.225126266479492,3.5767109394073486,0.0,128.82907218964263,23040.0
-2.7139339447021484,-6.299937725067139,3.5860042572021484,0.0,118.27284180393671,23040.0
-2.85036039352417,-6.548629283905029,3.698270082473755,0.0,97.42839038023932,23040.0
-2.4897701740264893,-6.245351314544678,3.755579948425293,0.0,148.65265618954234,23040.0
-2.769526958465576,-6.530685901641846,3.761159896850586,0.0,95.79927810384329,23040.0
-2.8047475814819336,-6.655470848083496,3.850721836090088,0.0,94.61978151457726,23040.0
-2.9897680282592773,-6.805411338806152,3.8156440258026123,0.0,106.98563409151065,23040.0
-2.8337488174438477,-6.644198894500732,3.8104519844055176,0.0,97.56137590542005,23040.0
-3.100097417831421,-6.853135108947754,3.753035545349121,0.0,63.359242679988206,23040.0
-2.902777671813965,-6.708869934082031,3.8060929775238037,0.0,138.07119181700867,23040.0
-3.0756378173828125,-6.901696681976318,3.8260560035705566,0.0,108.15824569274213,23040.0
-2.87827205657959,-6.860682010650635,3.9824109077453613,0.0,62.04834345986805,23040.0
-2.936861276626587,-6.856060028076172,3.919198989868164,0.0,132.35419405843018,23040.0
-3.017803907394409,-6.909360885620117,3.8915560245513916,0.0,94.87669250720356,23040.0
-3.313270330429077,-7.17807149887085,3.864802122116089,0.0,59.6277558923293,23040.0
-2.93414306640625,-6.899765491485596,3.9656219482421875,0.0,117.69606198217127,23040.0
-3.0925073623657227,-7.06590461730957,3.973395347595215,0.0,101.9893533255711,23040.0
-2.9613630771636963,-6.984948635101318,4.023586750030518,0.0,112.23915822743226,23040.0
-3.201380729675293,-7.136711120605469,3.935328483581543,0.0,109.673352307532,23040.0
-3.3147430419921875,-7.27969217300415,3.964949131011963,0.0,69.52785615984854,23040.0
-3.06978702545166,-7.078295707702637,4.008508205413818,0.0,120.91174379511185,23040.0
-2.2911593914031982,-6.481959819793701,4.190800189971924,0.0,157.3081914192478,23040.0
-2.978929042816162,-7.071883678436279,4.092951774597168,0.0,131.80668944596653,23040.0
-3.0214953422546387,-6.9844746589660645,3.9629812240600586,0.0,109.55148936301867,23040.0
-3.208141326904297,-7.078996658325195,3.870854377746582,0.0,81.4450009399266,23040.0
-3.2838714122772217,-7.180900573730469,3.897028684616089,0.0,117.46147892655843,23040.0
-3.386122703552246,-7.245059490203857,3.8589391708374023,0.0,84.47053387546488,23040.0
-3.3100883960723877,-7.287308692932129,3.977219343185425,0.0,66.91614978261863,23040.0
-3.1943867206573486,-7.183376789093018,3.9889910221099854,0.0,128.43281861570955,23040.0
-3.305284261703491,-7.270700931549072,3.9654157161712646,0.0,129.52857905001724,23040.0
-2.8383121490478516,-6.939261436462402,4.100948810577393,0.0,124.30322887016621,23040.0
-3.0071983337402344,-6.946288585662842,3.9390902519226074,0.0,135.46269887651644,23040.0
-3.589472770690918,-7.610218048095703,4.020745754241943,0.0,83.2789559180468,23040.0
-2.8288331031799316,-7.094759941101074,4.265928268432617,0.0,130.06187247390986,23040.0
-2.738692045211792,-6.864386081695557,4.12569522857666,0.0,167.92305025740214,23040.0
-2.972745180130005,-7.154919624328613,4.182174205780029,0.0,168.89536361142015,23040.0
-2.9118123054504395,-6.888859748840332,3.9770491123199463,0.0,155.39445772357644,23040.0
-3.1618764400482178,-7.189109802246094,4.027234077453613,0.0,65.97963661116717,23040.0
-3.0905261039733887,-7.130335807800293,4.0398077964782715,0.0,149.89138563937792,23040.0
-3.1584181785583496,-7.184293746948242,4.025872707366943,0.0,140.50476610303036,23040.0
-3.6233720779418945,-7.612496376037598,3.9891254901885986,0.0,65.6162030107775,23040.0
-3.279973030090332,-7.38141393661499,4.101441860198975,0.0,129.70869883857023,23040.0
-3.4007842540740967,-7.427067756652832,4.026282787322998,0.0,115.99467414474552,23040.0
-3.4009761810302734,-7.45059871673584,4.049619674682617,0.0,73.47812688831547,23040.0
-3.204784870147705,-7.296586036682129,4.091801643371582,0.0,120.83950652373201,23040.0
-3.223567008972168,-7.279824256896973,4.0562567710876465,0.0,96.23144413876125,23040.0
-3.5393242835998535,-7.59298038482666,4.053656578063965,0.0,98.47063430679039,23040.0
-3.5592761039733887,-7.628509044647217,4.06923246383667,0.0,102.73346346735288,23040.0
-3.318946361541748,-7.470478534698486,4.1515302658081055,0.0,114.66440615574422,23040.0
-3.552812099456787,-7.744436264038086,4.191623210906982,0.0,101.6132756158176,23040.0
-3.797664165496826,-7.916306018829346,4.118640422821045,0.0,95.40467313850144,23040.0
-3.59065318107605,-7.781325817108154,4.190671920776367,0.0,125.41156536418646,23040.0
-3.352128744125366,-7.654086589813232,4.3019561767578125,0.0,151.69046033718797,23040.0
-2.6170945167541504,-6.934330940246582,4.317234992980957,0.0,201.89396860505485,23040.0
-1.8503402471542358,-6.450882911682129,4.600542068481445,0.0,250.4632051294217,23040.0
-2.3548574447631836,-6.624698162078857,4.269837856292725,0.0,210.23454586242607,23040.0
-3.543139696121216,-7.638836860656738,4.095698833465576,0.0,55.03291455304571,23040.0
-3.0933547019958496,-7.210132598876953,4.116777420043945,0.0,151.70587282217681,23040.0
-2.787652015686035,-6.930195331573486,4.142543315887451,0.0,161.0133404252221,23040.0
-3.374974250793457,-7.440423011779785,4.065446376800537,0.0,62.004722629362135,23040.0
-3.1084251403808594,-7.320155143737793,4.211731433868408,0.0,145.88494575927191,23040.0
-3.13214111328125,-7.1851487159729,4.053009510040283,0.0,192.02287513369163,23040.0
-3.377121925354004,-7.364821434020996,3.9876983165740967,0.0,79.65426632874433,23040.0
-2.8690426349639893,-6.977782726287842,4.108739376068115,0.0,148.29735929993876,23040.0
-3.323561906814575,-7.3673930168151855,4.043830394744873,0.0,81.09801531874626,23040.0
-3.062258005142212,-7.056055545806885,3.9937961101531982,0.0,122.97505222456907,23040.0
-3.2411611080169678,-7.34023904800415,4.099077224731445,0.0,123.240189622713,23040.0
-3.3445894718170166,-7.494978904724121,4.150390148162842,0.0,116.06275870687823,23040.0
-2.8680570125579834,-7.099514961242676,4.231457710266113,0.0,172.37753729705668,23040.0
-3.540046453475952,-7.716803073883057,4.176755428314209,0.0,147.2697916649919,23040.0
-2.711094379425049,-7.015536785125732,4.304441452026367,0.0,182.65985865946632,23040.0
-3.1529150009155273,-7.272294998168945,4.119377136230469,0.0,127.71646392666908,23040.0
-3.136669158935547,-7.194695472717285,4.058024883270264,0.0,127.50074309778489,23040.0
-3.1895077228546143,-7.457155227661133,4.267650127410889,0.0,119.88384370437994,23040.0
-3.412217617034912,-7.559566974639893,4.147348403930664,0.0,118.19176208506913,23040.0
-3.0873775482177734,-7.339921951293945,4.252544403076172,0.0,166.58980610601884,23040.0
-3.1999599933624268,-7.465400695800781,4.265437602996826,0.0,131.94569792952484,23040.0
-2.870152473449707,-7.23140811920166,4.3612565994262695,0.0,151.6844363038083,23040.0
-3.597066879272461,-7.651089668273926,4.054022312164307,0.0,86.03457448107453,23040.0
-3.1839592456817627,-7.31212854385376,4.128170967102051,0.0,117.76574685932285,23040.0
-3.477926015853882,-7.5867390632629395,4.108814239501953,0.0,83.74663947493883,23040.0
-3.599344491958618,-7.764883041381836,4.1655378341674805,0.0,122.21780157860084,23040.0
-3.437168598175049,-7.704888343811035,4.267717361450195,0.0,153.01131989058962,23040.0
-3.497837543487549,-7.846583366394043,4.348744869232178,0.0,124.18830960912317,23040.0
-3.7154381275177,-7.952657699584961,4.2372212409973145,0.0,100.9963361088196,23040.0
-3.6860666275024414,-7.881734371185303,4.195667743682861,0.0,72.54532653091802,23040.0
-3.756953239440918,-7.986395835876465,4.229442119598389,0.0,74.23537155202222,23040.0
-3.8892252445220947,-8.203031539916992,4.313807487487793,0.0,53.98837235888797,23040.0
-3.9384121894836426,-8.30714225769043,4.368731498718262,0.0,94.04500314244103,23040.0
-3.8125391006469727,-8.23691463470459,4.424375534057617,0.0,108.50043188787453,23040.0
-3.5981807708740234,-8.137982368469238,4.53980016708374,0.0,148.80192987129752,23040.0
-3.2017719745635986,-7.7344489097595215,4.532677173614502,0.0,211.59838302416793,23040.0
-3.014180898666382,-7.378191947937012,4.364010810852051,0.0,226.27898740633117,23040.0
-3.073941707611084,-7.443626403808594,4.36968469619751,0.0,218.664032634526,23040.0
-3.1162638664245605,-7.446844577789307,4.330580234527588,0.0,162.288612653779,23040.0
-3.061840772628784,-7.509158611297607,4.447318077087402,0.0,196.87153496696158,23040.0
-2.8391289710998535,-7.200449466705322,4.361319541931152,0.0,238.84932380107117,23040.0
-3.5984625816345215,-7.955094337463379,4.35663366317749,0.0,92.68117362265676,23040.0
-3.4086039066314697,-7.741354942321777,4.332751274108887,0.0,152.67014859592138,23040.0
-2.8623013496398926,-7.233860492706299,4.371558666229248,0.0,207.34458546622855,23040.0
-3.502958059310913,-7.851470470428467,4.348510265350342,0.0,100.6220397359762,23040.0
-3.404815912246704,-7.690840721130371,4.286027908325195,0.0,125.43551364870753,23040.0
-3.4769349098205566,-7.695897102355957,4.218960285186768,0.0,128.3702550531131,23040.0
-3.7986867427825928,-7.925379753112793,4.1266984939575195,0.0,83.4995616490358,23040.0
-3.6230430603027344,-7.848712921142578,4.22567081451416,0.0,145.1997731520847,23040.0
-3.687577724456787,-7.972376823425293,4.284801006317139,0.0,114.1247104073749,23040.0
-3.662564992904663,-8.044440269470215,4.381875038146973,0.0,87.69030258644523,23040.0
-3.436077117919922,-7.8601508140563965,4.424072265625,0.0,152.10909235321944,23040.0
-3.973444938659668,-8.347030639648438,4.373586177825928,0.0,76.56392436639634,23040.0
-3.597834348678589,-8.095587730407715,4.497752666473389,0.0,105.05982836734061,23040.0
-3.5756490230560303,-8.052734375,4.477087497711182,0.0,153.87201516266558,23040.0
-3.490149974822998,-8.140421867370605,4.650270462036133,0.0,116.12504856558195,23040.0
-3.744438409805298,-8.315634727478027,4.571195602416992,0.0,126.00850951831364,23040.0
-3.4836769104003906,-8.074581146240234,4.59090518951416,0.0,162.613335870338,23040.0
-3.7626800537109375,-8.28615951538086,4.5234808921813965,0.0,221.10115820208392,23040.0
-3.650129795074463,-8.21565055847168,4.565518856048584,0.0,130.9330153999602,23040.0
-2.6940693855285645,-7.380989074707031,4.686917304992676,0.0,230.68712169780085,23040.0
-2.459521770477295,-7.062351703643799,4.602828502655029,0.0,202.74937645223432,23040.0
-3.8851544857025146,-8.2269868850708,4.34183406829834,0.0,92.46313382060016,23040.0
-3.6188998222351074,-8.124558448791504,4.505660533905029,0.0,115.83212894648862,23040.0
-3.1217806339263916,-7.582527160644531,4.460744380950928,0.0,168.02593103940828,23040.0
-3.797696828842163,-8.25074291229248,4.453042030334473,0.0,83.26965537859,23040.0
-3.4507789611816406,-7.981943130493164,4.531163215637207,0.0,133.84168293224823,23040.0
-3.3621585369110107,-7.731017589569092,4.368857383728027,0.0,161.8973519716718,23040.0
-3.7761263847351074,-8.13832950592041,4.362201690673828,0.0,94.99489084991113,23040.0
-3.593235969543457,-8.081649780273438,4.488414287567139,0.0,121.68578732576667,23040.0
-3.52805233001709,-7.946558952331543,4.418507099151611,0.0,138.99653675926777,23040.0
-3.7020103931427,-8.167495727539062,4.465485095977783,0.0,108.00917688559345,23040.0
-3.567073345184326,-8.13514232635498,4.568069934844971,0.0,139.28902544380645,23040.0
-3.676828384399414,-8.16342544555664,4.486597537994385,0.0,143.83186910827732,23040.0
-3.6131038665771484,-8.164403915405273,4.551301002502441,0.0,178.6571131515204,23040.0
-3.558087110519409,-8.13140869140625,4.57332181930542,0.0,128.1733925850952,23040.0
-3.8241865634918213,-8.330985069274902,4.506800174713135,0.0,87.78234800144946,23040.0
-3.5779001712799072,-8.134761810302734,4.556858539581299,0.0,137.13511601678897,23040.0
-3.622213840484619,-8.319989204406738,4.697771072387695,0.0,125.65231287202703,23040.0
-3.7997775077819824,-8.49726390838623,4.697486400604248,0.0,127.98128308071303,23040.0
-3.5275936126708984,-8.176655769348145,4.64906120300293,0.0,167.54221669126375,23040.0
-3.9534480571746826,-8.619096755981445,4.665652275085449,0.0,128.1206941104239,23040.0
-3.8527324199676514,-8.479523658752441,4.626789569854736,0.0,143.26140771335665,23040.0
-3.796487808227539,-8.362393379211426,4.565907001495361,0.0,129.61890490267444,23040.0
-3.7570512294769287,-8.413308143615723,4.656255722045898,0.0,118.40658414045103,23040.0
-3.8600752353668213,-8.39871883392334,4.5386433601379395,0.0,140.6805721119607,23040.0
-4.158456325531006,-8.70711898803711,4.548662185668945,0.0,91.49860353586875,23040.0
-3.396275520324707,-8.156941413879395,4.760668754577637,0.0,186.9047455346095,23040.0
-3.4596004486083984,-8.136895179748535,4.677295684814453,0.0,211.1044535708618,23040.0
-4.068469047546387,-8.71545124053955,4.6469831466674805,0.0,109.86674911819466,23040.0
-3.842313528060913,-8.518240928649902,4.675925254821777,0.0,131.47122837131633,23040.0
-3.5264370441436768,-8.19898509979248,4.672548294067383,0.0,173.78090280728813,23040.0
-4.036001205444336,-8.748897552490234,4.712897300720215,0.0,129.4503368220886,23040.0
-4.04325532913208,-8.735475540161133,4.69222354888916,0.0,131.16052055264805,23040.0
-4.059614181518555,-8.743805885314941,4.684188365936279,0.0,120.04087371357393,23040.0
-3.467587947845459,-8.396318435668945,4.9287309646606445,0.0,149.64882269040444,23040.0
-3.7199368476867676,-8.485246658325195,4.765310287475586,0.0,197.488126701066,23040.0
-3.738687515258789,-8.503722190856934,4.765036582946777,0.0,145.62337343843637,23040.0
-3.6149535179138184,-8.38135814666748,4.766407489776611,0.0,150.943767721557,23040.0
-3.505457878112793,-8.184844017028809,4.679386138916016,0.0,159.406682265827,23040.0
-3.6071341037750244,-8.347552299499512,4.740416049957275,0.0,144.82954052919303,23040.0
-4.007760524749756,-8.662473678588867,4.654714107513428,0.0,113.74920247512674,23040.0
-3.928774118423462,-8.723532676696777,4.794758319854736,0.0,132.82377879821433,23040.0
-3.5714049339294434,-8.493325233459473,4.921919345855713,0.0,225.54681432960115,23040.0
-3.475477695465088,-8.238777160644531,4.763298988342285,0.0,186.55566925401172,23040.0
-4.100794315338135,-8.784680366516113,4.683887004852295,0.0,79.21195894608859,23040.0
-3.947131395339966,-8.618596076965332,4.671464920043945,0.0,120.44001954313865,23040.0
-3.873392105102539,-8.550725936889648,4.677334785461426,0.0,113.4548461177554,23040.0
-4.146631240844727,-8.829828262329102,4.6831955909729,0.0,94.51399148617739,23040.0
-3.82574462890625,-8.674307823181152,4.8485636711120605,0.0,153.58158383803658,23040.0
-3.4202382564544678,-8.207830429077148,4.787588119506836,0.0,442.6904273167051,23040.0
-3.057223081588745,-7.7396416664123535,4.682419300079346,0.0,257.7879647209442,23040.0
-2.88299822807312,-7.573485851287842,4.690487861633301,0.0,230.8111338193719,23040.0
-2.7187299728393555,-7.355460166931152,4.636728763580322,0.0,168.61594051613773,23040.0
-3.0750813484191895,-7.610287189483643,4.535205841064453,0.0,174.0706739832977,23040.0
-3.1451029777526855,-7.678035259246826,4.532931804656982,0.0,145.6484471759821,23040.0
-3.297752857208252,-7.862215042114258,4.564463138580322,0.0,208.289923404461,23040.0
-2.9606773853302,-7.550212860107422,4.58953332901001,0.0,235.58386611327487,23040.0
-0.1989080160856247,-5.123855113983154,4.92494535446167,0.0,1858.757321462975,23040.0
-1.248453974723816,-5.706246376037598,4.457791805267334,0.0,192.34976594496354,23040.0
-1.5673081874847412,-5.647855281829834,4.080545902252197,0.0,146.66993838039792,23040.0
0.10308066755533218,-4.367496013641357,4.470577716827393,0.0,200.5351842244868,23040.0
-1.8685033321380615,-5.787342071533203,3.918837070465088,0.0,115.77954793144757,23040.0
-0.6171892285346985,-5.008670806884766,4.3914794921875,0.0,265.2319915130626,23040.0
-1.79092276096344,-5.68725061416626,3.8963279724121094,0.0,159.41635490782522,23040.0
-1.01723051071167,-5.305288791656494,4.288058280944824,0.0,184.40221652472906,23040.0
-1.604826807975769,-5.588534832000732,3.9837093353271484,0.0,147.69802266029635,23040.0
-1.0453579425811768,-4.900847434997559,3.8554887771606445,0.0,185.3349495160841,23040.0
-1.82442045211792,-5.489185333251953,3.6647658348083496,0.0,120.0693871587648,23040.0
-2.0430476665496826,-5.6218767166137695,3.5788300037384033,0.0,86.42257253786356,23040.0
-1.3658528327941895,-5.078902721405029,3.713050603866577,0.0,110.18559547453643,23040.0
-1.66685152053833,-5.257360458374023,3.590510845184326,0.0,92.37071812685909,23040.0
-1.77949857711792,-5.283719539642334,3.504221200942993,0.0,78.46631816239305,23040.0
-1.5858008861541748,-5.108956813812256,3.5231540203094482,0.0,166.3229325231775,23040.0
-2.3544201850891113,-5.814060688018799,3.4596381187438965,0.0,169.46852114391564,23040.0
-0.6285984516143799,-4.658742427825928,4.030144214630127,0.0,452.6982439988556,23040.0
-0.04283837229013443,-3.352964162826538,3.310126781463623,0.0,443.29806620737855,23040.0
-2.3674354553222656,-5.846091270446777,3.478656053543091,0.0,71.07343421842141,23040.0
-1.0219584703445435,-4.674217224121094,3.6522586345672607,0.0,403.45444744930046,23040.0
-1.9712440967559814,-5.445887088775635,3.474642515182495,0.0,78.79490968571913,23040.0
-1.2408446073532104,-4.6567583084106445,3.4159138202667236,0.0,130.12380929766883,23040.0
-1.4497748613357544,-4.782841682434082,3.333068609237671,0.0,150.79543115763016,23040.0
-1.9021875858306885,-5.500468730926514,3.5982792377471924,0.0,85.41949801768591,23040.0
-1.6342062950134277,-5.426024913787842,3.791818618774414,0.0,106.37935516739701,23040.0
-1.9894288778305054,-5.738788604736328,3.749358892440796,0.0,103.66100619197917,23040.0
-2.102644443511963,-5.794370651245117,3.691725254058838,0.0,105.83214581447834,23040.0
-2.535388231277466,-6.240166664123535,3.704777240753174,0.0,88.08962816523699,23040.0
-2.09739351272583,-5.892969608306885,3.7955753803253174,0.0,131.00188677743344,23040.0
-2.477869749069214,-6.311924934387207,3.8340542316436768,0.0,107.99236320840568,23040.0
-2.590165138244629,-6.419716835021973,3.82955265045166,0.0,95.53783535537599,23040.0
-2.4958765506744385,-6.389918327331543,3.8940398693084717,0.0,115.14995361611301,23040.0
-3.017643451690674,-6.986930847167969,3.9692881107330322,0.0,79.39446887010357,23040.0
-3.0340871810913086,-7.146869659423828,4.112781524658203,0.0,127.03124451250525,23040.0
-3.1999566555023193,-7.344118118286133,4.144163608551025,0.0,101.31078155351459,23040.0
-3.085721731185913,-7.173352241516113,4.087631702423096,0.0,94.03694063607895,23040.0
-3.2750637531280518,-7.517376899719238,4.242312431335449,0.0,95.95019635181161,23040.0
-3.34732723236084,-7.731450080871582,4.384125232696533,0.0,138.8253974727248,23040.0
-3.3359994888305664,-7.695066928863525,4.359066486358643,0.0,89.86277511065435,23040.0
-2.9838674068450928,-7.48386287689209,4.499995708465576,0.0,148.68033410187675,23040.0
-3.6568603515625,-8.247913360595703,4.591054439544678,0.0,94.69513483529303,23040.0
-3.191415309906006,-7.801630973815918,4.6102142333984375,0.0,202.44571323527884,23040.0
-3.546602725982666,-8.035951614379883,4.489348888397217,0.0,110.57830022963253,23040.0
-3.4465413093566895,-7.971462726593018,4.524923324584961,0.0,79.82935117876963,23040.0
-3.485328435897827,-8.021764755249023,4.536438465118408,0.0,103.39373323983452,23040.0
-3.827098846435547,-8.409217834472656,4.582117557525635,0.0,67.7576706454415,23040.0
-3.668492317199707,-8.304810523986816,4.636317729949951,0.0,165.0137411145046,23040.0
-3.560656785964966,-8.245759010314941,4.685102939605713,0.0,181.77885948150242,23040.0
-3.9804227352142334,-8.596973419189453,4.616550445556641,0.0,105.86677616313752,23040.0
-3.809525966644287,-8.470010757446289,4.660486698150635,0.0,120.90307134864769,23040.0
-3.728801727294922,-8.318825721740723,4.59002685546875,0.0,139.60281063929332,23040.0
-3.631582736968994,-8.292387962341309,4.660805702209473,0.0,157.4317508365351,23040.0
-3.9818620681762695,-8.655844688415527,4.673985958099365,0.0,91.27436966432599,23040.0
-3.6444549560546875,-8.431421279907227,4.786964416503906,0.0,173.3005882698969,23040.0
-3.8059892654418945,-8.610447883605957,4.804458141326904,0.0,138.07215322364758,23040.0
-4.098998546600342,-8.885578155517578,4.786581039428711,0.0,100.69562752312802,23040.0
-3.871006965637207,-8.784037590026855,4.91303014755249,0.0,144.74953088316153,23040.0
-4.062007427215576,-8.942087173461914,4.880078315734863,0.0,129.60702846329895,23040.0
-3.3320655822753906,-8.335403442382812,5.003337383270264,0.0,188.37558049513,23040.0
-3.4963066577911377,-8.499815940856934,5.003509521484375,0.0,172.02281184087462,23040.0
-3.7757198810577393,-8.64496898651123,4.869247913360596,0.0,123.61641786898512,23040.0
-4.10737419128418,-8.862929344177246,4.755555152893066,0.0,78.24486512244644,23040.0
-3.5802338123321533,-8.57937240600586,4.999142169952393,0.0,173.8425973787763,23040.0
-3.851268768310547,-8.711299896240234,4.860029697418213,0.0,145.95654077318144,23040.0
-3.8910610675811768,-8.800108909606934,4.909048557281494,0.0,149.87052640092134,23040.0
-3.823702573776245,-8.68844985961914,4.864747524261475,0.0,197.24646779282776,23040.0
-4.391613483428955,-9.197976112365723,4.806360721588135,0.0,96.80705745744123,23040.0
-4.23052453994751,-9.003035545349121,4.772510051727295,0.0,79.77845002089846,23040.0
-4.272940635681152,-9.024212837219238,4.751271724700928,0.0,118.05966766076543,23040.0
-4.206206798553467,-9.056453704833984,4.850248336791992,0.0,89.99210989151526,23040.0
-4.318780899047852,-9.308902740478516,4.990122318267822,0.0,76.70897713885589,23040.0
-4.512163162231445,-9.463217735290527,4.951054096221924,0.0,105.21584383986311,23040.0
-4.2459940910339355,-9.242523193359375,4.996529579162598,0.0,152.37993811608757,23040.0
-4.216359615325928,-9.21607780456543,4.999716758728027,0.0,138.50407175885613,23040.0
-4.00475549697876,-9.021300315856934,5.016547203063965,0.0,140.01566001519583,23040.0
-4.297725200653076,-9.358528137207031,5.0608038902282715,0.0,98.28643819346121,23040.0
-4.109808921813965,-9.159130096435547,5.049324035644531,0.0,142.131425383914,23040.0
-4.29782247543335,-9.464309692382812,5.166486740112305,0.0,125.74161159841844,23040.0
-4.218337535858154,-9.486613273620605,5.268277645111084,0.0,154.22423836628406,23040.0
-3.9432156085968018,-9.282502174377441,5.339287757873535,0.0,184.94601644822157,23040.0
-4.160691261291504,-9.327237129211426,5.166546821594238,0.0,154.82558311096892,23040.0
-4.179529190063477,-9.339574813842773,5.160046577453613,0.0,200.1167263532037,23040.0
-3.843505620956421,-8.971158027648926,5.127652168273926,0.0,235.08030823687278,23040.0
-4.103579044342041,-9.269506454467773,5.165927886962891,0.0,183.3939001167673,23040.0
-4.274635314941406,-9.355265617370605,5.080628871917725,0.0,139.58877021320936,23040.0
-4.325626850128174,-9.37332534790039,5.0476975440979,0.0,142.5124914293041,23040.0
-4.165351867675781,-9.312941551208496,5.147592544555664,0.0,101.5965835388741,23040.0
-4.382754325866699,-9.499104499816895,5.116351127624512,0.0,102.37672737852817,23040.0
-4.785126209259033,-9.784818649291992,4.999692916870117,0.0,84.62052092776426,23040.0
-4.57173490524292,-9.697120666503906,5.125384330749512,0.0,73.19084213161533,23040.0
-4.558253288269043,-9.725513458251953,5.167263031005859,0.0,103.15970341812142,23040.0
-4.605875492095947,-9.795409202575684,5.1895365715026855,0.0,111.39751641503779,23040.0
-4.745535850524902,-9.843483924865723,5.097944259643555,0.0,73.88265789592926,23040.0
-4.661343574523926,-9.874616622924805,5.213271617889404,0.0,98.33199898000719,23040.0
-4.517839431762695,-9.811742782592773,5.293900489807129,0.0,152.48655944351543,23040.0
-4.40882682800293,-9.735871315002441,5.327045917510986,0.0,161.93172424391375,23040.0
-4.460043907165527,-9.74666690826416,5.286623001098633,0.0,191.42864759511346,23040.0
-3.4247989654541016,-8.912859916687012,5.488061428070068,0.0,328.61035093815985,23040.0
-1.6739755868911743,-7.240739822387695,5.5667643547058105,0.0,392.3864418343907,23040.0
0.8822513222694397,-4.897758483886719,5.780007362365723,0.0,435.60714329449627,23040.0
-2.454793691635132,-7.570988655090332,5.116195201873779,0.0,264.1749285713398,23040.0
-2.0850768089294434,-6.964078903198242,4.879002094268799,0.0,254.24026430295805,23040.0
-2.397373676300049,-7.201193809509277,4.8038201332092285,0.0,167.55316650959568,23040.0
-2.5590767860412598,-7.242071628570557,4.682992458343506,0.0,190.77832805417356,23040.0
-2.4168286323547363,-7.081345081329346,4.664518356323242,0.0,170.71659058084398,23040.0
-3.2047431468963623,-7.56765604019165,4.362913131713867,0.0,138.55759911294194,23040.0
-2.7936346530914307,-7.078570365905762,4.284938335418701,0.0,146.0995991054479,23040.0
-3.2716779708862305,-7.597442626953125,4.3257622718811035,0.0,99.09162140808445,23040.0
-2.8046910762786865,-7.238800048828125,4.434109210968018,0.0,174.87120069232174,23040.0
-3.503891944885254,-7.5355143547058105,4.031622886657715,0.0,88.3577264289405,23040.0
-3.070800542831421,-7.008677959442139,3.9378767013549805,0.0,117.2903263676427,23040.0
-3.512897491455078,-7.550934314727783,4.038035869598389,0.0,91.27590041370544,23040.0
-3.1020514965057373,-7.278984069824219,4.176932334899902,0.0,135.05548706762468,23040.0
-3.633636713027954,-7.845416069030762,4.211781024932861,0.0,97.29461212760985,23040.0
-3.4376718997955322,-7.674201011657715,4.236527919769287,0.0,113.43168671955554,23040.0
-3.675600290298462,-8.033077239990234,4.357480525970459,0.0,93.59690315770267,23040.0
-3.721616506576538,-8.250713348388672,4.5290961265563965,0.0,128.36086988271623,23040.0
-4.300943851470947,-8.850878715515137,4.549932956695557,0.0,72.85534329295076,23040.0
-3.4945828914642334,-8.297907829284668,4.803325176239014,0.0,124.47125556255996,23040.0
-4.221179008483887,-8.906396865844727,4.68521785736084,0.0,78.85790834242898,23040.0
-4.041305065155029,-8.83447551727295,4.793171405792236,0.0,117.58166618488588,23040.0
-3.935539484024048,-8.869958877563477,4.934421062469482,0.0,120.65672353370296,23040.0
-4.4121503829956055,-9.432552337646484,5.020402431488037,0.0,78.42767947114088,23040.0
-4.254030227661133,-9.373647689819336,5.119617938995361,0.0,138.9323490783869,23040.0
-4.597990036010742,-9.697687149047852,5.099698543548584,0.0,94.04443590586716,23040.0
-4.345784664154053,-9.614655494689941,5.268868446350098,0.0,132.09499835048763,23040.0
-4.325425148010254,-9.71103286743164,5.385607719421387,0.0,130.39528189659342,23040.0
-4.413136005401611,-9.712478637695312,5.299342632293701,0.0,113.00379374850202,23040.0
-4.656165599822998,-10.014009475708008,5.357843399047852,0.0,89.18384259321179,23040.0
-4.405492782592773,-9.836786270141602,5.431296348571777,0.0,92.73232964410384,23040.0
-4.283624649047852,-9.72494125366211,5.441316604614258,0.0,97.21519135022864,23040.0
-4.502594947814941,-9.901838302612305,5.3992390632629395,0.0,115.21447218668452,23040.0
-4.687614440917969,-10.034249305725098,5.3466339111328125,0.0,134.47828736121417,23040.0
-4.814064025878906,-10.17048454284668,5.356417655944824,0.0,93.10114996688345,23040.0
-4.430949687957764,-9.759679794311523,5.328731060028076,0.0,141.32880285109798,23040.0
-4.589895248413086,-9.916967391967773,5.327076435089111,0.0,124.52750369918742,23040.0
-4.847204208374023,-10.08138656616211,5.234182357788086,0.0,75.2534591787467,23040.0
-4.896398067474365,-10.136877059936523,5.240480422973633,0.0,91.5863524350458,23040.0
-4.939980506896973,-10.284132957458496,5.344152450561523,0.0,62.87768060815151,23040.0
-4.6820597648620605,-10.14688491821289,5.464823246002197,0.0,118.37354572381915,23040.0
-4.442633628845215,-9.828831672668457,5.386198043823242,0.0,164.54910595122024,23040.0
-4.697402477264404,-10.139236450195312,5.441833019256592,0.0,116.91555483473041,23040.0
-4.598620414733887,-9.97677230834961,5.378151893615723,0.0,147.82137464824413,23040.0
-4.388250827789307,-9.954946517944336,5.566696643829346,0.0,156.76327506884707,23040.0
-4.338452339172363,-9.830925941467285,5.492473125457764,0.0,168.68733954246937,23040.0
-4.293495178222656,-9.883475303649902,5.589981555938721,0.0,180.1119551249158,23040.0
-4.653221130371094,-10.091386795043945,5.438164710998535,0.0,130.68587970255115,23040.0
-4.683557987213135,-10.189003944396973,5.5054450035095215,0.0,97.23205666897317,23040.0
-4.770934581756592,-10.311422348022461,5.540485382080078,0.0,86.03307136210019,23040.0
-5.030032634735107,-10.523914337158203,5.493878364562988,0.0,66.78941300188136,23040.0
-5.067039489746094,-10.522942543029785,5.455904960632324,0.0,99.80258169196706,23040.0
-4.977344512939453,-10.467708587646484,5.490364074707031,0.0,107.22800967393177,23040.0
-4.816893100738525,-10.388022422790527,5.57112979888916,0.0,156.7027238886265,23040.0
-4.761212348937988,-10.16850757598877,5.407295227050781,0.0,172.0609388437902,23040.0
-4.354213237762451,-9.835837364196777,5.481625556945801,0.0,184.03345256387118,23040.0
-4.577718734741211,-10.14184856414795,5.564126968383789,0.0,168.75639126991803,23040.0
-4.219700336456299,-9.738203048706055,5.518504619598389,0.0,177.5254378137128,23040.0
-4.434520721435547,-10.174346923828125,5.739826679229736,0.0,161.29188133216542,23040.0
-4.84505033493042,-10.33423900604248,5.489187240600586,0.0,140.85958111110153,23040.0
-4.940927982330322,-10.451802253723145,5.510870933532715,0.0,77.40608995527685,23040.0
-5.108404159545898,-10.672796249389648,5.564393043518066,0.0,67.96112709627684,23040.0
-5.006459712982178,-10.461627960205078,5.455171585083008,0.0,107.71055879496194,23040.0
-4.828052520751953,-10.227646827697754,5.399590969085693,0.0,112.21853964703381,23040.0
-5.0194220542907715,-10.49677562713623,5.477355003356934,0.0,73.41941154567665,23040.0
-5.094440460205078,-10.550787925720215,5.456348419189453,0.0,76.30345261406391,23040.0
-4.682612419128418,-10.287002563476562,5.604388236999512,0.0,160.78424961729317,23040.0
-4.080953121185303,-9.660379409790039,5.579423904418945,0.0,231.84692239351622,23040.0
-3.890228271484375,-9.532401084899902,5.642176628112793,0.0,258.66735902455474,23040.0
-3.974205493927002,-9.490446090698242,5.516239166259766,0.0,223.7398440299168,23040.0
-5.039697647094727,-10.441975593566895,5.402276039123535,0.0,103.21225565253042,23040.0
-4.762811660766602,-10.286476135253906,5.5236639976501465,0.0,144.18068444849112,23040.0
-4.0596537590026855,-9.559990882873535,5.500335216522217,0.0,237.55846841038004,23040.0
-4.547992706298828,-10.016348838806152,5.468356132507324,0.0,198.56703273020779,23040.0
-4.930175304412842,-10.24781608581543,5.317639350891113,0.0,89.46267273570766,23040.0
-5.007757186889648,-10.275969505310059,5.26821231842041,0.0,77.57548097120448,23040.0
-4.691456317901611,-10.196089744567871,5.504635810852051,0.0,131.73961469635083,23040.0
-4.667455673217773,-10.06367301940918,5.396218299865723,0.0,152.21950447837796,23040.0
-5.067463397979736,-10.517142295837402,5.449678897857666,0.0,103.33599753613716,23040.0
-5.009439468383789,-10.509772300720215,5.500332355499268,0.0,61.20699946123745,23040.0
-5.135517120361328,-10.539411544799805,5.40389347076416,0.0,80.03176011179285,23040.0
-5.094733715057373,-10.576744079589844,5.482011795043945,0.0,100.64502946298305,23040.0
-4.722254276275635,-10.373967170715332,5.651712894439697,0.0,138.50627312523827,23040.0
-4.393706798553467,-9.98927116394043,5.595564842224121,0.0,193.02912539820608,23040.0
-4.61828088760376,-10.352449417114258,5.7341694831848145,0.0,167.16980050899386,23040.0
-4.946016788482666,-10.54493236541748,5.598916053771973,0.0,79.7519676630704,23040.0
-5.004688262939453,-10.590922355651855,5.5862345695495605,0.0,94.49634087798981,23040.0
-4.712790012359619,-10.412537574768066,5.699746131896973,0.0,163.49396324630652,23040.0
-4.499866962432861,-10.217947959899902,5.718080520629883,0.0,190.76530443356975,23040.0
-4.689842224121094,-10.499924659729004,5.81008243560791,0.0,172.33274620158662,23040.0
-4.972131252288818,-10.577923774719238,5.605790138244629,0.0,127.52244731308575,23040.0
-5.161985397338867,-10.771252632141113,5.609268665313721,0.0,106.11702278282988,23040.0
-5.222297668457031,-10.896882057189941,5.6745829582214355,0.0,123.23503491158736,23040.0
-4.785172462463379,-10.38553524017334,5.600364685058594,0.0,166.2461054360327,23040.0
-4.624463081359863,-10.172021865844727,5.547558307647705,0.0,198.5494743954068,23040.0
-4.26756477355957,-9.928732872009277,5.661168098449707,0.0,300.2815333796685,23040.0
-3.0523061752319336,-8.63520622253418,5.582897186279297,0.0,305.0663468718716,23040.0
-4.188083648681641,-9.691699028015137,5.503614902496338,0.0,195.3456982847865,23040.0
-4.502440929412842,-9.98708438873291,5.484642505645752,0.0,181.5335906745185,23040.0
-4.120877265930176,-9.529659271240234,5.408782005310059,0.0,178.93989227490314,23040.0
-4.758639335632324,-10.159099578857422,5.400463581085205,0.0,164.13742103275908,23040.0
-3.07480525970459,-8.956365585327148,5.881558418273926,0.0,229.94603047779205,23040.0
-4.679654121398926,-10.011725425720215,5.3320722579956055,0.0,109.01398755946805,23040.0
-4.420801639556885,-9.739618301391602,5.318818092346191,0.0,144.37049703275528,23040.0
-4.653160095214844,-9.941498756408691,5.288340091705322,0.0,123.4338380507578,23040.0
-4.891082763671875,-9.993535995483398,5.102453231811523,0.0,116.672373189477,23040.0
-4.719359397888184,-9.812897682189941,5.0935378074646,0.0,98.19229430539772,23040.0
-4.673431873321533,-9.920756340026855,5.247323513031006,0.0,147.55265140156393,23040.0
-4.620593070983887,-9.857051849365234,5.236461162567139,0.0,173.32342051602402,23040.0
-4.933838844299316,-10.17825698852539,5.244414806365967,0.0,81.95908072608249,23040.0
-4.657537460327148,-9.923741340637207,5.266205310821533,0.0,205.4442721774398,23040.0
-4.957009315490723,-10.124414443969727,5.167403697967529,0.0,175.33250276054542,23040.0
-5.118370532989502,-10.4522066116333,5.33383846282959,0.0,101.90201821655862,23040.0
-4.8187174797058105,-10.232416152954102,5.413695335388184,0.0,170.45883569027367,23040.0
-4.66856575012207,-10.291070938110352,5.622506141662598,0.0,171.70126600323948,23040.0
-4.993447303771973,-10.553661346435547,5.560213088989258,0.0,117.2126393068994,23040.0
-5.206386566162109,-10.781432151794434,5.575043678283691,0.0,121.19591084549084,23040.0
-4.611958026885986,-10.38270378112793,5.770745754241943,0.0,184.67107061157677,23040.0
-4.842951774597168,-10.682369232177734,5.839419364929199,0.0,157.44337193216478,23040.0
-4.91526985168457,-10.595549583435059,5.680279731750488,0.0,135.31928186478868,23040.0
-4.903834819793701,-10.683660507202148,5.779827117919922,0.0,107.95251343181745,23040.0
-5.4349751472473145,-11.03678035736084,5.601804733276367,0.0,62.48996246924272,23040.0
-5.074610233306885,-10.805920600891113,5.73130989074707,0.0,97.127344098964,23040.0
-4.981239318847656,-10.719796180725098,5.738559246063232,0.0,136.6973021016701,23040.0
-5.015003681182861,-10.752799034118652,5.737794399261475,0.0,114.38256761297379,23040.0
-5.383221626281738,-11.066265106201172,5.683044910430908,0.0,121.2700690122162,23040.0
-5.106874942779541,-10.858528137207031,5.751652240753174,0.0,135.23914891526826,23040.0
-4.919097423553467,-10.64022445678711,5.721125602722168,0.0,151.52426664362022,23040.0
-5.085806369781494,-10.828187942504883,5.742381572723389,0.0,164.12349604754777,23040.0
-5.098576068878174,-10.809819221496582,5.711240768432617,0.0,131.14524328937546,23040.0
-5.226092338562012,-10.942222595214844,5.716133117675781,0.0,89.95124408894289,23040.0
-5.29782247543335,-11.053462982177734,5.755638122558594,0.0,109.20053069675232,23040.0
-5.04291296005249,-10.846134185791016,5.803222179412842,0.0,197.92149134799158,23040.0
-4.110540390014648,-9.962580680847168,5.852039813995361,0.0,304.5016767842717,23040.0
-2.345895528793335,-8.304238319396973,5.958341598510742,0.0,492.76791453987033,23040.0
-2.2670466899871826,-8.452311515808105,6.185268878936768,0.0,380.15145810429874,23040.0
-1.5835297107696533,-7.461557388305664,5.878024101257324,0.0,283.1997455508965,23040.0
-3.7753827571868896,-9.082856178283691,5.30747127532959,0.0,196.33080427913595,23040.0
-1.4624770879745483,-7.521395683288574,6.0589213371276855,0.0,304.6210535404144,23040.0
-3.6109955310821533,-8.762629508972168,5.151633262634277,0.0,193.7164121754017,23040.0
-3.323512077331543,-8.526293754577637,5.202784061431885,0.0,193.57200538505614,23040.0
-4.02492618560791,-9.046926498413086,5.021997451782227,0.0,155.4943721322632,23040.0
-3.69232177734375,-8.817780494689941,5.125458240509033,0.0,188.89488568075228,23040.0
-3.9638967514038086,-8.843317985534668,4.879420280456543,0.0,149.61449480925202,23040.0
-3.739405632019043,-8.486406326293945,4.747003078460693,0.0,194.6297473334978,23040.0
-4.040606498718262,-8.77501392364502,4.734408378601074,0.0,139.92790250518755,23040.0
-3.5873374938964844,-8.499007225036621,4.911667823791504,0.0,168.6248199542286,23040.0
-4.172130107879639,-8.919965744018555,4.747836589813232,0.0,108.19499499351157,23040.0
-4.352579593658447,-9.010632514953613,4.65805196762085,0.0,97.2998388680248,23040.0
-3.959198236465454,-8.717686653137207,4.758489608764648,0.0,118.8822800875929,23040.0
-4.567432403564453,-9.408204078674316,4.840771198272705,0.0,91.55171141061129,23040.0
-4.367217540740967,-9.41012191772461,5.042904853820801,0.0,113.4090678047073,23040.0
-4.5809125900268555,-9.758675575256348,5.177764415740967,0.0,85.0162061926662,23040.0
-4.549093723297119,-9.857512474060059,5.308417320251465,0.0,121.60959774398115,23040.0
-4.697535991668701,-10.037323951721191,5.339789390563965,0.0,116.4897070488899,23040.0
-4.822247505187988,-10.251663208007812,5.429415702819824,0.0,79.5052638000613,23040.0
-5.012600898742676,-10.51208209991455,5.499480724334717,0.0,113.21345955290339,23040.0
-5.109187602996826,-10.564681053161621,5.455495357513428,0.0,99.29836362835904,23040.0
-4.920471668243408,-10.52111530303955,5.600640773773193,0.0,87.79243365410808,23040.0
-5.048269748687744,-10.669808387756348,5.62153959274292,0.0,97.87546367853116,23040.0
-5.100237846374512,-10.692322731018066,5.592083930969238,0.0,104.05915803784968,23040.0
-5.129125118255615,-10.729605674743652,5.600479602813721,0.0,80.04573835707505,23040.0
-4.769447326660156,-10.590292930603027,5.820847034454346,0.0,89.14301581019609,23040.0
-5.155640125274658,-10.800573348999023,5.644930839538574,0.0,118.2464945498523,23040.0
-5.12396240234375,-10.825589179992676,5.701625347137451,0.0,100.43654659059827,23040.0
-5.208784103393555,-11.015862464904785,5.80708122253418,0.0,83.53087401756648,23040.0
-5.295444965362549,-11.0665864944458,5.771141052246094,0.0,92.41601115581304,23040.0
-4.885290622711182,-10.778770446777344,5.893477439880371,0.0,162.97254060032517,23040.0
-4.857892990112305,-10.626916885375977,5.769025802612305,0.0,196.10929479577226,23040.0
-4.580021381378174,-10.233367919921875,5.653347492218018,0.0,243.6509580142784,23040.0
-5.001646041870117,-10.596000671386719,5.594355583190918,0.0,170.23200394033208,23040.0
-5.398995399475098,-11.07472038269043,5.675725936889648,0.0,91.26633623201784,23040.0
-4.845511436462402,-10.590726852416992,5.745213031768799,0.0,180.1553816936272,23040.0
-5.0306077003479,-10.613360404968262,5.582752704620361,0.0,194.57118382153632,23040.0
-5.101161956787109,-10.922911643981934,5.82174825668335,0.0,158.2242176116946,23040.0
-4.918657302856445,-10.59756088256836,5.678902626037598,0.0,168.88732982019332,23040.0
-4.990551471710205,-10.681984901428223,5.691436290740967,0.0,162.12956177628232,23040.0
-5.15404748916626,-10.835651397705078,5.681602478027344,0.0,182.29995510741207,23040.0
-4.955544948577881,-10.657776832580566,5.702235698699951,0.0,172.92910661816612,23040.0
-5.148126125335693,-10.82829475402832,5.680165767669678,0.0,148.31465992928807,23040.0
-5.2539849281311035,-10.876548767089844,5.622564315795898,0.0,125.17598069400545,23040.0
-5.216254234313965,-10.848515510559082,5.632261753082275,0.0,117.51641885619881,23040.0
-4.774101257324219,-10.471038818359375,5.696937561035156,0.0,202.56790610972627,23040.0
-4.938034534454346,-10.640477180480957,5.70244026184082,0.0,173.40581780501338,23040.0
-5.570261001586914,-11.279071807861328,5.708812236785889,0.0,80.9778185235741,23040.0
-4.821789741516113,-10.755818367004395,5.9340291023254395,0.0,179.69495563353138,23040.0
-4.743716716766357,-10.548697471618652,5.804977893829346,0.0,254.197426144229,23040.0
-4.813572406768799,-10.598328590393066,5.784754753112793,0.0,243.66198977323768,23040.0
-4.723238468170166,-10.531421661376953,5.808183670043945,0.0,168.8459997678724,23040.0
-5.398941516876221,-11.122828483581543,5.7238850593566895,0.0,78.03561150871336,23040.0
-4.891844272613525,-10.657323837280273,5.765481948852539,0.0,184.61238768473257,23040.0
-5.400275230407715,-11.105838775634766,5.705564975738525,0.0,136.7525373439741,23040.0
-5.369706153869629,-11.106500625610352,5.73679256439209,0.0,113.74435271024535,23040.0
-5.1416802406311035,-10.898988723754883,5.757309913635254,0.0,164.08688128507535,23040.0
-5.339637756347656,-11.129708290100098,5.7900710105896,0.0,122.04066646967973,23040.0
-5.453572750091553,-11.307211875915527,5.853640556335449,0.0,90.029125664744,23040.0
-5.608055114746094,-11.402844429016113,5.794787406921387,0.0,93.8322979167737,23040.0
-5.5025315284729,-11.230439186096191,5.727908611297607,0.0,95.71175740039858,23040.0
-5.461419582366943,-11.309117317199707,5.847697734832764,0.0,98.70777807589245,23040.0
-5.664735317230225,-11.460762977600098,5.796026706695557,0.0,67.46461974208135,23040.0
-5.694613456726074,-11.529949188232422,5.835336685180664,0.0,109.0175684103569,23040.0
-5.46805477142334,-11.39086627960205,5.922811031341553,0.0,118.70934390741448,23040.0
-5.692744731903076,-11.548349380493164,5.85560417175293,0.0,75.05615445889248,23040.0
-5.720410346984863,-11.575542449951172,5.855134963989258,0.0,69.59690482995211,23040.0
-5.6328887939453125,-11.57196044921875,5.9390692710876465,0.0,81.63662780286681,23040.0
-5.663749694824219,-11.634241104125977,5.970489501953125,0.0,61.71795570596052,23040.0
-5.707467079162598,-11.666940689086914,5.95947265625,0.0,102.3263483823937,23040.0
-5.410452842712402,-11.50507926940918,6.09462833404541,0.0,163.18416875368507,23040.0
-4.9671125411987305,-11.024225234985352,6.057113170623779,0.0,248.0775656325993,23040.0
-3.4317619800567627,-9.729238510131836,6.297479152679443,0.0,371.8147660003771,23040.0
-1.277942419052124,-7.7955241203308105,6.517580032348633,0.0,411.1985099388802,23040.0
-4.6889424324035645,-10.546687126159668,5.8577446937561035,0.0,234.80667978684275,23040.0
-4.810900688171387,-10.395299911499023,5.5843987464904785,0.0,170.9550280523614,23040.0
-4.037301540374756,-9.757047653198242,5.719744682312012,0.0,218.2624716647539,23040.0
-4.818206787109375,-10.444077491760254,5.625872611999512,0.0,145.477399359193,23040.0
-4.4267425537109375,-10.078502655029297,5.651760101318359,0.0,211.50552959222935,23040.0
-4.9019927978515625,-10.31857681274414,5.416580677032471,0.0,125.06150060014738,23040.0
-4.76892614364624,-10.048179626464844,5.279256343841553,0.0,164.78649221302305,23040.0
-4.787177085876465,-10.188125610351562,5.400945663452148,0.0,140.23366756149073,23040.0
-5.008026599884033,-10.284650802612305,5.2766242027282715,0.0,165.13262780890693,23040.0
-4.973732948303223,-10.285109519958496,5.31137752532959,0.0,145.16337955670704,23040.0
-4.875458240509033,-10.331879615783691,5.456420421600342,0.0,114.84149429786417,23040.0
-5.036257743835449,-10.415401458740234,5.379143238067627,0.0,146.55252084757947,23040.0
-5.21343469619751,-10.602691650390625,5.389255523681641,0.0,127.493725934392,23040.0
-5.228207111358643,-10.63955307006836,5.411343097686768,0.0,88.34945709471451,23040.0
-5.382678031921387,-10.854331016540527,5.471652507781982,0.0,91.60583896496883,23040.0
-5.293546676635742,-10.957098007202148,5.663553714752197,0.0,117.0650578831253,23040.0
-5.370553970336914,-11.141189575195312,5.770638465881348,0.0,94.94996360836248,23040.0
-5.450631618499756,-11.204960823059082,5.75432825088501,0.0,105.67983433251929,23040.0
-5.512398719787598,-11.378280639648438,5.865883827209473,0.0,92.3719397925184,23040.0
-5.352353096008301,-11.238394737243652,5.886045932769775,0.0,137.5443113919346,23040.0
-5.536980628967285,-11.40135669708252,5.86437463760376,0.0,121.20929799636714,23040.0
-5.552658557891846,-11.529727935791016,5.977066993713379,0.0,108.62117611438136,23040.0
-5.443452835083008,-11.438364028930664,5.994908809661865,0.0,179.4711186995974,23040.0
-4.743947505950928,-10.950854301452637,6.206909656524658,0.0,217.93120742270054,23040.0
-4.729511260986328,-10.789819717407227,6.060308933258057,0.0,191.8001465602293,23040.0
-5.528580188751221,-11.482935905456543,5.954352378845215,0.0,143.34234280642167,23040.0
-5.40157413482666,-11.2484712600708,5.846898078918457,0.0,133.50181589832766,23040.0
-5.5876383781433105,-11.491486549377441,5.903848648071289,0.0,130.59445599499554,23040.0
-5.3245720863342285,-11.309547424316406,5.984973907470703,0.0,158.83882827391366,23040.0
-5.593123912811279,-11.514305114746094,5.9211812019348145,0.0,142.562057497159,23040.0
-5.655220031738281,-11.665132522583008,6.009913444519043,0.0,101.80097305931832,23040.0
-5.904202461242676,-11.78274917602539,5.878547668457031,0.0,110.88924333802508,23040.0
-5.243322372436523,-11.188617706298828,5.945296764373779,0.0,164.59942302850214,23040.0
-5.472091197967529,-11.51321792602539,6.041126251220703,0.0,164.54583501140837,23040.0
-5.594154357910156,-11.47244644165039,5.878288269042969,0.0,140.0052823933168,23040.0
-5.450021743774414,-11.424633979797363,5.974606037139893,0.0,167.2911180007557,23040.0
-5.476152420043945,-11.468607902526855,5.992455959320068,0.0,146.46793542625832,23040.0
-5.734219551086426,-11.665562629699707,5.931343078613281,0.0,110.99224073538115,23040.0
-5.764015197753906,-11.67689037322998,5.912876605987549,0.0,94.11761961919028,23040.0
-5.584193229675293,-11.54279899597168,5.958602428436279,0.0,138.21609894180403,23040.0
-5.540160655975342,-11.52194595336914,5.981782913208008,0.0,140.0307752407142,23040.0
-5.7851738929748535,-11.807086944580078,6.021913528442383,0.0,95.61981619770323,23040.0
-5.736891746520996,-11.78676986694336,6.049880504608154,0.0,60.56843732024564,23040.0
-5.866844177246094,-11.889991760253906,6.02314567565918,0.0,91.47536367794861,23040.0
-5.794721603393555,-11.846149444580078,6.051426887512207,0.0,113.55573878789141,23040.0
-5.93884801864624,-11.951393127441406,6.012546062469482,0.0,141.82426842470105,23040.0
-5.749027729034424,-11.80543327331543,6.0564045906066895,0.0,160.0615088077241,23040.0
-5.445075035095215,-11.538434982299805,6.093357563018799,0.0,204.50402847881884,23040.0
-5.046287536621094,-11.142508506774902,6.096224784851074,0.0,248.17087046995073,23040.0
-3.5848960876464844,-9.931224822998047,6.346327781677246,0.0,313.40156306848473,23040.0
-3.7833852767944336,-10.225444793701172,6.442058563232422,0.0,312.65882658920526,23040.0
-4.581759452819824,-10.594147682189941,6.012387275695801,0.0,227.14629015669698,23040.0
-5.705970764160156,-11.602779388427734,5.896812438964844,0.0,146.27023096979093,23040.0
-4.373322010040283,-10.60580062866211,6.232481002807617,0.0,240.97664756146793,23040.0
-5.004624366760254,-10.895578384399414,5.890955448150635,0.0,208.0605408053403,23040.0
-5.62865686416626,-11.38310432434082,5.754447937011719,0.0,101.59276176599253,23040.0
-4.787385940551758,-10.781569480895996,5.994185924530029,0.0,253.52006610392286,23040.0
-5.023703575134277,-10.669071197509766,5.645366668701172,0.0,181.27078575878983,23040.0
-5.310520172119141,-11.068755149841309,5.758240222930908,0.0,151.6959611480413,23040.0
-4.768139362335205,-10.639705657958984,5.871566295623779,0.0,214.85693677612522,23040.0
-5.358962535858154,-11.06170654296875,5.702747821807861,0.0,130.39107171182908,23040.0
-4.92429256439209,-10.573369979858398,5.649080753326416,0.0,187.8686833315472,23040.0
-5.664585590362549,-11.277668952941895,5.613088130950928,0.0,88.36633486007744,23040.0
-5.188871383666992,-10.941397666931152,5.752531051635742,0.0,167.43004252819918,23040.0
-5.310891151428223,-10.982246398925781,5.671356678009033,0.0,169.51724987595557,23040.0
-5.733303546905518,-11.43798828125,5.704681396484375,0.0,135.21800428485346,23040.0
-4.227368354797363,-10.456717491149902,6.229348182678223,0.0,234.52856478431747,23040.0
-5.450377464294434,-11.299569129943848,5.849190711975098,0.0,142.95290989401371,23040.0
-5.299381732940674,-11.171677589416504,5.872295379638672,0.0,135.26575594653724,23040.0
-5.304355144500732,-11.227738380432129,5.9233832359313965,0.0,159.40691251315252,23040.0
-5.593052387237549,-11.523438453674316,5.930388927459717,0.0,134.7219379674892,23040.0
-5.129526615142822,-11.070048332214355,5.940521717071533,0.0,171.77474857632734,23040.0
-5.573597431182861,-11.528608322143555,5.955012798309326,0.0,142.3321428059802,23040.0
-5.4515533447265625,-11.283136367797852,5.831584453582764,0.0,155.32095061634396,23040.0
-5.78646993637085,-11.625787734985352,5.839315414428711,0.0,94.04047890603026,23040.0
-5.2044219970703125,-11.182855606079102,5.978435516357422,0.0,173.53439492966072,23040.0
-5.636132717132568,-11.70052719116211,6.064393997192383,0.0,139.1824971723734,23040.0
-5.648286819458008,-11.67674446105957,6.028457164764404,0.0,124.74321381178231,23040.0
-5.287752151489258,-11.335597038269043,6.047843933105469,0.0,167.77011045937982,23040.0
-5.788167953491211,-11.695771217346191,5.907602310180664,0.0,107.21648222111466,23040.0
-5.721977233886719,-11.70666217803955,5.984683513641357,0.0,132.6209402633942,23040.0
-5.908013343811035,-11.808676719665527,5.900659084320068,0.0,109.29149388860898,23040.0
-6.157790660858154,-12.075743675231934,5.917953968048096,0.0,91.75719321954608,23040.0
-5.4256110191345215,-11.61889362335205,6.193281173706055,0.0,188.78755623841008,23040.0
-5.592859745025635,-11.597334861755371,6.004474639892578,0.0,171.95930336973896,23040.0
-5.674941539764404,-11.648643493652344,5.973704814910889,0.0,151.78068000942835,23040.0
-5.624011516571045,-11.75729751586914,6.1332879066467285,0.0,180.89658669530766,23040.0
-5.114571571350098,-11.331680297851562,6.21710729598999,0.0,199.07760300111116,23040.0
-5.272066116333008,-11.579381942749023,6.307313919067383,0.0,212.85295448410542,23040.0
-5.652901649475098,-11.79661750793457,6.1437153816223145,0.0,184.03469996521767,23040.0
-5.888026237487793,-11.902685165405273,6.014653205871582,0.0,103.8737807647595,23040.0
-5.858668327331543,-11.95274829864502,6.094077110290527,0.0,149.51775455586528,23040.0
-5.452895641326904,-11.495489120483398,6.042593955993652,0.0,174.72366981957884,23040.0
-5.696761608123779,-11.78174877166748,6.084988594055176,0.0,129.85960257200983,23040.0
-5.880517482757568,-11.85095500946045,5.9704365730285645,0.0,131.11044820309925,23040.0
-5.971675395965576,-11.911334991455078,5.9396586418151855,0.0,115.27532046766379,23040.0
-5.799941539764404,-11.87364387512207,6.073701858520508,0.0,126.22620353827615,23040.0
-5.509942054748535,-11.565014839172363,6.055072784423828,0.0,175.09590599671455,23040.0
-5.687612533569336,-11.700462341308594,6.0128493309021,0.0,192.57393800829453,23040.0
-5.683332443237305,-11.70092487335205,6.01759147644043,0.0,177.2883005152931,23040.0
-5.6594672203063965,-11.663175582885742,6.003708362579346,0.0,169.87716806466685,23040.0
-5.97803258895874,-12.0620698928833,6.084040641784668,0.0,94.47917015845621,23040.0
-6.037513732910156,-11.940686225891113,5.903172969818115,0.0,93.36652473643349,23040.0
-5.973795413970947,-12.0464506149292,6.072657108306885,0.0,150.25078393518223,23040.0
-5.597922325134277,-11.654460906982422,6.056536674499512,0.0,205.3711177964923,23040.0
-4.959469795227051,-11.19089126586914,6.231423377990723,0.0,566.9052127163216,23040.0
-3.685561180114746,-9.813297271728516,6.1277337074279785,0.0,352.26192629195384,23040.0
-1.1606858968734741,-7.40061092376709,6.239926338195801,0.0,442.41812559947357,23040.0
-3.5641934871673584,-9.657922744750977,6.093729019165039,0.0,295.94691673502706,23040.0
-3.6710970401763916,-9.462515830993652,5.791417598724365,0.0,223.12069843824688,23040.0
-4.620437145233154,-10.298073768615723,5.67763614654541,0.0,160.49164400543992,23040.0
-4.348067760467529,-10.116412162780762,5.768345355987549,0.0,232.1494488787368,23040.0
-5.034845352172852,-10.627388954162598,5.592545509338379,0.0,150.57634176231707,23040.0
-4.275086402893066,-10.01864242553711,5.743560314178467,0.0,261.326797500937,23040.0
-4.385568618774414,-10.048697471618652,5.6631269454956055,0.0,200.70218668875043,23040.0
-4.154869079589844,-9.746200561523438,5.591331481933594,0.0,232.32702248901185,23040.0
-4.82102108001709,-10.041300773620605,5.220277786254883,0.0,144.52351623672402,23040.0
-4.03719425201416,-9.321200370788574,5.284005165100098,0.0,169.49521823668863,23040.0
-5.025871276855469,-10.19935131072998,5.1734795570373535,0.0,112.39801285781205,23040.0
-4.703970909118652,-10.004575729370117,5.300605773925781,0.0,152.9289426780821,23040.0
-5.069164752960205,-10.184911727905273,5.115746974945068,0.0,107.59525197395016,23040.0
-4.996926784515381,-10.21927547454834,5.222349166870117,0.0,144.9210469061621,23040.0
-5.063880920410156,-10.506860733032227,5.442978858947754,0.0,132.94507667738108,23040.0
-5.157108306884766,-10.650447845458984,5.493339538574219,0.0,112.89058389950442,23040.0
-4.975386619567871,-10.414427757263184,5.439041614532471,0.0,137.4306643925839,23040.0
-5.384785175323486,-10.94130802154541,5.55652379989624,0.0,95.60097623138785,23040.0
-5.212403297424316,-10.96247673034668,5.75007438659668,0.0,180.63770362703318,23040.0
-5.444388389587402,-11.202404975891113,5.758015155792236,0.0,155.03003738407463,23040.0
-5.4884819984436035,-11.379560470581055,5.8910813331604,0.0,121.01888870595343,23040.0
-5.558008193969727,-11.548606872558594,5.990597724914551,0.0,73.48977748212407,23040.0
-5.48253870010376,-11.360407829284668,5.877867221832275,0.0,133.29911882315554,23040.0
-5.596290111541748,-11.525869369506836,5.9295783042907715,0.0,204.6316985375524,23040.0
-5.499941349029541,-11.396227836608887,5.89628791809082,0.0,148.5806938078069,23040.0
-5.818282127380371,-11.722482681274414,5.904203414916992,0.0,93.81033786891058,23040.0
-5.741872310638428,-11.68362045288086,5.9417500495910645,0.0,105.61213243468009,23040.0
-5.7073655128479,-11.680465698242188,5.973101615905762,0.0,130.54045807333284,23040.0
-5.676210403442383,-11.838685035705566,6.162476062774658,0.0,118.38055645710006,23040.0
-5.45749044418335,-11.606256484985352,6.148765563964844,0.0,212.4294066160261,23040.0
-5.686471462249756,-11.654467582702637,5.967996597290039,0.0,159.8699648287825,23040.0
-5.318502902984619,-11.349129676818848,6.030628204345703,0.0,139.94554459437904,23040.0
-5.6541361808776855,-11.601995468139648,5.947855472564697,0.0,99.95102646461348,23040.0
-5.827511310577393,-11.819357872009277,5.99184513092041,0.0,110.5873701629184,23040.0
-5.6297078132629395,-11.665488243103027,6.035783767700195,0.0,145.08268135106988,23040.0
-5.508869171142578,-11.594368934631348,6.085495948791504,0.0,164.06049118368958,23040.0
-5.529976844787598,-11.653053283691406,6.123077869415283,0.0,165.75349779190174,23040.0
-5.76994514465332,-11.930435180664062,6.160491466522217,0.0,155.07736490380694,23040.0
-5.8004841804504395,-12.002602577209473,6.202121257781982,0.0,140.1361850252198,23040.0
-5.565054416656494,-11.714137077331543,6.149086952209473,0.0,138.90077959600515,23040.0
-6.003570079803467,-12.112422943115234,6.108853340148926,0.0,129.68699424015503,23040.0
-5.982174873352051,-12.072419166564941,6.090244770050049,0.0,123.85773272302733,23040.0
-5.998271465301514,-12.10374927520752,6.105479717254639,0.0,113.78859547075704,23040.0
-5.994522571563721,-12.13956069946289,6.145034313201904,0.0,92.07859442419375,23040.0
-6.216774940490723,-12.238704681396484,6.02192497253418,0.0,112.13784335938308,23040.0
-6.113677978515625,-12.12971019744873,6.016029357910156,0.0,129.60880046491474,23040.0
-5.981151580810547,-12.084890365600586,6.103739261627197,0.0,141.413735937191,23040.0
-5.762964725494385,-11.926970481872559,6.16400671005249,0.0,127.35943152175442,23040.0
-6.331785678863525,-12.54771900177002,6.215929985046387,0.0,87.49943309700912,23040.0
-5.964272499084473,-12.22701644897461,6.262745380401611,0.0,112.50744437830264,23040.0
-5.7110466957092285,-12.114530563354492,6.403484344482422,0.0,183.90532017103465,23040.0
-5.445809841156006,-11.680355072021484,6.234545707702637,0.0,223.64269764865227,23040.0
-5.387140274047852,-11.738509178161621,6.351373195648193,0.0,220.68488326875547,23040.0
-4.688754081726074,-11.120981216430664,6.432225227355957,0.0,254.49884326872967,23040.0
-4.37673282623291,-11.01293659210205,6.636203289031982,0.0,320.37441207507396,23040.0
-3.5248830318450928,-9.989296913146973,6.464413166046143,0.0,350.3259322853084,23040.0
-5.362159729003906,-11.581412315368652,6.219254493713379,0.0,208.1010463844306,23040.0
-6.038478374481201,-11.958269119262695,5.9197916984558105,0.0,89.98422047678756,23040.0
-5.074295997619629,-11.108948707580566,6.034650802612305,0.0,199.54071902197782,23040.0
-5.799222946166992,-11.768022537231445,5.968799591064453,0.0,96.34524404038488,23040.0
-5.462884426116943,-11.562747955322266,6.099863052368164,0.0,195.59705216233198,23040.0
-5.185897350311279,-11.088518142700195,5.902620315551758,0.0,246.20648004639105,23040.0
-5.789920330047607,-11.61862564086914,5.828708171844482,0.0,76.12247159026833,23040.0
-5.352751731872559,-11.222871780395508,5.870119094848633,0.0,190.34408635736574,23040.0
-5.797524452209473,-11.579816818237305,5.782293796539307,0.0,140.74643449069302,23040.0
-5.452853202819824,-11.348502159118652,5.895652770996094,0.0,157.38387417944742,23040.0
-5.559903144836426,-11.490474700927734,5.930569171905518,0.0,167.21065934932946,23040.0
-5.922557353973389,-11.822027206420898,5.899471759796143,0.0,137.56305522118114,23040.0
-5.736759662628174,-11.724348068237305,5.9875874519348145,0.0,171.000679697239,23040.0
-5.92553186416626,-12.043437004089355,6.1179070472717285,0.0,92.2083033054606,23040.0
-5.519659042358398,-11.868192672729492,6.348537921905518,0.0,152.35010248467825,23040.0
-5.721723556518555,-11.770638465881348,6.048915386199951,0.0,159.81616241680186,23040.0
-5.936718940734863,-12.020121574401855,6.083399772644043,0.0,132.26562286086315,23040.0
-5.806769371032715,-11.993199348449707,6.186428546905518,0.0,171.7760387216882,23040.0
-5.948453903198242,-12.134016990661621,6.1855597496032715,0.0,121.76871178297645,23040.0
-6.120870113372803,-12.204079627990723,6.083211898803711,0.0,99.8840927132235,23040.0
-5.715312480926514,-12.033971786499023,6.3186564445495605,0.0,168.97867146668492,23040.0
-5.818629264831543,-11.950003623962402,6.131373882293701,0.0,166.17691929526447,23040.0
-6.119256019592285,-12.195215225219727,6.075957775115967,0.0,162.44628873445245,23040.0
-5.281898021697998,-11.593871116638184,6.311972618103027,0.0,238.48968843985307,23040.0
-4.309328556060791,-10.783445358276367,6.474117755889893,0.0,270.11240201727514,23040.0
-5.819925308227539,-11.970041275024414,6.150113105773926,0.0,146.59407771900945,23040.0
-5.571131229400635,-11.658049583435059,6.08691930770874,0.0,202.94167838720844,23040.0
-5.122159004211426,-11.371452331542969,6.249294757843018,0.0,226.1537353684476,23040.0
-5.789647579193115,-11.856725692749023,6.067079067230225,0.0,174.36171416169526,23040.0
-5.320774555206299,-11.552385330200195,6.231614112854004,0.0,226.57607565004986,23040.0
-5.453366279602051,-11.505193710327148,6.051830291748047,0.0,199.83110777799013,23040.0
-5.800516605377197,-11.821183204650879,6.020666599273682,0.0,148.83963695902935,23040.0
-5.516060829162598,-11.499480247497559,5.9834208488464355,0.0,215.56072228825448,23040.0
-6.000823974609375,-11.91672134399414,5.915898323059082,0.0,96.35520479788981,23040.0
-5.68963098526001,-11.624459266662598,5.934824466705322,0.0,198.40535709563522,23040.0
-5.989371299743652,-11.916075706481934,5.926701068878174,0.0,148.8070303055625,23040.0
-5.951247692108154,-11.899504661560059,5.948257923126221,0.0,138.5826359600364,23040.0
-5.880446910858154,-11.761687278747559,5.881239891052246,0.0,183.98353057718515,23040.0
-6.060622215270996,-12.100116729736328,6.039494514465332,0.0,73.11402449853608,23040.0
-5.69215202331543,-11.7669038772583,6.074750900268555,0.0,177.21361996231929,23040.0
-5.924106121063232,-12.015207290649414,6.091099262237549,0.0,136.80523240053344,23040.0
-6.292110919952393,-12.407258987426758,6.11514949798584,0.0,108.75137409634141,23040.0
-6.068029880523682,-12.239447593688965,6.171416759490967,0.0,137.59578126713112,23040.0
-6.218445301055908,-12.335298538208008,6.116851806640625,0.0,116.8069420428252,23040.0
-6.020291328430176,-12.240638732910156,6.220349311828613,0.0,122.20106553171921,23040.0
-6.195857048034668,-12.514165878295898,6.318308353424072,0.0,122.87617880080214,23040.0
-6.081490516662598,-12.378578186035156,6.2970871925354,0.0,128.78669155923802,23040.0
-6.0343017578125,-12.38104248046875,6.346742630004883,0.0,142.82361027605714,23040.0
-6.425334453582764,-12.63546371459961,6.210131645202637,0.0,90.99973572730211,23040.0
-6.409017562866211,-12.655906677246094,6.246890068054199,0.0,98.01170248820671,23040.0
-6.325751304626465,-12.521499633789062,6.195752143859863,0.0,127.03736806496819,23040.0
-6.232333660125732,-12.547276496887207,6.31494665145874,0.0,138.2005361686352,23040.0
-5.93937873840332,-12.246417999267578,6.307036876678467,0.0,225.8935448990402,23040.0
-5.259974002838135,-11.640081405639648,6.380105018615723,0.0,343.69119932648977,23040.0
-4.713169097900391,-11.01203441619873,6.29886531829834,0.0,355.38375507655724,23040.0
-5.151700973510742,-11.415531158447266,6.263827323913574,0.0,257.05476816239405,23040.0
-5.665602207183838,-12.0201416015625,6.3545403480529785,0.0,207.49744016303697,23040.0
-4.201043128967285,-10.527995109558105,6.32695198059082,0.0,357.2408983439992,23040.0
-4.6310505867004395,-11.149593353271484,6.5185465812683105,0.0,298.117548329143,23040.0
-5.811504364013672,-11.885222434997559,6.073713302612305,0.0,131.50308022518533,23040.0
-5.497269153594971,-11.450708389282227,5.953439712524414,0.0,182.4923374593636,23040.0
-5.678336143493652,-11.812538146972656,6.1341986656188965,0.0,147.34301322630452,23040.0
-5.721103191375732,-11.719717025756836,5.998613357543945,0.0,158.72488870340428,23040.0
-5.690658092498779,-11.750182151794434,6.0595269203186035,0.0,138.62336196659032,23040.0
-6.033092498779297,-11.973859786987305,5.940762042999268,0.0,116.47689550821616,23040.0
-6.113316059112549,-12.031018257141113,5.917698383331299,0.0,97.81844004858807,23040.0
-5.862431049346924,-11.873294830322266,6.010868549346924,0.0,90.16348540913503,23040.0
-6.120510578155518,-12.066792488098145,5.946280479431152,0.0,117.03356921292075,23040.0
-6.259486198425293,-12.205832481384277,5.946348667144775,0.0,87.35480017147809,23040.0
-6.357464790344238,-12.327818870544434,5.970355987548828,0.0,69.85214693569161,23040.0
-6.251809120178223,-12.236775398254395,5.9849677085876465,0.0,117.25272418339921,23040.0
-6.257362365722656,-12.31003189086914,6.052664756774902,0.0,115.59017182681309,23040.0
-6.397304058074951,-12.518022537231445,6.120724201202393,0.0,104.71221285717776,23040.0
-6.141349792480469,-12.465646743774414,6.3242974281311035,0.0,151.9794204097211,23040.0
-6.025988578796387,-12.304774284362793,6.278783321380615,0.0,155.5973818763611,23040.0
-6.367552280426025,-12.667898178100586,6.300343990325928,0.0,157.0659402501717,23040.0
-5.837703227996826,-12.213157653808594,6.37545108795166,0.0,208.90478810511655,23040.0
-4.390780925750732,-10.921838760375977,6.531055450439453,0.0,328.62010954754277,23040.0
-2.976806640625,-10.112351417541504,7.135546684265137,0.0,434.3201546535131,23040.0
-2.2446463108062744,-9.204773902893066,6.960129737854004,0.0,382.30274293762875,23040.0
-5.731911659240723,-11.884599685668945,6.152684688568115,0.0,141.48181336812058,23040.0
-3.210904359817505,-9.960745811462402,6.749839782714844,0.0,348.24526264422076,23040.0
-3.536022663116455,-9.981871604919434,6.44584846496582,0.0,278.9578711041941,23040.0
-4.640374183654785,-10.784087181091309,6.143712520599365,0.0,207.31472216761293,23040.0
-4.089179992675781,-10.282768249511719,6.193588733673096,0.0,288.2835776615922,23040.0
-4.735404968261719,-10.668092727661133,5.932686805725098,0.0,202.2557948528578,23040.0
-4.963311195373535,-10.538708686828613,5.575395584106445,0.0,173.28011844026656,23040.0
-4.573441028594971,-10.230304718017578,5.656860828399658,0.0,172.65163517740842,23040.0
-5.1680803298950195,-10.709543228149414,5.5414628982543945,0.0,143.0637851638017,23040.0
-4.431222438812256,-10.23261833190918,5.801393032073975,0.0,202.53224232495788,23040.0
-5.440910339355469,-10.988283157348633,5.547374248504639,0.0,129.0789231974025,23040.0
-4.99972677230835,-10.51888370513916,5.519155979156494,0.0,185.04717732585902,23040.0
-5.467662811279297,-10.91246223449707,5.444798946380615,0.0,122.49582912654195,23040.0
-5.519474506378174,-11.009820938110352,5.490344047546387,0.0,169.2919205005673,23040.0
-5.309578895568848,-10.94756031036377,5.637983322143555,0.0,129.6853246561892,23040.0
-5.588459491729736,-11.221772193908691,5.633311748504639,0.0,146.33765627328492,23040.0
-5.509130477905273,-11.190947532653809,5.681814193725586,0.0,128.58150376611914,23040.0
-5.76698112487793,-11.494414329528809,5.727434158325195,0.0,137.01176752409083,23040.0
-5.704416275024414,-11.524776458740234,5.820361137390137,0.0,140.1636837278599,23040.0
-5.856077671051025,-11.760430335998535,5.904357433319092,0.0,96.31527296330417,23040.0
-5.846874237060547,-11.767016410827637,5.920141696929932,0.0,144.68449074282935,23040.0
-6.0313639640808105,-12.0498685836792,6.01850700378418,0.0,95.19311716460275,23040.0
-6.0628743171691895,-12.102624893188477,6.03974723815918,0.0,144.73793970262167,23040.0
-6.106755256652832,-12.275018692016602,6.16826057434082,0.0,122.16828472620982,23040.0
-5.961390972137451,-12.067618370056152,6.106227397918701,0.0,144.77992084485308,23040.0
-6.235940933227539,-12.3691987991333,6.133258819580078,0.0,118.3647438415754,23040.0
-6.100560665130615,-12.348270416259766,6.247711181640625,0.0,133.32827535169713,23040.0
-6.239890098571777,-12.51080322265625,6.2709126472473145,0.0,118.45841978134935,23040.0
-6.214175224304199,-12.477323532104492,6.263143539428711,0.0,98.12929270035036,23040.0
-6.176595211029053,-12.476021766662598,6.29942512512207,0.0,120.51731717403577,23040.0
-6.302528381347656,-12.59355354309082,6.29102897644043,0.0,109.06088556574844,23040.0
-6.17357873916626,-12.597761154174805,6.424181938171387,0.0,105.83489748391008,23040.0
-6.19699239730835,-12.688384056091309,6.491391181945801,0.0,81.76217478429851,23040.0
-6.145317077636719,-12.537490844726562,6.392178058624268,0.0,154.7724149858891,23040.0
-6.291244983673096,-12.722142219543457,6.430895805358887,0.0,117.5738712723677,23040.0
-6.514945030212402,-12.847295761108398,6.332347869873047,0.0,91.59601130674861,23040.0
-6.435432434082031,-12.787035942077637,6.351602554321289,0.0,96.9055652246309,23040.0
-6.464350700378418,-12.808692932128906,6.344341278076172,0.0,108.11836358760638,23040.0
-6.397862434387207,-12.746809005737305,6.348949432373047,0.0,131.52406478533814,23040.0
-6.315393924713135,-12.743051528930664,6.427658557891846,0.0,154.57252977464776,23040.0
-6.273698806762695,-12.6375093460083,6.363811016082764,0.0,156.20045182742166,23040.0
-6.498398303985596,-12.831459999084473,6.333058834075928,0.0,107.27861787098112,23040.0
-6.429528713226318,-12.748865127563477,6.319339275360107,0.0,124.73010492602357,23040.0
-6.166717529296875,-12.638838768005371,6.472124099731445,0.0,174.9454871018681,23040.0
-5.959479331970215,-12.439116477966309,6.479639530181885,0.0,170.9589501301767,23040.0
-6.362182140350342,-12.776097297668457,6.413914203643799,0.0,147.79210098742436,23040.0
-6.133542060852051,-12.614554405212402,6.481013298034668,0.0,155.3715109772985,23040.0
-5.835909843444824,-12.361099243164062,6.525189399719238,0.0,185.20039545084654,23040.0
-5.857816696166992,-12.411460876464844,6.553645133972168,0.0,213.45182466086172,23040.0
-6.26081657409668,-12.635704040527344,6.374892711639404,0.0,164.1074297862001,23040.0
-6.482579231262207,-12.8662109375,6.383633136749268,0.0,108.05878182769587,23040.0
-6.386187553405762,-12.772676467895508,6.386487007141113,0.0,117.14693244274096,23040.0
-6.3249897956848145,-12.71691608428955,6.391924858093262,0.0,139.54748186647114,23040.0
-6.481767654418945,-12.871888160705566,6.390118598937988,0.0,149.73531573774744,23040.0
-6.396074295043945,-12.755121231079102,6.359048843383789,0.0,133.49441027138386,23040.0
-6.210533142089844,-12.58244800567627,6.371909141540527,0.0,156.6176479600705,23040.0
-5.688554763793945,-12.30604076385498,6.6174845695495605,0.0,232.60021546517513,23040.0
-5.186746597290039,-11.6913480758667,6.5046000480651855,0.0,247.60728332845028,23040.0
-6.34585428237915,-12.610383033752441,6.264530658721924,0.0,158.5475136091611,23040.0
-6.650329113006592,-12.937429428100586,6.287103176116943,0.0,114.91724884771726,23040.0
-5.77935791015625,-12.2063627243042,6.427006721496582,0.0,207.490107079181,23040.0
-5.819547653198242,-12.286246299743652,6.4666972160339355,0.0,226.35096091013375,23040.0
-6.321300029754639,-12.602188110351562,6.280884265899658,0.0,177.28944062522527,23040.0
-6.7614312171936035,-12.965408325195312,6.20397424697876,0.0,103.67209420961808,23040.0
-6.26263427734375,-12.55936050415039,6.296725749969482,0.0,155.24606904384248,23040.0
-6.538815498352051,-12.736947059631348,6.198132514953613,0.0,149.26063472473285,23040.0
-6.50221061706543,-12.800369262695312,6.298155307769775,0.0,162.47768072021043,23040.0
-6.068516254425049,-12.457544326782227,6.38902473449707,0.0,184.5734401518965,23040.0
-6.559326171875,-12.79615306854248,6.2368245124816895,0.0,99.71156977627318,23040.0
-6.52281379699707,-12.887496948242188,6.36468505859375,0.0,137.54905141919807,23040.0
-6.45950174331665,-12.902112007141113,6.442607879638672,0.0,171.9780865780682,23040.0
-5.761162757873535,-12.22165298461914,6.460489749908447,0.0,269.97742171349074,23040.0
-5.392624378204346,-11.895874977111816,6.5032477378845215,0.0,308.885519510841,23040.0
-5.456601142883301,-11.850777626037598,6.394177436828613,0.0,254.1538800446621,23040.0
-6.2349724769592285,-12.449642181396484,6.214668273925781,0.0,194.87804476730952,23040.0
-5.965892791748047,-12.277369499206543,6.311470985412598,0.0,203.3070451511617,23040.0
-6.2428154945373535,-12.531838417053223,6.289023399353027,0.0,212.19826054026944,23040.0
-6.3051533699035645,-12.658321380615234,6.353169918060303,0.0,175.59394047903976,23040.0
-6.247837543487549,-12.53837776184082,6.290539741516113,0.0,203.63979415147764,23040.0
-5.77225399017334,-12.143682479858398,6.371432781219482,0.0,233.6459313555047,23040.0
-6.404653072357178,-12.652106285095215,6.247455596923828,0.0,129.78797662626803,23040.0
-6.088260173797607,-12.395231246948242,6.306966304779053,0.0,185.46697704799362,23040.0
-6.106241703033447,-12.297672271728516,6.19143009185791,0.0,195.3308554447176,23040.0
-6.401494026184082,-12.610188484191895,6.208694934844971,0.0,163.30089016773204,23040.0
-5.671308517456055,-12.13990306854248,6.46859884262085,0.0,242.51442437271433,23040.0
-5.541777610778809,-11.892549514770508,6.350770950317383,0.0,218.0576683516408,23040.0
-6.676782131195068,-12.835037231445312,6.158253192901611,0.0,79.44253373874764,23040.0
-6.0414652824401855,-12.421284675598145,6.379817485809326,0.0,191.51912181777752,23040.0
-6.212032794952393,-12.494998931884766,6.282966613769531,0.0,182.97655850777682,23040.0
-6.4583868980407715,-12.777870178222656,6.319483757019043,0.0,103.49714855551119,23040.0
-6.434468746185303,-12.795902252197266,6.361433982849121,0.0,138.92623257651945,23040.0
-6.470685005187988,-12.78538990020752,6.314709663391113,0.0,140.36076034980812,23040.0
-6.584942817687988,-12.922513961791992,6.337568283081055,0.0,96.9052985437476,23040.0
-6.2900776863098145,-12.681692123413086,6.391613960266113,0.0,166.56871126842742,23040.0
-6.654841899871826,-13.004999160766602,6.350159168243408,0.0,124.41000044285913,23040.0
-6.405064105987549,-12.85147476196289,6.446411609649658,0.0,114.5866626389091,23040.0
-6.469785690307617,-12.911580085754395,6.441791534423828,0.0,172.40805256089794,23040.0
-6.439047813415527,-12.87779712677002,6.438753128051758,0.0,120.62220319742084,23040.0
-6.830753803253174,-13.24799633026123,6.417239665985107,0.0,75.16311860416312,23040.0
-5.996094226837158,-12.695274353027344,6.699176788330078,0.0,198.81301445475745,23040.0
-5.876114845275879,-12.432880401611328,6.556766986846924,0.0,222.01623944760507,23040.0
-6.657618522644043,-13.144729614257812,6.487110614776611,0.0,148.03440471461755,23040.0
-6.554471015930176,-12.930108070373535,6.37563419342041,0.0,142.6939631667971,23040.0
-6.455002307891846,-12.872908592224121,6.417904853820801,0.0,157.10753320837554,23040.0
-6.544152736663818,-13.114270210266113,6.5701165199279785,0.0,149.12950481509125,23040.0
-6.39843225479126,-12.802507400512695,6.404078006744385,0.0,147.12612713371982,23040.0
-6.459272384643555,-13.016707420349121,6.557435512542725,0.0,182.22359979651108,23040.0
-6.35352897644043,-12.793024063110352,6.439493656158447,0.0,220.54963698762123,23040.0
-5.882110118865967,-12.529746055603027,6.647637844085693,0.0,252.95660208424144,23040.0
-5.2901506423950195,-11.806087493896484,6.515933036804199,0.0,344.1168027083053,23040.0
-5.04491662979126,-11.471747398376465,6.42683219909668,0.0,352.37536230339754,23040.0
-5.186758041381836,-11.747854232788086,6.561097621917725,0.0,265.3509847628426,23040.0
-6.528254985809326,-12.863008499145508,6.334752559661865,0.0,118.81236363374647,23040.0
-5.661315441131592,-12.17683219909668,6.515517711639404,0.0,290.93631361551326,23040.0
-5.8180155754089355,-12.156250953674316,6.3382344245910645,0.0,263.87012380889604,23040.0
-6.313486099243164,-12.498456954956055,6.184966564178467,0.0,153.4192488196481,23040.0
-5.981602191925049,-12.116716384887695,6.135115623474121,0.0,242.65548703248436,23040.0
-5.660459041595459,-11.786380767822266,6.125925064086914,0.0,226.148436296956,23040.0
-6.196305274963379,-12.283886909484863,6.087581157684326,0.0,127.74644729715756,23040.0
-5.880227088928223,-12.08482551574707,6.204593181610107,0.0,231.82171793421722,23040.0
-6.117595672607422,-12.270819664001465,6.1532206535339355,0.0,267.5937816775889,23040.0
-6.404949188232422,-12.51385498046875,6.108904838562012,0.0,126.07104147290202,23040.0
-6.435842514038086,-12.524328231811523,6.088481903076172,0.0,109.99356948098936,23040.0
-6.284260272979736,-12.352117538452148,6.067859649658203,0.0,163.9282879089975,23040.0
-6.586849689483643,-12.648701667785645,6.061854839324951,0.0,113.14280242012454,23040.0
-6.1738362312316895,-12.416279792785645,6.242442607879639,0.0,126.11416351401773,23040.0
-6.422888278961182,-12.695764541625977,6.272873878479004,0.0,120.28952425665524,23040.0
-6.542179584503174,-12.990241050720215,6.448061943054199,0.0,152.55202180531725,23040.0
-6.192176818847656,-12.566961288452148,6.37478494644165,0.0,178.29730132110288,23040.0
-6.579108238220215,-13.051170349121094,6.472061634063721,0.0,137.6885477485021,23040.0
-6.568035125732422,-13.03471851348877,6.466684341430664,0.0,116.39262075389142,23040.0
-6.659947872161865,-13.185749053955078,6.5257954597473145,0.0,71.9348932210687,23040.0
-6.69353723526001,-13.21470832824707,6.52117395401001,0.0,124.25321271738078,23040.0
-6.524077892303467,-13.08727741241455,6.563197135925293,0.0,121.865400466659,23040.0
-6.743757247924805,-13.307369232177734,6.563608169555664,0.0,136.87552243660278,23040.0
-6.6817307472229,-13.21567153930664,6.53394079208374,0.0,124.77273578998641,23040.0
-6.2157883644104,-12.797639846801758,6.581855773925781,0.0,202.50184372054812,23040.0
-5.637482166290283,-12.49595832824707,6.8584771156311035,0.0,279.23538512159075,23040.0
-4.086249351501465,-11.119304656982422,7.03305196762085,0.0,327.6358865556279,23040.0
-5.66763973236084,-12.395492553710938,6.727852821350098,0.0,267.22443708704776,23040.0
-6.485918998718262,-12.793192863464355,6.307272911071777,0.0,153.88250412009896,23040.0
-6.53553581237793,-12.90446949005127,6.368937969207764,0.0,154.46443698407316,23040.0
-5.534018516540527,-12.233552932739258,6.6995320320129395,0.0,255.2743082198645,23040.0
-6.376649379730225,-12.68016529083252,6.303516387939453,0.0,171.05891880473098,23040.0
-6.220524311065674,-12.53120231628418,6.31068229675293,0.0,166.74645671527253,23040.0
-6.10659646987915,-12.4479398727417,6.34134578704834,0.0,221.1449499162188,23040.0
-6.610969543457031,-12.811604499816895,6.20063591003418,0.0,133.65492961539547,23040.0
-6.35920524597168,-12.607511520385742,6.248310089111328,0.0,193.0753643786529,23040.0
-6.377655029296875,-12.806557655334473,6.428900718688965,0.0,178.28549753591503,23040.0
-6.840198993682861,-13.102167129516602,6.261967182159424,0.0,95.04671111590737,23040.0
-6.4386725425720215,-12.747822761535645,6.309147834777832,0.0,164.48952838022296,23040.0
-6.500133514404297,-13.024908065795898,6.524773597717285,0.0,122.79750653311984,23040.0
-6.559077262878418,-12.923108100891113,6.3640313148498535,0.0,116.26444726679905,23040.0
-6.458530902862549,-12.879287719726562,6.4207539558410645,0.0,164.06755077715673,23040.0
-6.55075740814209,-13.186487197875977,6.635731220245361,0.0,152.81201819407633,23040.0
-6.624776840209961,-13.049683570861816,6.424906253814697,0.0,120.46675394511185,23040.0
-6.765905857086182,-13.29234790802002,6.526440620422363,0.0,136.02408038960922,23040.0
-6.2665486335754395,-12.981073379516602,6.714522838592529,0.0,204.1766277145467,23040.0
-6.198512554168701,-12.745461463928223,6.546948432922363,0.0,210.0255623909448,23040.0
-6.676312446594238,-13.239042282104492,6.562731742858887,0.0,112.51442391072723,23040.0
-6.793721675872803,-13.37547779083252,6.581757068634033,0.0,115.71840713826012,23040.0
-6.235455513000488,-12.850740432739258,6.615285396575928,0.0,205.72896072975308,23040.0
-6.484508514404297,-13.136031150817871,6.651523113250732,0.0,168.63806369909074,23040.0
-6.814035415649414,-13.383278846740723,6.569243907928467,0.0,80.10563239184262,23040.0
-6.704097270965576,-13.203234672546387,6.499139308929443,0.0,121.2236738125076,23040.0
-6.357288837432861,-13.037970542907715,6.6806817054748535,0.0,187.21500485499234,23040.0
-6.597049236297607,-13.133216857910156,6.536162853240967,0.0,166.8460036206296,23040.0
-6.785790920257568,-13.246301651000977,6.460509777069092,0.0,84.61298525249802,23040.0
-6.612540245056152,-13.262345314025879,6.649802207946777,0.0,163.63133415529305,23040.0
-6.111326694488525,-12.777093887329102,6.665771484375,0.0,194.96204046438302,23040.0
-6.873872756958008,-13.370527267456055,6.496659278869629,0.0,130.99819828619403,23040.0
-6.8896870613098145,-13.396663665771484,6.506977081298828,0.0,124.7908768030086,23040.0
-6.554969787597656,-13.114717483520508,6.559743881225586,0.0,154.20830694520075,23040.0
-7.001864910125732,-13.530269622802734,6.528402328491211,0.0,100.65304472227616,23040.0
-6.751837253570557,-13.300543785095215,6.548705577850342,0.0,154.72047604737878,23040.0
-6.373516082763672,-12.962806701660156,6.58928918838501,0.0,184.43446019364234,23040.0
-7.04655647277832,-13.574251174926758,6.527694225311279,0.0,114.96552645883372,23040.0
-6.847455024719238,-13.369850158691406,6.522393226623535,0.0,148.86525782262066,23040.0
-6.832951545715332,-13.323654174804688,6.490706443786621,0.0,183.46992587082963,23040.0
-6.3441853523254395,-13.106587409973145,6.762401103973389,0.0,209.7400048853118,23040.0
-6.684377193450928,-13.257487297058105,6.573105812072754,0.0,189.71517146184172,23040.0
-6.905207633972168,-13.394948959350586,6.489744186401367,0.0,127.7850720945086,23040.0
-6.932749271392822,-13.444868087768555,6.512118816375732,0.0,126.43745518886706,23040.0
-6.990328788757324,-13.480767250061035,6.490438461303711,0.0,118.7931588536722,23040.0
-6.991992950439453,-13.561613082885742,6.569618225097656,0.0,91.09232165703213,23040.0
-7.037349224090576,-13.627848625183105,6.5904974937438965,0.0,129.57221170415878,23040.0
-6.7507195472717285,-13.336666107177734,6.585949897766113,0.0,192.94908118540133,23040.0
-6.479476451873779,-13.250972747802734,6.771492958068848,0.0,210.08986865951988,23040.0
-6.7074875831604,-13.362580299377441,6.655093193054199,0.0,184.20674295397066,23040.0
-7.0814738273620605,-13.72103500366211,6.63956356048584,0.0,122.59904734848227,23040.0
-6.525082588195801,-13.28662395477295,6.761538982391357,0.0,179.53132122492,23040.0
-6.401081562042236,-13.112747192382812,6.711665630340576,0.0,221.1968740004265,23040.0
-6.648060321807861,-13.300309181213379,6.652247905731201,0.0,189.07362293961424,23040.0
-6.562368392944336,-13.269810676574707,6.707447052001953,0.0,156.9677508993097,23040.0
-6.862339973449707,-13.51814079284668,6.655801773071289,0.0,175.5591896332467,23040.0
-6.776261329650879,-13.316811561584473,6.540555000305176,0.0,196.23742216256522,23040.0
-6.942707538604736,-13.588170051574707,6.645467281341553,0.0,145.719889137665,23040.0
-6.794998645782471,-13.549580574035645,6.754582405090332,0.0,162.60234985287167,23040.0
-6.380565166473389,-12.905237197875977,6.52467155456543,0.0,236.1587975974798,23040.0
-5.734220504760742,-12.377273559570312,6.643054008483887,0.0,299.59479426824566,23040.0
-6.111252307891846,-12.5516939163208,6.4404425621032715,0.0,262.74863423595457,23040.0
-6.771263122558594,-13.16694450378418,6.395682334899902,0.0,160.16876624792036,23040.0
-6.408552169799805,-13.037604331970215,6.629055976867676,0.0,210.55371789852543,23040.0
-6.480156898498535,-12.975318908691406,6.495162487030029,0.0,229.1602703816599,23040.0
-6.686471939086914,-13.135100364685059,6.448630332946777,0.0,167.4499677107698,23040.0
-6.4594950675964355,-13.080880165100098,6.621384143829346,0.0,224.70373771369592,23040.0
-5.659453868865967,-12.316567420959473,6.6571173667907715,0.0,281.3883132156182,23040.0
-6.687938213348389,-13.036839485168457,6.348897457122803,0.0,140.03612073322267,23040.0
-6.898066997528076,-13.251580238342285,6.353512763977051,0.0,134.36614129457948,23040.0
-6.399531841278076,-12.7362060546875,6.336676120758057,0.0,236.96110013062076,23040.0
-6.401452541351318,-12.996146202087402,6.5946946144104,0.0,187.69524946993593,23040.0
-6.777878284454346,-13.217658042907715,6.439781188964844,0.0,162.06546259449908,23040.0
-6.595690727233887,-13.061768531799316,6.466074466705322,0.0,169.77230260623895,23040.0
-7.029233932495117,-13.44408893585205,6.414855480194092,0.0,99.47133612330497,23040.0
-6.693687438964844,-13.116005897521973,6.422317981719971,0.0,145.13705646726712,23040.0
-6.774144649505615,-13.280508041381836,6.506364822387695,0.0,161.3996943297705,23040.0
-7.0972161293029785,-13.634810447692871,6.537597179412842,0.0,86.13281583858108,23040.0
-6.739567756652832,-13.263052940368652,6.523486137390137,0.0,142.00104667641077,23040.0
-7.160893440246582,-13.722071647644043,6.56118106842041,0.0,145.2100380495739,23040.0
-7.109428405761719,-13.666278839111328,6.556849002838135,0.0,127.58752017949571,23040.0
-6.892441749572754,-13.42983627319336,6.537391662597656,0.0,150.21359463166877,23040.0
-6.881681442260742,-13.625334739685059,6.743655681610107,0.0,155.42915671935432,23040.0
-6.568202018737793,-13.36048698425293,6.792284965515137,0.0,189.59286788590754,23040.0
-6.240590572357178,-13.274797439575195,7.034210205078125,0.0,264.4517468025157,23040.0
-4.876894950866699,-11.919681549072266,7.042787075042725,0.0,369.8620740391293,23040.0
-4.950741767883301,-12.163525581359863,7.212782859802246,0.0,382.048597793175,23040.0
-5.718819618225098,-12.532971382141113,6.814152240753174,0.0,255.9288034068671,23040.0
-7.026782989501953,-13.494362831115723,6.467577934265137,0.0,82.45265597270628,23040.0
-5.9648308753967285,-12.699776649475098,6.734946250915527,0.0,242.51657499245783,23040.0
-5.816931247711182,-12.43252944946289,6.615598678588867,0.0,241.34097893563182,23040.0
-7.101176738739014,-13.538374900817871,6.437197685241699,0.0,89.43260943031709,23040.0
-5.776296138763428,-12.622879981994629,6.846585273742676,0.0,246.7065311237302,23040.0
-6.29261589050293,-12.771584510803223,6.478970050811768,0.0,182.6868072631476,23040.0
-6.840637683868408,-13.243928909301758,6.403290271759033,0.0,110.31554550033854,23040.0
-6.584587097167969,-13.132800102233887,6.548214912414551,0.0,195.4599008133778,23040.0
-6.9765543937683105,-13.387371063232422,6.410816192626953,0.0,106.6899350805967,23040.0
-6.870849132537842,-13.273896217346191,6.403045177459717,0.0,110.39657501695196,23040.0
-6.899855613708496,-13.393576622009277,6.493721961975098,0.0,152.2050869133075,23040.0
-6.9570393562316895,-13.36487102508545,6.4078288078308105,0.0,82.96821962408477,23040.0
-6.82187032699585,-13.2545166015625,6.432649612426758,0.0,133.16289471523828,23040.0
-6.823573589324951,-13.34543228149414,6.521856784820557,0.0,107.34763934540071,23040.0
-6.909584999084473,-13.49256706237793,6.582980155944824,0.0,94.37303461616109,23040.0
-6.789353370666504,-13.353775978088379,6.564425945281982,0.0,126.83304804495012,23040.0
-6.990946292877197,-13.602493286132812,6.611545085906982,0.0,116.54003958824674,23040.0
-6.958041191101074,-13.61119556427002,6.6531548500061035,0.0,99.5782208379283,23040.0
-6.881977558135986,-13.59260082244873,6.710625648498535,0.0,72.82447963141931,23040.0
-7.1316962242126465,-13.79932689666748,6.667631149291992,0.0,85.91695300678494,23040.0
-6.919979572296143,-13.7413330078125,6.821356296539307,0.0,116.59420340152982,23040.0
-6.778686046600342,-13.622034072875977,6.843347072601318,0.0,175.32516521939456,23040.0
-6.349734306335449,-13.340788841247559,6.99105167388916,0.0,247.48831110322402,23040.0
-5.566524982452393,-12.51390552520752,6.94738245010376,0.0,318.36262320983275,23040.0
-5.936751365661621,-12.633676528930664,6.696925640106201,0.0,333.5813648605822,23040.0
-5.338463306427002,-12.043486595153809,6.70502233505249,0.0,377.9932673352122,23040.0
-4.920979976654053,-11.60820198059082,6.687220573425293,0.0,380.0976406994251,23040.0
-6.393954753875732,-12.968990325927734,6.575032711029053,0.0,241.79775538243445,23040.0
-7.005692005157471,-13.568799018859863,6.563105583190918,0.0,113.04235012416751,23040.0
-6.049642562866211,-12.53467845916748,6.485033988952637,0.0,284.7106402961545,23040.0
-5.712014198303223,-12.464615821838379,6.752600193023682,0.0,273.2270896405866,23040.0
-6.353337287902832,-12.822227478027344,6.468892574310303,0.0,167.76867169297464,23040.0
-6.2592854499816895,-12.686437606811523,6.427154541015625,0.0,170.86286449676044,23040.0
-6.453288555145264,-12.880045890808105,6.426756381988525,0.0,290.50221069976277,23040.0
-5.620027542114258,-12.250823020935059,6.630797863006592,0.0,280.2746955874856,23040.0
-4.127580165863037,-10.933806419372559,6.806230545043945,0.0,341.2195844573264,23040.0
-6.668205261230469,-12.884270668029785,6.216061115264893,0.0,140.10728806643934,23040.0
-4.489711284637451,-11.288996696472168,6.7992844581604,0.0,330.0275569682375,23040.0
-4.934350490570068,-11.307193756103516,6.372848987579346,0.0,258.1841650909698,23040.0
-5.713755130767822,-11.944108963012695,6.230352878570557,0.0,204.64473587075562,23040.0
-4.766285419464111,-11.385998725891113,6.619712829589844,0.0,316.4977316248113,23040.0
-6.484044551849365,-12.707101821899414,6.223061561584473,0.0,134.90838190396445,23040.0
-5.529719352722168,-11.636384963989258,6.106668472290039,0.0,254.72864402374935,23040.0
-6.592127323150635,-12.66219711303711,6.070066928863525,0.0,102.66270882376638,23040.0
-5.665139198303223,-11.879982948303223,6.214844226837158,0.0,268.02846510812986,23040.0
-6.5787129402160645,-12.826866149902344,6.248149871826172,0.0,88.88834830621592,23040.0
-5.728282928466797,-11.935006141662598,6.206723213195801,0.0,246.86591082563234,23040.0
-6.640667915344238,-12.795063018798828,6.154391288757324,0.0,109.34067433506733,23040.0
-5.8184380531311035,-12.212698936462402,6.394258499145508,0.0,245.88392218924005,23040.0
-6.718873500823975,-13.051902770996094,6.333024978637695,0.0,100.13659276626528,23040.0
-5.973033428192139,-12.338622093200684,6.36558723449707,0.0,216.28131216660742,23040.0
-6.7441840171813965,-13.022329330444336,6.278149604797363,0.0,109.32437610112093,23040.0
-6.1137919425964355,-12.6060791015625,6.49228572845459,0.0,221.60520340640443,23040.0
-6.940291404724121,-13.313091278076172,6.372796535491943,0.0,96.53838595566397,23040.0
-6.5723042488098145,-12.907370567321777,6.3350653648376465,0.0,179.29105152080834,23040.0
-6.892489433288574,-13.382953643798828,6.490463733673096,0.0,136.2397332173692,23040.0
-6.368252277374268,-12.967645645141602,6.599393844604492,0.0,197.05140816700663,23040.0
-6.870894908905029,-13.406709671020508,6.53581428527832,0.0,109.78942851601252,23040.0
-6.467364311218262,-13.03534984588623,6.56798791885376,0.0,164.3381905758075,23040.0
-6.991881847381592,-13.579532623291016,6.587650775909424,0.0,130.6149006158262,23040.0
-7.007406234741211,-13.5879545211792,6.5805487632751465,0.0,149.19312049291975,23040.0
-6.937230587005615,-13.565773963928223,6.628540515899658,0.0,110.20168456183758,23040.0
-6.866130828857422,-13.480478286743164,6.614348888397217,0.0,172.92052153320444,23040.0
-6.764566898345947,-13.571035385131836,6.806465148925781,0.0,151.91512059138776,23040.0
-6.704448699951172,-13.41795539855957,6.713507175445557,0.0,159.21822423955615,23040.0
-6.967756271362305,-13.611312866210938,6.643553256988525,0.0,127.49331140521866,23040.0
-6.722649574279785,-13.456347465515137,6.733701705932617,0.0,145.13336945082472,23040.0
-6.306878089904785,-13.021535873413086,6.71465539932251,0.0,235.37350335001764,23040.0
-6.296196937561035,-13.208609580993652,6.91241455078125,0.0,235.65179290456066,23040.0
-6.7777099609375,-13.45952320098877,6.681808948516846,0.0,174.0568030510235,23040.0
-6.755899429321289,-13.39856243133545,6.64266300201416,0.0,178.4305963854678,23040.0
-6.798568248748779,-13.474406242370605,6.675840854644775,0.0,171.02743603472564,23040.0
-6.841165542602539,-13.49262809753418,6.651463985443115,0.0,153.26188483121413,23040.0
-6.978332996368408,-13.595475196838379,6.617146968841553,0.0,126.76896899000872,23040.0
-6.783468246459961,-13.555037498474121,6.771571159362793,0.0,173.0796533146243,23040.0
-6.969244480133057,-13.56842041015625,6.599182605743408,0.0,146.66751290299712,23040.0
-6.96750020980835,-13.661765098571777,6.6942620277404785,0.0,147.4822691469489,23040.0
-6.9170708656311035,-13.508843421936035,6.591778755187988,0.0,183.17917897702924,23040.0
-7.088978290557861,-13.651341438293457,6.562361717224121,0.0,140.80330694842658,23040.0
-7.192122936248779,-13.885032653808594,6.692906379699707,0.0,149.97376080797488,23040.0
-6.878680229187012,-13.524435997009277,6.645753860473633,0.0,173.3640776177757,23040.0
-7.054446697235107,-13.638163566589355,6.583718299865723,0.0,170.79134216248488,23040.0
-7.284256935119629,-13.931795120239258,6.647536754608154,0.0,106.36338479015345,23040.0
-7.1706929206848145,-13.838976860046387,6.668282508850098,0.0,101.12283842250864,23040.0
-7.210186958312988,-13.861258506774902,6.651072978973389,0.0,131.04074035077488,23040.0
-6.979246139526367,-13.771236419677734,6.791990756988525,0.0,145.8218482903574,23040.0
-7.345730304718018,-14.023942947387695,6.678215980529785,0.0,98.78740895980272,23040.0
-7.127166748046875,-13.85606575012207,6.728897571563721,0.0,118.8468061190196,23040.0
-6.74813985824585,-13.71017837524414,6.962034702301025,0.0,176.82027460451542,23040.0
-6.519001483917236,-13.384947776794434,6.865948677062988,0.0,220.91972172943713,23040.0
-7.108677864074707,-13.910075187683105,6.801399230957031,0.0,137.75895355768503,23040.0
-7.128219127655029,-13.862932205200195,6.734713554382324,0.0,161.4755957027335,23040.0
-5.991939067840576,-12.921082496643066,6.929147720336914,0.0,253.64542475227358,23040.0
-6.870981216430664,-13.698647499084473,6.827671527862549,0.0,175.29857178159983,23040.0
-7.109649181365967,-13.834025382995605,6.724380970001221,0.0,91.2394642653772,23040.0
-7.044373989105225,-13.71301555633545,6.668642044067383,0.0,148.71134179725735,23040.0
-6.503730773925781,-13.575660705566406,7.071928024291992,0.0,217.343787586444,23040.0
-6.2584099769592285,-13.073837280273438,6.81542444229126,0.0,230.16998873160017,23040.0
-6.539618492126465,-13.2882661819458,6.748652458190918,0.0,133.7870568344568,23040.0
-6.6371169090271,-13.455698013305664,6.818580627441406,0.0,196.45450198500777,23040.0
-6.96658992767334,-13.61174488067627,6.645153045654297,0.0,150.43744467626988,23040.0
-7.232507228851318,-13.858866691589355,6.626362323760986,0.0,88.89935837451075,23040.0
-6.981744289398193,-13.709394454956055,6.727646827697754,0.0,141.2073122499894,23040.0
-6.811053276062012,-13.438581466674805,6.627524375915527,0.0,147.36674800052882,23040.0
-7.350540637969971,-13.921248435974121,6.57070779800415,0.0,102.43664870490886,23040.0
-6.916815757751465,-13.724185943603516,6.807373523712158,0.0,130.69142656194023,23040.0
-7.085282325744629,-13.774866104125977,6.689591407775879,0.0,131.08268565176255,23040.0
-7.088398456573486,-13.854385375976562,6.765985012054443,0.0,117.59549997599422,23040.0
-7.230720520019531,-13.984846115112305,6.75412654876709,0.0,119.61008607308962,23040.0
-7.320042610168457,-14.050782203674316,6.730742931365967,0.0,131.55615357573856,23040.0
-6.946875095367432,-13.830273628234863,6.883394241333008,0.0,142.15351309696652,23040.0
-6.911182403564453,-13.676196098327637,6.7650146484375,0.0,182.15054555284888,23040.0
-7.130069255828857,-13.806406021118164,6.676332473754883,0.0,161.72853044941058,23040.0
-7.097733020782471,-13.902800559997559,6.8050665855407715,0.0,165.92820902606962,23040.0
-7.223086357116699,-13.920388221740723,6.697301387786865,0.0,145.1449865966014,23040.0
-6.957896709442139,-13.76492691040039,6.80703067779541,0.0,195.662018917999,23040.0
-6.444350242614746,-13.5792236328125,7.13487434387207,0.0,262.31221804647004,23040.0
-5.774410724639893,-12.84520435333252,7.070788383483887,0.0,290.171990364518,23040.0
-6.899171352386475,-13.643101692199707,6.743930339813232,0.0,156.75048807951026,23040.0
-7.125139236450195,-13.825282096862793,6.700140953063965,0.0,176.54342775530537,23040.0
-6.5812764167785645,-13.334269523620605,6.752992153167725,0.0,252.88173214339741,23040.0
-6.384616374969482,-13.46462631225586,7.080010890960693,0.0,231.25586708478144,23040.0
-7.131763458251953,-13.884258270263672,6.752498149871826,0.0,126.22006815542686,23040.0
-6.899027347564697,-13.646275520324707,6.747245788574219,0.0,142.87963895094214,23040.0
-6.8745646476745605,-13.604022979736328,6.729456424713135,0.0,189.07382948665227,23040.0
-7.040912628173828,-13.762733459472656,6.721821308135986,0.0,128.38643545394197,23040.0
-7.117462158203125,-13.716903686523438,6.599440574645996,0.0,136.91688423792516,23040.0
-6.760711193084717,-13.638794898986816,6.8780837059021,0.0,211.99534493759808,23040.0
-7.011030197143555,-13.65143871307373,6.640410900115967,0.0,143.69050726296126,23040.0
-7.109008312225342,-13.756366729736328,6.647360801696777,0.0,159.61575773653118,23040.0
-6.642020225524902,-13.311386108398438,6.669367790222168,0.0,233.0143720467041,23040.0
-6.954426288604736,-13.618257522583008,6.663833141326904,0.0,183.83672692697297,23040.0
-7.250408172607422,-13.970597267150879,6.720184803009033,0.0,163.8611275451337,23040.0
-6.848633289337158,-13.676347732543945,6.827718257904053,0.0,242.77288778585066,23040.0
-6.919718265533447,-13.61271858215332,6.692997932434082,0.0,199.56069721422563,23040.0
-7.136301517486572,-13.75847053527832,6.62216854095459,0.0,122.40205747846969,23040.0
-7.075833320617676,-13.738225936889648,6.66239070892334,0.0,117.6085346989767,23040.0
-7.054840564727783,-13.713725090026855,6.658885478973389,0.0,147.8692099159711,23040.0
-7.316234588623047,-14.036413192749023,6.72018575668335,0.0,150.2279465339395,23040.0
-6.544581413269043,-13.664020538330078,7.119437217712402,0.0,221.737750654391,23040.0
-7.500256538391113,-14.202372550964355,6.702112674713135,0.0,66.92278592184314,23040.0
-7.035362243652344,-13.903133392333984,6.867771625518799,0.0,156.54095175282598,23040.0
-7.080897808074951,-13.96802043914795,6.887124061584473,0.0,173.71096649573292,23040.0
-7.178002834320068,-14.011457443237305,6.83344841003418,0.0,131.61895772738634,23040.0
-7.4792046546936035,-14.22834300994873,6.749140739440918,0.0,55.52010571040969,23040.0
-7.130035877227783,-14.03858757019043,6.908551216125488,0.0,141.2217530163156,23040.0
-6.932415008544922,-13.81871223449707,6.886295795440674,0.0,175.3888532143454,23040.0
-7.2875800132751465,-14.06408977508545,6.776515483856201,0.0,135.23316202522238,23040.0
-7.595233917236328,-14.42593002319336,6.830698013305664,0.0,108.51570080050146,23040.0
-6.962658882141113,-13.9146089553833,6.95195198059082,0.0,163.20358369740305,23040.0
-7.369606971740723,-14.253470420837402,6.883858680725098,0.0,131.0001011031851,23040.0
-7.395575523376465,-14.165674209594727,6.770102500915527,0.0,102.24055576531622,23040.0
-7.294414520263672,-14.120797157287598,6.82637882232666,0.0,157.47938449083114,23040.0
-6.7307658195495605,-13.683754920959473,6.952985763549805,0.0,214.97510006482503,23040.0
-6.528396129608154,-13.520228385925293,6.991827964782715,0.0,246.32780900841536,23040.0
-6.999464988708496,-13.864154815673828,6.864691257476807,0.0,238.84239429305353,23040.0
-6.914090156555176,-13.724940299987793,6.810853481292725,0.0,260.5964208957187,23040.0
-6.504364013671875,-13.316513061523438,6.8121514320373535,0.0,253.92462680167523,23040.0
-6.82146692276001,-13.773382186889648,6.9519171714782715,0.0,195.55336514703913,23040.0
-7.145720958709717,-13.90465259552002,6.75893497467041,0.0,170.60820951830178,23040.0
-6.627918720245361,-13.55064868927002,6.922731399536133,0.0,231.6365668379229,23040.0
-7.0543599128723145,-13.764786720275879,6.710426330566406,0.0,227.05459798165415,23040.0
-7.182742595672607,-13.909340858459473,6.72659969329834,0.0,163.8701607721624,23040.0
-7.075686931610107,-13.725080490112305,6.649392127990723,0.0,207.76898047507333,23040.0
-7.116091728210449,-13.744091987609863,6.627997398376465,0.0,194.909909744877,23040.0
-7.462288856506348,-14.06995964050293,6.607670307159424,0.0,115.41025720279325,23040.0
-7.035050392150879,-13.722129821777344,6.687082767486572,0.0,208.9453104311565,23040.0
-6.986265659332275,-13.635396003723145,6.6491265296936035,0.0,214.0302409312878,23040.0
-7.281758785247803,-13.972535133361816,6.690779685974121,0.0,104.7872903232708,23040.0
-7.14232063293457,-13.961556434631348,6.8192362785339355,0.0,187.2493426329357,23040.0
-6.487206935882568,-13.203755378723145,6.716550827026367,0.0,333.31423306822245,23040.0
-6.008147716522217,-12.983158111572266,6.9750142097473145,0.0,294.3560862620126,23040.0
-5.458465099334717,-12.513080596923828,7.0546183586120605,0.0,279.70553157155615,23040.0
-6.721906661987305,-13.279582023620605,6.5576701164245605,0.0,222.6981770511099,23040.0
-6.650725841522217,-13.414047241210938,6.763316631317139,0.0,224.4547539654356,23040.0
-6.858400344848633,-13.572969436645508,6.714572429656982,0.0,190.32605411114952,23040.0
-6.817964553833008,-13.687409400939941,6.869442462921143,0.0,177.84729091657098,23040.0
-6.445292949676514,-13.53632640838623,7.091036796569824,0.0,230.6937478159838,23040.0
-6.847104072570801,-13.506717681884766,6.659613132476807,0.0,167.923845234174,23040.0
-7.0438408851623535,-13.732817649841309,6.688979625701904,0.0,104.49881075493276,23040.0
-6.8109517097473145,-13.519829750061035,6.70887565612793,0.0,213.1937168543324,23040.0
-7.198153495788574,-13.835694313049316,6.63754415512085,0.0,127.52864946634041,23040.0
-7.149420261383057,-13.817039489746094,6.667618274688721,0.0,130.7159619191564,23040.0
-6.587159633636475,-13.41346549987793,6.8263020515441895,0.0,225.5006712037738,23040.0
-7.39143180847168,-14.009855270385742,6.618419647216797,0.0,118.95255208354807,23040.0
-7.403463363647461,-14.073351860046387,6.669888019561768,0.0,124.40795544284357,23040.0
-7.020552635192871,-13.67869758605957,6.658148288726807,0.0,173.097763977944,23040.0
-7.307305335998535,-13.97994613647461,6.672640800476074,0.0,123.75311678844633,23040.0
-7.288451671600342,-13.96961784362793,6.6811652183532715,0.0,124.10004521086466,23040.0
-7.06292200088501,-13.862581253051758,6.799657344818115,0.0,169.79106461500766,23040.0
-7.26381778717041,-14.031285285949707,6.767467498779297,0.0,88.19590252059162,23040.0
-7.362608432769775,-14.163285255432129,6.800678253173828,0.0,115.2528565335718,23040.0
-7.2561516761779785,-14.14620590209961,6.8900532722473145,0.0,145.06344374579297,23040.0
-7.365368843078613,-14.171675682067871,6.806304931640625,0.0,55.067148025039465,23040.0
-7.173898696899414,-14.030349731445312,6.856451511383057,0.0,117.58791016319414,23040.0
-6.978123664855957,-14.009589195251465,7.031463146209717,0.0,217.84959623387533,23040.0
-7.005602836608887,-13.985576629638672,6.979972839355469,0.0,216.6936475577671,23040.0
-7.104506969451904,-13.937210083007812,6.832704544067383,0.0,213.5723599905319,23040.0
-6.771257400512695,-13.683684349060059,6.912435054779053,0.0,270.62890099072666,23040.0
-6.500892639160156,-13.410727500915527,6.909835338592529,0.0,241.12890045253783,23040.0
-7.407620429992676,-14.240429878234863,6.832812309265137,0.0,98.29036205801498,23040.0
-7.245814323425293,-14.14236068725586,6.896547317504883,0.0,134.9173755828026,23040.0
-7.13822078704834,-14.048091888427734,6.909876823425293,0.0,163.7460274281388,23040.0
-7.4062323570251465,-14.306550979614258,6.900319576263428,0.0,113.3719787037187,23040.0
-7.490717887878418,-14.342253684997559,6.851536750793457,0.0,86.48452405867319,23040.0
-7.46833610534668,-14.283093452453613,6.81475830078125,0.0,140.2659754011276,23040.0
-7.510979652404785,-14.384809494018555,6.873831748962402,0.0,116.95589844527397,23040.0
-7.472241401672363,-14.26214599609375,6.789906024932861,0.0,122.16812865302353,23040.0
-7.378923416137695,-14.239066123962402,6.860144138336182,0.0,140.04875472666808,23040.0
-7.28988790512085,-14.11164379119873,6.821756362915039,0.0,306.3781445302452,23040.0
-6.001562595367432,-13.143836975097656,7.14227294921875,0.0,315.64704502909103,23040.0
-2.597630739212036,-10.14316463470459,7.545532703399658,0.0,524.898774540902,23040.0
-4.283267021179199,-11.340770721435547,7.057505130767822,0.0,488.1720793012245,23040.0
-5.617870807647705,-12.560225486755371,6.942351818084717,0.0,228.38189462092026,23040.0
-6.791373252868652,-13.55023193359375,6.7588582038879395,0.0,137.5526172796615,23040.0
-4.564200401306152,-12.06833267211914,7.504131317138672,0.0,364.22341238042185,23040.0
-5.882901191711426,-12.791250228881836,6.908350944519043,0.0,277.6619897202528,23040.0
-5.1185479164123535,-11.9046049118042,6.786056995391846,0.0,293.542641281955,23040.0
-6.587704181671143,-12.982932090759277,6.395231246948242,0.0,156.33487142611673,23040.0
-5.377327919006348,-12.01506233215332,6.637731075286865,0.0,271.224668349592,23040.0
-6.232354164123535,-12.579898834228516,6.347538948059082,0.0,198.13565871954418,23040.0
-6.053221225738525,-12.42405891418457,6.37083625793457,0.0,202.86754379590832,23040.0
-6.156612873077393,-12.492585182189941,6.335972785949707,0.0,210.15661604917113,23040.0
-6.306909084320068,-12.688456535339355,6.381549835205078,0.0,129.8764649547964,23040.0
-6.503532409667969,-12.712868690490723,6.209338188171387,0.0,172.7332060634764,23040.0
-6.852985858917236,-13.005606651306152,6.152623653411865,0.0,133.69298399521958,23040.0
-6.6614990234375,-12.945241928100586,6.2837443351745605,0.0,155.65997661637903,23040.0
-6.95928955078125,-13.189921379089355,6.230626583099365,0.0,112.72076906856857,23040.0
-6.71087121963501,-12.953243255615234,6.242367744445801,0.0,132.7431630475031,23040.0
-7.044502258300781,-13.398056030273438,6.353550910949707,0.0,110.19656720244502,23040.0
-6.770492076873779,-13.355132102966309,6.584636688232422,0.0,152.49102990513825,23040.0
-7.120497703552246,-13.746407508850098,6.625912189483643,0.0,99.53990338687146,23040.0
-7.170772075653076,-13.743932723999023,6.573160648345947,0.0,140.1860049623019,23040.0
-6.855070114135742,-13.5765962600708,6.721523761749268,0.0,174.24304869090292,23040.0
-7.186207294464111,-13.920811653137207,6.734608173370361,0.0,134.07940453765667,23040.0
-7.0422844886779785,-13.772271156311035,6.72998571395874,0.0,128.14271838912572,23040.0
-7.431171894073486,-14.10379409790039,6.67262077331543,0.0,87.01131956650813,23040.0
-7.067022800445557,-13.90873908996582,6.841716766357422,0.0,131.4936225340626,23040.0
-7.401651859283447,-14.180315017700195,6.778661251068115,0.0,100.74881780223107,23040.0
-7.31891393661499,-14.13064956665039,6.811741352081299,0.0,83.83894663980611,23040.0
-6.97620964050293,-13.953522682189941,6.977306365966797,0.0,165.39988993849303,23040.0
-7.150265693664551,-14.071025848388672,6.9207587242126465,0.0,85.16427769521063,23040.0
-7.465906620025635,-14.365150451660156,6.899240970611572,0.0,94.77290160223305,23040.0
-7.028679847717285,-14.049628257751465,7.020949840545654,0.0,142.88606833433744,23040.0
-7.339674949645996,-14.234091758728027,6.894416809082031,0.0,138.16487182182183,23040.0
-7.250178337097168,-14.195109367370605,6.944933891296387,0.0,152.243703908387,23040.0
-6.943735599517822,-14.044127464294434,7.100393295288086,0.0,198.06693181184096,23040.0
-7.017238140106201,-14.012330055236816,6.995090961456299,0.0,185.2376460562876,23040.0
-7.540887355804443,-14.392857551574707,6.851974964141846,0.0,86.92925133948505,23040.0
-6.724437236785889,-13.931794166564941,7.207355499267578,0.0,204.17378469672738,23040.0
-6.727874279022217,-13.745153427124023,7.017281532287598,0.0,217.43626050714363,23040.0
-7.624783515930176,-14.550809860229492,6.926025390625,0.0,124.23662743026452,23040.0
-7.018356800079346,-13.965097427368164,6.9467387199401855,0.0,212.77437478170492,23040.0
-6.520130634307861,-13.49365520477295,6.9735236167907715,0.0,235.37649882106092,23040.0
-7.2838616371154785,-14.092016220092773,6.808159828186035,0.0,161.807569170369,23040.0
-6.8887248039245605,-13.873146057128906,6.98442268371582,0.0,169.1227935260129,23040.0
-7.048901557922363,-13.83460807800293,6.785708427429199,0.0,180.61331806328465,23040.0
-7.382855415344238,-14.145867347717285,6.763011455535889,0.0,133.86789512712895,23040.0
-6.922542095184326,-13.916162490844727,6.993621349334717,0.0,221.84134009593586,23040.0
-6.96353006362915,-13.81152629852295,6.847996234893799,0.0,178.97888569388107,23040.0
-7.528824329376221,-14.231663703918457,6.702837944030762,0.0,113.78085172267554,23040.0
-6.295454978942871,-13.522348403930664,7.226894855499268,0.0,227.63219144692184,23040.0
-7.073506832122803,-13.867241859436035,6.7937331199646,0.0,184.6100919138547,23040.0
-7.436448097229004,-14.155513763427734,6.719065189361572,0.0,117.05257084380465,23040.0
-7.115513801574707,-13.927932739257812,6.812421798706055,0.0,179.6036192557404,23040.0
-7.368019104003906,-14.18386459350586,6.815845489501953,0.0,120.45787484074187,23040.0
-7.557069778442383,-14.319719314575195,6.762654781341553,0.0,131.83192473984926,23040.0
-7.404630661010742,-14.280003547668457,6.875375747680664,0.0,141.2190002718975,23040.0
-7.414990425109863,-14.230439186096191,6.815449237823486,0.0,119.7862722185518,23040.0
-7.472011089324951,-14.225261688232422,6.753245830535889,0.0,142.4715742558982,23040.0
-7.633072853088379,-14.386184692382812,6.753109931945801,0.0,108.16397987832516,23040.0
-7.574374675750732,-14.36646842956543,6.792094707489014,0.0,116.66650498857304,23040.0
-7.386098861694336,-14.273025512695312,6.886929512023926,0.0,162.05921233920742,23040.0
-7.345800876617432,-14.273154258728027,6.927348613739014,0.0,122.42566047016817,23040.0
-7.6476874351501465,-14.495141983032227,6.847455024719238,0.0,88.7567994318312,23040.0
-7.3762640953063965,-14.315881729125977,6.939617156982422,0.0,118.02870790704056,23040.0
-7.394197463989258,-14.350557327270508,6.956363201141357,0.0,141.46441044343777,23040.0
-7.445425987243652,-14.415369987487793,6.969948768615723,0.0,148.34908745506337,23040.0
-7.557614326477051,-14.602838516235352,7.045223712921143,0.0,134.8899328688223,23040.0
-7.52714729309082,-14.557585716247559,7.030436038970947,0.0,129.29379109732477,23040.0
-7.540482044219971,-14.502004623413086,6.961523532867432,0.0,121.89732244998206,23040.0
-7.823744773864746,-14.70022201538086,6.8764824867248535,0.0,104.29684887931147,23040.0
-7.506731033325195,-14.56637191772461,7.059643745422363,0.0,112.98144568593722,23040.0
-7.669473648071289,-14.685023307800293,7.015549659729004,0.0,110.24394999692468,23040.0
-7.668970584869385,-14.756720542907715,7.087747573852539,0.0,65.60249791388917,23040.0
-7.497836112976074,-14.5305814743042,7.032744884490967,0.0,125.25762854727162,23040.0
-7.370980262756348,-14.406994819641113,7.036010265350342,0.0,155.16161744046664,23040.0
-7.418630599975586,-14.530671119689941,7.112036228179932,0.0,143.96215670926023,23040.0
-7.557209491729736,-14.683395385742188,7.126182556152344,0.0,148.3849707265108,23040.0
-7.549062252044678,-14.552664756774902,7.00360107421875,0.0,166.12326978079483,23040.0
-7.382036209106445,-14.412718772888184,7.030684947967529,0.0,213.28158408574538,23040.0
-6.8509087562561035,-13.944911003112793,7.094003677368164,0.0,265.1142626917705,23040.0
-7.02048397064209,-14.032564163208008,7.012081623077393,0.0,298.6152503966313,23040.0
-6.849631309509277,-13.87879467010498,7.029163837432861,0.0,306.4427270637026,23040.0
-6.752135753631592,-13.778014183044434,7.025875568389893,0.0,293.336578288463,23040.0
-7.192321300506592,-14.295998573303223,7.10367488861084,0.0,218.66820933858475,23040.0
-7.416674613952637,-14.439732551574707,7.023054122924805,0.0,145.82522308656416,23040.0
-7.4081902503967285,-14.325066566467285,6.916876316070557,0.0,202.50129600712268,23040.0
-6.970590591430664,-13.884469032287598,6.913876533508301,0.0,234.30813378991908,23040.0
-6.2503342628479,-13.337703704833984,7.087369918823242,0.0,285.651566788155,23040.0
-6.794656753540039,-13.79736042022705,7.002699851989746,0.0,239.45438527483742,23040.0
-7.033982276916504,-13.780128479003906,6.746143341064453,0.0,222.99145863673496,23040.0
-6.927898406982422,-13.72726821899414,6.799369812011719,0.0,227.97323611981201,23040.0
-6.8205695152282715,-13.878289222717285,7.057718276977539,0.0,234.62939944995057,23040.0
-6.917757987976074,-13.6356201171875,6.7178635597229,0.0,252.34845104458725,23040.0
-7.010491847991943,-13.708672523498535,6.698179721832275,0.0,211.77594776849674,23040.0
-6.963608741760254,-13.951431274414062,6.987821578979492,0.0,211.894041148837,23040.0
-6.847309112548828,-13.595925331115723,6.748621463775635,0.0,247.18686934457847,23040.0
-6.870219707489014,-13.630836486816406,6.760616779327393,0.0,228.01709881038965,23040.0
-7.019635200500488,-13.934589385986328,6.914951801300049,0.0,202.05483550526637,23040.0
-6.95764684677124,-13.64348316192627,6.685835838317871,0.0,255.92174771740432,23040.0
-7.139931678771973,-13.83193588256836,6.692004203796387,0.0,204.3395352290076,23040.0
-6.598362922668457,-13.587187767028809,6.988827228546143,0.0,249.39599943013684,23040.0
-6.876757621765137,-13.612874031066895,6.736119747161865,0.0,254.82233786774634,23040.0
-7.225995063781738,-13.995080947875977,6.769091606140137,0.0,173.41404536010478,23040.0
-6.744884014129639,-13.635703086853027,6.890820503234863,0.0,240.882470124962,23040.0
-7.078986167907715,-13.80718994140625,6.728201866149902,0.0,232.1083074861416,23040.0
-7.263298988342285,-14.041070938110352,6.777771472930908,0.0,138.43263722291192,23040.0
-6.782443046569824,-13.67696762084961,6.8945231437683105,0.0,262.47776141039606,23040.0
-7.133885383605957,-13.915722846984863,6.7818379402160645,0.0,209.72767621713254,23040.0
-7.562276363372803,-14.228105545043945,6.665827751159668,0.0,136.84193189183515,23040.0
-7.349603176116943,-14.085439682006836,6.735835075378418,0.0,208.16240035039328,23040.0
-7.337400436401367,-14.178458213806152,6.841053009033203,0.0,136.4946131349769,23040.0
-7.1493964195251465,-14.013726234436035,6.8643269538879395,0.0,176.53403755707177,23040.0
-7.403500080108643,-14.164322853088379,6.7608256340026855,0.0,184.99860327346627,23040.0
-7.405937194824219,-14.3871488571167,6.981205463409424,0.0,168.8708740889192,23040.0
-6.954280376434326,-13.921762466430664,6.96748161315918,0.0,218.02869950848412,23040.0
-7.387393474578857,-14.224641799926758,6.837249279022217,0.0,151.35862299962213,23040.0
-7.2649312019348145,-14.136256217956543,6.871326446533203,0.0,188.39086317332857,23040.0
-7.338932514190674,-14.2477388381958,6.908810615539551,0.0,174.75472157013934,23040.0
-7.463528633117676,-14.365592002868652,6.902069091796875,0.0,136.86714456865755,23040.0
-7.177568435668945,-14.349303245544434,7.171732425689697,0.0,215.81902468047628,23040.0
-7.460171699523926,-14.502461433410645,7.042285919189453,0.0,184.94825729724067,23040.0
-7.393635272979736,-14.41589069366455,7.022256851196289,0.0,167.06857883665432,23040.0
-7.089605808258057,-14.08122444152832,6.991621971130371,0.0,207.59797745863995,23040.0
-7.466657638549805,-14.469488143920898,7.002832889556885,0.0,142.29185731495286,23040.0
-7.03574275970459,-14.182608604431152,7.146862983703613,0.0,215.67998439479385,23040.0
-7.119406700134277,-14.095709800720215,6.976301193237305,0.0,204.5243712605556,23040.0
-7.563365459442139,-14.479925155639648,6.916562080383301,0.0,153.58297917749718,23040.0
-7.4424357414245605,-14.369759559631348,6.927321434020996,0.0,199.12790540217406,23040.0
-7.358269691467285,-14.261703491210938,6.903432846069336,0.0,171.41751748868975,23040.0
-7.573170185089111,-14.567604064941406,6.994434356689453,0.0,130.6959167464199,23040.0
-7.8075690269470215,-14.693230628967285,6.885660648345947,0.0,121.9901217151737,23040.0
-7.685877799987793,-14.621893882751465,6.9360127449035645,0.0,161.5013875716731,23040.0
-7.287723064422607,-14.382989883422852,7.0952677726745605,0.0,228.56435499101374,23040.0
-7.082194805145264,-13.995400428771973,6.913208484649658,0.0,222.7638632652121,23040.0
-7.305173873901367,-14.232425689697266,6.927248954772949,0.0,182.15463255873414,23040.0
-7.582854747772217,-14.47500991821289,6.892157077789307,0.0,132.0572101740942,23040.0
-7.798107147216797,-14.640409469604492,6.8423027992248535,0.0,121.32172716640686,23040.0
-7.658802509307861,-14.517762184143066,6.858960151672363,0.0,139.10089334196905,23040.0
-7.565709590911865,-14.454264640808105,6.88855504989624,0.0,142.29932926844458,23040.0
-7.831898212432861,-14.797441482543945,6.965541362762451,0.0,92.70476655700747,23040.0
-7.534309387207031,-14.550922393798828,7.0166144371032715,0.0,134.72324930751697,23040.0
-7.431332588195801,-14.494149208068848,7.062816143035889,0.0,162.15197546148303,23040.0
-7.5644145011901855,-14.564351081848145,6.9999308586120605,0.0,133.68895896415287,23040.0
-7.80866003036499,-14.778955459594727,6.970297813415527,0.0,111.01610240673325,23040.0
-7.580424785614014,-14.539113998413086,6.958690643310547,0.0,112.69462532530771,23040.0
-7.768294811248779,-14.708846092224121,6.940550327301025,0.0,146.90493717120268,23040.0
-7.512166976928711,-14.543883323669434,7.031716346740723,0.0,160.9649230176262,23040.0
-7.807271957397461,-14.774323463439941,6.9670538902282715,0.0,115.08039326528913,23040.0
-7.678402423858643,-14.6661376953125,6.987736225128174,0.0,124.53148380113316,23040.0
-7.674920082092285,-14.646159172058105,6.971240997314453,0.0,153.7808892002106,23040.0
-7.7865824699401855,-14.85344123840332,7.066856384277344,0.0,133.31872856886073,23040.0
-7.735706806182861,-14.84562873840332,7.109918117523193,0.0,163.21570508860722,23040.0
-7.2784504890441895,-14.365684509277344,7.087230682373047,0.0,214.12895630332676,23040.0
-7.53020715713501,-14.485271453857422,6.955066680908203,0.0,205.82924367254728,23040.0
-7.673482418060303,-14.753386497497559,7.079902648925781,0.0,172.3304716074937,23040.0
-7.439776420593262,-14.6397066116333,7.1999287605285645,0.0,162.24296054791708,23040.0
-7.306495666503906,-14.678380966186523,7.371887683868408,0.0,199.99682436786395,23040.0
-7.32369327545166,-14.473119735717773,7.14942741394043,0.0,195.86447279149067,23040.0
-7.583552360534668,-14.629831314086914,7.046280860900879,0.0,142.32793407180512,23040.0
-7.739853858947754,-14.719482421875,6.9796271324157715,0.0,119.95140394475764,23040.0
-7.720831394195557,-14.789653778076172,7.068821907043457,0.0,104.86636938299371,23040.0
-7.761814594268799,-14.906883239746094,7.145068168640137,0.0,107.53581282317914,23040.0
-7.5919671058654785,-14.624372482299805,7.032400131225586,0.0,172.43195524734435,23040.0
-7.572208881378174,-14.633326530456543,7.061119079589844,0.0,176.33206555787336,23040.0
-7.625761032104492,-14.649553298950195,7.02379035949707,0.0,168.52249910697634,23040.0
-7.3918375968933105,-14.285698890686035,6.893864154815674,0.0,205.18044574279577,23040.0
-7.5457024574279785,-14.638312339782715,7.092614650726318,0.0,216.17844258808165,23040.0
-7.493319511413574,-14.507355690002441,7.014040946960449,0.0,171.9608407991348,23040.0
-7.710553169250488,-14.88152027130127,7.170962810516357,0.0,124.45341778131994,23040.0
-7.410684585571289,-14.578271865844727,7.167585372924805,0.0,167.32787111925592,23040.0
-7.566544055938721,-14.567956924438477,7.001413822174072,0.0,198.2816121079722,23040.0
-7.510174751281738,-14.5814208984375,7.071242332458496,0.0,195.30191945468508,23040.0
-7.38807487487793,-14.501252174377441,7.113175392150879,0.0,194.8114031771288,23040.0
-7.348758220672607,-14.589632034301758,7.240869998931885,0.0,190.31394497234385,23040.0
-7.8479437828063965,-14.889552116394043,7.041608810424805,0.0,158.60018530356248,23040.0
-7.706323146820068,-14.735193252563477,7.028868198394775,0.0,151.9788201150385,23040.0
-7.627134799957275,-14.642464637756348,7.0153279304504395,0.0,176.47638784290146,23040.0
-7.435988903045654,-14.4917631149292,7.055777549743652,0.0,169.307600904577,23040.0
-7.70171594619751,-14.709611892700195,7.007889270782471,0.0,137.93712881841498,23040.0
-7.653384208679199,-14.60746955871582,6.954082489013672,0.0,156.41829633619727,23040.0
-7.700937747955322,-14.637224197387695,6.936283588409424,0.0,176.42803848734096,23040.0
-7.927558898925781,-14.936935424804688,7.009379863739014,0.0,127.14590707398584,23040.0
-7.868530750274658,-14.888907432556152,7.020378112792969,0.0,125.48003094836746,23040.0
-7.6990132331848145,-14.736433029174805,7.03741979598999,0.0,157.76016748778986,23040.0
-7.840259552001953,-14.954248428344727,7.113986492156982,0.0,130.97281499833431,23040.0
-7.761223793029785,-14.82319450378418,7.06197452545166,0.0,142.31609317314945,23040.0
-7.263540267944336,-14.388349533081055,7.124805450439453,0.0,260.58620764508186,23040.0
-7.148961544036865,-14.306235313415527,7.157269477844238,0.0,270.3279234659423,23040.0
-6.714539051055908,-14.01752758026123,7.302989482879639,0.0,251.7229659188223,23040.0
-6.918371677398682,-14.198904991149902,7.280537128448486,0.0,282.3453520932991,23040.0
-6.652087211608887,-13.7372465133667,7.085156440734863,0.0,296.0156123985881,23040.0
-7.486370086669922,-14.582048416137695,7.095682621002197,0.0,175.6890352495484,23040.0
-7.932052135467529,-14.958109855651855,7.026055335998535,0.0,134.6256226617522,23040.0
-7.270852088928223,-14.354126930236816,7.083272457122803,0.0,237.7680465488171,23040.0
-7.609670162200928,-14.62973403930664,7.0200629234313965,0.0,172.56430912608482,23040.0
-7.722372055053711,-14.805505752563477,7.083132743835449,0.0,120.38606884069844,23040.0
-7.2450480461120605,-14.271647453308105,7.026601314544678,0.0,227.2744010318822,23040.0
-7.658259868621826,-14.632271766662598,6.9740071296691895,0.0,147.80924467819375,23040.0
-7.9423828125,-14.816380500793457,6.873992919921875,0.0,121.69049400608979,23040.0
-7.368107318878174,-14.321699142456055,6.953591346740723,0.0,199.85082630812482,23040.0
-7.698253154754639,-14.714404106140137,7.0161519050598145,0.0,152.71747397940524,23040.0
-7.702496528625488,-14.719691276550293,7.01719856262207,0.0,130.39639510768455,23040.0
-7.130908966064453,-14.16284465789795,7.03193473815918,0.0,221.09948386619794,23040.0
-7.47675895690918,-14.600666046142578,7.123908042907715,0.0,190.2045202749522,23040.0
-7.925265312194824,-14.897347450256348,6.972081661224365,0.0,96.45808652049747,23040.0
-7.722591876983643,-14.67463493347168,6.952045440673828,0.0,144.2374986915132,23040.0
-7.690624237060547,-14.761262893676758,7.0706353187561035,0.0,178.06383185798836,23040.0
-7.866855144500732,-14.86268138885498,6.99582576751709,0.0,99.32326115830246,23040.0
-7.811573028564453,-14.797889709472656,6.98631477355957,0.0,110.52649086482144,23040.0
-7.655602931976318,-14.683878898620605,7.028273582458496,0.0,181.7938151489443,23040.0
-8.082571983337402,-15.08401107788086,7.001442909240723,0.0,98.417450529977,23040.0
-7.995610237121582,-15.037699699401855,7.042085647583008,0.0,89.45259563264189,23040.0
-7.984376907348633,-15.023438453674316,7.039062976837158,0.0,120.10429766597248,23040.0
-8.100844383239746,-15.115764617919922,7.01492166519165,0.0,64.4753793762165,23040.0
-8.106338500976562,-15.151836395263672,7.045494079589844,0.0,92.36509093652963,23040.0
-7.996350288391113,-15.03064250946045,7.034290790557861,0.0,158.52899391654216,23040.0
-7.676001071929932,-14.726680755615234,7.050683498382568,0.0,202.22824847502335,23040.0
-7.29952335357666,-14.431903839111328,7.132383346557617,0.0,260.0626927175071,23040.0
-7.1372294425964355,-14.290181159973145,7.152951240539551,0.0,258.25580338818526,23040.0
-7.563606262207031,-14.588790893554688,7.025188446044922,0.0,209.48050854943543,23040.0
-7.795825004577637,-14.97683334350586,7.181011199951172,0.0,155.2864426017042,23040.0
-7.649319171905518,-14.850383758544922,7.201067924499512,0.0,138.38357942907837,23040.0
-7.146667957305908,-14.557456016540527,7.410789489746094,0.0,233.96931547908116,23040.0
-6.494991779327393,-13.817790031433105,7.322799205780029,0.0,291.0209576864798,23040.0
-7.566963195800781,-14.5888032913208,7.021839141845703,0.0,196.30645729732285,23040.0
-7.790018558502197,-14.9075345993042,7.1175150871276855,0.0,155.0314694692357,23040.0
-6.417915344238281,-13.713957786560059,7.296045780181885,0.0,314.16715835491004,23040.0
-5.9524245262146,-13.686861038208008,7.734436511993408,0.0,341.20466683945335,23040.0
-6.945422172546387,-14.059236526489258,7.113818168640137,0.0,259.1251895819492,23040.0
-7.296288967132568,-14.197802543640137,6.9015116691589355,0.0,223.58515229133792,23040.0
-7.392711639404297,-14.237311363220215,6.84459924697876,0.0,209.09526919055358,23040.0
-7.808420658111572,-14.664878845214844,6.856464862823486,0.0,117.16231506436678,23040.0
-7.56655216217041,-14.503928184509277,6.937379360198975,0.0,184.54607748228517,23040.0
-7.218051433563232,-14.395362854003906,7.177313804626465,0.0,223.18381877247023,23040.0
-7.737968444824219,-14.659918785095215,6.921950817108154,0.0,140.02178178817866,23040.0
-7.680014610290527,-14.574372291564941,6.894355773925781,0.0,139.74351371464647,23040.0
-7.356696128845215,-14.31208324432373,6.955388069152832,0.0,242.4824500819842,23040.0
-7.771243095397949,-14.727455139160156,6.956212043762207,0.0,147.86341532477417,23040.0
-7.765399932861328,-14.783637046813965,7.018235206604004,0.0,108.54381348258907,23040.0
-7.249711036682129,-14.578731536865234,7.3290276527404785,0.0,192.64722071130177,23040.0
-7.774436950683594,-14.812416076660156,7.03797721862793,0.0,125.39774850932415,23040.0
-7.881594657897949,-14.806469917297363,6.924875736236572,0.0,83.15456755759106,23040.0
-7.6296563148498535,-14.602745056152344,6.973088264465332,0.0,163.8071986823744,23040.0
-7.941692352294922,-14.967949867248535,7.026253700256348,0.0,129.0076267986458,23040.0
-7.873541355133057,-14.961702346801758,7.088162422180176,0.0,110.48331023382198,23040.0
-7.656023979187012,-14.810705184936523,7.154679298400879,0.0,121.12927059679134,23040.0
-7.915104866027832,-14.940901756286621,7.025802135467529,0.0,135.435265151759,23040.0
-7.494110107421875,-14.619669914245605,7.125560760498047,0.0,147.2591969463828,23040.0
-7.751733303070068,-14.790007591247559,7.038273334503174,0.0,190.88764546632495,23040.0
-7.626072406768799,-14.679550170898438,7.053479194641113,0.0,205.44828198885443,23040.0
-7.76964807510376,-14.850177764892578,7.080531120300293,0.0,148.99594545575772,23040.0
-8.005498886108398,-15.156255722045898,7.150756359100342,0.0,124.76747919499236,23040.0
-7.989157676696777,-15.124894142150879,7.135735988616943,0.0,118.38797502050247,23040.0
-7.992703437805176,-15.165091514587402,7.172391891479492,0.0,138.65960943694134,23040.0
-7.640157222747803,-14.74837875366211,7.108223915100098,0.0,195.07472813426605,23040.0
-7.764002799987793,-14.873563766479492,7.109559535980225,0.0,179.47568169701702,23040.0
-7.933033466339111,-15.095064163208008,7.1620306968688965,0.0,116.07425004310143,23040.0
-8.075507164001465,-15.211831092834473,7.136319160461426,0.0,74.50396140984894,23040.0
-7.680377960205078,-15.005085945129395,7.324708938598633,0.0,156.22701781878533,23040.0
-7.702767372131348,-14.752705574035645,7.049941539764404,0.0,202.81255989261118,23040.0
-7.854340076446533,-14.934127807617188,7.079787731170654,0.0,189.0676693182542,23040.0
-7.285776138305664,-14.53002643585205,7.244254112243652,0.0,173.46508550770764,23040.0
-7.76533317565918,-14.937828063964844,7.17249870300293,0.0,152.22913140498235,23040.0
-8.048587799072266,-15.046518325805664,6.997925281524658,0.0,128.2076005972297,23040.0
-7.911221027374268,-15.054003715515137,7.142782211303711,0.0,97.48608882987543,23040.0
-7.803452491760254,-14.962248802185059,7.158793926239014,0.0,137.83529597101784,23040.0
-7.810420036315918,-14.933846473693848,7.123424053192139,0.0,169.38086814565142,23040.0
-7.890430927276611,-15.032743453979492,7.142314434051514,0.0,118.36614677427207,23040.0
-7.8953022956848145,-15.168777465820312,7.273478984832764,0.0,141.57788407231175,23040.0
-7.137909412384033,-14.520597457885742,7.382687091827393,0.0,263.8965097818487,23040.0
-7.0396342277526855,-14.437935829162598,7.3983025550842285,0.0,254.348764860043,23040.0
-7.274728775024414,-14.51655387878418,7.241828918457031,0.0,218.84934823613085,23040.0
-7.442347049713135,-14.636378288269043,7.194028854370117,0.0,212.626476281154,23040.0
-7.733990669250488,-14.787988662719727,7.053995609283447,0.0,191.29854448983824,23040.0
-7.819725036621094,-14.929863929748535,7.1101393699646,0.0,124.8134030402486,23040.0
-7.765974044799805,-14.942090034484863,7.176115036010742,0.0,97.14552878595903,23040.0
-7.800938129425049,-14.909092903137207,7.108154773712158,0.0,173.51716138888452,23040.0
-7.57462215423584,-14.77653694152832,7.201919078826904,0.0,196.166258158501,23040.0
-6.963205814361572,-14.312402725219727,7.349201679229736,0.0,231.46713282736155,23040.0
-7.8320488929748535,-14.95650863647461,7.124448776245117,0.0,175.2121603424419,23040.0
-8.250924110412598,-15.350363731384277,7.099442005157471,0.0,72.31659149474913,23040.0
-7.7066264152526855,-14.855501174926758,7.148873329162598,0.0,190.56198889337006,23040.0
-6.5397515296936035,-14.168752670288086,7.629003047943115,0.0,279.9141917297185,23040.0
-7.035968780517578,-14.275450706481934,7.239482402801514,0.0,231.8636027096955,23040.0
-8.081974983215332,-15.025550842285156,6.943576335906982,0.0,104.16832944668303,23040.0
-7.215114116668701,-14.421930313110352,7.206814765930176,0.0,179.49472517159018,23040.0
-7.027077674865723,-14.32768440246582,7.300602436065674,0.0,230.47685600796854,23040.0
-7.959299564361572,-15.109176635742188,7.149878025054932,0.0,121.04998899945241,23040.0
-7.35926628112793,-14.75787353515625,7.398611068725586,0.0,170.372387909714,23040.0
-6.907556056976318,-14.1663818359375,7.258831977844238,0.0,263.52329701100683,23040.0
-7.816736698150635,-14.87053394317627,7.053797721862793,0.0,177.9813735245791,23040.0
-7.9801411628723145,-15.108963012695312,7.128825664520264,0.0,134.76249895747986,23040.0
-6.997078895568848,-14.165955543518066,7.168877601623535,0.0,249.69958588817235,23040.0
-7.435525894165039,-14.666032791137695,7.230504035949707,0.0,221.8411842406734,23040.0
-7.956122398376465,-15.054516792297363,7.098398685455322,0.0,127.2833972650655,23040.0
-7.548031806945801,-14.65317153930664,7.10513973236084,0.0,208.01244667085834,23040.0
-7.733618259429932,-14.764721870422363,7.031105995178223,0.0,185.2277674692556,23040.0
-7.958237648010254,-14.88463020324707,6.926394939422607,0.0,89.36704336405379,23040.0
-8.017241477966309,-14.973053932189941,6.95581579208374,0.0,142.4288109388606,23040.0
-7.488811016082764,-14.678980827331543,7.190174102783203,0.0,214.75820048338466,23040.0
-7.859995365142822,-14.877656936645508,7.017665386199951,0.0,183.7552694625009,23040.0
-8.123309135437012,-15.259543418884277,7.13623571395874,0.0,131.66193828304594,23040.0
-8.121553421020508,-15.177988052368164,7.056430339813232,0.0,108.74248447275755,23040.0
-7.898046016693115,-15.014527320861816,7.11648416519165,0.0,97.70780065135072,23040.0
-8.089435577392578,-15.123306274414062,7.033871173858643,0.0,82.34662353271824,23040.0
-7.354671955108643,-14.545394897460938,7.190720558166504,0.0,92.59305311063713,23040.0
-8.059465408325195,-15.210548400878906,7.151081085205078,0.0,121.00661033925668,23040.0
-7.438273906707764,-14.707284927368164,7.269012451171875,0.0,144.68971115015947,23040.0
-7.951540946960449,-15.070578575134277,7.119034767150879,0.0,112.6784512403208,23040.0
-8.091452598571777,-15.20142650604248,7.109973907470703,0.0,90.70724604784672,23040.0
-7.901384353637695,-15.044869422912598,7.1434855461120605,0.0,112.61875669266098,23040.0
-8.086369514465332,-15.211978912353516,7.125611782073975,0.0,112.6621125437491,23040.0
-7.939168453216553,-15.200430870056152,7.261260986328125,0.0,107.3306636414202,23040.0
-8.052643775939941,-15.241785049438477,7.189138412475586,0.0,102.92734212966663,23040.0
-7.873958110809326,-15.106847763061523,7.232889175415039,0.0,174.8843290082804,23040.0
-7.352457046508789,-14.708647727966309,7.356188774108887,0.0,237.38067635385661,23040.0
-7.563618183135986,-14.778358459472656,7.214739799499512,0.0,244.49935388566527,23040.0
-7.66097354888916,-14.929667472839355,7.268691539764404,0.0,190.24753991425754,23040.0
-7.887372016906738,-15.151935577392578,7.264560222625732,0.0,157.26958468123917,23040.0
-8.04290771484375,-15.238259315490723,7.195357799530029,0.0,135.32632114759605,23040.0
-8.028727531433105,-15.309378623962402,7.2806525230407715,0.0,126.8016254045883,23040.0
-8.049676895141602,-15.256845474243164,7.207171440124512,0.0,74.55116996355345,23040.0
-8.171154975891113,-15.37788200378418,7.206723213195801,0.0,96.3935369367974,23040.0
-8.148175239562988,-15.422109603881836,7.273938179016113,0.0,158.61257065152418,23040.0
-8.0585298538208,-15.262743949890137,7.204214096069336,0.0,143.51602313102697,23040.0
-8.055951118469238,-15.232282638549805,7.176327705383301,0.0,152.83033430712788,23040.0
-7.965730667114258,-15.162616729736328,7.1968913078308105,0.0,195.24865008609729,23040.0
-7.649226665496826,-14.798185348510742,7.148961067199707,0.0,231.13704951839955,23040.0
-7.400750637054443,-14.578847885131836,7.178096294403076,0.0,271.34447486326997,23040.0
-7.664936065673828,-14.83714771270752,7.172208786010742,0.0,261.4453312498022,23040.0
-7.815913677215576,-14.991943359375,7.176030158996582,0.0,206.92777861239696,23040.0
-7.950704097747803,-15.190893173217773,7.240187644958496,0.0,161.17595867613124,23040.0
-8.191376686096191,-15.394689559936523,7.203314304351807,0.0,90.93667107918779,23040.0
-8.082048416137695,-15.298333168029785,7.2162861824035645,0.0,125.69552631525646,23040.0
-7.753986358642578,-15.01617431640625,7.262186050415039,0.0,179.6924976171404,23040.0
-7.76683235168457,-14.942949295043945,7.17611837387085,0.0,214.96094748038965,23040.0
-7.7475152015686035,-14.990453720092773,7.242940425872803,0.0,205.8978757818132,23040.0
-7.934040546417236,-15.119220733642578,7.185185432434082,0.0,169.46807302454866,23040.0
-8.155874252319336,-15.347363471984863,7.191488265991211,0.0,161.0026453941335,23040.0
-7.885756492614746,-15.192816734313965,7.307059288024902,0.0,177.39421606136287,23040.0
-7.4170098304748535,-14.758345603942871,7.341339111328125,0.0,246.0102352356001,23040.0
-7.090415000915527,-14.368233680725098,7.277821063995361,0.0,313.2952772443926,23040.0
-7.168100833892822,-14.313109397888184,7.145005226135254,0.0,280.9294270851802,23040.0
-7.680447578430176,-14.818024635314941,7.137576580047607,0.0,191.63662233601704,23040.0
-7.951217174530029,-15.169702529907227,7.2184882164001465,0.0,127.44168416232908,23040.0
-7.763813018798828,-14.865151405334473,7.101340293884277,0.0,169.92647832308657,23040.0
-7.818387985229492,-14.958612442016602,7.14022159576416,0.0,186.3257072433153,23040.0
-7.719203472137451,-15.059866905212402,7.340662479400635,0.0,199.94253743778725,23040.0
-7.478862762451172,-14.747947692871094,7.269084453582764,0.0,166.53381799243598,23040.0
-7.960049152374268,-15.113907814025879,7.1538615226745605,0.0,158.31518863208422,23040.0
-7.6298604011535645,-14.79612922668457,7.166275501251221,0.0,193.7404011718019,23040.0
-7.2458367347717285,-14.48785400390625,7.2420172691345215,0.0,230.1209249520328,23040.0
-7.610455513000488,-14.817004203796387,7.206549167633057,0.0,216.5697773231238,23040.0
-7.777777194976807,-14.982099533081055,7.204320430755615,0.0,183.18496679916888,23040.0
-7.489497661590576,-14.673852920532227,7.184349060058594,0.0,224.14971420024617,23040.0
-7.488224506378174,-14.770243644714355,7.282021522521973,0.0,238.51356069541143,23040.0
-7.745274543762207,-14.868597984313965,7.123323440551758,0.0,170.70138849743407,23040.0
-8.166940689086914,-15.206308364868164,7.039362907409668,0.0,127.47358939741359,23040.0
-7.7269062995910645,-14.905376434326172,7.178471088409424,0.0,205.47665758695135,23040.0
-7.685279846191406,-14.887097358703613,7.201818943023682,0.0,223.8232990229356,23040.0
-8.000411033630371,-15.218524932861328,7.218111991882324,0.0,123.50280284274565,23040.0
-8.083757400512695,-15.244483947753906,7.1607346534729,0.0,161.126442631558,23040.0
-7.702337741851807,-14.878209114074707,7.1758713722229,0.0,217.13875651039984,23040.0
-7.871419906616211,-15.004024505615234,7.1326069831848145,0.0,173.8992390526503,23040.0
-8.11567211151123,-15.308326721191406,7.192655563354492,0.0,125.06849587250231,23040.0
-8.09249496459961,-15.28840446472168,7.195913314819336,0.0,152.3805153891626,23040.0
-7.946120738983154,-15.134407997131348,7.188286781311035,0.0,163.21688917494868,23040.0
-7.795236587524414,-15.0943603515625,7.299127101898193,0.0,147.64339438775164,23040.0
-7.713653087615967,-14.944243431091309,7.230587482452393,0.0,192.81492861995426,23040.0
-7.867555618286133,-15.024514198303223,7.156961917877197,0.0,202.94947938820872,23040.0
-7.839938640594482,-15.080037117004395,7.240102767944336,0.0,168.52316450833982,23040.0
-8.077580451965332,-15.309319496154785,7.2317328453063965,0.0,114.42384793980366,23040.0
-8.220495223999023,-15.495970726013184,7.275475978851318,0.0,106.9554793005865,23040.0
-8.130829811096191,-15.486550331115723,7.35571813583374,0.0,97.96693423258873,23040.0
-8.138233184814453,-15.412642478942871,7.274409294128418,0.0,119.76420187390987,23040.0
-7.919808387756348,-15.235077857971191,7.315266132354736,0.0,183.81025544708436,23040.0
-7.5241379737854,-14.96204662322998,7.437911033630371,0.0,191.54825559189385,23040.0
-7.949861526489258,-15.289891242980957,7.340023517608643,0.0,147.2955731644734,23040.0
-7.750874042510986,-15.135687828063965,7.384815216064453,0.0,232.00814884459373,23040.0
-6.956933498382568,-14.389384269714355,7.432446479797363,0.0,277.98886494860784,23040.0
-7.882155895233154,-15.127487182617188,7.245335578918457,0.0,181.7032567072348,23040.0
-8.190949440002441,-15.348296165466309,7.157345771789551,0.0,124.90873389102873,23040.0
-7.5722527503967285,-14.766602516174316,7.194345951080322,0.0,236.00678141079203,23040.0
-7.7469611167907715,-15.093215942382812,7.346252918243408,0.0,223.7122550353302,23040.0
-8.058359146118164,-15.249996185302734,7.191644191741943,0.0,136.1804265326313,23040.0
-7.1626410484313965,-14.550521850585938,7.387881755828857,0.0,236.89088242381948,23040.0
-7.380335807800293,-14.64977741241455,7.269444465637207,0.0,276.39635162759356,23040.0
-7.558401107788086,-14.834039688110352,7.275641441345215,0.0,221.15459927067963,23040.0
-7.822072505950928,-15.008500099182129,7.186429977416992,0.0,216.84881401041724,23040.0
-7.960683822631836,-15.135147094726562,7.1744608879089355,0.0,196.72743825697452,23040.0
-7.997967720031738,-15.168335914611816,7.170369625091553,0.0,140.09551145821248,23040.0
-8.060216903686523,-15.13318920135498,7.072971820831299,0.0,158.42633878916374,23040.0
-7.856282711029053,-15.12144947052002,7.265165328979492,0.0,212.162228154078,23040.0
-7.75574254989624,-14.978230476379395,7.222489356994629,0.0,178.76294982038212,23040.0
-8.057260513305664,-15.263070106506348,7.205806255340576,0.0,144.53522624499374,23040.0
-7.701771259307861,-14.975496292114258,7.2737298011779785,0.0,246.10451147113224,23040.0
-7.3844990730285645,-14.620206832885742,7.235708236694336,0.0,246.54062324961944,23040.0
-7.362936019897461,-14.654610633850098,7.291676044464111,0.0,221.75066277778637,23040.0
-7.196147918701172,-14.628373146057129,7.432225227355957,0.0,267.0634202525701,23040.0
-7.509328365325928,-14.877180099487305,7.367846488952637,0.0,218.332090438226,23040.0
-8.066890716552734,-15.377079010009766,7.31019401550293,0.0,130.08954341363886,23040.0
-7.980036735534668,-15.19351577758789,7.213475704193115,0.0,175.31010704548586,23040.0
-8.050850868225098,-15.261445045471191,7.210597515106201,0.0,137.4834942982012,23040.0
-8.283795356750488,-15.489620208740234,7.205825328826904,0.0,125.08467249357501,23040.0
-8.159488677978516,-15.34678840637207,7.187295913696289,0.0,144.24915562818765,23040.0
-8.290406227111816,-15.589751243591309,7.299346446990967,0.0,124.80143489341899,23040.0
-8.276083946228027,-15.53117847442627,7.255091667175293,0.0,148.91733111064954,23040.0
-7.9904913902282715,-15.210413932800293,7.219921112060547,0.0,178.3222895775522,23040.0
-8.141590118408203,-15.375383377075195,7.233794689178467,0.0,149.54285382024182,23040.0
-8.43105697631836,-15.61414909362793,7.183094501495361,0.0,110.62117163788537,23040.0
-8.385022163391113,-15.518625259399414,7.133601188659668,0.0,83.79282391654395,23040.0
-8.22910213470459,-15.518381118774414,7.28928279876709,0.0,106.40143605187657,23040.0
-7.733028888702393,-15.057280540466309,7.324253559112549,0.0,184.91805264945796,23040.0
-7.798843860626221,-15.098493576049805,7.299652099609375,0.0,239.99373360487806,23040.0
-7.924440383911133,-15.218994140625,7.294549465179443,0.0,223.92956035838827,23040.0
-7.745859146118164,-15.094581604003906,7.348724365234375,0.0,223.26644543161657,23040.0
-7.485191345214844,-15.065141677856445,7.579946517944336,0.0,240.65900790304175,23040.0
-7.118581295013428,-14.57591438293457,7.457330226898193,0.0,291.57882356394424,23040.0
-7.406303405761719,-14.755702018737793,7.349401950836182,0.0,299.1512488742231,23040.0
-7.6255621910095215,-14.837756156921387,7.212193012237549,0.0,253.17009273837942,23040.0
-7.966372966766357,-15.194814682006836,7.228442192077637,0.0,175.65099681183284,23040.0
-7.644698143005371,-14.848883628845215,7.204181671142578,0.0,244.34543995639643,23040.0
-7.408313751220703,-14.542001724243164,7.133686065673828,0.0,276.1311058401536,23040.0
-8.166366577148438,-15.209125518798828,7.042758464813232,0.0,171.4796519781402,23040.0
-8.091164588928223,-15.237464904785156,7.146300792694092,0.0,186.56585119638981,23040.0
-7.5510029792785645,-14.66667652130127,7.115672588348389,0.0,312.61443921082764,23040.0
-7.631734371185303,-14.692708015441895,7.060969352722168,0.0,217.51053083396366,23040.0
-7.887800216674805,-14.98869514465332,7.100893974304199,0.0,168.52617605367294,23040.0
-7.080523490905762,-14.384557723999023,7.304032325744629,0.0,272.94642418170673,23040.0
-7.503982067108154,-14.695658683776855,7.191676139831543,0.0,215.1790580238885,23040.0
-8.085396766662598,-15.21172046661377,7.126322269439697,0.0,130.83843379364075,23040.0
-7.289499282836914,-14.704756736755371,7.415257930755615,0.0,241.4524404503379,23040.0
-6.902811527252197,-14.323247909545898,7.420434474945068,0.0,274.021211396584,23040.0
-7.552652835845947,-14.772024154663086,7.219371318817139,0.0,262.3201170609146,23040.0
-7.063902378082275,-14.297704696655273,7.233802795410156,0.0,515.681509789055,23040.0
-7.181946277618408,-14.304442405700684,7.122492790222168,0.0,274.8396684317544,23040.0
-6.114818572998047,-13.435553550720215,7.320736885070801,0.0,308.41803435540106,23040.0
-6.480350971221924,-13.710732460021973,7.230385780334473,0.0,283.8209980565744,23040.0
-7.642730712890625,-14.68591594696045,7.043178081512451,0.0,124.0433096463359,23040.0
-6.238433361053467,-13.685233116149902,7.446803092956543,0.0,294.0860870737836,23040.0
-5.429897785186768,-12.942480087280273,7.512582778930664,0.0,410.7389900765277,23040.0
-6.712376594543457,-13.793295860290527,7.080916404724121,0.0,439.704820397808,23040.0
-6.761911392211914,-13.716776847839355,6.954867839813232,0.0,252.78653686437383,23040.0
-6.712566375732422,-13.600509643554688,6.887938976287842,0.0,265.7868271367504,23040.0
-6.489613056182861,-13.370763778686523,6.881153106689453,0.0,294.5626486129942,23040.0
-7.2915940284729,-14.182829856872559,6.891238212585449,0.0,250.06984865563638,23040.0
-5.413146018981934,-12.596805572509766,7.183659076690674,0.0,383.16296985244566,23040.0
-6.634878158569336,-13.473241806030273,6.838362693786621,0.0,259.69559629186074,23040.0
-6.847253322601318,-13.778873443603516,6.9316182136535645,0.0,219.80509269101816,23040.0
-6.711379051208496,-13.492582321166992,6.781203746795654,0.0,273.647098905798,23040.0
-7.151255130767822,-14.012791633605957,6.861534118652344,0.0,182.84720909418868,23040.0
-7.192298889160156,-14.029688835144043,6.837389945983887,0.0,212.57880278029918,23040.0
-7.530928611755371,-14.352474212646484,6.821542739868164,0.0,148.44867839815794,23040.0
-7.414278030395508,-14.225737571716309,6.811459064483643,0.0,183.16339351521327,23040.0
-7.501669883728027,-14.328289031982422,6.826621055603027,0.0,143.6581388828677,23040.0
-7.597471237182617,-14.399867057800293,6.802396774291992,0.0,143.249507191681,23040.0
-7.527068614959717,-14.45974349975586,6.932679653167725,0.0,140.21476369406244,23040.0
-7.702473163604736,-14.61680793762207,6.914331912994385,0.0,157.19279497644877,23040.0
-7.518603324890137,-14.561748504638672,7.043143272399902,0.0,165.46501748809575,23040.0
-7.772679328918457,-14.76506233215332,6.992381572723389,0.0,131.99460147019846,23040.0
-7.896038055419922,-14.874175071716309,6.9781317710876465,0.0,134.0186458551195,23040.0
-7.89587926864624,-14.919404029846191,7.023518085479736,0.0,129.99669779924503,23040.0
-7.681947231292725,-14.641020774841309,6.959077835083008,0.0,153.2815181552022,23040.0
-7.863796710968018,-14.906137466430664,7.042338848114014,0.0,192.1046957356714,23040.0
-6.812805652618408,-14.367061614990234,7.554257392883301,0.0,247.80137409790393,23040.0
-6.90709924697876,-14.28833293914795,7.381236553192139,0.0,225.24502767374324,23040.0
-7.697609901428223,-14.960983276367188,7.263376712799072,0.0,122.9340446335851,23040.0
-7.251941680908203,-14.599204063415527,7.3472580909729,0.0,235.09172042366524,23040.0
-7.621418476104736,-14.871359825134277,7.249940395355225,0.0,178.36091810420874,23040.0
-7.888298034667969,-15.063088417053223,7.1747870445251465,0.0,130.3636769808725,23040.0
-7.1612725257873535,-14.625237464904785,7.463966369628906,0.0,237.5304257149474,23040.0
-8.056825637817383,-15.212947845458984,7.156124591827393,0.0,160.9566584586899,23040.0
-8.008450508117676,-15.206534385681152,7.198084831237793,0.0,124.45172891960152,23040.0
-7.6114420890808105,-14.861751556396484,7.250307083129883,0.0,170.35565090001282,23040.0
-8.137170791625977,-15.176716804504395,7.039543151855469,0.0,125.98675917913695,23040.0
-7.881683826446533,-14.999457359313965,7.11777400970459,0.0,143.9707994781315,23040.0
-8.310391426086426,-15.376754760742188,7.066366195678711,0.0,107.62193037358585,23040.0
-8.056031227111816,-15.218827247619629,7.162796974182129,0.0,131.80109040152112,23040.0
-8.031413078308105,-15.182762145996094,7.151346206665039,0.0,143.57141188083975,23040.0
-8.285539627075195,-15.474409103393555,7.188864707946777,0.0,91.8013449833833,23040.0
-7.918529510498047,-15.257057189941406,7.338531494140625,0.0,145.62626979534284,23040.0
-8.101051330566406,-15.28990650177002,7.188850402832031,0.0,150.24484255880765,23040.0
-8.166558265686035,-15.412071228027344,7.245507717132568,0.0,90.65690264351909,23040.0
-8.296090126037598,-15.56271743774414,7.266627311706543,0.0,119.88681381483495,23040.0
-8.139337539672852,-15.417596817016602,7.278262138366699,0.0,142.1596737825485,23040.0
-8.00670337677002,-15.484224319458008,7.477514743804932,0.0,93.25913228330754,23040.0
-8.303979873657227,-15.60188102722168,7.297897815704346,0.0,86.61698623428309,23040.0
-8.04128360748291,-15.337236404418945,7.295949935913086,0.0,148.43781867639117,23040.0
-8.21493148803711,-15.430017471313477,7.215085983276367,0.0,114.61105529890249,23040.0
-8.269842147827148,-15.608139038085938,7.338297367095947,0.0,115.1783332787476,23040.0
-8.190507888793945,-15.524514198303223,7.334004878997803,0.0,130.68224235859125,23040.0
-8.22740650177002,-15.589998245239258,7.362594127655029,0.0,107.59229850513445,23040.0
-8.332612991333008,-15.664053916931152,7.331439971923828,0.0,96.82126518789498,23040.0
-8.26207447052002,-15.564247131347656,7.302173614501953,0.0,149.4337721233922,23040.0
-8.230422973632812,-15.502022743225098,7.27160120010376,0.0,143.00416594105968,23040.0
-8.29312515258789,-15.63279914855957,7.33967399597168,0.0,129.94096496867994,23040.0
-8.334229469299316,-15.723254203796387,7.389019012451172,0.0,134.73571540995724,23040.0
-8.387909889221191,-15.777852058410645,7.3899407386779785,0.0,114.34015778423836,23040.0
-8.255330085754395,-15.568930625915527,7.313601970672607,0.0,179.5164241431127,23040.0
-8.078455924987793,-15.352819442749023,7.274363994598389,0.0,193.27912757779063,23040.0
-8.142093658447266,-15.39390754699707,7.251812934875488,0.0,144.28221206036818,23040.0
-8.38729476928711,-15.753473281860352,7.36617374420166,0.0,70.57223968613346,23040.0
-8.024718284606934,-15.589489936828613,7.564773082733154,0.0,122.97253933619382,23040.0
-8.206931114196777,-15.584738731384277,7.37780237197876,0.0,188.0637362382098,23040.0
-8.07845687866211,-15.415781021118164,7.337326526641846,0.0,222.98414551402465,23040.0
-7.534841060638428,-15.032952308654785,7.498109817504883,0.0,226.764783565737,23040.0
-8.05143928527832,-15.345317840576172,7.293879985809326,0.0,161.94882142051733,23040.0
-8.23660659790039,-15.54822063446045,7.311615467071533,0.0,86.73406713896622,23040.0
-8.154605865478516,-15.612323760986328,7.457718372344971,0.0,102.6209342379114,23040.0
-8.356359481811523,-15.664833068847656,7.308473110198975,0.0,131.45266764785322,23040.0
-8.526896476745605,-15.805561065673828,7.278662204742432,0.0,77.68248520852976,23040.0
-8.410367965698242,-15.667457580566406,7.257090091705322,0.0,96.22310017000078,23040.0
-8.398841857910156,-15.715577125549316,7.316737651824951,0.0,109.1133443275987,23040.0
-8.370073318481445,-15.72100830078125,7.350934982299805,0.0,117.10681992643937,23040.0
-8.294159889221191,-15.826802253723145,7.532642364501953,0.0,131.2408812373995,23040.0
-7.682028770446777,-15.173879623413086,7.49185037612915,0.0,207.19550392756028,23040.0
-8.090648651123047,-15.356802940368652,7.266154766082764,0.0,163.69586269006817,23040.0
-8.132915496826172,-15.477727890014648,7.344814777374268,0.0,150.38584580706947,23040.0
-8.048152923583984,-15.474297523498535,7.426144123077393,0.0,158.18055138482728,23040.0
-7.556087017059326,-15.278834342956543,7.722747325897217,0.0,233.2914602893819,23040.0
-7.707967758178711,-15.18426513671875,7.476302146911621,0.0,251.10001572892665,23040.0
-7.651645183563232,-14.997000694274902,7.345357894897461,0.0,239.72227951350203,23040.0
-8.085749626159668,-15.3525390625,7.266790866851807,0.0,179.52992295475931,23040.0
-7.830863952636719,-15.150788307189941,7.319925308227539,0.0,137.7659043564082,23040.0
-8.040067672729492,-15.28667163848877,7.246604919433594,0.0,203.59556472717503,23040.0
-7.807154655456543,-15.198283195495605,7.391127586364746,0.0,225.1259171612402,23040.0
-8.007084846496582,-15.400094985961914,7.393008232116699,0.0,139.64461106437665,23040.0
-8.29313850402832,-15.629898071289062,7.3367600440979,0.0,118.25623386550546,23040.0
-8.019351959228516,-15.288888931274414,7.26953649520874,0.0,193.22067989809295,23040.0
-8.020949363708496,-15.323675155639648,7.302727699279785,0.0,171.5174554700361,23040.0
-8.3126859664917,-15.57451343536377,7.261818885803223,0.0,116.84377637339331,23040.0
-7.892679691314697,-15.214948654174805,7.32227087020874,0.0,200.8458389992499,23040.0
-8.359161376953125,-15.603062629699707,7.243903160095215,0.0,154.34361361936493,23040.0
-8.16601276397705,-15.468242645263672,7.302229881286621,0.0,111.26699782004438,23040.0
-8.21072006225586,-15.40599250793457,7.195271968841553,0.0,175.26544713873932,23040.0
-8.144878387451172,-15.366207122802734,7.221325874328613,0.0,190.21590721568913,23040.0
-8.293949127197266,-15.5746431350708,7.280697822570801,0.0,176.4765868856578,23040.0
-8.2903413772583,-15.559470176696777,7.269129753112793,0.0,140.17675344779252,23040.0
-8.435266494750977,-15.725136756896973,7.289866924285889,0.0,139.94190879111878,23040.0
-8.225735664367676,-15.654644012451172,7.428908824920654,0.0,181.92819708039212,23040.0
-7.971978664398193,-15.27149486541748,7.2995171546936035,0.0,193.71154168092653,23040.0
-8.414350509643555,-15.709041595458984,7.294685363769531,0.0,149.5404031051166,23040.0
-8.337157249450684,-15.769753456115723,7.432596683502197,0.0,184.76760856377,23040.0
-7.789346694946289,-15.177789688110352,7.388443946838379,0.0,213.86360609152797,23040.0
-7.839110851287842,-15.305872917175293,7.466756820678711,0.0,206.06735621695833,23040.0
-8.122214317321777,-15.43163776397705,7.309422969818115,0.0,200.21909266295012,23040.0
-7.7129645347595215,-15.230378150939941,7.517411231994629,0.0,196.76461576654228,23040.0
-7.555058002471924,-15.115843772888184,7.560786247253418,0.0,273.149812663466,23040.0
-7.365617752075195,-14.747299194335938,7.381678581237793,0.0,299.62061182826716,23040.0
-7.7353291511535645,-15.104610443115234,7.369282245635986,0.0,241.05894810713866,23040.0
-7.8152642250061035,-15.237798690795898,7.422534942626953,0.0,224.89214736637282,23040.0
-7.981241226196289,-15.25640869140625,7.275167465209961,0.0,216.24728069308287,23040.0
-8.269923210144043,-15.527220726013184,7.257293224334717,0.0,189.27142964229716,23040.0
-8.029570579528809,-15.351269721984863,7.321697235107422,0.0,201.38840616013837,23040.0
-7.924072265625,-15.148970603942871,7.2248969078063965,0.0,217.48431161346033,23040.0
-8.096893310546875,-15.279026985168457,7.182131767272949,0.0,165.08425405018232,23040.0
-8.200029373168945,-15.441643714904785,7.241613864898682,0.0,168.101206183409,23040.0
-8.325163841247559,-15.555787086486816,7.230624675750732,0.0,199.9523907122438,23040.0
-8.243362426757812,-15.560258865356445,7.316895008087158,0.0,172.1416864419309,23040.0
-7.776255130767822,-15.159577369689941,7.383318901062012,0.0,217.02787577080065,23040.0
-7.858345985412598,-15.144672393798828,7.286324501037598,0.0,209.47323605586516,23040.0
-8.296856880187988,-15.527372360229492,7.230514049530029,0.0,116.34069541373131,23040.0
-7.336557865142822,-14.836155891418457,7.499600410461426,0.0,244.50550065538135,23040.0
-7.844711780548096,-15.113533973693848,7.268821716308594,0.0,240.41010905446743,23040.0
-8.47011947631836,-15.759655952453613,7.289534568786621,0.0,100.08662105359792,23040.0
-7.918603420257568,-15.258015632629395,7.339413642883301,0.0,204.5623539310498,23040.0
-8.072134017944336,-15.378742218017578,7.306603908538818,0.0,187.48440864799582,23040.0
-8.146951675415039,-15.446866989135742,7.299912452697754,0.0,146.7544383427652,23040.0
-7.457053184509277,-15.154633522033691,7.697578430175781,0.0,233.29178407786108,23040.0
-7.902990818023682,-15.29271125793457,7.389719009399414,0.0,205.21463194271388,23040.0
-8.47420883178711,-15.728028297424316,7.2538275718688965,0.0,148.61011527687822,23040.0
-7.740414619445801,-15.25762939453125,7.517215251922607,0.0,237.67281738956012,23040.0
-7.749936103820801,-15.140755653381348,7.390820503234863,0.0,206.49567071729703,23040.0
-8.133453369140625,-15.464701652526855,7.331248760223389,0.0,158.69912263608398,23040.0
-7.866543769836426,-15.208065032958984,7.341522216796875,0.0,233.9070416448322,23040.0
-8.018364906311035,-15.376524925231934,7.358164310455322,0.0,174.17971151647484,23040.0
-8.499181747436523,-15.738951683044434,7.239771366119385,0.0,128.024228371757,23040.0
-7.607562065124512,-15.091696739196777,7.484135150909424,0.0,268.6431809845543,23040.0
-8.176655769348145,-15.421813011169434,7.245159149169922,0.0,202.47821559400242,23040.0
-8.407221794128418,-15.715200424194336,7.30797815322876,0.0,124.37124381178855,23040.0
-7.868685722351074,-15.207748413085938,7.339066028594971,0.0,215.001368150176,23040.0
-8.28215217590332,-15.498551368713379,7.216394901275635,0.0,181.68454219313668,23040.0
-8.449992179870605,-15.762579917907715,7.31258487701416,0.0,146.20537891194544,23040.0
-8.169486999511719,-15.611215591430664,7.441722393035889,0.0,160.55865805732634,23040.0
-8.3463773727417,-15.705839157104492,7.3594584465026855,0.0,131.47041714003038,23040.0
-8.03633975982666,-15.445534706115723,7.40919303894043,0.0,202.6734826226171,23040.0
-8.340898513793945,-15.722273826599121,7.381378173828125,0.0,147.30110532223452,23040.0
-8.530318260192871,-15.831731796264648,7.301407814025879,0.0,88.51672671550536,23040.0
-8.34179401397705,-15.643250465393066,7.301452159881592,0.0,155.50571570389502,23040.0
-7.940161228179932,-15.529052734375,7.588895797729492,0.0,223.89905180671516,23040.0
-7.932235240936279,-15.380998611450195,7.448764324188232,0.0,230.96764980667768,23040.0
-8.289016723632812,-15.652616500854492,7.363600730895996,0.0,145.08579940423346,23040.0
-8.486502647399902,-15.754470825195312,7.267971992492676,0.0,132.03060230295495,23040.0
-8.356371879577637,-15.7324800491333,7.3761067390441895,0.0,158.94016585222892,23040.0
-8.259307861328125,-15.666522979736328,7.407212257385254,0.0,199.73265023419546,23040.0
-8.219725608825684,-15.667375564575195,7.447653770446777,0.0,170.3573924663081,23040.0
-8.241437911987305,-15.593488693237305,7.352053642272949,0.0,139.15467375673254,23040.0
-8.115867614746094,-15.48814868927002,7.372287273406982,0.0,177.54437406082536,23040.0
-7.994039058685303,-15.397705078125,7.403667449951172,0.0,233.39341043513048,23040.0
-8.26375961303711,-15.60090160369873,7.3371453285217285,0.0,183.2823184094109,23040.0
-8.592875480651855,-15.918195724487305,7.32532262802124,0.0,91.75290932061509,23040.0
-8.186651229858398,-15.55762767791748,7.370978355407715,0.0,167.35807191068287,23040.0
-8.120880126953125,-15.44892406463623,7.328044414520264,0.0,194.85921887672603,23040.0
-8.267414093017578,-15.610245704650879,7.3428263664245605,0.0,186.97493460478773,23040.0
-8.496370315551758,-15.730443954467773,7.234079837799072,0.0,152.861462211102,23040.0
-8.440139770507812,-15.803483009338379,7.3633503913879395,0.0,119.34379503754946,23040.0
-8.245885848999023,-15.68030834197998,7.434426307678223,0.0,144.85509090401428,23040.0
-8.369251251220703,-15.659022331237793,7.289776802062988,0.0,178.06859745767363,23040.0
-8.521367073059082,-15.803665161132812,7.2823004722595215,0.0,147.31017282057138,23040.0
-8.60247802734375,-15.85340404510498,7.250926971435547,0.0,81.4290691125024,23040.0
-8.540556907653809,-15.79186725616455,7.251308917999268,0.0,135.42108677621997,23040.0
-8.308911323547363,-15.677616119384766,7.368708610534668,0.0,158.08832485192582,23040.0
-8.475733757019043,-15.78982162475586,7.314088344573975,0.0,146.0062038185559,23040.0
-8.412569046020508,-15.848755836486816,7.436187744140625,0.0,135.81022509601092,23040.0
-8.44068717956543,-15.852499961853027,7.411811828613281,0.0,169.4448827104343,23040.0
-8.332734107971191,-15.701203346252441,7.368470668792725,0.0,150.44493178834253,23040.0
-8.601592063903809,-16.07750701904297,7.475912094116211,0.0,85.63118190273559,23040.0
-8.536274909973145,-15.959452629089355,7.423182487487793,0.0,123.64444790593528,23040.0
-8.549772262573242,-15.965194702148438,7.415423393249512,0.0,153.0523842534261,23040.0
-8.326191902160645,-15.723662376403809,7.3974690437316895,0.0,176.7676812393795,23040.0
-8.383398056030273,-15.772810935974121,7.389411926269531,0.0,147.32381275407045,23040.0
-8.46629524230957,-15.892473220825195,7.4261794090271,0.0,65.64150729097891,23040.0
-8.642683029174805,-15.994271278381348,7.3515849113464355,0.0,92.70567847652188,23040.0
-8.393830299377441,-15.863850593566895,7.470020771026611,0.0,157.52847811043094,23040.0
-8.208534240722656,-15.696188926696777,7.487651348114014,0.0,185.66222009281384,23040.0
-8.595602989196777,-15.978296279907227,7.382687568664551,0.0,137.76858177299238,23040.0
-8.488381385803223,-15.877214431762695,7.388833999633789,0.0,117.26915722529604,23040.0
-8.446915626525879,-15.869471549987793,7.422557830810547,0.0,123.56707523967947,23040.0
-8.313942909240723,-15.812169075012207,7.498225212097168,0.0,163.5213694279339,23040.0
-8.27997875213623,-15.741881370544434,7.461905479431152,0.0,201.29765445436826,23040.0
-8.087859153747559,-15.720805168151855,7.632948875427246,0.0,222.40799953741677,23040.0
-7.995849609375,-15.492650032043457,7.496798515319824,0.0,232.474949748299,23040.0
-7.889841079711914,-15.377264976501465,7.487420558929443,0.0,196.58115641668343,23040.0
-8.296480178833008,-15.727096557617188,7.430613994598389,0.0,146.88964258312583,23040.0
-8.444371223449707,-15.841662406921387,7.397284507751465,0.0,168.09975175346568,23040.0
-7.9851975440979,-15.457422256469727,7.4722208976745605,0.0,224.96541940119474,23040.0
-8.321203231811523,-15.689225196838379,7.368019104003906,0.0,193.11818545376897,23040.0
-8.477201461791992,-15.77092170715332,7.2937188148498535,0.0,108.85866925406107,23040.0
-8.29496955871582,-15.554841041564941,7.259868621826172,0.0,171.18506248359182,23040.0
-8.208863258361816,-15.499238014221191,7.290376663208008,0.0,215.09540450480628,23040.0
-8.569326400756836,-15.85961627960205,7.290289402008057,0.0,129.62293819848938,23040.0
-8.72763729095459,-16.07940673828125,7.351763725280762,0.0,87.30483500135762,23040.0
-8.379777908325195,-15.6762056350708,7.296431541442871,0.0,200.68361838446387,23040.0
-8.520593643188477,-15.800546646118164,7.2799553871154785,0.0,174.41861525920567,23040.0
-8.693435668945312,-16.001998901367188,7.308566093444824,0.0,94.97964102913151,23040.0
-8.600411415100098,-15.939045906066895,7.338640213012695,0.0,113.25770967888043,23040.0
-8.631150245666504,-15.969269752502441,7.338115692138672,0.0,106.48637607363814,23040.0
-8.694375991821289,-16.090356826782227,7.395980358123779,0.0,90.92540485560356,23040.0
-8.712818145751953,-16.105783462524414,7.392969608306885,0.0,120.14233302479482,23040.0
-8.560599327087402,-15.97217845916748,7.411578178405762,0.0,135.63715438909094,23040.0
-8.49561882019043,-16.054283142089844,7.55866813659668,0.0,147.88916620537998,23040.0
-8.36884880065918,-15.841967582702637,7.47311544418335,0.0,160.29797769337404,23040.0
-8.497002601623535,-15.941100120544434,7.444097995758057,0.0,125.50466189653122,23040.0
-8.568995475769043,-15.951852798461914,7.38286018371582,0.0,134.97046019710504,23040.0
-8.660515785217285,-16.103710174560547,7.443192005157471,0.0,106.25682289677252,23040.0
-8.52364444732666,-15.99925708770752,7.475606918334961,0.0,100.01538945836104,23040.0
-8.48405933380127,-15.99936294555664,7.515301704406738,0.0,162.86591079404982,23040.0
-8.512662887573242,-15.969120025634766,7.456459045410156,0.0,196.973537311828,23040.0
-8.40495777130127,-15.890992164611816,7.486037731170654,0.0,180.52304598199026,23040.0
-8.66970443725586,-16.163137435913086,7.493432521820068,0.0,151.3832986157971,23040.0
-8.688764572143555,-16.173551559448242,7.484787464141846,0.0,129.4920078912363,23040.0
-8.765519142150879,-16.254621505737305,7.48909854888916,0.0,95.0188324866771,23040.0
-8.81544303894043,-16.255903244018555,7.440459728240967,0.0,61.13027670148234,23040.0
-8.595614433288574,-16.029714584350586,7.434096813201904,0.0,95.50268831513871,23040.0
-8.584206581115723,-16.02832794189453,7.444121837615967,0.0,143.56727189010263,23040.0
-8.522908210754395,-16.01923942565918,7.496335029602051,0.0,170.3031847365245,23040.0
-8.259575843811035,-15.926749229431152,7.667180061340332,0.0,203.68734811062666,23040.0
-7.934351444244385,-15.546836853027344,7.612484931945801,0.0,248.2152979278543,23040.0
-8.081218719482422,-15.60285472869873,7.521635055541992,0.0,264.7456752105323,23040.0
-7.928005695343018,-15.51550006866455,7.587497234344482,0.0,227.55858578989833,23040.0
-8.449995994567871,-15.924103736877441,7.474109649658203,0.0,150.74541111465552,23040.0
-8.695938110351562,-16.15981101989746,7.4638800621032715,0.0,102.56514670124847,23040.0
-8.496430397033691,-15.99148941040039,7.495055675506592,0.0,146.89777154993476,23040.0
-8.211291313171387,-15.813457489013672,7.602162837982178,0.0,239.83674798663463,23040.0
-7.102760314941406,-14.884278297424316,7.78151798248291,0.0,354.1136626670055,23040.0
-7.846504211425781,-15.28172492980957,7.43521785736084,0.0,284.9838361339084,23040.0
-7.892860412597656,-15.164955139160156,7.2720947265625,0.0,250.36086433865745,23040.0
-8.073936462402344,-15.494742393493652,7.420806407928467,0.0,185.64117131616916,23040.0
-8.466540336608887,-15.753616333007812,7.287075519561768,0.0,110.81448944667,23040.0
-8.382806777954102,-15.744648933410645,7.361841678619385,0.0,138.1295274322302,23040.0
-8.04629898071289,-15.493090629577637,7.446792125701904,0.0,263.27925075504567,23040.0
-5.447456359863281,-13.59095573425293,8.143499374389648,0.0,463.23398946743157,23040.0
-1.8081730604171753,-10.461691856384277,8.65351676940918,0.0,573.7802952910212,23040.0
-7.330790042877197,-14.783056259155273,7.452267646789551,0.0,238.83006987170322,23040.0
-2.403172016143799,-10.958741188049316,8.555570602416992,0.0,572.798548474712,23040.0
-5.919179916381836,-13.37397289276123,7.454792022705078,0.0,338.46078221075027,23040.0
-5.2830071449279785,-12.82180404663086,7.538802146911621,0.0,327.1774644192657,23040.0
-6.300869941711426,-13.61255931854248,7.311688423156738,0.0,311.1198923816608,23040.0
-6.553619384765625,-13.72828197479248,7.17465877532959,0.0,280.2509554054481,23040.0
-5.769855976104736,-12.882527351379395,7.1126708984375,0.0,291.5150566732287,23040.0
-6.630147933959961,-13.599860191345215,6.969711780548096,0.0,193.53071827339338,23040.0
-6.32849645614624,-13.21174430847168,6.883254051208496,0.0,283.0216136798233,23040.0
-6.779170513153076,-13.769848823547363,6.990680694580078,0.0,192.53212912857927,23040.0
-6.890970230102539,-13.673497200012207,6.782529830932617,0.0,233.75944224146883,23040.0
-7.441650390625,-14.092459678649902,6.650806903839111,0.0,161.17898518901615,23040.0
-7.19622802734375,-13.89915657043457,6.702930927276611,0.0,199.30442545074584,23040.0
-7.62055778503418,-14.342227935791016,6.721673488616943,0.0,145.14768623939975,23040.0
-7.35999870300293,-14.08690071105957,6.726901054382324,0.0,186.80377986066637,23040.0
-7.769873142242432,-14.542773246765137,6.7729010581970215,0.0,133.89148480114648,23040.0
-7.413845539093018,-14.339415550231934,6.925572872161865,0.0,176.14235902346036,23040.0
-7.980835437774658,-14.882591247558594,6.9017510414123535,0.0,111.53703587150102,23040.0
-7.8409953117370605,-14.709365844726562,6.868371486663818,0.0,168.86526414229496,23040.0
-8.073088645935059,-15.050260543823242,6.9771728515625,0.0,93.57471486596326,23040.0
-7.796504497528076,-14.82447624206543,7.027969837188721,0.0,144.3527577809099,23040.0
-8.154251098632812,-15.244308471679688,7.09005880355835,0.0,78.75648866549575,23040.0
-8.001616477966309,-15.079136848449707,7.077522277832031,0.0,128.51847987184922,23040.0
-8.183820724487305,-15.31993293762207,7.13611364364624,0.0,89.58363950362461,23040.0
-8.341350555419922,-15.556633949279785,7.2152838706970215,0.0,116.20813267459592,23040.0
-8.383090019226074,-15.628000259399414,7.2449116706848145,0.0,98.3646345360848,23040.0
-8.222692489624023,-15.48001480102539,7.257322311401367,0.0,108.20052068021958,23040.0
-8.455636978149414,-15.741415977478027,7.285780906677246,0.0,91.35413217446997,23040.0
-8.365043640136719,-15.717571258544922,7.352523326873779,0.0,87.32312854804289,23040.0
-8.414617538452148,-15.773100852966309,7.358474254608154,0.0,117.2190675315498,23040.0
-8.488043785095215,-15.781415939331055,7.293376922607422,0.0,91.52255007833097,23040.0
-8.31208324432373,-15.725701332092285,7.413614273071289,0.0,121.05508290250509,23040.0
-8.45816421508789,-15.880884170532227,7.422719478607178,0.0,120.34271189622044,23040.0
-8.56732177734375,-15.98926830291748,7.421945571899414,0.0,108.29363412129055,23040.0
-8.350242614746094,-15.74859619140625,7.398359298706055,0.0,131.98406002550612,23040.0
-8.395486831665039,-15.841626167297363,7.446141242980957,0.0,155.53994257272245,23040.0
-8.582826614379883,-16.11729621887207,7.5344672203063965,0.0,101.13565695411478,23040.0
-8.382344245910645,-15.90234375,7.520000457763672,0.0,152.9639595897602,23040.0
-8.026445388793945,-15.59040355682373,7.563956260681152,0.0,188.3404825321081,23040.0
-8.510126113891602,-15.976995468139648,7.466873645782471,0.0,93.35639307166298,23040.0
-8.696972846984863,-16.05301856994629,7.356051445007324,0.0,137.03089713814086,23040.0
-7.993435859680176,-15.542901039123535,7.549464702606201,0.0,172.1549699471768,23040.0
-8.80343246459961,-16.170867919921875,7.367431163787842,0.0,96.74770282735685,23040.0
-8.338150024414062,-15.820266723632812,7.482114791870117,0.0,152.13654713193446,23040.0
-8.165488243103027,-15.735871315002441,7.570388317108154,0.0,173.78604092330153,23040.0
-8.596823692321777,-16.021188735961914,7.424365043640137,0.0,102.02098878889956,23040.0
-8.201591491699219,-15.789690017700195,7.588101387023926,0.0,166.58189838255126,23040.0
-8.301406860351562,-15.751933097839355,7.45053243637085,0.0,172.77455771733597,23040.0
-8.467619895935059,-15.904951095581055,7.43733024597168,0.0,128.94116510505472,23040.0
-7.911240100860596,-15.484284400939941,7.573042869567871,0.0,235.60795442870702,23040.0
-8.139267921447754,-15.651556015014648,7.5122857093811035,0.0,202.5403742095289,23040.0
-8.692609786987305,-16.087604522705078,7.39499044418335,0.0,103.41622303761369,23040.0
-7.292300224304199,-14.984392166137695,7.692093372344971,0.0,279.1332168764561,23040.0
-8.192802429199219,-15.64924144744873,7.456439018249512,0.0,165.52757217477216,23040.0
-8.332374572753906,-15.745134353637695,7.412758827209473,0.0,155.41860482600603,23040.0
-7.394042491912842,-15.074796676635742,7.680749416351318,0.0,274.7269876185481,23040.0
-8.637970924377441,-15.979687690734863,7.341716289520264,0.0,129.55120604000487,23040.0
-8.225440979003906,-15.661520957946777,7.436078071594238,0.0,209.65470684704331,23040.0
-8.309678077697754,-15.73040771484375,7.4207282066345215,0.0,208.68327516849743,23040.0
-8.524971008300781,-15.881430625915527,7.3564581871032715,0.0,160.15204175701908,23040.0
-8.15359115600586,-15.627406120300293,7.473814487457275,0.0,160.14439049155885,23040.0
-8.630285263061523,-15.974105834960938,7.343818664550781,0.0,107.06260529220897,23040.0
-8.236184120178223,-15.708393096923828,7.472208499908447,0.0,180.95564355628892,23040.0
-8.61336898803711,-16.020606994628906,7.407242298126221,0.0,125.59539236647137,23040.0
-8.568506240844727,-15.933122634887695,7.364612579345703,0.0,106.85478210689877,23040.0
-8.669371604919434,-16.094905853271484,7.425532817840576,0.0,114.91996241715255,23040.0
-8.666324615478516,-16.083370208740234,7.417043685913086,0.0,99.91089523652181,23040.0
-8.599115371704102,-16.064712524414062,7.465595722198486,0.0,110.51616057651704,23040.0
-8.724496841430664,-16.212358474731445,7.487861633300781,0.0,113.92543177898065,23040.0
-8.586365699768066,-16.123659133911133,7.537295818328857,0.0,131.10068597850469,23040.0
-8.461627960205078,-15.935325622558594,7.473696708679199,0.0,149.2277900883176,23040.0
-8.482512474060059,-15.993244171142578,7.510729789733887,0.0,155.55446845940745,23040.0
-8.930777549743652,-16.362625122070312,7.431849002838135,0.0,95.6660329431922,23040.0
-8.736674308776855,-16.245424270629883,7.5087504386901855,0.0,70.80659603241685,23040.0
-8.756515502929688,-16.21685028076172,7.4603352546691895,0.0,137.2672698193159,23040.0
-8.604595184326172,-16.087642669677734,7.483048439025879,0.0,159.66307647727737,23040.0
-8.637425422668457,-16.090085983276367,7.452654838562012,0.0,155.0715879294626,23040.0
-8.868241310119629,-16.383573532104492,7.515329360961914,0.0,122.51632690810264,23040.0
-8.759074211120605,-16.274253845214844,7.515182018280029,0.0,68.3044221503293,23040.0
-8.54686164855957,-16.116289138793945,7.569427013397217,0.0,140.83839821599304,23040.0
-8.597588539123535,-16.09585952758789,7.49826717376709,0.0,130.70606806813862,23040.0
-8.691366195678711,-16.18838119506836,7.497015953063965,0.0,100.93396013807383,23040.0
-8.689536094665527,-16.202329635620117,7.512790203094482,0.0,140.62125400636015,23040.0
-8.590490341186523,-16.133163452148438,7.542670249938965,0.0,159.31591731490093,23040.0
-8.44014835357666,-16.009185791015625,7.569040298461914,0.0,133.66934751943074,23040.0
-8.926202774047852,-16.437910079956055,7.511707782745361,0.0,69.10325424625687,23040.0
-8.92009162902832,-16.38456916809082,7.464478969573975,0.0,95.71390606559413,23040.0
-8.7957181930542,-16.334352493286133,7.53863525390625,0.0,93.21723131028877,23040.0
-8.501855850219727,-16.101036071777344,7.599179267883301,0.0,66.81910531504913,23040.0
-8.661947250366211,-16.256845474243164,7.594898700714111,0.0,78.16975735730254,23040.0
-8.951648712158203,-16.44020652770996,7.488560676574707,0.0,78.69008003543897,23040.0
-8.900176048278809,-16.40901756286621,7.508847236633301,0.0,78.25804784540577,23040.0
-8.936666488647461,-16.426441192626953,7.489771366119385,0.0,105.34514746679433,23040.0
-8.62942886352539,-16.217845916748047,7.588415622711182,0.0,110.66333596433778,23040.0
-8.740355491638184,-16.36113739013672,7.6207804679870605,0.0,104.15270506372629,23040.0
-8.780330657958984,-16.3504638671875,7.570132255554199,0.0,135.34277267534563,23040.0
-8.614060401916504,-16.20757293701172,7.5935139656066895,0.0,148.65354196978177,23040.0
-8.516805648803711,-16.117095947265625,7.600295066833496,0.0,177.0147726716686,23040.0
-8.445789337158203,-15.996376991271973,7.550585746765137,0.0,237.0551171822707,23040.0
-8.163186073303223,-15.747947692871094,7.584760665893555,0.0,264.50835808217676,23040.0
-8.385757446289062,-15.911434173583984,7.525676727294922,0.0,243.11073943901084,23040.0
-8.539931297302246,-16.00861358642578,7.468680381774902,0.0,192.95946213747482,23040.0
-8.48290729522705,-16.037330627441406,7.554422378540039,0.0,175.90804088266822,23040.0
-8.718972206115723,-16.259258270263672,7.540283679962158,0.0,185.26663189493655,23040.0
-8.566266059875488,-16.12733268737793,7.561067581176758,0.0,163.29526335290973,23040.0
-8.09077262878418,-15.703519821166992,7.612751007080078,0.0,233.70004887662188,23040.0
-8.392745971679688,-15.85628890991211,7.463543891906738,0.0,215.92853350229845,23040.0
-8.367493629455566,-15.777199745178223,7.409707069396973,0.0,147.0741641237014,23040.0
-8.75028133392334,-16.225435256958008,7.475149154663086,0.0,80.40743826103802,23040.0
-8.845409393310547,-16.343873977661133,7.49846076965332,0.0,86.14591482493934,23040.0
-8.662590980529785,-16.145511627197266,7.482918739318848,0.0,143.75958146228683,23040.0
-8.644169807434082,-16.010793685913086,7.36662483215332,0.0,176.0306421177465,23040.0
-8.047810554504395,-15.833551406860352,7.785737991333008,0.0,223.26070891014012,23040.0
-6.650548458099365,-14.611421585083008,7.960874557495117,0.0,363.1101274866841,23040.0
-7.957247734069824,-15.488198280334473,7.530953407287598,0.0,265.21276978928034,23040.0
-7.698385238647461,-15.1968412399292,7.498456954956055,0.0,296.3477461556389,23040.0
-7.699010372161865,-15.294266700744629,7.595252990722656,0.0,264.0987120748872,23040.0
-8.211539268493652,-15.662643432617188,7.451110363006592,0.0,232.41054215656942,23040.0
-7.070094585418701,-14.5785493850708,7.508453369140625,0.0,372.19288615485436,23040.0
-7.470065593719482,-14.916760444641113,7.44669246673584,0.0,276.74862953734294,23040.0
-8.090105056762695,-15.412858009338379,7.322751998901367,0.0,240.29089132428024,23040.0
-6.754228591918945,-14.191637992858887,7.437410354614258,0.0,386.3484687538527,23040.0
-8.47111701965332,-15.7639741897583,7.292855262756348,0.0,187.3264313620322,23040.0
-7.52328634262085,-14.823530197143555,7.300244331359863,0.0,282.8978780276797,23040.0
-8.127756118774414,-15.354835510253906,7.227079391479492,0.0,225.38043773688017,23040.0
-7.997729301452637,-15.357877731323242,7.360152244567871,0.0,224.21569129342583,23040.0
-7.96522331237793,-15.212267875671387,7.247041702270508,0.0,252.26152743888727,23040.0
-8.4284086227417,-15.612353324890137,7.183940887451172,0.0,170.19675916673,23040.0
-7.775031089782715,-15.065451622009277,7.290426254272461,0.0,255.92111628980246,23040.0
-8.604416847229004,-15.723472595214844,7.11905574798584,0.0,112.20979695446563,23040.0
-7.947376728057861,-15.208916664123535,7.261542320251465,0.0,227.14715186452696,23040.0
-8.477960586547852,-15.818137168884277,7.340176582336426,0.0,133.23913040412248,23040.0
-8.060699462890625,-15.460031509399414,7.399331092834473,0.0,195.98273537657525,23040.0
-8.469583511352539,-15.796199798583984,7.326613903045654,0.0,168.63681322766368,23040.0
-8.541661262512207,-15.878339767456055,7.336674690246582,0.0,136.1249644255383,23040.0
-8.476086616516113,-15.798723220825195,7.322635173797607,0.0,166.41421257185974,23040.0
-8.563050270080566,-15.872658729553223,7.309608459472656,0.0,117.66220175949952,23040.0
-8.668987274169922,-16.0228328704834,7.353848457336426,0.0,128.1758922858183,23040.0
-8.155879020690918,-15.836713790893555,7.680832862854004,0.0,181.83335157187383,23040.0
-8.720784187316895,-16.19976043701172,7.478976726531982,0.0,133.32635747358808,23040.0
-8.828948020935059,-16.273956298828125,7.445010662078857,0.0,105.64393923599786,23040.0
-8.534066200256348,-15.95844841003418,7.424380302429199,0.0,169.74338915358493,23040.0
-8.572319984436035,-16.11039161682129,7.538071632385254,0.0,132.60397966091693,23040.0
-8.664579391479492,-16.206039428710938,7.541457653045654,0.0,136.06125155859863,23040.0
-8.502080917358398,-16.183422088623047,7.681344032287598,0.0,143.49039889047415,23040.0
-8.549020767211914,-16.131113052368164,7.582093715667725,0.0,108.84169720446452,23040.0
-8.551477432250977,-16.137107849121094,7.585631847381592,0.0,122.04628455565991,23040.0
-8.623173713684082,-16.147207260131836,7.524033546447754,0.0,147.11950112819537,23040.0
-8.770167350769043,-16.302064895629883,7.531896114349365,0.0,107.4971517742182,23040.0
-8.658098220825195,-16.201597213745117,7.543497085571289,0.0,132.89302846564055,23040.0
-8.778753280639648,-16.31643295288086,7.537680625915527,0.0,95.61416853595948,23040.0
-9.042848587036133,-16.54541778564453,7.502573490142822,0.0,69.63857695616569,23040.0
-8.685203552246094,-16.283082962036133,7.597879886627197,0.0,103.42420221893394,23040.0
-8.943222045898438,-16.408687591552734,7.465472221374512,0.0,75.19398804126159,23040.0
-8.904868125915527,-16.458242416381836,7.553377151489258,0.0,52.44813346206409,23040.0
-8.742199897766113,-16.319351196289062,7.577147006988525,0.0,105.07783813183973,23040.0
-8.867316246032715,-16.3742733001709,7.506960868835449,0.0,94.49642729215921,23040.0
-8.825949668884277,-16.339242935180664,7.5132927894592285,0.0,87.62852195581709,23040.0
-8.574831008911133,-16.18022918701172,7.60539436340332,0.0,112.84992439597035,23040.0
-8.885273933410645,-16.361902236938477,7.476626873016357,0.0,123.40150404717454,23040.0
-9.021268844604492,-16.46725082397461,7.445988655090332,0.0,116.25606509792857,23040.0
-8.88718032836914,-16.47609519958496,7.588911056518555,0.0,102.46306564386448,23040.0
-8.944560050964355,-16.514205932617188,7.56964635848999,0.0,74.90138114642163,23040.0
-8.962530136108398,-16.53496551513672,7.572431564331055,0.0,76.94478092154566,23040.0
-8.451900482177734,-16.141502380371094,7.689600944519043,0.0,185.68447630235104,23040.0
-7.441054344177246,-15.244555473327637,7.803508281707764,0.0,352.77601730663,23040.0
-7.6142096519470215,-15.160844802856445,7.546637058258057,0.0,378.53659200133256,23040.0
-7.252399444580078,-14.864428520202637,7.612029552459717,0.0,352.5545107446636,23040.0
-8.135900497436523,-15.718689918518066,7.582789421081543,0.0,221.23738184017344,23040.0
-8.928237915039062,-16.372692108154297,7.444456577301025,0.0,120.58945268543265,23040.0
-8.22087287902832,-15.811606407165527,7.590734958648682,0.0,228.96626574571093,23040.0
-8.44249439239502,-15.919304847717285,7.47681188583374,0.0,229.68396490074127,23040.0
-8.657654762268066,-16.143081665039062,7.485427379608154,0.0,119.24904182534043,23040.0
-8.413830757141113,-15.807430267333984,7.393601417541504,0.0,177.96070098699047,23040.0
-8.321747779846191,-15.736672401428223,7.414923667907715,0.0,246.37554127696478,23040.0
-8.131993293762207,-15.698829650878906,7.56683874130249,0.0,235.71503417734826,23040.0
-7.7182841300964355,-15.379353523254395,7.661068916320801,0.0,244.3509852573551,23040.0
-8.378238677978516,-15.797636985778809,7.419398784637451,0.0,207.85147091748155,23040.0
-8.226910591125488,-15.57332992553711,7.346418380737305,0.0,231.77951622499072,23040.0
-8.071062088012695,-15.441423416137695,7.370358467102051,0.0,188.0993730889104,23040.0
-8.361359596252441,-15.82290267944336,7.461541652679443,0.0,204.05129113580344,23040.0
-8.283729553222656,-15.804749488830566,7.5210185050964355,0.0,207.82360169130672,23040.0
-8.28725528717041,-15.655402183532715,7.3681464195251465,0.0,204.36541021134707,23040.0
-8.622673988342285,-15.976706504821777,7.354031562805176,0.0,157.07123715873547,23040.0
-8.531082153320312,-15.936609268188477,7.405524253845215,0.0,167.90299546592618,23040.0
-8.369364738464355,-15.714310646057129,7.34494686126709,0.0,180.465360607487,23040.0
-8.712846755981445,-16.092803955078125,7.379956245422363,0.0,190.7803776888306,23040.0
-8.32844352722168,-15.852156639099121,7.523708820343018,0.0,180.77491665132803,23040.0
-8.360811233520508,-15.8589506149292,7.498137950897217,0.0,167.9118909826707,23040.0
-8.885184288024902,-16.267967224121094,7.382787227630615,0.0,98.50542145705313,23040.0
-8.61208724975586,-16.0289363861084,7.4168477058410645,0.0,180.92238281373227,23040.0
-8.565418243408203,-15.996698379516602,7.431282997131348,0.0,157.65121155772852,23040.0
-8.734945297241211,-16.230453491210938,7.495509624481201,0.0,89.84953291412494,23040.0
-8.734374046325684,-16.16501808166504,7.4306416511535645,0.0,113.27305022090566,23040.0
-8.780068397521973,-16.166963577270508,7.386894226074219,0.0,127.33869110043433,23040.0
-8.941311836242676,-16.343875885009766,7.402557373046875,0.0,87.1639041476438,23040.0
-8.920272827148438,-16.34284210205078,7.422572135925293,0.0,99.76351738013041,23040.0
-8.819171905517578,-16.30117416381836,7.481997489929199,0.0,104.89692024889898,23040.0
-8.809648513793945,-16.30762481689453,7.497971534729004,0.0,102.84503143593669,23040.0
-8.921586036682129,-16.436677932739258,7.515089988708496,0.0,102.48849550943156,23040.0
-8.874320030212402,-16.392696380615234,7.518381118774414,0.0,111.57986459592807,23040.0
-8.948186874389648,-16.420299530029297,7.472114562988281,0.0,62.68515856131119,23040.0
-8.54435920715332,-16.186614990234375,7.642253398895264,0.0,159.593769531942,23040.0
-8.71005630493164,-16.24410057067871,7.5340447425842285,0.0,193.39527837048612,23040.0
-8.599187850952148,-16.193824768066406,7.594635486602783,0.0,172.53565459272437,23040.0
-8.621926307678223,-16.180919647216797,7.558990478515625,0.0,175.51803595730487,23040.0
-8.777434349060059,-16.287036895751953,7.509602069854736,0.0,146.94565595224157,23040.0
-8.895326614379883,-16.35885238647461,7.463522911071777,0.0,102.91198574489748,23040.0
-8.833244323730469,-16.43242645263672,7.599180221557617,0.0,110.0844742335789,23040.0
-8.692695617675781,-16.293012619018555,7.600317478179932,0.0,146.40376905699318,23040.0
-8.832586288452148,-16.459491729736328,7.6269049644470215,0.0,146.53089075311075,23040.0
-8.501995086669922,-16.115385055541992,7.6133904457092285,0.0,144.84407898024236,23040.0
-8.232767105102539,-15.874655723571777,7.641888618469238,0.0,216.91546571178043,23040.0
-8.329939842224121,-15.956073760986328,7.626132011413574,0.0,216.18825401320655,23040.0
-8.380188941955566,-16.011186599731445,7.631000518798828,0.0,214.6802140733587,23040.0
-8.471415519714355,-16.107221603393555,7.635805130004883,0.0,200.0604052800255,23040.0
-8.754189491271973,-16.303905487060547,7.549717426300049,0.0,132.4521574660654,23040.0
-8.992804527282715,-16.515222549438477,7.522414207458496,0.0,82.8515567055607,23040.0
-8.757781028747559,-16.24637222290039,7.488591194152832,0.0,123.05798274254407,23040.0
-8.665376663208008,-16.265600204467773,7.600229740142822,0.0,208.1055328126202,23040.0
-8.576981544494629,-16.09680938720703,7.519831657409668,0.0,231.1051460898754,23040.0
-8.864500999450684,-16.378156661987305,7.513654708862305,0.0,138.56620913735492,23040.0
-8.875935554504395,-16.281219482421875,7.405285835266113,0.0,137.97047303120257,23040.0
-8.597772598266602,-16.036561965942383,7.438792705535889,0.0,219.50050166952815,23040.0
-8.075971603393555,-15.682893753051758,7.606925964355469,0.0,280.75611482164146,23040.0
-8.260502815246582,-15.86530590057373,7.604803562164307,0.0,238.62133332526528,23040.0
-8.783671379089355,-16.28620147705078,7.502528667449951,0.0,129.554115188015,23040.0
-8.73936939239502,-16.241880416870117,7.502511978149414,0.0,146.49238101126542,23040.0
-8.097216606140137,-15.661467552185059,7.564251899719238,0.0,244.1526088234232,23040.0
-8.534171104431152,-16.0635986328125,7.529423713684082,0.0,208.8713630275064,23040.0
-8.897536277770996,-16.321821212768555,7.424287796020508,0.0,120.47619885157705,23040.0
-8.81946849822998,-16.380979537963867,7.561516761779785,0.0,116.31261036197579,23040.0
-8.292939186096191,-15.893136978149414,7.600199222564697,0.0,218.56991269229712,23040.0
-8.494132995605469,-16.04987335205078,7.555742263793945,0.0,223.2302905327544,23040.0
-9.052169799804688,-16.483644485473633,7.4314751625061035,0.0,88.68117116155814,23040.0
-8.72530746459961,-16.178194046020508,7.452887535095215,0.0,141.99217272681298,23040.0
-8.52963638305664,-16.166074752807617,7.63643741607666,0.0,219.87105604098892,23040.0
-8.378960609436035,-16.02019691467285,7.641237258911133,0.0,171.467217564951,23040.0
-8.90074634552002,-16.327945709228516,7.42719841003418,0.0,109.8371811765438,23040.0
-8.737348556518555,-16.22745132446289,7.490101337432861,0.0,129.20291742974754,23040.0
-8.508712768554688,-15.998445510864258,7.4897284507751465,0.0,188.68443997617507,23040.0
-8.780708312988281,-16.25617218017578,7.475465297698975,0.0,149.8346175250889,23040.0
-8.703581809997559,-16.28343391418457,7.57984733581543,0.0,135.80452121800596,23040.0
-8.816067695617676,-16.348400115966797,7.5323357582092285,0.0,137.23159882492496,23040.0
-8.781839370727539,-16.32882308959961,7.54699182510376,0.0,149.13287370902532,23040.0
-8.77546501159668,-16.34459686279297,7.569137096405029,0.0,132.93792096199522,23040.0
-8.514904022216797,-16.030071258544922,7.515164375305176,0.0,164.84462101601923,23040.0
-9.064045906066895,-16.5861759185791,7.522128582000732,0.0,131.00281347137968,23040.0
-9.015771865844727,-16.559762954711914,7.54399299621582,0.0,101.61301324790578,23040.0
-8.662666320800781,-16.253374099731445,7.590705871582031,0.0,144.5562939656538,23040.0
-8.899215698242188,-16.50270652770996,7.603488445281982,0.0,137.37488021475633,23040.0
-9.061270713806152,-16.58113670349121,7.519868850708008,0.0,125.01131575533545,23040.0
-8.530570030212402,-16.134031295776367,7.603460788726807,0.0,169.68336477736582,23040.0
-8.431282997131348,-16.11399269104004,7.682710647583008,0.0,214.92613126546271,23040.0
-8.581245422363281,-16.141754150390625,7.560513496398926,0.0,185.69089292665225,23040.0
-8.839638710021973,-16.467334747314453,7.627693176269531,0.0,155.78990314706272,23040.0
-8.569636344909668,-16.240262985229492,7.67062520980835,0.0,205.04169368093227,23040.0
-7.823573589324951,-15.564732551574707,7.7411580085754395,0.0,263.67209344021825,23040.0
-8.22661018371582,-15.85802173614502,7.631406784057617,0.0,252.09085010875708,23040.0
-8.31074333190918,-15.778950691223145,7.46820592880249,0.0,242.85081663540538,23040.0
-8.17475414276123,-15.791593551635742,7.616839408874512,0.0,256.8186209137926,23040.0
-7.935492038726807,-15.70873737335205,7.773246765136719,0.0,269.32743160300333,23040.0
-7.804608345031738,-15.400849342346191,7.596245765686035,0.0,297.71822165511077,23040.0
-8.045084953308105,-15.580322265625,7.535240173339844,0.0,260.7740697991492,23040.0
-8.34022045135498,-15.898049354553223,7.5578293800354,0.0,210.53833372178772,23040.0
-8.155673027038574,-15.619397163391113,7.4637227058410645,0.0,292.44758836968276,23040.0
-8.412643432617188,-15.827897071838379,7.415250778198242,0.0,255.0953235732939,23040.0
-8.356047630310059,-15.816872596740723,7.460818767547607,0.0,212.9225458313687,23040.0
-7.939749717712402,-15.319293975830078,7.379543781280518,0.0,292.28852148191675,23040.0
-8.45099925994873,-15.775650024414062,7.32465124130249,0.0,232.00963111307775,23040.0
-8.395742416381836,-15.776810646057129,7.381068229675293,0.0,220.98066286036504,23040.0
-8.16002082824707,-15.478200912475586,7.318175792694092,0.0,263.13132109396713,23040.0
-8.670610427856445,-16.029022216796875,7.358407020568848,0.0,169.9749524601315,23040.0
-8.094340324401855,-15.536052703857422,7.44171142578125,0.0,265.4768097139099,23040.0
-7.557852745056152,-14.97406005859375,7.416204929351807,0.0,579.9600963404727,23040.0
-6.949721336364746,-14.310235023498535,7.360517501831055,0.0,415.9722459972947,23040.0
-5.972824573516846,-13.501102447509766,7.5282769203186035,0.0,387.70227798139274,23040.0
-7.708829879760742,-14.989145278930664,7.280313491821289,0.0,187.37536604425313,23040.0
-7.299475193023682,-14.782877922058105,7.483401298522949,0.0,263.83486622775763,23040.0
-2.5340726375579834,-10.427474975585938,7.893400192260742,0.0,2157.236333160083,23040.0
2.6878061294555664,-4.889754295349121,7.577559471130371,0.0,813.0559988106291,23040.0
15.238985061645508,7.7483906745910645,7.490596294403076,0.0,1471.4876263572214,23040.0
2.939754009246826,-4.981033802032471,7.920787811279297,0.0,505.95425539977424,23040.0
8.94401741027832,1.8927820920944214,7.051236152648926,0.0,999.7678484928007,23040.0
8.656559944152832,1.2933573722839355,7.363199710845947,0.0,2046.7715564486475,23040.0
7.62502384185791,0.7097488045692444,6.915272235870361,0.0,624.1463723826216,23040.0
5.950664520263672,-1.5986757278442383,7.549341678619385,0.0,274.6074328924075,23040.0
9.26938247680664,1.8991904258728027,7.37019157409668,0.0,285.3527320776258,23040.0
5.929301738739014,-0.07753323763608932,6.006836414337158,0.0,176.02354926536995,23040.0
4.083095073699951,-0.8443784117698669,4.9274725914001465,0.0,175.95503027572718,23040.0
4.523399353027344,-0.2137305736541748,4.737129211425781,0.0,341.1175890694867,23040.0
4.3142571449279785,-0.5643484592437744,4.878604888916016,0.0,79.1134984945619,23040.0
3.7200753688812256,-0.7245256900787354,4.444601058959961,0.0,105.225090608648,23040.0
2.7595136165618896,-1.1228928565979004,3.882406711578369,0.0,73.31859738533115,23040.0
2.462873697280884,-1.2023648023605347,3.665238857269287,0.0,47.27998442159454,23040.0
2.6188440322875977,-0.9877035617828369,3.6065471172332764,0.0,156.44953837305627,23040.0
2.0680673122406006,-1.359004259109497,3.427072763442993,0.0,76.3634502449125,23040.0
2.1602091789245605,-1.2163293361663818,3.3765387535095215,0.0,72.71737039561093,23040.0
1.8702621459960938,-1.431896686553955,3.3021578788757324,0.0,102.57677590741615,23040.0
1.3438254594802856,-1.989371418952942,3.333195686340332,0.0,53.225680192781105,23040.0
1.5594682693481445,-1.9334242343902588,3.492891550064087,0.0,152.50712276135596,23040.0
0.8187159895896912,-2.4679110050201416,3.286628246307373,0.0,54.973611845562885,23040.0
0.7157287001609802,-2.4369802474975586,3.1527092456817627,0.0,61.6719443144664,23040.0
0.2406686395406723,-2.8977692127227783,3.1384387016296387,0.0,64.99899659456153,23040.0
0.20259003341197968,-3.0318472385406494,3.2344391345977783,0.0,31.428321627196173,23040.0
-0.05655505880713463,-3.4739387035369873,3.4173824787139893,0.0,61.016664094675114,23040.0
-0.018186112865805626,-3.515223264694214,3.497037410736084,0.0,61.25618889760367,23040.0
-0.553371787071228,-4.007410526275635,3.4540395736694336,0.0,61.60290221574409,23040.0
-0.721462607383728,-4.306628227233887,3.585164785385132,0.0,64.31642870972435,23040.0
-0.6843888759613037,-4.491652965545654,3.807264566421509,0.0,88.14200716108314,23040.0
-1.2843132019042969,-4.988618850708008,3.704305648803711,0.0,32.47748254068936,23040.0
-1.1242083311080933,-4.905027389526367,3.780820369720459,0.0,71.13438076688765,23040.0
-1.4379464387893677,-5.371654510498047,3.933709144592285,0.0,27.734284895052944,23040.0
-1.4323283433914185,-5.517637252807617,4.085309982299805,0.0,61.92969467023852,23040.0
-1.9212538003921509,-5.965747833251953,4.044492721557617,0.0,35.272805993799636,23040.0
-1.483420491218567,-5.710872173309326,4.227452754974365,0.0,67.42597078663414,23040.0
-2.0134105682373047,-6.397418975830078,4.384008884429932,0.0,79.15413555983723,23040.0
-2.135429620742798,-6.517909049987793,4.382479667663574,0.0,46.102486632568,23040.0
-1.830520749092102,-6.349095821380615,4.518575668334961,0.0,76.70807270468367,23040.0
-2.3418359756469727,-6.912263870239258,4.570425987243652,0.0,42.32316714992742,23040.0
-2.2517967224121094,-6.923262596130371,4.671462535858154,0.0,260.81260575711934,23040.0
-1.991241455078125,-6.424047946929932,4.432808876037598,0.0,174.7709951447403,23040.0
-1.991877555847168,-6.593631267547607,4.601753234863281,0.0,141.74861773332933,23040.0
-1.2650642395019531,-6.140340328216553,4.875275611877441,0.0,357.89396254870235,23040.0
-2.305586338043213,-6.848995685577393,4.543406963348389,0.0,64.31901454171772,23040.0
-1.884488582611084,-6.24320125579834,4.358712196350098,0.0,124.45410880980374,23040.0
-2.5159194469451904,-6.873600959777832,4.357681751251221,0.0,116.19232249594991,23040.0
-2.8321752548217773,-7.285163879394531,4.4529876708984375,0.0,45.80216059441452,23040.0
-2.1247572898864746,-6.772043228149414,4.647288799285889,0.0,181.8127971215261,23040.0
-3.026388168334961,-7.606993198394775,4.580606937408447,0.0,85.07358538345362,23040.0
-2.9543848037719727,-7.475465774536133,4.521082401275635,0.0,97.6521506457747,23040.0
-2.6603128910064697,-7.287924766540527,4.627612590789795,0.0,123.22018870900908,23040.0
-3.151360511779785,-7.902974605560303,4.751617908477783,0.0,66.91431901559213,23040.0
-2.871891498565674,-7.771426677703857,4.899535655975342,0.0,132.00434621764566,23040.0
-3.212459087371826,-8.152777671813965,4.9403181076049805,0.0,73.77480788364467,23040.0
-3.215498208999634,-8.269445419311523,5.053948402404785,0.0,89.09431714775498,23040.0
-3.390216827392578,-8.602620124816895,5.212403774261475,0.0,75.76142440342964,23040.0
-3.3068132400512695,-8.45785903930664,5.151047229766846,0.0,83.30101248651944,23040.0
-3.676499128341675,-8.871430397033691,5.194933891296387,0.0,66.49766919383303,23040.0
-3.5120534896850586,-8.737464904785156,5.225412845611572,0.0,81.00786894988943,23040.0
-3.6986138820648193,-8.944987297058105,5.246372699737549,0.0,128.1009002433214,23040.0
-4.086190700531006,-9.280889511108398,5.194697856903076,0.0,76.80657343523217,23040.0
-3.7159111499786377,-9.012892723083496,5.29698371887207,0.0,105.26839755309857,23040.0
-3.6947176456451416,-9.10263442993164,5.40791654586792,0.0,107.08831586840296,23040.0
-4.295456409454346,-9.584714889526367,5.289255619049072,0.0,64.10315284938292,23040.0
-3.954545021057129,-9.284015655517578,5.329470634460449,0.0,116.34431175120498,23040.0
-4.346030235290527,-9.649073600769043,5.303045272827148,0.0,69.41814046052654,23040.0
-4.122446537017822,-9.588776588439941,5.466331958770752,0.0,160.06449209812126,23040.0
-4.183162212371826,-9.570534706115723,5.387373447418213,0.0,102.32293793617303,23040.0
-4.148311138153076,-9.490118026733398,5.341806888580322,0.0,105.15817352439844,23040.0
-4.125546932220459,-9.52125358581543,5.3957061767578125,0.0,103.44804108999591,23040.0
-4.435823440551758,-9.969427108764648,5.533603668212891,0.0,125.9894122990944,23040.0
-4.503863334655762,-10.097371101379395,5.593506336212158,0.0,111.38476830489186,23040.0
-4.503756999969482,-10.108810424804688,5.60505485534668,0.0,94.49736470745789,23040.0
-4.589473724365234,-10.156424522399902,5.566948890686035,0.0,100.42568895596513,23040.0
-4.762412071228027,-10.39085578918457,5.628444194793701,0.0,90.9556237036356,23040.0
-4.84814977645874,-10.600980758666992,5.752830505371094,0.0,85.88622564622838,23040.0
-4.896906852722168,-10.762728691101074,5.865818977355957,0.0,106.49292471023794,23040.0
-5.088683128356934,-10.904962539672852,5.81627893447876,0.0,80.8181488213221,23040.0
-4.882082462310791,-10.742986679077148,5.860902786254883,0.0,65.98782843449196,23040.0
-4.890433311462402,-10.790410995483398,5.899979591369629,0.0,78.63458167636723,23040.0
-5.03286075592041,-10.972081184387207,5.9392218589782715,0.0,125.55875652111384,23040.0
-5.174473762512207,-11.075927734375,5.901454448699951,0.0,81.83116031932843,23040.0
-5.195045471191406,-11.058477401733398,5.863430976867676,0.0,119.99733958213406,23040.0
-4.851475238800049,-10.978133201599121,6.126657485961914,0.0,147.23075074588957,23040.0
-5.147349834442139,-11.22780990600586,6.080460071563721,0.0,130.46767796770283,23040.0
-5.051044940948486,-10.96432876586914,5.913283824920654,0.0,121.00246637799728,23040.0
-4.932957649230957,-10.717373847961426,5.784416198730469,0.0,160.97179276263563,23040.0
-5.394227504730225,-11.366333961486816,5.972107410430908,0.0,89.3552240371964,23040.0
-4.901901721954346,-11.047359466552734,6.145457744598389,0.0,267.73514332410514,23040.0
-5.048096656799316,-11.03052043914795,5.982423782348633,0.0,149.163808343355,23040.0
-5.182905197143555,-11.144542694091797,5.961639404296875,0.0,125.94690041723346,23040.0
-5.152337551116943,-11.201498985290527,6.0491623878479,0.0,140.75740485370292,23040.0
-5.367599964141846,-11.4150972366333,6.0474982261657715,0.0,114.44841801086925,23040.0
-5.547082901000977,-11.551103591918945,6.004022121429443,0.0,118.79796777487945,23040.0
-5.506341457366943,-11.655768394470215,6.149424076080322,0.0,135.7388116903785,23040.0
-5.525908946990967,-11.557632446289062,6.031722545623779,0.0,108.85395621626095,23040.0
-5.421442985534668,-11.507445335388184,6.085999011993408,0.0,134.61619574772362,23040.0
-5.635504722595215,-11.685035705566406,6.049534320831299,0.0,111.79968126830403,23040.0
-5.725126266479492,-11.884530067443848,6.159400939941406,0.0,98.56549816067286,23040.0
-5.644781589508057,-11.799779891967773,6.1549973487854,0.0,117.1903385941466,23040.0
-6.008076190948486,-12.345529556274414,6.337452411651611,0.0,81.49020955234431,23040.0
-5.585855007171631,-11.988085746765137,6.402230262756348,0.0,270.4347956440455,23040.0
-5.768527507781982,-12.004349708557129,6.235820770263672,0.0,107.64044407318033,23040.0
-5.698902130126953,-11.927145957946777,6.228247165679932,0.0,139.63061854297163,23040.0
-6.0874104499816895,-12.37185287475586,6.2844462394714355,0.0,118.20372670407275,23040.0
-5.601778030395508,-12.214365005493164,6.612586975097656,0.0,174.13458903498233,23040.0
-5.347691059112549,-11.866332054138184,6.518642902374268,0.0,207.9069190445365,23040.0
-5.94427490234375,-12.077449798583984,6.133178234100342,0.0,109.1639607975848,23040.0
-5.499526500701904,-11.656654357910156,6.157124996185303,0.0,181.91811340832248,23040.0
-5.9132256507873535,-12.198083877563477,6.284857749938965,0.0,115.94077452810862,23040.0
-5.69249963760376,-12.152009010314941,6.459510803222656,0.0,164.55542870352932,23040.0
-5.7792582511901855,-12.198204040527344,6.418944835662842,0.0,172.38450924197062,23040.0
-6.350470066070557,-12.581449508666992,6.230977535247803,0.0,96.42577710704627,23040.0
-5.951028823852539,-12.273447036743164,6.32241678237915,0.0,145.66667444366198,23040.0
-6.3211669921875,-12.6615571975708,6.340389728546143,0.0,109.89596738304357,23040.0
-6.156589031219482,-12.682315826416016,6.525725841522217,0.0,101.72220657093725,23040.0
-6.087356090545654,-12.852140426635742,6.764786243438721,0.0,272.5638556198246,23040.0
-6.308403968811035,-12.894609451293945,6.586203575134277,0.0,125.77745105017638,23040.0
-6.128971576690674,-12.461827278137207,6.332855224609375,0.0,108.09286595497477,23040.0
-6.158717632293701,-12.520161628723145,6.361443519592285,0.0,117.31560526123823,23040.0
-6.378359794616699,-12.783758163452148,6.4053955078125,0.0,158.76774540317908,23040.0
-6.5022807121276855,-13.13852310180664,6.636241912841797,0.0,150.86667511753106,23040.0
-6.471545219421387,-13.084623336791992,6.613078594207764,0.0,100.75076972030617,23040.0
-6.710480213165283,-13.402068138122559,6.69158411026001,0.0,143.8603967060509,23040.0
-6.397451400756836,-13.127788543701172,6.730335235595703,0.0,134.9495907695821,23040.0
-6.21664571762085,-12.926087379455566,6.709444046020508,0.0,83.65023437390984,23040.0
-6.613883018493652,-13.17236042022705,6.558476448059082,0.0,131.08811609374843,23040.0
-6.5970587730407715,-13.217180252075195,6.620123863220215,0.0,111.90928506980606,23040.0
-6.624778747558594,-13.37707233428955,6.7522969245910645,0.0,122.10170111433848,23040.0
-6.376655578613281,-13.18826675415039,6.811614513397217,0.0,150.27678721967695,23040.0
-6.620187759399414,-13.423087120056152,6.8028998374938965,0.0,95.45158067498778,23040.0
-6.8735480308532715,-13.501444816589355,6.627899646759033,0.0,88.68247007619074,23040.0
-6.886471271514893,-13.5043363571167,6.617865085601807,0.0,115.56815901334366,23040.0
-6.779221534729004,-13.48180866241455,6.702585220336914,0.0,67.70706971849428,23040.0
-6.9189839363098145,-13.766494750976562,6.847506999969482,0.0,113.11123233687503,23040.0
-6.5485005378723145,-13.511298179626465,6.962802410125732,0.0,332.20092028034816,23040.0
-6.058332443237305,-12.769486427307129,6.711151599884033,0.0,175.51370141393917,23040.0
-6.167961120605469,-12.64756965637207,6.479608058929443,0.0,176.878843607369,23040.0
-5.9834065437316895,-12.470589637756348,6.487183094024658,0.0,188.44386047933116,23040.0
-6.292900085449219,-12.840866088867188,6.547969341278076,0.0,130.31928173167907,23040.0
-6.233318328857422,-12.93045425415039,6.697134971618652,0.0,198.24703782231435,23040.0
-6.535278797149658,-13.241979598999023,6.706704139709473,0.0,98.88713656965652,23040.0
-6.329387187957764,-12.975260734558105,6.645877361297607,0.0,198.02770523405624,23040.0
-6.926063537597656,-13.580947875976562,6.654886722564697,0.0,84.09369140367772,23040.0
-6.746939659118652,-13.354992866516113,6.608054161071777,0.0,156.53284328003258,23040.0
-6.7939066886901855,-13.422562599182129,6.628652095794678,0.0,104.83333808834274,23040.0
-6.932399272918701,-13.638659477233887,6.7062602043151855,0.0,103.61298889000763,23040.0
-6.807204723358154,-13.697928428649902,6.890728950500488,0.0,197.460798209383,23040.0
-6.078851222991943,-13.047221183776855,6.968367576599121,0.0,245.92504530689126,23040.0
-6.861517906188965,-13.522586822509766,6.661067485809326,0.0,158.00555779455348,23040.0
-6.418036460876465,-13.21824836730957,6.800214767456055,0.0,269.22232467895566,23040.0
-6.579808235168457,-13.269946098327637,6.69013786315918,0.0,186.29470072266565,23040.0
-6.385988235473633,-12.936654090881348,6.550662517547607,0.0,212.37925012123782,23040.0
-6.904905796051025,-13.501471519470215,6.596567153930664,0.0,121.85840303422195,23040.0
-6.444744110107422,-13.160724639892578,6.7159810066223145,0.0,221.77501614021116,23040.0
-6.99295711517334,-13.737854957580566,6.744898796081543,0.0,96.04128486969437,23040.0
-6.608790397644043,-13.357869148254395,6.74907922744751,0.0,168.22221003314178,23040.0
-7.227097034454346,-13.962610244750977,6.735514163970947,0.0,102.19936933804236,23040.0
-6.899898052215576,-13.636451721191406,6.736549377441406,0.0,136.0412500307074,23040.0
-7.022768974304199,-13.873130798339844,6.850359916687012,0.0,132.03478873936552,23040.0
-7.18343448638916,-13.94134521484375,6.757908344268799,0.0,125.71204006188371,23040.0
-7.272689342498779,-14.190863609313965,6.918174743652344,0.0,105.14891808666896,23040.0
-7.149797439575195,-14.187613487243652,7.037817478179932,0.0,142.247745066433,23040.0
-7.443248271942139,-14.380178451538086,6.936929702758789,0.0,97.88682610502406,23040.0
-7.245611667633057,-14.204607009887695,6.958998680114746,0.0,139.61080344356543,23040.0
-7.345585346221924,-14.153388023376465,6.807805061340332,0.0,106.27041165556989,23040.0
-6.885363578796387,-13.943927764892578,7.0585551261901855,0.0,189.37809961809594,23040.0
-6.700443744659424,-13.728133201599121,7.027692794799805,0.0,196.88355024624414,23040.0
-7.325977802276611,-14.251641273498535,6.925663948059082,0.0,196.02361167709321,23040.0
-6.401711463928223,-13.62664794921875,7.224940776824951,0.0,512.6987803329964,23040.0
-4.854302883148193,-12.2164888381958,7.362185478210449,0.0,283.8159420190548,23040.0
-6.933797359466553,-13.583949089050293,6.650157451629639,0.0,128.34654460747942,23040.0
-5.295161724090576,-12.312862396240234,7.017699718475342,0.0,263.421917890212,23040.0
-6.699329376220703,-13.357637405395508,6.658308982849121,0.0,177.71745536496638,23040.0
-6.309970378875732,-13.13420295715332,6.824228763580322,0.0,198.9625872761204,23040.0
-6.157387733459473,-13.027542114257812,6.870151996612549,0.0,214.32222208890235,23040.0
-6.520770072937012,-13.280006408691406,6.75924015045166,0.0,183.01437899518308,23040.0
-6.430714130401611,-13.239048957824707,6.808333873748779,0.0,190.27294423538697,23040.0
-6.933910369873047,-13.73179817199707,6.797884941101074,0.0,130.59286639720472,23040.0
-6.321337699890137,-13.244587898254395,6.923253536224365,0.0,184.69366431752715,23040.0
-6.82012939453125,-13.463061332702637,6.642934799194336,0.0,129.22838464367896,23040.0
-6.6417155265808105,-13.471637725830078,6.829919338226318,0.0,252.19609495878603,23040.0
-6.657733917236328,-13.370421409606934,6.712684631347656,0.0,171.40724262506313,23040.0
-6.5590949058532715,-13.276795387268066,6.717697620391846,0.0,162.23955513336898,23040.0
-6.633466720581055,-13.373961448669434,6.740496635437012,0.0,183.26555201214853,23040.0
-6.6926188468933105,-13.41649341583252,6.723874092102051,0.0,164.95907754031452,23040.0
-6.996847152709961,-13.725943565368652,6.729095935821533,0.0,167.35818324803174,23040.0
-6.792534828186035,-13.679285049438477,6.886744976043701,0.0,192.87144927131706,23040.0
-7.005122184753418,-13.665197372436523,6.660074710845947,0.0,135.5609913174452,23040.0
-6.8816304206848145,-13.737269401550293,6.855637073516846,0.0,167.93564292191974,23040.0
-7.098013877868652,-13.86391830444336,6.765904903411865,0.0,131.82924493636472,23040.0
-6.840293884277344,-13.764825820922852,6.924536228179932,0.0,197.47171068390463,23040.0
-6.76241397857666,-13.744441986083984,6.982027053833008,0.0,159.40021092162723,23040.0
-6.882156848907471,-13.8419771194458,6.9598212242126465,0.0,195.33597174293106,23040.0
-7.117329120635986,-14.038854598999023,6.921530723571777,0.0,161.32955976634742,23040.0
-6.860104560852051,-13.768966674804688,6.9088616371154785,0.0,203.39461996349092,23040.0
-6.886815547943115,-13.955109596252441,7.068292140960693,0.0,160.5078786500173,23040.0
-7.023755073547363,-13.94128704071045,6.917529106140137,0.0,190.78957329407834,23040.0
-6.725922107696533,-14.124059677124023,7.398143291473389,0.0,180.1213195102607,23040.0
-6.682925701141357,-13.694292068481445,7.011364936828613,0.0,274.52027160219524,23040.0
-6.5968804359436035,-13.784016609191895,7.18713903427124,0.0,194.26636998585295,23040.0
-6.902022361755371,-13.727362632751465,6.825336456298828,0.0,214.40789073874632,23040.0
-6.790162563323975,-13.934349060058594,7.144186019897461,0.0,220.06749580358473,23040.0
-6.67255973815918,-13.603880882263184,6.931321144104004,0.0,216.07758104052274,23040.0
-6.931927680969238,-13.916357040405273,6.984429836273193,0.0,206.84300480778165,23040.0
-7.013079643249512,-13.914091110229492,6.9010138511657715,0.0,214.12858471455613,23040.0
-7.0056586265563965,-13.982861518859863,6.977203845977783,0.0,199.15105356565584,23040.0
-6.796920299530029,-13.7373628616333,6.940439224243164,0.0,218.42542381828954,23040.0
-6.885149955749512,-13.917325973510742,7.032175540924072,0.0,167.50412022144874,23040.0
-6.691714286804199,-13.733083724975586,7.041371822357178,0.0,232.73539334681928,23040.0
-7.279739856719971,-14.15411376953125,6.874371528625488,0.0,162.8750776296546,23040.0
-6.981853485107422,-13.90789794921875,6.9260430335998535,0.0,218.33721432265165,23040.0
-7.468677520751953,-14.252397537231445,6.783717632293701,0.0,118.61839238414524,23040.0
-7.015413284301758,-13.89983081817627,6.884413719177246,0.0,216.87982758634556,23040.0
-7.631278991699219,-14.510501861572266,6.8792243003845215,0.0,113.918778812356,23040.0
-7.034041881561279,-13.957950592041016,6.923907279968262,0.0,229.004346663643,23040.0
-7.725268363952637,-14.696282386779785,6.97101354598999,0.0,100.78718653448226,23040.0
-7.295555114746094,-14.24173355102539,6.946174621582031,0.0,189.28289242444353,23040.0
-7.573862075805664,-14.441914558410645,6.868051528930664,0.0,98.22033724308032,23040.0
-7.56879997253418,-14.457098960876465,6.888298034667969,0.0,195.08483453740286,23040.0
-7.58112096786499,-14.646783828735352,7.0656657218933105,0.0,137.61725340951256,23040.0
-7.696386814117432,-14.777504920959473,7.081112861633301,0.0,156.34215379610916,23040.0
-7.5043206214904785,-14.678503036499023,7.174182891845703,0.0,211.32807617644266,23040.0
-7.732953071594238,-14.819013595581055,7.086054801940918,0.0,149.74051957167984,23040.0
-7.947342395782471,-15.031685829162598,7.084342956542969,0.0,133.6410084787613,23040.0
-7.340155601501465,-14.422466278076172,7.082313537597656,0.0,204.77162569173095,23040.0
-7.713828086853027,-14.841012001037598,7.127181529998779,0.0,73.80693938912344,23040.0
-7.414361476898193,-14.56722640991211,7.152862071990967,0.0,185.64952412807784,23040.0
-7.642333507537842,-14.752528190612793,7.1101908683776855,0.0,157.85631524653664,23040.0
-7.967413902282715,-15.132741928100586,7.165327072143555,0.0,109.9513173361165,23040.0
-7.820140838623047,-15.00847339630127,7.188333988189697,0.0,174.71376442447908,23040.0
-7.659609794616699,-14.822047233581543,7.16243839263916,0.0,175.29731393223915,23040.0
-7.902414798736572,-15.155366897583008,7.252947807312012,0.0,67.20816336212252,23040.0
-7.702541828155518,-15.002046585083008,7.299504280090332,0.0,161.43366723709832,23040.0
-7.8661322593688965,-15.059521675109863,7.193397521972656,0.0,119.24462446918588,23040.0
-8.090420722961426,-15.319750785827637,7.229333400726318,0.0,111.25647186964984,23040.0
-7.781188488006592,-15.031928062438965,7.250740051269531,0.0,141.0510083530115,23040.0
-7.90183162689209,-15.224138259887695,7.322306156158447,0.0,108.54135676498426,23040.0
-7.626795291900635,-14.984496116638184,7.357702732086182,0.0,168.26344040842417,23040.0
-7.928410530090332,-15.178180694580078,7.249766826629639,0.0,136.11119210181545,23040.0
-7.694803237915039,-14.948271751403809,7.253472805023193,0.0,152.73738764385394,23040.0
-8.076025009155273,-15.289895057678223,7.213869094848633,0.0,86.81342613575171,23040.0
-7.860663414001465,-15.107139587402344,7.246476173400879,0.0,151.27597908712895,23040.0
-7.602693557739258,-14.881360054016113,7.2786688804626465,0.0,189.1514372069398,23040.0
-8.000906944274902,-15.336116790771484,7.335209846496582,0.0,152.6745686202557,23040.0
-7.9239115715026855,-15.1804838180542,7.256568908691406,0.0,124.24063119733663,23040.0
-7.929094314575195,-15.1986083984375,7.269516468048096,0.0,139.01343972127287,23040.0
-8.023860931396484,-15.339126586914062,7.315262794494629,0.0,180.40491269865322,23040.0
-7.845970153808594,-15.128231048583984,7.282260417938232,0.0,143.70183841515998,23040.0
-8.1257905960083,-15.375116348266602,7.249324321746826,0.0,90.9243700421339,23040.0
-7.918482780456543,-15.346492767333984,7.428009033203125,0.0,151.9241611201775,23040.0
-8.158148765563965,-15.367925643920898,7.209776401519775,0.0,106.73172369968037,23040.0
-8.070493698120117,-15.371196746826172,7.300705909729004,0.0,102.9938247720878,23040.0
-7.921488285064697,-15.173189163208008,7.251698017120361,0.0,131.12642647918025,23040.0
-8.034740447998047,-15.283334732055664,7.248599052429199,0.0,160.6834500869803,23040.0
-7.66029167175293,-15.14755630493164,7.487264633178711,0.0,745.7096278996843,23040.0
-5.361415863037109,-12.788002014160156,7.426586151123047,0.0,313.07378342623167,23040.0
-6.531992435455322,-13.367389678955078,6.8353962898254395,0.0,194.97448300648253,23040.0
-5.075114727020264,-12.394303321838379,7.319189548492432,0.0,265.97123125508,23040.0
-6.376025199890137,-13.289983749389648,6.913958549499512,0.0,190.34694121391806,23040.0
-6.155291557312012,-13.254359245300293,7.09906530380249,0.0,217.74563719484476,23040.0
-6.700781345367432,-13.668542861938477,6.967763423919678,0.0,174.86742999726422,23040.0
-6.759803771972656,-13.71017074584961,6.950369834899902,0.0,193.23093339527824,23040.0
-7.094448566436768,-14.034270286560059,6.939826011657715,0.0,138.37650374434756,23040.0
-6.870797157287598,-13.904241561889648,7.03344202041626,0.0,169.45490794859862,23040.0
-6.828995227813721,-13.888145446777344,7.059147357940674,0.0,208.69795484613817,23040.0
-6.868458271026611,-14.014873504638672,7.146411895751953,0.0,284.6309785962153,23040.0
-6.887623310089111,-13.87741470336914,6.989790916442871,0.0,158.7129960381987,23040.0
-6.924103260040283,-13.807451248168945,6.883344650268555,0.0,157.22611175816323,23040.0
-7.303977012634277,-14.184762954711914,6.88078498840332,0.0,110.40679026476505,23040.0
-7.22743034362793,-14.111861228942871,6.884427070617676,0.0,137.1117175755768,23040.0
-7.52070426940918,-14.359795570373535,6.839093208312988,0.0,76.9935357109653,23040.0
-7.243589401245117,-14.233858108520508,6.990269660949707,0.0,137.91469833293058,23040.0
-7.410634517669678,-14.356204986572266,6.94556999206543,0.0,96.41126840816399,23040.0
-7.519704818725586,-14.401337623596191,6.881634712219238,0.0,122.024002586332,23040.0
-7.673055171966553,-14.690391540527344,7.017337322235107,0.0,85.86310123075148,23040.0
-7.640285015106201,-14.633882522583008,6.993597984313965,0.0,132.33203731945065,23040.0
-7.4307122230529785,-14.712568283081055,7.281860828399658,0.0,106.77006193865603,23040.0
-7.361876964569092,-14.529598236083984,7.167718410491943,0.0,199.13105824066875,23040.0
-7.052898406982422,-14.212299346923828,7.15939998626709,0.0,163.12169324755328,23040.0
-7.485517501831055,-14.435660362243652,6.950142860412598,0.0,138.91433891913417,23040.0
-6.936107635498047,-14.039474487304688,7.10336446762085,0.0,186.96827801345614,23040.0
-7.49819278717041,-14.4712553024292,6.973064422607422,0.0,144.81760915262268,23040.0
-7.534552574157715,-14.651459693908691,7.116905212402344,0.0,116.97962559527839,23040.0
-7.096989631652832,-14.414063453674316,7.31707763671875,0.0,197.57512160048057,23040.0
-7.607972621917725,-14.777863502502441,7.169891357421875,0.0,177.9418272643592,23040.0
-7.289971828460693,-14.407172203063965,7.117198944091797,0.0,171.15557336579076,23040.0
-7.709957599639893,-14.705489158630371,6.9955315589904785,0.0,181.75568030713737,23040.0
-7.691901206970215,-14.745140075683594,7.0532402992248535,0.0,163.51242260778147,23040.0
-7.883427619934082,-14.959620475769043,7.076196193695068,0.0,137.48366817865394,23040.0
-7.902943134307861,-15.057456970214844,7.154519081115723,0.0,127.29006997112437,23040.0
-7.681086540222168,-15.00859260559082,7.327506065368652,0.0,186.77979610295424,23040.0
-7.878825664520264,-15.12922191619873,7.250396728515625,0.0,112.06941939119135,23040.0
-8.019922256469727,-15.19775104522705,7.177830219268799,0.0,161.00993400163128,23040.0
-7.959899425506592,-15.12826919555664,7.168368339538574,0.0,119.01397196316044,23040.0
-7.906078338623047,-14.991381645202637,7.085306167602539,0.0,98.76196807043553,23040.0
-8.128857612609863,-15.220401763916016,7.091546535491943,0.0,124.48230299713127,23040.0
-7.988492012023926,-15.287943840026855,7.299447059631348,0.0,95.90817778137438,23040.0
-8.06241512298584,-15.325882911682129,7.263469219207764,0.0,125.76126959327286,23040.0
-7.888599872589111,-15.211554527282715,7.322956085205078,0.0,125.03045136005656,23040.0
-8.268306732177734,-15.582634925842285,7.314321517944336,0.0,70.6455446437495,23040.0
-8.027905464172363,-15.285785675048828,7.257885932922363,0.0,107.8140675934562,23040.0
-8.20972728729248,-15.495235443115234,7.285505294799805,0.0,75.51714695283269,23040.0
-8.03644847869873,-15.33328628540039,7.296832084655762,0.0,128.96572270909732,23040.0
-8.29102897644043,-15.565123558044434,7.2740960121154785,0.0,99.85539299663728,23040.0
-8.330121994018555,-15.64668083190918,7.316558837890625,0.0,87.44562431684992,23040.0
-8.034773826599121,-15.388822555541992,7.3540520668029785,0.0,141.5467386593139,23040.0
-8.032206535339355,-15.3787202835083,7.346512794494629,0.0,186.53300078238266,23040.0
-8.203485488891602,-15.505659103393555,7.3021721839904785,0.0,98.38596942235105,23040.0
-8.125792503356934,-15.469681739807129,7.343887805938721,0.0,123.23067858891783,23040.0
-7.991184711456299,-15.264191627502441,7.273004055023193,0.0,130.2034945723795,23040.0
-8.301782608032227,-15.630011558532715,7.328229904174805,0.0,111.73369181792536,23040.0
-8.290794372558594,-15.671874046325684,7.381078243255615,0.0,73.93530875895831,23040.0
-8.03579330444336,-15.47620964050293,7.440415382385254,0.0,158.7253208628469,23040.0
-8.190200805664062,-15.597801208496094,7.4076008796691895,0.0,117.52283565654811,23040.0
-8.200531959533691,-15.5967378616333,7.396206855773926,0.0,90.14393739174871,23040.0
-8.046464920043945,-15.422713279724121,7.376243591308594,0.0,110.835507091738,23040.0
-8.151998519897461,-15.536737442016602,7.384739875793457,0.0,158.72656221823337,23040.0
-8.004152297973633,-15.463887214660645,7.459735870361328,0.0,120.61830769537269,23040.0
-8.20230484008789,-15.566170692443848,7.363865375518799,0.0,143.6574634503888,23040.0
-8.222124099731445,-15.585708618164062,7.363583087921143,0.0,154.62424771179937,23040.0
-8.287639617919922,-15.6322660446167,7.344622611999512,0.0,132.4283749487839,23040.0
-8.402975082397461,-15.693119049072266,7.29014778137207,0.0,68.88956404437256,23040.0
-8.433979034423828,-15.658037185668945,7.224055290222168,0.0,97.64889380148647,23040.0
-8.087403297424316,-15.485615730285645,7.398214340209961,0.0,125.21603533851903,23040.0
-8.538118362426758,-15.951486587524414,7.413366794586182,0.0,63.587430607846464,23040.0
-8.179813385009766,-15.599580764770508,7.419763088226318,0.0,120.61089320528913,23040.0
-8.361427307128906,-15.84450912475586,7.483080863952637,0.0,100.47620892216106,23040.0
-8.349493026733398,-15.807823181152344,7.45832633972168,0.0,113.95532011400594,23040.0
-8.075484275817871,-15.450249671936035,7.3747639656066895,0.0,112.59645899839617,23040.0
-8.379034042358398,-15.581175804138184,7.2021403312683105,0.0,115.22701335035798,23040.0
-8.226906776428223,-15.564742088317871,7.337831497192383,0.0,89.912312618666,23040.0
-8.332892417907715,-15.734909057617188,7.4020161628723145,0.0,95.15515277617455,23040.0
-8.416147232055664,-15.858963012695312,7.442819595336914,0.0,104.97772103883531,23040.0
-8.129303932189941,-15.63441276550293,7.505107879638672,0.0,139.22065371161753,23040.0
-8.208173751831055,-15.675057411193848,7.466885089874268,0.0,94.47342730246149,23040.0
-8.582035064697266,-15.996782302856445,7.414746284484863,0.0,108.1599729191851,23040.0
-8.22048282623291,-15.673924446105957,7.453437805175781,0.0,108.91246044617553,23040.0
-8.222742080688477,-15.61768627166748,7.3949503898620605,0.0,74.44510155145349,23040.0
-8.175886154174805,-15.623799324035645,7.4479079246521,0.0,148.17660596694182,23040.0
-8.279318809509277,-15.695347785949707,7.416031360626221,0.0,179.51080553079058,23040.0
-8.234036445617676,-15.722801208496094,7.488758087158203,0.0,151.448473123416,23040.0
-8.387187004089355,-15.796589851379395,7.409401893615723,0.0,101.21970085678224,23040.0
-8.456783294677734,-15.7721529006958,7.315369129180908,0.0,97.66257604860859,23040.0
-8.472229957580566,-15.917037010192871,7.444808483123779,0.0,141.7941009427052,23040.0
-8.383048057556152,-15.6990385055542,7.315989971160889,0.0,97.59738944019576,23040.0
-8.436530113220215,-15.818700790405273,7.3821702003479,0.0,98.35734624168524,23040.0
-8.646377563476562,-15.930761337280273,7.284382343292236,0.0,100.38506325353495,23040.0
-8.3055419921875,-15.768793106079102,7.463250637054443,0.0,124.119352261101,23040.0
-8.224416732788086,-15.74588394165039,7.521466255187988,0.0,151.69137021410708,23040.0
-8.33422565460205,-15.786040306091309,7.451814651489258,0.0,140.53883430440607,23040.0
-8.07756519317627,-15.390832901000977,7.313268184661865,0.0,162.96375537809172,23040.0
-8.418594360351562,-15.72409439086914,7.305507183074951,0.0,126.49599578404434,23040.0
-8.457771301269531,-15.888290405273438,7.43051815032959,0.0,105.243352557986,23040.0
-8.492711067199707,-15.913211822509766,7.420497417449951,0.0,144.54853934725492,23040.0
-8.17420768737793,-15.712288856506348,7.538079738616943,0.0,150.21936146800846,23040.0
-8.516910552978516,-15.953195571899414,7.43628454208374,0.0,117.95022921964346,23040.0
-8.386664390563965,-15.865376472473145,7.478710174560547,0.0,116.14771254688522,23040.0
-8.333958625793457,-15.753739356994629,7.4197773933410645,0.0,181.7655492251723,23040.0
-8.207279205322266,-15.61227798461914,7.40499210357666,0.0,204.17850040402863,23040.0
-8.348835945129395,-15.864645957946777,7.515810012817383,0.0,156.15739190301755,23040.0
-8.491214752197266,-15.996910095214844,7.505695819854736,0.0,77.30200496848683,23040.0
-8.175082206726074,-15.64647388458252,7.471393585205078,0.0,217.67438287169668,23040.0
-7.980175018310547,-15.376692771911621,7.396521091461182,0.0,231.0189225721796,23040.0
-8.023331642150879,-15.522835731506348,7.499505043029785,0.0,151.56491729189545,23040.0
-8.515868186950684,-15.820727348327637,7.3048577308654785,0.0,98.9765511955216,23040.0
-7.907508850097656,-15.329355239868164,7.421848773956299,0.0,207.8127011164685,23040.0
-8.218464851379395,-15.64892292022705,7.430453777313232,0.0,179.69226011037028,23040.0
-8.356500625610352,-15.750028610229492,7.393528938293457,0.0,133.09743726733336,23040.0
-8.405069351196289,-15.781469345092773,7.376399040222168,0.0,138.5380958653987,23040.0
-7.887979507446289,-15.491368293762207,7.603390693664551,0.0,219.81354252988797,23040.0
-8.515311241149902,-15.91196060180664,7.396652698516846,0.0,148.99903446768639,23040.0
-8.363139152526855,-15.766036987304688,7.402897357940674,0.0,117.40340459069019,23040.0
-8.27302360534668,-15.734889030456543,7.461865425109863,0.0,140.93112848994969,23040.0
-8.374242782592773,-15.753684043884277,7.3794426918029785,0.0,193.72051438899723,23040.0
-8.226027488708496,-15.765701293945312,7.539680480957031,0.0,215.85052000991723,23040.0
-7.808274269104004,-15.284006118774414,7.47573184967041,0.0,200.2322354508488,23040.0
-8.266658782958984,-15.522269248962402,7.255613327026367,0.0,149.3137326404556,23040.0
-8.021697044372559,-15.373689651489258,7.351992607116699,0.0,219.92957510759922,23040.0
-7.86450719833374,-15.19279956817627,7.328287601470947,0.0,203.12844014990807,23040.0
-8.274463653564453,-15.63827133178711,7.363804817199707,0.0,164.0711391295301,23040.0
-7.8945631980896,-15.35049057006836,7.455930709838867,0.0,205.50257252658608,23040.0
-7.89787483215332,-15.31293773651123,7.415063381195068,0.0,208.5297600875203,23040.0
-8.016434669494629,-15.400020599365234,7.3835835456848145,0.0,166.958697309938,23040.0
-8.211544036865234,-15.593852043151855,7.3823113441467285,0.0,185.76624171453508,23040.0
-8.162715911865234,-15.475564002990723,7.312849044799805,0.0,193.78006989832087,23040.0
-8.4868803024292,-15.79619312286377,7.309314727783203,0.0,162.6746338519302,23040.0
-8.247535705566406,-15.586480140686035,7.338944435119629,0.0,205.31756507175064,23040.0
-8.140450477600098,-15.528963088989258,7.388514995574951,0.0,196.8540336614493,23040.0
-8.51314926147461,-15.846650123596191,7.33349609375,0.0,129.42528674359602,23040.0
-8.422061920166016,-15.801056861877441,7.378991603851318,0.0,179.49581858993358,23040.0
-8.258050918579102,-15.625447273254395,7.36739444732666,0.0,175.15263834234702,23040.0
-8.35824203491211,-15.698229789733887,7.3399882316589355,0.0,146.0939450692471,23040.0
-8.406440734863281,-15.608719825744629,7.202280521392822,0.0,163.95834852265838,23040.0
-8.63895034790039,-15.892447471618652,7.253499507904053,0.0,103.25664098075093,23040.0
-8.633526802062988,-15.86508560180664,7.231557369232178,0.0,131.97592678036202,23040.0
-8.157400131225586,-15.713882446289062,7.556483268737793,0.0,165.21457513521077,23040.0
-8.34637451171875,-15.765737533569336,7.419361114501953,0.0,162.16093550833597,23040.0
-8.459794044494629,-15.861062049865723,7.401263236999512,0.0,155.18703702639954,23040.0
-8.429320335388184,-15.881179809570312,7.451859474182129,0.0,132.3750467514723,23040.0
-8.307337760925293,-15.855831146240234,7.548491954803467,0.0,145.5159243758574,23040.0
-8.130791664123535,-15.483610153198242,7.352818489074707,0.0,193.04500334186875,23040.0
-8.321192741394043,-15.667868614196777,7.346676826477051,0.0,186.91558420161823,23040.0
-8.570028305053711,-15.938100814819336,7.368068218231201,0.0,101.2804195383789,23040.0
-8.566777229309082,-15.992867469787598,7.426087856292725,0.0,141.9099222239045,23040.0
-8.270998001098633,-15.750688552856445,7.4796929359436035,0.0,179.15920132369757,23040.0
-8.388924598693848,-15.865604400634766,7.476675987243652,0.0,127.07326114465923,23040.0
-8.533535957336426,-15.997652053833008,7.464113235473633,0.0,104.81301774929497,23040.0
-8.622456550598145,-16.12489891052246,7.502444744110107,0.0,118.93777204582587,23040.0
-8.45245361328125,-15.884993553161621,7.432541847229004,0.0,150.48145302623968,23040.0
-8.754623413085938,-16.179550170898438,7.424923419952393,0.0,124.04475540269047,23040.0
-8.861164093017578,-16.215499877929688,7.354339122772217,0.0,97.47184593780581,23040.0
-8.587491035461426,-16.080875396728516,7.493381023406982,0.0,100.00103412493031,23040.0
-8.654166221618652,-16.166807174682617,7.512639045715332,0.0,120.55971811026659,23040.0
-8.727505683898926,-16.248193740844727,7.520684719085693,0.0,116.84315234867118,23040.0
-8.656084060668945,-16.17510414123535,7.51901912689209,0.0,121.67662962211662,23040.0
-8.8090181350708,-16.305845260620117,7.496826648712158,0.0,115.86088224117813,23040.0
-8.844231605529785,-16.31296157836914,7.468730926513672,0.0,81.12389588569717,23040.0
-8.702780723571777,-16.23996925354004,7.537189483642578,0.0,114.33237500920606,23040.0
-8.585409164428711,-16.134233474731445,7.548820495605469,0.0,107.24646839054354,23040.0
-8.642203330993652,-16.16033935546875,7.518131732940674,0.0,57.6657223404289,23040.0
-8.733667373657227,-16.249303817749023,7.515635967254639,0.0,104.80713574692912,23040.0
-8.36388111114502,-15.986270904541016,7.6223931312561035,0.0,126.40278878856813,23040.0
-8.595833778381348,-16.17931365966797,7.58348274230957,0.0,115.37413350181107,23040.0
-8.58384895324707,-16.120864868164062,7.53701639175415,0.0,136.85553545644115,23040.0
-8.459505081176758,-16.176761627197266,7.717257976531982,0.0,176.57620087284653,23040.0
-8.254496574401855,-15.856078147888184,7.601580619812012,0.0,199.14864438633296,23040.0
-8.468671798706055,-16.001283645629883,7.532613754272461,0.0,173.2455488494793,23040.0
-8.488606452941895,-15.919475555419922,7.430868148803711,0.0,182.00674405304977,23040.0
-8.278279304504395,-15.851603507995605,7.573321342468262,0.0,199.29857074608094,23040.0
-8.229569435119629,-15.824481964111328,7.594911098480225,0.0,214.86262641347298,23040.0
-8.112735748291016,-15.603110313415527,7.490372180938721,0.0,234.93679188292646,23040.0
-8.220419883728027,-15.644135475158691,7.423715591430664,0.0,259.27743968563857,23040.0
-8.266470909118652,-15.845410346984863,7.5789408683776855,0.0,217.8973340965501,23040.0
-8.49775505065918,-15.954843521118164,7.457086086273193,0.0,165.25178246283778,23040.0
-8.40168571472168,-15.860779762268066,7.459096908569336,0.0,177.86633631286287,23040.0
-8.303242683410645,-15.757535934448242,7.454293251037598,0.0,212.98265655041394,23040.0
-8.379491806030273,-15.8001070022583,7.420612335205078,0.0,163.1606341227293,23040.0
-8.629508972167969,-16.060197830200195,7.430689811706543,0.0,127.2506938603272,23040.0
-8.323808670043945,-15.766250610351562,7.442444324493408,0.0,213.45627273705549,23040.0
-8.426412582397461,-15.877193450927734,7.450778484344482,0.0,170.97459032985162,23040.0
-8.63998794555664,-15.99382209777832,7.3538336753845215,0.0,115.20233912432396,23040.0
-8.498581886291504,-15.999543190002441,7.5009589195251465,0.0,178.21886700282522,23040.0
-8.586503028869629,-15.974811553955078,7.388308525085449,0.0,131.70479749116558,23040.0
-8.589712142944336,-16.010723114013672,7.421013832092285,0.0,165.2011618768379,23040.0
-8.626402854919434,-16.10692596435547,7.480523109436035,0.0,164.82835096217406,23040.0
-8.751344680786133,-16.22903060913086,7.4776835441589355,0.0,116.87048336640797,23040.0
-8.532135009765625,-16.022005081176758,7.489871501922607,0.0,167.13005150585465,23040.0
-8.707173347473145,-16.188486099243164,7.481313228607178,0.0,125.62261303981504,23040.0
-8.776694297790527,-16.20442771911621,7.427734375,0.0,104.19668793616236,23040.0
-8.405701637268066,-15.928933143615723,7.523237228393555,0.0,160.2354917601727,23040.0
-8.622968673706055,-16.142833709716797,7.519871234893799,0.0,119.62954589655703,23040.0
-8.987723350524902,-16.565216064453125,7.577496528625488,0.0,79.84567734497094,23040.0
-8.295708656311035,-15.938814163208008,7.643104553222656,0.0,180.55507660941072,23040.0
-8.45399284362793,-15.987345695495605,7.533350944519043,0.0,168.96242646370678,23040.0
-8.475668907165527,-16.065053939819336,7.589386463165283,0.0,179.4018339524226,23040.0
-8.453903198242188,-15.8180513381958,7.364151477813721,0.0,156.73315684871247,23040.0
-8.430692672729492,-16.09152603149414,7.660835266113281,0.0,142.72088720761116,23040.0
-8.479340553283691,-15.963690757751465,7.484350681304932,0.0,167.2069137879475,23040.0
-8.568557739257812,-16.165103912353516,7.5965447425842285,0.0,172.70853666467994,23040.0
-8.731389999389648,-16.268037796020508,7.5366435050964355,0.0,134.36941835467002,23040.0
-8.880335807800293,-16.34477996826172,7.464440822601318,0.0,70.36938226146157,23040.0
-8.543648719787598,-16.086231231689453,7.542577266693115,0.0,134.98973943086415,23040.0
-8.65412712097168,-16.232524871826172,7.578401565551758,0.0,121.57166142117724,23040.0
-8.727237701416016,-16.300315856933594,7.573081016540527,0.0,100.42045436980555,23040.0
-8.892239570617676,-16.353439331054688,7.461200714111328,0.0,158.98587581201144,23040.0
-8.668343544006348,-16.125892639160156,7.457550525665283,0.0,185.34235993310563,23040.0
-8.55048656463623,-16.169559478759766,7.619075298309326,0.0,128.164483889594,23040.0
-8.664949417114258,-16.20904541015625,7.544088363647461,0.0,135.30268852564254,23040.0
-8.577529907226562,-16.158388137817383,7.580859184265137,0.0,186.52763328190642,23040.0
-8.360102653503418,-15.775200843811035,7.41510009765625,0.0,203.7029310353959,23040.0
-8.859530448913574,-16.288368225097656,7.428839206695557,0.0,119.82025930352381,23040.0
-8.706914901733398,-16.27309799194336,7.566183090209961,0.0,140.47452358530367,23040.0
-8.712236404418945,-16.16315460205078,7.450921535491943,0.0,190.45569908515645,23040.0
-8.690592765808105,-16.270170211791992,7.57958459854126,0.0,135.13940180079553,23040.0
-8.825998306274414,-16.404783248901367,7.5787835121154785,0.0,122.78563406947646,23040.0
-8.638967514038086,-16.183170318603516,7.544205188751221,0.0,165.75725865129516,23040.0
-8.43836498260498,-15.945735931396484,7.507370948791504,0.0,152.11783723395874,23040.0
-8.780168533325195,-16.247230529785156,7.467068672180176,0.0,111.70849764832525,23040.0
-8.789288520812988,-16.239593505859375,7.450307846069336,0.0,107.34585023425514,23040.0
-8.786284446716309,-16.37540626525879,7.589122772216797,0.0,99.54645692122132,23040.0
-8.875791549682617,-16.42070960998535,7.544917583465576,0.0,81.16247619597773,23040.0
-8.847930908203125,-16.355392456054688,7.507465839385986,0.0,106.95097814970008,23040.0
-8.673986434936523,-16.222667694091797,7.548677444458008,0.0,92.80703144499584,23040.0
-8.879083633422852,-16.41446304321289,7.53537654876709,0.0,69.43891626712647,23040.0
-8.863768577575684,-16.419912338256836,7.556142807006836,0.0,92.13098793836073,23040.0
-8.733026504516602,-16.343299865722656,7.610272407531738,0.0,108.62826571169029,23040.0
-8.773201942443848,-16.314403533935547,7.541202068328857,0.0,134.14417186642348,23040.0
-8.85344123840332,-16.34235382080078,7.488911151885986,0.0,106.50231536085718,23040.0
-8.647638320922852,-16.150083541870117,7.502443313598633,0.0,126.80634868114294,23040.0
-8.748291015625,-16.260101318359375,7.511810779571533,0.0,115.70301085575281,23040.0
-8.574541091918945,-16.1837158203125,7.609175682067871,0.0,142.95139686221606,23040.0
-8.726704597473145,-16.289487838745117,7.562790393829346,0.0,142.05793020074722,23040.0
-8.825859069824219,-16.340545654296875,7.514691352844238,0.0,107.58040648993864,23040.0
-8.755440711975098,-16.319238662719727,7.563794136047363,0.0,110.90730416901269,23040.0
-8.695292472839355,-16.327482223510742,7.63219690322876,0.0,158.22499258297006,23040.0
-8.808899879455566,-16.35694122314453,7.548041343688965,0.0,135.6800313502683,23040.0
-8.86745548248291,-16.404800415039062,7.537337779998779,0.0,87.23763216420588,23040.0
-8.856231689453125,-16.46002960205078,7.603795528411865,0.0,108.50457409493872,23040.0
-8.92927360534668,-16.462156295776367,7.5328803062438965,0.0,101.2842672064795,23040.0
-8.899934768676758,-16.521238327026367,7.621302127838135,0.0,98.05241462070818,23040.0
-8.880502700805664,-16.49808692932129,7.6175856590271,0.0,124.62691363228981,23040.0
-8.944893836975098,-16.499868392944336,7.554973602294922,0.0,123.60567666050106,23040.0
-8.97038459777832,-16.474294662475586,7.503909111022949,0.0,105.21897276134264,23040.0
-8.957856178283691,-16.500730514526367,7.542873859405518,0.0,75.5318936603247,23040.0
-8.76132583618164,-16.418392181396484,7.657063007354736,0.0,92.90697931703811,23040.0
-8.800677299499512,-16.399335861206055,7.598660469055176,0.0,153.72272954520747,23040.0
-8.765366554260254,-16.359806060791016,7.594440460205078,0.0,143.98255820219188,23040.0
-8.848421096801758,-16.409767150878906,7.561338901519775,0.0,149.27341615232513,23040.0
-8.868142127990723,-16.493635177612305,7.625486850738525,0.0,139.53950672658962,23040.0
-8.860223770141602,-16.530067443847656,7.669843673706055,0.0,111.9747269046429,23040.0
-8.961173057556152,-16.56136131286621,7.600187301635742,0.0,109.82784620916199,23040.0
-8.878905296325684,-16.40019416809082,7.521291255950928,0.0,143.47421854040496,23040.0
-8.88546085357666,-16.42228126525879,7.536819934844971,0.0,160.13598146118653,23040.0
-8.897133827209473,-16.54041290283203,7.643275737762451,0.0,123.72994626293864,23040.0
-8.850578308105469,-16.44280242919922,7.592226028442383,0.0,88.62628271185912,23040.0
-8.771483421325684,-16.497480392456055,7.725998401641846,0.0,93.30538860023026,23040.0
-8.882990837097168,-16.541990280151367,7.65899658203125,0.0,120.19683211542007,23040.0
-8.76984691619873,-16.41309356689453,7.643249034881592,0.0,146.02196641674604,23040.0
-8.823418617248535,-16.3945255279541,7.571102619171143,0.0,115.85542585227496,23040.0
-8.997051239013672,-16.540605545043945,7.543556213378906,0.0,63.142858270046005,23040.0
-8.835901260375977,-16.3861083984375,7.550205707550049,0.0,64.1025417011618,23040.0
-8.695534706115723,-16.188718795776367,7.493179798126221,0.0,83.53646739240232,23040.0
-9.0394287109375,-16.634811401367188,7.595383644104004,0.0,95.85918545124674,23040.0
-8.797768592834473,-16.469249725341797,7.67148494720459,0.0,86.72683841136748,23040.0
-8.82300090789795,-16.52825164794922,7.705249786376953,0.0,117.25870195784563,23040.0
-8.268372535705566,-16.058441162109375,7.790066242218018,0.0,213.53938189037873,23040.0
-8.338887214660645,-15.929834365844727,7.59094762802124,0.0,242.25974526133038,23040.0
-8.310606956481934,-15.910815238952637,7.600211143493652,0.0,237.19812913283718,23040.0
-8.536575317382812,-16.155065536499023,7.6184868812561035,0.0,172.79364754014742,23040.0
-8.837484359741211,-16.37567901611328,7.538196563720703,0.0,65.2991605634873,23040.0
-8.508097648620605,-16.144086837768555,7.635989665985107,0.0,180.39923625262753,23040.0
-8.550200462341309,-16.125253677368164,7.575052738189697,0.0,243.77365016042555,23040.0
-7.832563400268555,-15.622440338134766,7.789875507354736,0.0,267.77108825080603,23040.0
-8.656938552856445,-16.176050186157227,7.519114971160889,0.0,190.4120247694406,23040.0
-9.028260231018066,-16.521827697753906,7.4935622215271,0.0,81.14040591310119,23040.0
-8.82136058807373,-16.340850830078125,7.519491195678711,0.0,161.53479978152077,23040.0
-8.015900611877441,-15.790364265441895,7.774464130401611,0.0,252.53922558858955,23040.0
-7.925098896026611,-15.586332321166992,7.6612324714660645,0.0,283.0212466392464,23040.0
-8.715620994567871,-16.22719383239746,7.511577606201172,0.0,140.02048134894355,23040.0
-8.91179084777832,-16.334409713745117,7.422617435455322,0.0,116.05433454948516,23040.0
-8.571024894714355,-15.927433013916016,7.356409549713135,0.0,157.3264294976821,23040.0
-8.611662864685059,-16.110437393188477,7.498781204223633,0.0,108.91002716196792,23040.0
-8.841757774353027,-16.360509872436523,7.5187554359436035,0.0,126.00618541556902,23040.0
-8.649253845214844,-16.172122955322266,7.522865295410156,0.0,172.20533968610394,23040.0
-8.947067260742188,-16.419492721557617,7.472423553466797,0.0,96.65614023573224,23040.0
-8.969573020935059,-16.431995391845703,7.462422847747803,0.0,113.90594977515909,23040.0
-8.729372024536133,-16.291053771972656,7.561680793762207,0.0,111.748585714636,23040.0
-8.748050689697266,-16.25948715209961,7.511434078216553,0.0,111.93301464765891,23040.0
-8.713245391845703,-16.23210906982422,7.518863201141357,0.0,148.12469450878615,23040.0
-8.730927467346191,-16.25278091430664,7.521854877471924,0.0,151.7677980914751,23040.0
-8.83985710144043,-16.388269424438477,7.548410892486572,0.0,144.9650849435274,23040.0
-8.816060066223145,-16.419361114501953,7.603299140930176,0.0,147.27660250899686,23040.0
-8.774650573730469,-16.266721725463867,7.492068767547607,0.0,162.44453608955047,23040.0
-8.953964233398438,-16.434324264526367,7.4803643226623535,0.0,140.85774208846732,23040.0
-8.836586952209473,-16.361066818237305,7.524479389190674,0.0,122.22783158795998,23040.0
-8.655354499816895,-16.179279327392578,7.523927211761475,0.0,155.55071058236842,23040.0
-8.57498836517334,-16.220863342285156,7.645877361297607,0.0,201.5015718816537,23040.0
-8.78430461883545,-16.340206146240234,7.555905342102051,0.0,181.42284188348464,23040.0
-8.824992179870605,-16.411108016967773,7.586114406585693,0.0,113.68651234148322,23040.0
-8.845429420471191,-16.41232681274414,7.566895961761475,0.0,136.70221229925588,23040.0
-8.859789848327637,-16.37439727783203,7.514603137969971,0.0,154.66273274687546,23040.0
-8.90938663482666,-16.4361515045166,7.526765823364258,0.0,144.23395183305465,23040.0
-8.563995361328125,-16.25296974182129,7.688975811004639,0.0,167.81440668909605,23040.0
-8.567964553833008,-16.146047592163086,7.578083038330078,0.0,199.85975487502787,23040.0
-8.79384994506836,-16.3251953125,7.531338214874268,0.0,194.40050318607578,23040.0
-8.765534400939941,-16.359664916992188,7.59412956237793,0.0,171.9968675856606,23040.0
-8.861202239990234,-16.407894134521484,7.546693325042725,0.0,158.02202045282013,23040.0
-8.916643142700195,-16.51250648498535,7.5958638191223145,0.0,167.09273144039724,23040.0
-8.827082633972168,-16.399093627929688,7.572011947631836,0.0,144.22839996325482,23040.0
-8.884210586547852,-16.456451416015625,7.572237968444824,0.0,100.35939087464456,23040.0
-8.827936172485352,-16.400911331176758,7.572976112365723,0.0,148.24265305496888,23040.0
-8.864282608032227,-16.43329620361328,7.569011211395264,0.0,193.12911938219224,23040.0
-8.781739234924316,-16.402381896972656,7.620637893676758,0.0,153.48128930917292,23040.0
-8.836012840270996,-16.39756202697754,7.561549186706543,0.0,91.03264810672123,23040.0
-8.944792747497559,-16.50202751159668,7.557232856750488,0.0,135.67726486430448,23040.0
-8.651957511901855,-16.24933624267578,7.597378253936768,0.0,159.22225872079602,23040.0
-8.97275161743164,-16.486604690551758,7.513853073120117,0.0,123.90833621751885,23040.0
-9.102364540100098,-16.69610023498535,7.593735694885254,0.0,110.37285230756302,23040.0
-9.094968795776367,-16.69472885131836,7.599755764007568,0.0,122.11331848477508,23040.0
-8.902604103088379,-16.55304718017578,7.650446891784668,0.0,131.23757440893257,23040.0
-8.986331939697266,-16.609752655029297,7.623420715332031,0.0,105.88811606500376,23040.0
-9.054038047790527,-16.662513732910156,7.608478546142578,0.0,76.7124714836599,23040.0
-9.097188949584961,-16.67245101928711,7.575261116027832,0.0,90.44042004364914,23040.0
-9.037046432495117,-16.643983840942383,7.606941223144531,0.0,98.93390481964191,23040.0
-9.114226341247559,-16.738819122314453,7.624588966369629,0.0,108.77593620305417,23040.0
-9.001953125,-16.57358741760254,7.571636199951172,0.0,119.24212454782639,23040.0
-8.57365894317627,-16.33768653869629,7.764028072357178,0.0,187.4659569681915,23040.0
-8.094680786132812,-15.835579872131348,7.740898132324219,0.0,265.68713414004964,23040.0
-8.29423999786377,-15.972030639648438,7.677790641784668,0.0,262.3773812422629,23040.0
-8.310934066772461,-15.99142074584961,7.680487632751465,0.0,234.61786682227213,23040.0
-8.858734130859375,-16.34421730041504,7.4854817390441895,0.0,145.6018441990875,23040.0
-8.243555068969727,-16.076881408691406,7.83332633972168,0.0,215.02995411450124,23040.0
-7.6800537109375,-15.423973083496094,7.743916988372803,0.0,339.2521871854302,23040.0
-8.216279029846191,-15.893835067749023,7.677557468414307,0.0,294.98417369051924,23040.0
-8.493685722351074,-16.070690155029297,7.57700252532959,0.0,240.3293991813481,23040.0
-8.066435813903809,-15.729790687561035,7.663357257843018,0.0,221.17403457345992,23040.0
-8.606197357177734,-16.07294273376465,7.466739177703857,0.0,224.49003517644067,23040.0
-8.067989349365234,-15.646785736083984,7.578797817230225,0.0,237.4636408544028,23040.0
-8.528780937194824,-16.052778244018555,7.52400016784668,0.0,218.73856739746168,23040.0
-8.770682334899902,-16.225839614868164,7.455159664154053,0.0,160.30486041714698,23040.0
-8.474956512451172,-15.952896118164062,7.477941036224365,0.0,230.29576048197336,23040.0
-8.173918724060059,-15.72262191772461,7.548707485198975,0.0,221.14448522296047,23040.0
-8.919045448303223,-16.42717742919922,7.508135795593262,0.0,132.08629797735435,23040.0
-8.810468673706055,-16.20562744140625,7.39515495300293,0.0,199.32733926843605,23040.0
-8.708094596862793,-16.13361358642578,7.425518989562988,0.0,198.31285421582118,23040.0
-8.75334358215332,-16.24224853515625,7.488903999328613,0.0,96.76170276512232,23040.0
-8.901140213012695,-16.34090805053711,7.439766883850098,0.0,179.42695665763458,23040.0
-8.773981094360352,-16.229450225830078,7.45546817779541,0.0,159.77899335993908,23040.0
-8.95212173461914,-16.47970199584961,7.527575492858887,0.0,91.81521394942405,23040.0
-8.659419059753418,-16.253795623779297,7.5943779945373535,0.0,166.2508464189422,23040.0
-8.782801628112793,-16.363035202026367,7.580239295959473,0.0,180.2635660197352,23040.0
-8.991132736206055,-16.484922409057617,7.493785381317139,0.0,91.59014010705326,23040.0
-9.039521217346191,-16.515350341796875,7.475828647613525,0.0,127.17784045226611,23040.0
-8.968283653259277,-16.442291259765625,7.4740118980407715,0.0,132.6125047079936,23040.0
-9.063084602355957,-16.61404037475586,7.550956726074219,0.0,91.06336594972994,23040.0
-8.881314277648926,-16.511621475219727,7.630314350128174,0.0,111.1131670362875,23040.0
-8.918360710144043,-16.49213981628418,7.573780059814453,0.0,145.4616388546996,23040.0
-9.111903190612793,-16.639583587646484,7.527678966522217,0.0,77.55080478734921,23040.0
-8.808146476745605,-16.410690307617188,7.602543830871582,0.0,116.14695179639538,23040.0
-8.733880043029785,-16.34870719909668,7.6148295402526855,0.0,143.322996471287,23040.0
-9.029967308044434,-16.673051834106445,7.643086910247803,0.0,132.60354893897625,23040.0
-8.713898658752441,-16.388303756713867,7.6744065284729,0.0,184.3173429070805,23040.0
-8.63575553894043,-16.25562286376953,7.619864463806152,0.0,209.49446127618515,23040.0
-8.856681823730469,-16.529277801513672,7.672590255737305,0.0,158.00586424232253,23040.0
-8.828813552856445,-16.4527645111084,7.623951435089111,0.0,177.35020381910795,23040.0
-8.661575317382812,-16.241762161254883,7.58018684387207,0.0,199.41264098199963,23040.0
-8.834250450134277,-16.502897262573242,7.6686482429504395,0.0,138.95505429754908,23040.0
-8.911128997802734,-16.441316604614258,7.5301899909973145,0.0,153.59514973898112,23040.0
-8.673027038574219,-16.146358489990234,7.47332763671875,0.0,220.50235946351145,23040.0
-8.81775188446045,-16.446388244628906,7.628634452819824,0.0,178.68384458404398,23040.0
-8.970447540283203,-16.555421829223633,7.584976673126221,0.0,119.97670704552985,23040.0
-8.777203559875488,-16.362625122070312,7.58542013168335,0.0,177.73859658046388,23040.0
-8.668659210205078,-16.28846549987793,7.619807720184326,0.0,223.20366871772828,23040.0
-8.89539909362793,-16.501689910888672,7.6062912940979,0.0,143.8384771342874,23040.0
-8.964753150939941,-16.526029586791992,7.561273097991943,0.0,137.0066294208627,23040.0
-8.661904335021973,-16.286426544189453,7.624526500701904,0.0,246.36701467141918,23040.0
-8.714405059814453,-16.309268951416016,7.594870567321777,0.0,196.20099517788023,23040.0
-9.002079010009766,-16.54343032836914,7.541349411010742,0.0,124.55778162914362,23040.0
-8.59119987487793,-16.201723098754883,7.610523700714111,0.0,204.4547721911522,23040.0
-8.776375770568848,-16.27267837524414,7.496302604675293,0.0,200.76954736138478,23040.0
-9.038910865783691,-16.64834976196289,7.609437942504883,0.0,117.91763738029636,23040.0
-8.764328956604004,-16.279443740844727,7.51511287689209,0.0,170.94846485217917,23040.0
-8.782527923583984,-16.28762435913086,7.505100727081299,0.0,196.13289992604103,23040.0
-8.940970420837402,-16.509979248046875,7.5690083503723145,0.0,116.27230882988613,23040.0
-9.049216270446777,-16.666553497314453,7.617340087890625,0.0,117.6113023860292,23040.0
-8.446136474609375,-16.173114776611328,7.726978778839111,0.0,234.32654391463842,23040.0
-8.703548431396484,-16.30997085571289,7.606422424316406,0.0,220.2902807120487,23040.0
-9.098577499389648,-16.60134506225586,7.502768516540527,0.0,115.71018181914924,23040.0
-8.846304893493652,-16.45427703857422,7.60797643661499,0.0,155.86436791149382,23040.0
-8.569893836975098,-16.22494888305664,7.6550517082214355,0.0,214.43826743750927,23040.0
-9.101439476013184,-16.67911720275879,7.577678680419922,0.0,126.66510612882486,23040.0
-8.898374557495117,-16.50711441040039,7.6087422370910645,0.0,122.92041267019182,23040.0
-8.80498218536377,-16.371612548828125,7.566630840301514,0.0,171.31426459591836,23040.0
-8.852766036987305,-16.543983459472656,7.691218852996826,0.0,140.86625660560216,23040.0
-9.235878944396973,-16.799846649169922,7.563969612121582,0.0,82.69024865483013,23040.0
-9.170747756958008,-16.666881561279297,7.496136665344238,0.0,103.41943285247449,23040.0
-9.188996315002441,-16.82147216796875,7.632474899291992,0.0,103.65661290645203,23040.0
-9.237910270690918,-16.83936309814453,7.601451396942139,0.0,79.69978840914804,23040.0
-9.091985702514648,-16.687244415283203,7.595259666442871,0.0,136.89802149152172,23040.0
-8.713489532470703,-16.47319221496582,7.759699821472168,0.0,166.05498430357608,23040.0
-8.895853996276855,-16.540809631347656,7.644954204559326,0.0,144.22087350883234,23040.0
-9.340825080871582,-16.87063217163086,7.529808044433594,0.0,104.35982005254587,23040.0
-9.063127517700195,-16.638425827026367,7.575301170349121,0.0,130.36070015427165,23040.0
-8.961873054504395,-16.54389762878418,7.582022666931152,0.0,162.54543061516247,23040.0
-8.835416793823242,-16.440366744995117,7.604949474334717,0.0,206.40972117289022,23040.0
-8.618950843811035,-16.257883071899414,7.638930797576904,0.0,220.92975296866328,23040.0
-8.763785362243652,-16.407745361328125,7.643956184387207,0.0,166.9266057893302,23040.0
-8.847992897033691,-16.471607208251953,7.623610973358154,0.0,163.81210879043996,23040.0
-8.441004753112793,-16.192848205566406,7.751840591430664,0.0,205.91134559333446,23040.0
-8.791824340820312,-16.398889541625977,7.6070637702941895,0.0,183.44273850374003,23040.0
-8.918594360351562,-16.500640869140625,7.582048416137695,0.0,163.83093956037519,23040.0
-8.8639554977417,-16.513002395629883,7.649047374725342,0.0,192.4336725589181,23040.0
-8.599727630615234,-16.24517250061035,7.645442485809326,0.0,212.72319451214338,23040.0
-8.798487663269043,-16.395830154418945,7.597343444824219,0.0,172.95675042191297,23040.0
-8.821183204650879,-16.430269241333008,7.609081268310547,0.0,182.22833477952088,23040.0
-8.653019905090332,-16.368885040283203,7.715861797332764,0.0,204.6793562284782,23040.0
-8.750812530517578,-16.437084197998047,7.686269283294678,0.0,192.88381408192018,23040.0
-8.886159896850586,-16.39518928527832,7.509026527404785,0.0,183.6919233072771,23040.0
-8.932811737060547,-16.50298309326172,7.570174217224121,0.0,163.11392178020523,23040.0
-8.942910194396973,-16.501615524291992,7.558700084686279,0.0,151.38320434289892,23040.0
-9.035173416137695,-16.504701614379883,7.4695305824279785,0.0,193.32445696469208,23040.0
-8.902118682861328,-16.4224796295166,7.520364761352539,0.0,191.82260211536925,23040.0
-8.81322193145752,-16.417123794555664,7.6038994789123535,0.0,148.5194702776084,23040.0
-8.657490730285645,-16.256336212158203,7.598843574523926,0.0,205.32168599807244,23040.0
-8.59496021270752,-16.112016677856445,7.517055988311768,0.0,218.5143403791465,23040.0
-9.059100151062012,-16.576261520385742,7.517163276672363,0.0,130.07818556485856,23040.0
-8.849685668945312,-16.371355056762695,7.521676063537598,0.0,190.35922397029051,23040.0
-8.318098068237305,-15.942012786865234,7.623917102813721,0.0,259.06928699919473,23040.0
-9.101317405700684,-16.61247444152832,7.5111517906188965,0.0,146.2104082685004,23040.0
-8.922624588012695,-16.436222076416016,7.513598442077637,0.0,172.66474300050146,23040.0
-8.598976135253906,-16.11171531677246,7.512737274169922,0.0,248.93484861785578,23040.0
-8.974706649780273,-16.473474502563477,7.498764991760254,0.0,126.9963142770341,23040.0
-9.097396850585938,-16.639636993408203,7.542239189147949,0.0,126.92056272918141,23040.0
-8.606826782226562,-16.159212112426758,7.552388668060303,0.0,222.72663857211813,23040.0
-9.08769416809082,-16.51946258544922,7.431764125823975,0.0,140.13106043711198,23040.0
-9.0696382522583,-16.570648193359375,7.501008987426758,0.0,118.72581050217556,23040.0
-8.812987327575684,-16.302751541137695,7.489765644073486,0.0,169.38787350249612,23040.0
-8.877141952514648,-16.440704345703125,7.563561916351318,0.0,157.50371282142603,23040.0
-9.023740768432617,-16.542816162109375,7.519076824188232,0.0,139.31709768399685,23040.0
-8.727161407470703,-16.31058120727539,7.583424091339111,0.0,170.16413530716108,23040.0
-9.111909866333008,-16.626110076904297,7.514200687408447,0.0,154.6066676472313,23040.0
-9.074056625366211,-16.61119842529297,7.537140369415283,0.0,147.76206004603233,23040.0
-8.921974182128906,-16.493375778198242,7.571402549743652,0.0,146.082758637788,23040.0
-8.990286827087402,-16.711042404174805,7.720753192901611,0.0,154.53480781862766,23040.0
-8.917317390441895,-16.554861068725586,7.637542724609375,0.0,146.11698399039793,23040.0
-9.074532508850098,-16.652502059936523,7.5779709815979,0.0,141.0014148983892,23040.0
-9.046943664550781,-16.677011489868164,7.630072593688965,0.0,169.49531242867783,23040.0
-8.2542142868042,-16.047990798950195,7.793776512145996,0.0,216.05358993637654,23040.0
-9.120732307434082,-16.686023712158203,7.565290451049805,0.0,156.18476264073874,23040.0
-8.955798149108887,-16.5501651763916,7.594368934631348,0.0,172.83019705809832,23040.0
-8.666037559509277,-16.320079803466797,7.6540446281433105,0.0,190.78335136746387,23040.0
-8.804794311523438,-16.527135848999023,7.722342491149902,0.0,181.44114557320867,23040.0
-8.922649383544922,-16.59778594970703,7.675136089324951,0.0,178.9200559803352,23040.0
-8.457887649536133,-16.17867088317871,7.720783710479736,0.0,233.92739376829863,23040.0
-8.674562454223633,-16.37961769104004,7.705063343048096,0.0,201.19409238222605,23040.0
-9.02309513092041,-16.623573303222656,7.600479602813721,0.0,166.2657160186355,23040.0
-8.893162727355957,-16.48583984375,7.592675685882568,0.0,191.75192410903998,23040.0
-8.589056015014648,-16.420793533325195,7.83173942565918,0.0,203.68639499980225,23040.0
-9.068022727966309,-16.670392990112305,7.602372169494629,0.0,153.74768259791452,23040.0
-9.083313941955566,-16.72179412841797,7.638480186462402,0.0,148.75073685289914,23040.0
-8.74691104888916,-16.43041229248047,7.683506488800049,0.0,171.32502553954438,23040.0
-8.197104454040527,-16.03876304626465,7.841656684875488,0.0,183.94644903107562,23040.0
-9.10049819946289,-16.674636840820312,7.574136734008789,0.0,127.07975902414155,23040.0
-8.871338844299316,-16.40163230895996,7.5302958488464355,0.0,185.50501397015336,23040.0
-8.902786254882812,-16.493806838989258,7.5910210609436035,0.0,160.98117008377204,23040.0
-9.300202369689941,-16.879880905151367,7.579684734344482,0.0,96.29023660716831,23040.0
-8.830283164978027,-16.48107147216797,7.650786876678467,0.0,169.7506491163466,23040.0
-8.5283784866333,-16.257991790771484,7.7296142578125,0.0,190.03137261180873,23040.0
-8.992010116577148,-16.602996826171875,7.610987186431885,0.0,68.04099736021199,23040.0
-8.872061729431152,-16.370798110961914,7.498734474182129,0.0,188.85054036635373,23040.0
-9.146608352661133,-16.65688705444336,7.510282516479492,0.0,151.33165658344842,23040.0
-9.105110168457031,-16.77229881286621,7.66718864440918,0.0,55.20217831038437,23040.0
-8.528429985046387,-16.391447067260742,7.863016605377197,0.0,197.72038414933806,23040.0
-8.21855640411377,-15.993546485900879,7.774990558624268,0.0,247.22677813948815,23040.0
-9.029666900634766,-16.615156173706055,7.5854878425598145,0.0,93.47773439742129,23040.0
-8.651269912719727,-16.177410125732422,7.526135444641113,0.0,210.08746718522548,23040.0
-8.85377025604248,-16.51004409790039,7.656275272369385,0.0,161.20419672715863,23040.0
-9.15850830078125,-16.669307708740234,7.510797023773193,0.0,94.37819537286875,23040.0
-8.207015991210938,-16.07857322692871,7.871561527252197,0.0,266.09823164504934,23040.0
-8.07939338684082,-15.833001136779785,7.753612041473389,0.0,256.4648200226426,23040.0
-9.106225967407227,-16.678585052490234,7.572356700897217,0.0,86.91760613817831,23040.0
-8.487570762634277,-16.100439071655273,7.612864971160889,0.0,226.1892824087734,23040.0
-9.066946029663086,-16.57291030883789,7.505964279174805,0.0,156.07227081126817,23040.0
-9.037939071655273,-16.60219955444336,7.564263343811035,0.0,118.53845161300289,23040.0
-8.579716682434082,-16.17619514465332,7.596477031707764,0.0,205.63435233106594,23040.0
-8.82044792175293,-16.434429168701172,7.61398458480835,0.0,163.82856950590212,23040.0
-8.893123626708984,-16.453662872314453,7.560543537139893,0.0,136.9195758140417,23040.0
-8.897355079650879,-16.491973876953125,7.594619274139404,0.0,165.84939483832588,23040.0
-8.923377990722656,-16.41642189025879,7.49303674697876,0.0,129.1768927420292,23040.0
-8.90569019317627,-16.421794891357422,7.516103744506836,0.0,150.02791421070134,23040.0
-9.158280372619629,-16.679580688476562,7.521296501159668,0.0,139.65412717007848,23040.0
-9.085233688354492,-16.68944549560547,7.604207515716553,0.0,123.6358268087616,23040.0
-8.913046836853027,-16.48489761352539,7.5718512535095215,0.0,156.37083816387974,23040.0
-9.14881706237793,-16.71910858154297,7.570296287536621,0.0,110.95666339296437,23040.0
-9.1535062789917,-16.67829132080078,7.524792671203613,0.0,128.54898682026743,23040.0
-9.092092514038086,-16.64982032775879,7.557724475860596,0.0,130.40326815048527,23040.0
-9.095548629760742,-16.762210845947266,7.666660785675049,0.0,120.50650450234019,23040.0
-8.89132308959961,-16.521278381347656,7.629959583282471,0.0,134.54483670630015,23040.0
-9.074491500854492,-16.717151641845703,7.642662048339844,0.0,134.98519015807477,23040.0
-8.944644927978516,-16.592641830444336,7.647999286651611,0.0,90.26375182017836,23040.0
-9.153818130493164,-16.74212074279785,7.588298320770264,0.0,96.86846682121669,23040.0
-9.265515327453613,-16.88509750366211,7.619576454162598,0.0,133.34240778260818,23040.0
-9.178345680236816,-16.843732833862305,7.66539192199707,0.0,101.85623119945745,23040.0
-9.241415023803711,-16.935026168823242,7.693606376647949,0.0,83.07440815916654,23040.0
-9.124360084533691,-16.755796432495117,7.631435871124268,0.0,125.20846767669985,23040.0
-9.192468643188477,-16.794511795043945,7.602044105529785,0.0,112.18941889941021,23040.0
-9.268159866333008,-16.96031379699707,7.692149639129639,0.0,84.14076162477224,23040.0
-9.017647743225098,-16.663848876953125,7.646201133728027,0.0,108.19175588255989,23040.0
-9.348140716552734,-17.020828247070312,7.672693729400635,0.0,98.52766860383305,23040.0
-9.113471984863281,-16.82082748413086,7.7073588371276855,0.0,95.47624082736908,23040.0
-9.214751243591309,-16.894411087036133,7.679656982421875,0.0,92.608019185114,23040.0
-9.259173393249512,-16.924598693847656,7.665424823760986,0.0,87.29506893548978,23040.0
-9.329397201538086,-16.928512573242188,7.599110126495361,0.0,96.81740782633284,23040.0
-9.3717622756958,-16.993711471557617,7.621943473815918,0.0,100.88427156525874,23040.0
-9.214444160461426,-16.912309646606445,7.697868347167969,0.0,127.01845645221498,23040.0
-9.151419639587402,-16.88706398010254,7.735645294189453,0.0,130.17301990812547,23040.0
-9.237401962280273,-16.872047424316406,7.634645462036133,0.0,106.82978771972243,23040.0
-9.242928504943848,-16.914899826049805,7.671966075897217,0.0,113.98149088824431,23040.0
-9.333772659301758,-17.007749557495117,7.67397403717041,0.0,95.0124587140755,23040.0
-9.32945728302002,-17.018129348754883,7.688665866851807,0.0,110.3544503938363,23040.0
-9.32471752166748,-16.95339012145996,7.628674507141113,0.0,146.16313073730817,23040.0
-8.966546058654785,-16.693143844604492,7.726597785949707,0.0,145.61795352202273,23040.0
-9.21129322052002,-16.882307052612305,7.671009540557861,0.0,104.07636025714301,23040.0
-9.387679100036621,-17.031970977783203,7.6442999839782715,0.0,59.685212493152704,23040.0
-9.407172203063965,-17.072650909423828,7.665477275848389,0.0,120.23493881528024,23040.0
-8.628921508789062,-16.454450607299805,7.825524806976318,0.0,191.14184698740124,23040.0
-8.967008590698242,-16.61360740661621,7.6465983390808105,0.0,187.08272231993737,23040.0
-9.222596168518066,-16.773691177368164,7.551100730895996,0.0,149.623357479913,23040.0
-9.138557434082031,-16.719606399536133,7.581051349639893,0.0,161.088484421138,23040.0
-9.005435943603516,-16.665983200073242,7.660545349121094,0.0,164.1466999481101,23040.0
-9.042092323303223,-16.7676944732666,7.725602149963379,0.0,136.51278223751405,23040.0
-9.12887191772461,-16.870471954345703,7.741595268249512,0.0,148.8215695966832,23040.0
-8.788237571716309,-16.5738582611084,7.785624980926514,0.0,218.69028231542677,23040.0
-8.984379768371582,-16.700685501098633,7.71630859375,0.0,184.39417604215154,23040.0
-9.124665260314941,-16.799455642700195,7.674793720245361,0.0,100.70360069589097,23040.0
-9.221688270568848,-16.847827911376953,7.626143455505371,0.0,123.39599760356202,23040.0
-9.008923530578613,-16.711868286132812,7.702942371368408,0.0,161.31291671133036,23040.0
-9.215760231018066,-16.867799758911133,7.652039051055908,0.0,122.93215014691332,23040.0
-9.352516174316406,-17.036134719848633,7.683619022369385,0.0,109.59511460851922,23040.0
-9.17538070678711,-16.857036590576172,7.681657791137695,0.0,157.8789035232103,23040.0
-9.087660789489746,-16.670391082763672,7.582728862762451,0.0,145.48745774388595,23040.0
-9.302616119384766,-16.869728088378906,7.567112922668457,0.0,87.06718515357704,23040.0
-9.01063060760498,-16.67198944091797,7.661351680755615,0.0,131.3114366872212,23040.0
-9.17940616607666,-16.800905227661133,7.621502876281738,0.0,148.0598359197099,23040.0
-9.229236602783203,-16.869020462036133,7.639785289764404,0.0,104.00251653197887,23040.0
-9.163228034973145,-16.727643966674805,7.564419269561768,0.0,129.15000842663568,23040.0
-9.124011039733887,-16.727636337280273,7.603629112243652,0.0,144.47534209319412,23040.0
-9.316187858581543,-16.962770462036133,7.646582126617432,0.0,104.64645642964551,23040.0
-9.263673782348633,-16.91525650024414,7.651577472686768,0.0,116.52496572242674,23040.0
-9.109859466552734,-16.731021881103516,7.621162414550781,0.0,170.6907638350063,23040.0
-9.076068878173828,-16.784332275390625,7.708258152008057,0.0,146.47941430250765,23040.0
-9.231758117675781,-16.812339782714844,7.580581188201904,0.0,87.47280609357684,23040.0
-9.298918724060059,-16.890098571777344,7.5911784172058105,0.0,132.7922405184384,23040.0
-9.04320240020752,-16.690174102783203,7.646969318389893,0.0,155.3851889812924,23040.0
-9.18494701385498,-16.898881912231445,7.713935852050781,0.0,145.60388279994353,23040.0
-9.22877025604248,-16.89722442626953,7.668452262878418,0.0,133.11689024673575,23040.0
-9.069470405578613,-16.71778678894043,7.648312568664551,0.0,139.81863135930092,23040.0
-9.210875511169434,-16.87290382385254,7.662027835845947,0.0,104.53954321970161,23040.0
-9.30760669708252,-16.858675003051758,7.551071643829346,0.0,95.06469012997584,23040.0
-9.279561042785645,-16.882427215576172,7.60286808013916,0.0,119.52354779320065,23040.0
-9.40412712097168,-17.014230728149414,7.610105514526367,0.0,102.46030787697771,23040.0
-9.361078262329102,-17.046112060546875,7.685029983520508,0.0,97.63735467678784,23040.0
-9.3207426071167,-17.0327091217041,7.711968421936035,0.0,111.95482173730937,23040.0
-9.270882606506348,-16.97769546508789,7.706812381744385,0.0,127.38619601579047,23040.0
-9.299203872680664,-16.99270248413086,7.693499565124512,0.0,97.28505912291497,23040.0
-8.896764755249023,-16.53622055053711,7.639455318450928,0.0,141.31401702480474,23040.0
-9.04463005065918,-16.619361877441406,7.57473087310791,0.0,168.59531390998035,23040.0
-8.986794471740723,-16.719696044921875,7.732901573181152,0.0,145.55416501168452,23040.0
-9.237676620483398,-16.876951217651367,7.639277458190918,0.0,133.56396044487934,23040.0
-9.005144119262695,-16.743497848510742,7.738353729248047,0.0,139.30760085590873,23040.0
-9.205892562866211,-16.862394332885742,7.656498908996582,0.0,180.3440155386483,23040.0
-8.866355895996094,-16.475582122802734,7.609222412109375,0.0,228.2739612055285,23040.0
-8.916711807250977,-16.64706802368164,7.730355262756348,0.0,225.28257086184738,23040.0
-8.948651313781738,-16.757204055786133,7.808551788330078,0.0,145.76620972422498,23040.0
-9.194815635681152,-16.79517936706543,7.600360870361328,0.0,161.46427274093944,23040.0
-8.698088645935059,-16.38025665283203,7.6821722984313965,0.0,253.07141752325404,23040.0
-8.676448822021484,-16.40789222717285,7.731449604034424,0.0,251.24050812307195,23040.0
-8.991240501403809,-16.7166805267334,7.72544002532959,0.0,165.37988208387608,23040.0
-8.819497108459473,-16.449371337890625,7.62987756729126,0.0,227.42637156664682,23040.0
-8.58126163482666,-16.251468658447266,7.670206069946289,0.0,265.96420125273477,23040.0
-9.052756309509277,-16.613636016845703,7.560882091522217,0.0,191.26728591904134,23040.0
-8.962075233459473,-16.494258880615234,7.5321879386901855,0.0,168.71369499071955,23040.0
-8.844518661499023,-16.440401077270508,7.595883369445801,0.0,233.39465471201356,23040.0
-9.048781394958496,-16.61825942993164,7.569477081298828,0.0,197.85514857171324,23040.0
-9.10731029510498,-16.67074966430664,7.563438415527344,0.0,163.63544211716484,23040.0
-8.861881256103516,-16.46945571899414,7.607580661773682,0.0,192.95805190566253,23040.0
-9.093056678771973,-16.65305519104004,7.559995651245117,0.0,159.49090573498327,23040.0
-9.103849411010742,-16.67104148864746,7.567197799682617,0.0,160.08468000423517,23040.0
-9.04719352722168,-16.56671905517578,7.519522666931152,0.0,208.78834210355961,23040.0
-9.0955810546875,-16.70510482788086,7.609522342681885,0.0,193.3839735368258,23040.0
-9.280369758605957,-16.811538696289062,7.531169414520264,0.0,121.95647521252393,23040.0
-9.196534156799316,-16.80960464477539,7.61307430267334,0.0,137.77996952060758,23040.0
-9.222983360290527,-16.69390106201172,7.47091817855835,0.0,161.28432338848356,23040.0
-9.116844177246094,-16.64969253540039,7.532846927642822,0.0,147.1055870903146,23040.0
-9.13465690612793,-16.71837615966797,7.583720684051514,0.0,102.5748336265493,23040.0
-9.139381408691406,-16.827390670776367,7.688008785247803,0.0,106.75649065306129,23040.0
-9.045889854431152,-16.725921630859375,7.68002986907959,0.0,171.9183835037985,23040.0
-9.143078804016113,-16.762514114379883,7.619439125061035,0.0,168.48793073145384,23040.0
-9.00200080871582,-16.62095832824707,7.618954181671143,0.0,130.93786902977388,23040.0
-9.488834381103516,-16.990894317626953,7.502058982849121,0.0,91.23418516493957,23040.0
-9.11473560333252,-16.7340030670166,7.6192708015441895,0.0,159.34667997279217,23040.0
-9.170218467712402,-16.83240509033203,7.662187576293945,0.0,116.39723620967922,23040.0
-9.451042175292969,-17.06656837463379,7.615529537200928,0.0,77.94577931954106,23040.0
-9.239974975585938,-16.8801212310791,7.640148162841797,0.0,167.58278090331515,23040.0
-8.701720237731934,-16.366912841796875,7.665192127227783,0.0,254.4614388356377,23040.0
-8.622684478759766,-16.4389705657959,7.8162841796875,0.0,249.71528388546574,23040.0
-9.192399024963379,-16.91543960571289,7.723048210144043,0.0,144.8635876015083,23040.0
-9.46290397644043,-17.030637741088867,7.5677361488342285,0.0,89.03132390908507,23040.0
-9.170812606811523,-16.789731979370117,7.618921756744385,0.0,161.00270135642037,23040.0
-9.034065246582031,-16.685760498046875,7.651695251464844,0.0,197.09017156404852,23040.0
-9.099807739257812,-16.762006759643555,7.6621994972229,0.0,158.67905678350408,23040.0
-9.24537467956543,-16.873640060424805,7.628262519836426,0.0,138.45302431901067,23040.0
-9.342061042785645,-16.937973022460938,7.595910549163818,0.0,126.12124732211358,23040.0
-9.045899391174316,-16.739845275878906,7.693946838378906,0.0,165.11752958982973,23040.0
-8.51292610168457,-16.369787216186523,7.856856822967529,0.0,224.41171054171036,23040.0
-8.911934852600098,-16.5169677734375,7.605031967163086,0.0,196.80070978307862,23040.0
-9.316628456115723,-16.904172897338867,7.587543964385986,0.0,160.66738243320364,23040.0
-9.110334396362305,-16.807729721069336,7.697399139404297,0.0,150.75935610257687,23040.0
-9.016088485717773,-16.763456344604492,7.747367858886719,0.0,133.33760060108935,23040.0
-9.303725242614746,-16.96961784362793,7.665892124176025,0.0,152.66038176703557,23040.0
-9.173041343688965,-16.842750549316406,7.6697096824646,0.0,154.31801852586102,23040.0
-9.38807487487793,-17.025463104248047,7.637392044067383,0.0,123.68431835227521,23040.0
-9.204133033752441,-16.907377243041992,7.703246593475342,0.0,164.19762967078026,23040.0
-9.012614250183105,-16.626861572265625,7.614242076873779,0.0,201.37349613629308,23040.0
-8.993886947631836,-16.61188507080078,7.61800479888916,0.0,194.9280832594688,23040.0
-9.16426944732666,-16.772266387939453,7.6079936027526855,0.0,148.8822198451696,23040.0
-9.313750267028809,-16.91645050048828,7.602699279785156,0.0,128.99371543045896,23040.0
-9.137170791625977,-16.784521102905273,7.6473517417907715,0.0,208.33916664177656,23040.0
-9.053890228271484,-16.698486328125,7.6446003913879395,0.0,195.09894731157792,23040.0
-9.24886703491211,-16.848840713500977,7.599972248077393,0.0,144.46922861317742,23040.0
-9.291704177856445,-16.970592498779297,7.678887367248535,0.0,103.286099122823,23040.0
-9.234298706054688,-16.871068954467773,7.636771202087402,0.0,142.5315853995028,23040.0
-9.334322929382324,-16.981416702270508,7.647096157073975,0.0,144.0597962944508,23040.0
-9.194866180419922,-16.874629974365234,7.6797614097595215,0.0,108.69652721222324,23040.0
-9.386062622070312,-16.98345947265625,7.59739875793457,0.0,97.36099486891204,23040.0
-9.416678428649902,-17.006755828857422,7.590077877044678,0.0,110.69289172366537,23040.0
-9.347371101379395,-16.983827590942383,7.63646125793457,0.0,114.42760794302956,23040.0
-9.177815437316895,-16.827890396118164,7.650075435638428,0.0,131.57790684204534,23040.0
-9.301970481872559,-16.95387840270996,7.6519083976745605,0.0,128.8882870423925,23040.0
-9.532577514648438,-17.217803955078125,7.685227394104004,0.0,94.16874684672264,23040.0
-9.441733360290527,-17.061351776123047,7.619626045227051,0.0,89.25438392065222,23040.0
-9.39250659942627,-17.06118392944336,7.668674945831299,0.0,111.67246635634042,23040.0
-9.411066055297852,-17.027332305908203,7.6162638664245605,0.0,108.6624426261054,23040.0
-9.423310279846191,-17.12289810180664,7.699586868286133,0.0,63.10019736792468,23040.0
-9.432384490966797,-17.135276794433594,7.702896595001221,0.0,91.40288607978428,23040.0
-9.478900909423828,-17.088064193725586,7.60915994644165,0.0,132.62475031328273,23040.0
-9.208213806152344,-16.84105110168457,7.632841110229492,0.0,133.66457223820186,23040.0
-9.422277450561523,-17.058225631713867,7.635948181152344,0.0,123.5517190764118,23040.0
-9.255696296691895,-16.919843673706055,7.664153575897217,0.0,117.92936273353556,23040.0
-9.28937816619873,-17.052295684814453,7.762913227081299,0.0,131.197814850908,23040.0
-9.227582931518555,-16.949668884277344,7.722084999084473,0.0,139.7165174017067,23040.0
-9.275896072387695,-17.011674880981445,7.735775947570801,0.0,151.61910154458673,23040.0
-9.208638191223145,-16.912675857543945,7.704037666320801,0.0,162.4201660427579,23040.0
-9.259782791137695,-16.868919372558594,7.609134197235107,0.0,159.68465580645767,23040.0
-9.199956893920898,-16.88918113708496,7.689223289489746,0.0,146.465900696516,23040.0
-9.201810836791992,-16.95907974243164,7.757269859313965,0.0,128.974880293411,23040.0
-8.867860794067383,-16.796321868896484,7.9284586906433105,0.0,192.93995780520956,23040.0
-8.564932823181152,-16.3592586517334,7.7943339347839355,0.0,286.0476905548305,23040.0
-8.810738563537598,-16.47530746459961,7.6645731925964355,0.0,225.55086642104084,23040.0
-8.994318008422852,-16.57425880432129,7.579946517944336,0.0,193.63057950981363,23040.0
-9.213927268981934,-16.837352752685547,7.623425483703613,0.0,138.94837461863042,23040.0
-8.70486831665039,-16.420637130737305,7.71577262878418,0.0,229.64232385713714,23040.0
-8.874430656433105,-16.525211334228516,7.650781154632568,0.0,251.97523418223514,23040.0
-8.928112983703613,-16.55783462524414,7.6297221183776855,0.0,188.38383490160268,23040.0
-8.986580848693848,-16.649505615234375,7.662930488586426,0.0,157.27006806993353,23040.0
-8.622040748596191,-16.328655242919922,7.7066121101379395,0.0,239.13324366586284,23040.0
-8.847875595092773,-16.487871170043945,7.639997482299805,0.0,217.16976062798432,23040.0
-8.850152015686035,-16.554019927978516,7.703873157501221,0.0,143.62731117240352,23040.0
-8.967141151428223,-16.603818893432617,7.636683464050293,0.0,190.92712087841417,23040.0
-8.874245643615723,-16.4948787689209,7.620631694793701,0.0,228.75908181437367,23040.0
-9.143437385559082,-16.737598419189453,7.594158172607422,0.0,149.07924430146315,23040.0
-9.02719497680664,-16.63759422302246,7.610397815704346,0.0,156.69767871996447,23040.0
-8.873608589172363,-16.48039436340332,7.606790542602539,0.0,243.52918672362966,23040.0
-8.896044731140137,-16.45317268371582,7.557127475738525,0.0,211.80313851512298,23040.0
-9.241414070129395,-16.770862579345703,7.52944803237915,0.0,98.47234521832794,23040.0
-8.74639892578125,-16.415258407592773,7.668858528137207,0.0,222.19710669819864,23040.0
-8.6251802444458,-16.281965255737305,7.656784534454346,0.0,242.03434864374492,23040.0
-9.249146461486816,-16.871782302856445,7.622637748718262,0.0,108.21225498062087,23040.0
-9.048223495483398,-16.734912872314453,7.6866888999938965,0.0,175.03759526156358,23040.0
-8.646507263183594,-16.38250732421875,7.736002445220947,0.0,255.7506144431671,23040.0
-9.111821174621582,-16.64600944519043,7.534189701080322,0.0,174.4725642614125,23040.0
-9.063857078552246,-16.68545150756836,7.621594429016113,0.0,134.34910833386664,23040.0
-8.905294418334961,-16.60173797607422,7.696443557739258,0.0,183.70273115424246,23040.0
-9.115082740783691,-16.766265869140625,7.651179313659668,0.0,158.7632144781845,23040.0
-9.166518211364746,-16.78685188293457,7.6203293800354,0.0,135.16878024848245,23040.0
-9.176533699035645,-16.76982879638672,7.593294143676758,0.0,146.71224179162206,23040.0
-9.45781135559082,-16.953210830688477,7.495396614074707,0.0,137.32731773156073,23040.0
-9.23935317993164,-16.80148696899414,7.562137126922607,0.0,110.83188354397542,23040.0
-9.124570846557617,-16.84300994873047,7.718443393707275,0.0,143.19792869119718,23040.0
-9.343345642089844,-16.996166229248047,7.652823448181152,0.0,124.7190963732958,23040.0
-9.397332191467285,-17.05084800720215,7.653514385223389,0.0,110.82900574372267,23040.0
-9.115290641784668,-16.774900436401367,7.65961217880249,0.0,125.19039830400912,23040.0
-9.324258804321289,-16.981000900268555,7.656742572784424,0.0,137.72275891857845,23040.0
-9.0993070602417,-16.723114013671875,7.62380838394165,0.0,144.0576774196827,23040.0
-9.349077224731445,-17.028608322143555,7.679530620574951,0.0,136.597911975161,23040.0
-9.322549819946289,-17.032270431518555,7.709724426269531,0.0,102.33703356133127,23040.0
-9.366337776184082,-17.048234939575195,7.681894302368164,0.0,142.14661056211676,23040.0
-9.22213077545166,-16.83803939819336,7.615910530090332,0.0,169.73380238003753,23040.0
-9.402119636535645,-17.059873580932617,7.65775203704834,0.0,104.112546630527,23040.0
-9.456818580627441,-17.002473831176758,7.545657157897949,0.0,67.06864889373257,23040.0
-9.129026412963867,-16.812381744384766,7.683353900909424,0.0,172.62423508397836,23040.0
-9.162927627563477,-16.852893829345703,7.689966678619385,0.0,164.42581576179379,23040.0
-9.152497291564941,-16.90685272216797,7.754354000091553,0.0,110.17788881554208,23040.0
-9.317137718200684,-17.040231704711914,7.7230916023254395,0.0,72.30902306585224,23040.0
-9.236797332763672,-16.944992065429688,7.708194255828857,0.0,139.88643566625123,23040.0
-9.030301094055176,-16.72390365600586,7.693599224090576,0.0,177.18018442545068,23040.0
-9.248870849609375,-16.935150146484375,7.686276435852051,0.0,143.71921292418014,23040.0
-9.569360733032227,-17.16825294494629,7.5988898277282715,0.0,125.40193742908534,23040.0
-9.419235229492188,-17.02341079711914,7.604169845581055,0.0,152.14199497378362,23040.0
-9.167667388916016,-16.879846572875977,7.712177753448486,0.0,166.8131169482075,23040.0
-9.573064804077148,-17.17696189880371,7.603902339935303,0.0,114.6034857876849,23040.0
-9.347634315490723,-17.04819107055664,7.700559616088867,0.0,96.91232934474638,23040.0
-9.218063354492188,-16.89012336730957,7.67205810546875,0.0,152.59930249106907,23040.0
-9.099527359008789,-16.875865936279297,7.776339530944824,0.0,189.02426007826708,23040.0
-9.384364128112793,-17.055482864379883,7.67111873626709,0.0,129.94683788520408,23040.0
-9.383069038391113,-17.07266616821289,7.689594745635986,0.0,114.9810906575988,23040.0
-9.263140678405762,-16.99542999267578,7.732295513153076,0.0,135.2668797723029,23040.0
-9.123933792114258,-16.82128143310547,7.697348594665527,0.0,187.03022916570427,23040.0
-9.386844635009766,-17.02419090270996,7.6373467445373535,0.0,147.9282007872956,23040.0
-9.39293098449707,-17.008577346801758,7.615642070770264,0.0,121.73887583326506,23040.0
-9.319849014282227,-17.023658752441406,7.703813552856445,0.0,133.87501153619627,23040.0
-9.247282981872559,-17.017946243286133,7.770658493041992,0.0,156.61281951747821,23040.0
-9.424712181091309,-17.073984146118164,7.649266719818115,0.0,141.2105139096199,23040.0
-9.211807250976562,-16.877161026000977,7.665355205535889,0.0,128.59047747258998,23040.0
-9.161528587341309,-16.851049423217773,7.68951940536499,0.0,133.76544325288623,23040.0
-9.399672508239746,-17.03453826904297,7.63486385345459,0.0,114.47968126292896,23040.0
-9.46807861328125,-17.127986907958984,7.659910678863525,0.0,85.34904489107997,23040.0
-9.178550720214844,-17.00223159790039,7.823681831359863,0.0,115.27028843859924,23040.0
-8.91932487487793,-16.702472686767578,7.783148765563965,0.0,191.5822537737929,23040.0
-9.217321395874023,-16.876514434814453,7.6591925621032715,0.0,143.6019912592296,23040.0
-9.255663871765137,-16.89617919921875,7.640515327453613,0.0,117.8812951772073,23040.0
-9.380863189697266,-17.04135513305664,7.660490036010742,0.0,105.04834234677338,23040.0
-9.00033187866211,-16.7842960357666,7.783972263336182,0.0,165.6601000832526,23040.0
-9.343523025512695,-17.017837524414062,7.674319267272949,0.0,141.61276031037534,23040.0
-9.467374801635742,-17.139312744140625,7.671942234039307,0.0,109.28669262178246,23040.0
-9.175329208374023,-16.955463409423828,7.780133247375488,0.0,176.73896561984608,23040.0
-8.395599365234375,-16.277376174926758,7.881776809692383,0.0,257.86192309754523,23040.0
-9.241377830505371,-16.84986686706543,7.608489513397217,0.0,157.46741521138233,23040.0
-9.438389778137207,-17.05596351623535,7.617574691772461,0.0,116.69187942888026,23040.0
-9.241652488708496,-16.879894256591797,7.638239860534668,0.0,171.0038913438235,23040.0
-8.869658470153809,-16.71687889099121,7.847218990325928,0.0,205.8397293710178,23040.0
-8.949658393859863,-16.706592559814453,7.756935119628906,0.0,194.98381824586735,23040.0
-9.425209999084473,-17.018800735473633,7.593594074249268,0.0,128.41384135573796,23040.0
-9.454184532165527,-17.130714416503906,7.676535606384277,0.0,101.34192619479268,23040.0
-9.256532669067383,-16.908647537231445,7.652112007141113,0.0,125.1884507862627,23040.0
-9.363890647888184,-16.968957901000977,7.605071544647217,0.0,148.00659561386098,23040.0
-9.270105361938477,-16.88065528869629,7.6105475425720215,0.0,144.85667803670748,23040.0
-9.337098121643066,-17.07169532775879,7.7346014976501465,0.0,144.78116263360968,23040.0
-9.358894348144531,-17.055116653442383,7.6962199211120605,0.0,94.6747991872758,23040.0
-9.339353561401367,-16.993013381958008,7.6536641120910645,0.0,123.00325995772158,23040.0
-9.304399490356445,-16.92583465576172,7.621429920196533,0.0,146.45163108228735,23040.0
-9.371829986572266,-17.016767501831055,7.644937515258789,0.0,133.07718966987235,23040.0
-9.444560050964355,-17.085264205932617,7.640703201293945,0.0,82.20434449485319,23040.0
-9.462652206420898,-17.057525634765625,7.594874858856201,0.0,151.39336404535948,23040.0
-9.164570808410645,-16.812353134155273,7.647785663604736,0.0,189.15322542336614,23040.0
-9.252889633178711,-16.94815444946289,7.695260047912598,0.0,156.72712848040626,23040.0
-9.259689331054688,-16.95132064819336,7.691630840301514,0.0,120.67907136271518,23040.0
-9.281706809997559,-16.99021339416504,7.708507537841797,0.0,147.57365628341392,23040.0
-8.964338302612305,-16.76772117614746,7.803384780883789,0.0,197.2090106272987,23040.0
-8.937193870544434,-16.722564697265625,7.785369873046875,0.0,220.78330950015527,23040.0
-9.042657852172852,-16.73337173461914,7.690713882446289,0.0,192.20906904234303,23040.0
-8.932682991027832,-16.80493927001953,7.872258186340332,0.0,150.08687874477806,23040.0
-9.184090614318848,-16.835159301757812,7.651068687438965,0.0,168.61527176359124,23040.0
-9.045920372009277,-16.77050018310547,7.724579334259033,0.0,186.11122056932,23040.0
-9.013907432556152,-16.696792602539062,7.682884216308594,0.0,180.49277642440893,23040.0
-8.86709213256836,-16.66181182861328,7.794719696044922,0.0,200.54335727239095,23040.0
-9.18525218963623,-16.85750961303711,7.672258377075195,0.0,189.53732645178104,23040.0
-9.111529350280762,-16.768115997314453,7.656585693359375,0.0,171.85187366503192,23040.0
-9.15217113494873,-16.80034065246582,7.648169040679932,0.0,164.50244346109022,23040.0
-9.052732467651367,-16.72047996520996,7.667743682861328,0.0,169.87597409756427,23040.0
-9.148096084594727,-16.736207962036133,7.588118553161621,0.0,202.91015758514723,23040.0
-9.313257217407227,-16.85977554321289,7.546512126922607,0.0,161.44969848016996,23040.0
-9.29654312133789,-16.932737350463867,7.636194705963135,0.0,127.42698859705848,23040.0
-9.374653816223145,-16.970563888549805,7.5959086418151855,0.0,169.14787351461086,23040.0
-9.381797790527344,-16.970258712768555,7.588455677032471,0.0,132.9388496051598,23040.0
-9.535707473754883,-17.103452682495117,7.567739486694336,0.0,94.95264458574493,23040.0
-9.201008796691895,-16.82996368408203,7.628948211669922,0.0,173.64644791234554,23040.0
-9.419899940490723,-17.026323318481445,7.606429100036621,0.0,128.33646886710397,23040.0
-9.536659240722656,-17.203903198242188,7.667243957519531,0.0,73.18170523702932,23040.0
-9.353261947631836,-16.965320587158203,7.612058639526367,0.0,154.91061969167447,23040.0
-9.323381423950195,-16.982662200927734,7.659281253814697,0.0,150.48152994822325,23040.0
-9.62183952331543,-17.203081130981445,7.581242561340332,0.0,62.86956120290471,23040.0
-9.444808959960938,-17.096296310424805,7.651492118835449,0.0,126.25731369195059,23040.0
-9.437394142150879,-17.063703536987305,7.62631368637085,0.0,129.9175128391773,23040.0
-9.401347160339355,-17.082534790039062,7.681191444396973,0.0,95.52822096605492,23040.0
-9.067438125610352,-16.885923385620117,7.818484783172607,0.0,143.9827776888786,23040.0
-8.761600494384766,-16.53380584716797,7.772210597991943,0.0,261.46628126384957,23040.0
-9.133610725402832,-16.77853775024414,7.644923686981201,0.0,190.95643427501093,23040.0
-9.387797355651855,-16.992584228515625,7.604793071746826,0.0,141.67182603247792,23040.0
-8.952261924743652,-16.584877014160156,7.6326165199279785,0.0,209.3006341466803,23040.0
-8.548033714294434,-16.297595977783203,7.749557971954346,0.0,276.3076375065522,23040.0
-9.185761451721191,-16.912179946899414,7.726414680480957,0.0,173.40054198597133,23040.0
-9.318506240844727,-17.075197219848633,7.756692886352539,0.0,128.14077824073868,23040.0
-8.87582015991211,-16.61370086669922,7.73788595199585,0.0,242.58575664646617,23040.0
-8.86384391784668,-16.559057235717773,7.695211410522461,0.0,253.26616647059635,23040.0
-9.304186820983887,-17.02064323425293,7.7164530754089355,0.0,112.00854626851999,23040.0
-9.306371688842773,-17.01680564880371,7.7104363441467285,0.0,164.47821076371991,23040.0
-9.072615623474121,-16.739879608154297,7.667266368865967,0.0,222.83772650399288,23040.0
-9.379810333251953,-16.937665939331055,7.557854652404785,0.0,141.98658781990306,23040.0
-9.572928428649902,-17.086870193481445,7.513943672180176,0.0,116.77818197042113,23040.0
-9.024185180664062,-16.67923927307129,7.655053615570068,0.0,201.9822010733526,23040.0
-9.22459602355957,-16.903348922729492,7.678752899169922,0.0,136.04066283719794,23040.0
-9.311521530151367,-16.96685218811035,7.655336380004883,0.0,90.00683927975213,23040.0
-9.456265449523926,-17.027992248535156,7.571721076965332,0.0,161.53336120540936,23040.0
-9.343002319335938,-16.99397087097168,7.650968551635742,0.0,156.71820707590413,23040.0
-9.506205558776855,-17.213253021240234,7.707046985626221,0.0,108.94795169414266,23040.0
-9.596367835998535,-17.104700088500977,7.5083327293396,0.0,134.87172715098126,23040.0
-9.362540245056152,-17.036052703857422,7.673511505126953,0.0,162.55954716920002,23040.0
-9.332791328430176,-16.96160125732422,7.628814220428467,0.0,141.13424541494885,23040.0
-9.609179496765137,-17.165807723999023,7.556632995605469,0.0,110.84169418396824,23040.0
-9.355629920959473,-17.05921173095703,7.703579902648926,0.0,144.00731341524767,23040.0
-9.571374893188477,-17.198209762573242,7.626832485198975,0.0,123.65243546308531,23040.0
-9.37523365020752,-17.079044342041016,7.703814506530762,0.0,103.92452680370296,23040.0
-9.428646087646484,-17.179580688476562,7.750936031341553,0.0,123.061314037355,23040.0
-9.465279579162598,-17.174346923828125,7.709061622619629,0.0,147.41352769178727,23040.0
-9.447027206420898,-17.11084747314453,7.663819789886475,0.0,119.42490895347076,23040.0
-9.480652809143066,-17.191850662231445,7.7111945152282715,0.0,93.10779650258866,23040.0
-9.399962425231934,-17.080724716186523,7.6807684898376465,0.0,124.11415350732305,23040.0
-9.377132415771484,-17.10025405883789,7.723119258880615,0.0,169.5825825660147,23040.0
-9.374344825744629,-17.120283126831055,7.745941162109375,0.0,173.73365170731995,23040.0
-9.555209159851074,-17.199756622314453,7.644542217254639,0.0,147.73944603075358,23040.0
-9.548465728759766,-17.23723030090332,7.688767433166504,0.0,119.49324203715912,23040.0
-9.41171646118164,-17.125410079956055,7.713698863983154,0.0,127.06047382179568,23040.0
-9.39708423614502,-17.099990844726562,7.702910900115967,0.0,171.24938771467174,23040.0
-9.426697731018066,-17.132043838500977,7.705345153808594,0.0,184.1287962801704,23040.0
-9.104170799255371,-16.862247467041016,7.7580742835998535,0.0,138.4633697044492,23040.0
-9.34019660949707,-17.05721092224121,7.717018127441406,0.0,124.18706693248136,23040.0
-9.194416999816895,-16.917539596557617,7.723120212554932,0.0,179.72760651413788,23040.0
-9.418508529663086,-17.111072540283203,7.69256591796875,0.0,185.5017796283477,23040.0
-9.382390975952148,-17.073060989379883,7.690670967102051,0.0,115.58355464331967,23040.0
-9.425747871398926,-17.13359260559082,7.707845687866211,0.0,138.45873084328227,23040.0
-9.366402626037598,-17.119464874267578,7.753066062927246,0.0,179.35620952261385,23040.0
-9.536354064941406,-17.23138999938965,7.695037364959717,0.0,148.27622887162312,23040.0
-9.311318397521973,-17.026445388793945,7.715132713317871,0.0,148.71395486157522,23040.0
-8.898397445678711,-16.80508041381836,7.906686782836914,0.0,199.08545110117615,23040.0
-8.926018714904785,-16.721677780151367,7.795652866363525,0.0,188.98465311595814,23040.0
-9.547911643981934,-17.278242111206055,7.730327606201172,0.0,118.61268203598883,23040.0
-9.35450267791748,-17.062156677246094,7.707658767700195,0.0,146.27871073896696,23040.0
-8.934946060180664,-16.836977005004883,7.902033805847168,0.0,207.85518197481923,23040.0
-8.36636734008789,-16.355546951293945,7.9891791343688965,0.0,256.43842392146445,23040.0
-9.306804656982422,-16.93601417541504,7.629204750061035,0.0,192.60090747359726,23040.0
-9.408828735351562,-17.058460235595703,7.649631977081299,0.0,181.0776013666515,23040.0
-9.247133255004883,-16.985889434814453,7.738755226135254,0.0,185.36936616574428,23040.0
-9.196974754333496,-16.99605369567871,7.79907751083374,0.0,146.77927327425968,23040.0
-9.479914665222168,-17.148601531982422,7.668691158294678,0.0,154.34829931146564,23040.0
-9.075011253356934,-16.840391159057617,7.765379428863525,0.0,170.10686090699753,23040.0
-9.329605102539062,-16.941450119018555,7.611848831176758,0.0,138.9255724419942,23040.0
-9.647359848022461,-17.235084533691406,7.587723731994629,0.0,93.54664503069604,23040.0
-9.456328392028809,-17.03594207763672,7.579610824584961,0.0,151.58946784343377,23040.0
-9.592062950134277,-17.22905731201172,7.63700008392334,0.0,125.28934622493223,23040.0
-9.601758003234863,-17.209068298339844,7.607307434082031,0.0,78.63992551299017,23040.0
-9.620294570922852,-17.257871627807617,7.637579917907715,0.0,99.28771386811519,23040.0
-9.54977798461914,-17.193273544311523,7.643496513366699,0.0,134.59496929069027,23040.0
-9.507270812988281,-17.148664474487305,7.6413960456848145,0.0,114.95896722164977,23040.0
-9.5360107421875,-17.20388412475586,7.667872905731201,0.0,79.13483454176244,23040.0
-9.595040321350098,-17.208221435546875,7.613180160522461,0.0,107.1346877494099,23040.0
-9.45822525024414,-17.18358612060547,7.725367069244385,0.0,118.72988123199438,23040.0
-9.500645637512207,-17.076519012451172,7.575874328613281,0.0,113.51180037300394,23040.0
-9.404730796813965,-17.104307174682617,7.699578762054443,0.0,109.9524818140239,23040.0
-9.444080352783203,-17.25040054321289,7.8063225746154785,0.0,114.94413899867656,23040.0
-9.443463325500488,-17.16354751586914,7.720089912414551,0.0,111.12302336770307,23040.0
-9.67225456237793,-17.377670288085938,7.705418586730957,0.0,109.41528294222323,23040.0
-9.708080291748047,-17.337940216064453,7.629859924316406,0.0,112.85484275252334,23040.0
-9.493297576904297,-17.17915153503418,7.685855388641357,0.0,113.56893846355176,23040.0
-9.368717193603516,-17.12835121154785,7.759632587432861,0.0,107.21974569273436,23040.0
-9.344919204711914,-17.125743865966797,7.780828952789307,0.0,148.6620188799944,23040.0
-9.392128944396973,-17.08725357055664,7.6951212882995605,0.0,160.93924033787863,23040.0
-9.29897689819336,-17.061073303222656,7.7620978355407715,0.0,182.53005590335275,23040.0
-9.267285346984863,-16.988161087036133,7.720871448516846,0.0,209.72905670111874,23040.0
-8.79407787322998,-16.606042861938477,7.811967849731445,0.0,203.46150736896016,23040.0
-9.504111289978027,-17.20212173461914,7.698013782501221,0.0,123.81011263347985,23040.0
-9.190314292907715,-16.955341339111328,7.765028953552246,0.0,154.84579953236792,23040.0
-9.103157997131348,-16.787071228027344,7.683914661407471,0.0,249.40865558619296,23040.0
-9.029321670532227,-16.876964569091797,7.847645282745361,0.0,234.8410693132795,23040.0
-9.154271125793457,-16.94601058959961,7.791741371154785,0.0,162.87247949777355,23040.0
-9.521881103515625,-17.180421829223633,7.658538341522217,0.0,119.7306905335048,23040.0
-9.34056282043457,-17.02906608581543,7.688506603240967,0.0,155.10678818860288,23040.0
-9.424609184265137,-17.078908920288086,7.65430212020874,0.0,150.26953465480648,23040.0
-9.401397705078125,-17.123825073242188,7.722432613372803,0.0,150.6182158514367,23040.0
-9.351288795471191,-17.03307342529297,7.68178653717041,0.0,175.1923966067924,23040.0
-9.194649696350098,-16.94858169555664,7.753931999206543,0.0,164.73970637975685,23040.0
-9.372803688049316,-17.109914779663086,7.737114906311035,0.0,100.80237381237156,23040.0
-9.291258811950684,-16.984201431274414,7.692942142486572,0.0,130.35241817313883,23040.0
-9.134645462036133,-16.83490562438965,7.70025634765625,0.0,192.79188090585677,23040.0
-9.051711082458496,-16.798259735107422,7.746545314788818,0.0,173.8367768577375,23040.0
-9.435141563415527,-17.2282772064209,7.793131351470947,0.0,143.99317449409907,23040.0
-9.379154205322266,-17.048402786254883,7.669247150421143,0.0,183.89880718537518,23040.0
-9.52598762512207,-17.22173500061035,7.695749759674072,0.0,148.09317394504257,23040.0
-9.571495056152344,-17.113725662231445,7.542231559753418,0.0,76.52534322695267,23040.0
-9.449646949768066,-17.126630783081055,7.6769890785217285,0.0,148.1002435928659,23040.0
-9.280155181884766,-16.96022605895996,7.680074691772461,0.0,177.248459007991,23040.0
-9.629558563232422,-17.256759643554688,7.627204895019531,0.0,135.1477326030664,23040.0
-9.482244491577148,-17.12534523010254,7.6430983543396,0.0,145.54052996692832,23040.0
-9.203897476196289,-16.96712875366211,7.763230323791504,0.0,187.45009275889987,23040.0
-9.364777565002441,-17.061464309692383,7.69668436050415,0.0,146.6484312999498,23040.0
-9.586506843566895,-17.227903366088867,7.641395568847656,0.0,101.93797792562424,23040.0
-9.296631813049316,-16.952804565429688,7.656174182891846,0.0,146.87225587460298,23040.0
-9.146811485290527,-16.920259475708008,7.773445129394531,0.0,207.73527985965538,23040.0
-9.306477546691895,-16.93673324584961,7.630255222320557,0.0,184.7320779094688,23040.0
-9.532730102539062,-17.270645141601562,7.737917900085449,0.0,107.76467395853386,23040.0
-9.270805358886719,-17.01996421813965,7.749155044555664,0.0,161.56393479854216,23040.0
-9.047698974609375,-16.704364776611328,7.656659126281738,0.0,216.1458529222653,23040.0
-9.087894439697266,-16.858055114746094,7.770162582397461,0.0,215.5907145411095,23040.0
-9.4192533493042,-17.04390525817871,7.624656677246094,0.0,142.88157026368603,23040.0
-9.435219764709473,-17.101768493652344,7.666550636291504,0.0,122.70067892629004,23040.0
-9.54658031463623,-17.16872787475586,7.622148513793945,0.0,102.83389256589848,23040.0
-9.4677095413208,-17.138507843017578,7.670795440673828,0.0,114.85153164599512,23040.0
-9.327784538269043,-17.021875381469727,7.694092273712158,0.0,102.15635982678897,23040.0
-9.479564666748047,-17.145538330078125,7.66596794128418,0.0,81.85978545643312,23040.0
-9.664628982543945,-17.348554611206055,7.683924674987793,0.0,101.93330790556512,23040.0
-9.51807689666748,-17.194835662841797,7.676767349243164,0.0,116.11971608668202,23040.0
-9.56263256072998,-17.244670867919922,7.682036876678467,0.0,142.4575615415053,23040.0
-9.666288375854492,-17.183012008666992,7.516722202301025,0.0,94.57641530962509,23040.0
-9.481611251831055,-17.114824295043945,7.6332106590271,0.0,127.82621809033016,23040.0
-9.604496002197266,-17.271068572998047,7.666571140289307,0.0,121.84818265529336,23040.0
-9.446770668029785,-17.12131690979004,7.674553871154785,0.0,73.84022101975613,23040.0
-9.579330444335938,-17.272863388061523,7.693539619445801,0.0,80.38086915779127,23040.0
-9.512085914611816,-17.217548370361328,7.705460071563721,0.0,106.06767319728607,23040.0
-9.626627922058105,-17.3416748046875,7.715045928955078,0.0,95.40751729301257,23040.0
-9.478593826293945,-17.29643440246582,7.817843914031982,0.0,135.88599781492255,23040.0
-9.188003540039062,-17.007129669189453,7.81912088394165,0.0,186.47426270371616,23040.0
-9.499208450317383,-17.257476806640625,7.7582688331604,0.0,159.58294682679406,23040.0
-9.476250648498535,-17.192691802978516,7.716436862945557,0.0,116.12984425357841,23040.0
-9.527934074401855,-17.263378143310547,7.735440254211426,0.0,95.10094607573599,23040.0
-9.686874389648438,-17.3970890045166,7.710216045379639,0.0,108.42209807129224,23040.0
-9.534015655517578,-17.29293441772461,7.758918762207031,0.0,130.14247363382617,23040.0
-9.640872955322266,-17.355356216430664,7.714486122131348,0.0,135.21668064444842,23040.0
-9.685017585754395,-17.376630783081055,7.691608905792236,0.0,105.51842571889239,23040.0
-9.576025009155273,-17.301868438720703,7.725844383239746,0.0,75.4675654555588,23040.0
-9.707391738891602,-17.35344886779785,7.646053791046143,0.0,85.50342076560948,23040.0
-9.580720901489258,-17.342374801635742,7.761650085449219,0.0,103.09718415369876,23040.0
-9.41598892211914,-17.23935890197754,7.823367118835449,0.0,111.07723629932701,23040.0
-9.454046249389648,-17.245607376098633,7.791563510894775,0.0,125.80800605965845,23040.0
-9.21192455291748,-16.990982055664062,7.779057502746582,0.0,185.779642517337,23040.0
-9.336809158325195,-17.045352935791016,7.708545684814453,0.0,230.74281508013317,23040.0
-8.897427558898926,-16.549671173095703,7.652237892150879,0.0,278.0681300400173,23040.0
-8.827529907226562,-16.606216430664062,7.778690814971924,0.0,290.97188760530935,23040.0
-9.04049301147461,-16.794843673706055,7.754348278045654,0.0,254.97496404494058,23040.0
-9.076682090759277,-16.847105026245117,7.770420551300049,0.0,208.317173485692,23040.0
-9.38747501373291,-17.08402442932129,7.696554183959961,0.0,170.77165105584265,23040.0
-9.495975494384766,-17.145435333251953,7.64946174621582,0.0,141.5492101391608,23040.0
-9.41169548034668,-16.999109268188477,7.587414741516113,0.0,132.96441416096778,23040.0
-9.586709022521973,-17.261444091796875,7.674732208251953,0.0,129.71784662148886,23040.0
-9.576680183410645,-17.28224754333496,7.705569267272949,0.0,133.60798273313918,23040.0
-9.610315322875977,-17.207612991333008,7.597302436828613,0.0,83.06769832414732,23040.0
-9.654532432556152,-17.257158279418945,7.602626323699951,0.0,90.20355355590704,23040.0
-9.443639755249023,-17.060121536254883,7.616482257843018,0.0,136.0126328971407,23040.0
-9.526138305664062,-17.23761749267578,7.711480617523193,0.0,146.04968806831258,23040.0
-9.539786338806152,-17.25535011291504,7.715564727783203,0.0,114.75167775764164,23040.0
-9.667580604553223,-17.335289001464844,7.667713642120361,0.0,81.43367009596805,23040.0
-9.67320728302002,-17.359617233276367,7.686408042907715,0.0,124.2069141837421,23040.0
-9.542627334594727,-17.159406661987305,7.616782188415527,0.0,168.1202666364971,23040.0
-9.492817878723145,-17.106552124023438,7.613733768463135,0.0,174.63824619144629,23040.0
-9.470748901367188,-17.12838363647461,7.657634735107422,0.0,134.33324147056706,23040.0
-9.585762977600098,-17.177959442138672,7.592194080352783,0.0,90.94191613744367,23040.0
-9.661014556884766,-17.301250457763672,7.640233039855957,0.0,120.89893195199713,23040.0
-9.500410079956055,-17.217029571533203,7.716618537902832,0.0,168.99087601033344,23040.0
-9.382116317749023,-17.099658966064453,7.717545509338379,0.0,189.8318866955157,23040.0
-9.412580490112305,-17.05481719970703,7.642242431640625,0.0,189.14652668777515,23040.0
-9.367411613464355,-17.118789672851562,7.751379489898682,0.0,189.1718122403669,23040.0
-9.514896392822266,-17.263282775878906,7.748387813568115,0.0,160.5617580267182,23040.0
-9.572994232177734,-17.233016967773438,7.660023212432861,0.0,102.5580647164879,23040.0
-9.215717315673828,-17.059192657470703,7.843481540679932,0.0,129.135725679612,23040.0
-9.583417892456055,-17.261672973632812,7.678251266479492,0.0,156.92742242274932,23040.0
-9.474658966064453,-17.253538131713867,7.778877258300781,0.0,166.70076898473383,23040.0
-9.523995399475098,-17.213232040405273,7.689236164093018,0.0,143.91409049719894,23040.0
-9.484519004821777,-17.225624084472656,7.7411065101623535,0.0,139.3794242165694,23040.0
-9.560583114624023,-17.29501724243164,7.734436511993408,0.0,144.37295023299092,23040.0
-9.65471076965332,-17.41179656982422,7.757083415985107,0.0,111.28662461806535,23040.0
-9.397295951843262,-17.217296600341797,7.820003032684326,0.0,129.59352817263604,23040.0
-9.643386840820312,-17.244077682495117,7.600690841674805,0.0,140.0007062454262,23040.0
-9.32817554473877,-17.009319305419922,7.681142807006836,0.0,174.81496554957067,23040.0
-9.34151840209961,-17.048208236694336,7.706686973571777,0.0,204.97234952065102,23040.0
-9.269349098205566,-16.993576049804688,7.724228382110596,0.0,191.74807302462656,23040.0
-9.370935440063477,-17.099050521850586,7.728111267089844,0.0,163.95329025718618,23040.0
-8.733271598815918,-16.6425724029541,7.909297466278076,0.0,262.4276215880299,23040.0
-7.869492530822754,-15.819005012512207,7.949512958526611,0.0,379.2790508633695,23040.0
-8.616450309753418,-16.29680824279785,7.680358409881592,0.0,339.77071943856095,23040.0
-9.056842803955078,-16.628143310546875,7.571297645568848,0.0,237.43944171314695,23040.0
-9.488988876342773,-17.096784591674805,7.607792377471924,0.0,115.45369712824578,23040.0
-8.767488479614258,-16.594440460205078,7.8269572257995605,0.0,243.14997337975612,23040.0
-8.456038475036621,-16.25981903076172,7.803781509399414,0.0,337.937181850046,23040.0
-9.141448974609375,-16.74327278137207,7.6018195152282715,0.0,213.38678221449393,23040.0
-9.332164764404297,-16.846790313720703,7.514622688293457,0.0,205.920017409278,23040.0
-8.925130844116211,-16.446491241455078,7.5213623046875,0.0,229.6201026081544,23040.0
-9.20941162109375,-16.863725662231445,7.654311180114746,0.0,200.7377058360158,23040.0
-8.893726348876953,-16.660228729248047,7.766507148742676,0.0,227.35193957243638,23040.0
-8.263908386230469,-16.141437530517578,7.87752628326416,0.0,297.033979392405,23040.0
-9.238470077514648,-16.8242130279541,7.5857415199279785,0.0,206.93203952081757,23040.0
-9.46959400177002,-16.982955932617188,7.513363838195801,0.0,169.34677122451185,23040.0
-9.111485481262207,-16.68282127380371,7.571331977844238,0.0,227.47179748635958,23040.0
-8.849380493164062,-16.627803802490234,7.7784247398376465,0.0,195.48547980561878,23040.0
-9.59123420715332,-17.123626708984375,7.5323920249938965,0.0,102.97852912066583,23040.0
-9.296714782714844,-16.873638153076172,7.576924800872803,0.0,162.37492993968706,23040.0
-9.27985954284668,-16.82417869567871,7.544323921203613,0.0,187.92586013937552,23040.0
-9.269521713256836,-16.829681396484375,7.5601582527160645,0.0,157.61623890338134,23040.0
-9.455276489257812,-17.007200241088867,7.551928520202637,0.0,138.6452157742098,23040.0
-9.046911239624023,-16.678327560424805,7.631418228149414,0.0,218.79415239323842,23040.0
-9.424962997436523,-17.00293731689453,7.577971935272217,0.0,148.910785651916,23040.0
-9.746855735778809,-17.360157012939453,7.613301753997803,0.0,120.26121350710041,23040.0
-9.2142333984375,-16.926952362060547,7.712716102600098,0.0,175.44131995290346,23040.0
-8.82507610321045,-16.625606536865234,7.800533771514893,0.0,210.36955186414113,23040.0
-9.431962966918945,-17.07665252685547,7.644688606262207,0.0,108.01381614957616,23040.0
-9.202832221984863,-16.938976287841797,7.736149311065674,0.0,173.52407282386633,23040.0
-9.33469009399414,-17.030988693237305,7.6963019371032715,0.0,168.96620381812386,23040.0
-9.517963409423828,-17.23975944519043,7.721797466278076,0.0,120.1584523735212,23040.0
-9.386062622070312,-17.111133575439453,7.725069999694824,0.0,136.14723149842868,23040.0
-9.268518447875977,-16.98074722290039,7.712226867675781,0.0,181.69322832736958,23040.0
-9.649225234985352,-17.25687026977539,7.607646942138672,0.0,118.20407993435288,23040.0
-9.477226257324219,-17.072202682495117,7.5949788093566895,0.0,161.51526530011662,23040.0
-9.371500968933105,-16.91211700439453,7.540620803833008,0.0,165.97023927372663,23040.0
-9.340126037597656,-17.110246658325195,7.770122528076172,0.0,130.2167063152582,23040.0
-9.528241157531738,-17.254901885986328,7.7266526222229,0.0,124.96179002723618,23040.0
-9.395523071289062,-17.140975952148438,7.745455741882324,0.0,149.44398311190835,23040.0
-9.383523941040039,-17.149707794189453,7.766189098358154,0.0,158.22500022581244,23040.0
-9.240297317504883,-16.985769271850586,7.74547004699707,0.0,144.6063587862385,23040.0
-9.423380851745605,-17.01786231994629,7.594475746154785,0.0,135.01226922186356,23040.0
-9.220388412475586,-16.86329460144043,7.642899036407471,0.0,179.55437342158126,23040.0
-9.141618728637695,-16.810514450073242,7.668893814086914,0.0,203.95049325379537,23040.0
-9.549924850463867,-17.20566177368164,7.655740737915039,0.0,142.85019002789508,23040.0
-9.369688987731934,-17.117963790893555,7.748281002044678,0.0,121.6167160699046,23040.0
-9.099113464355469,-16.838523864746094,7.73940896987915,0.0,183.14486711088563,23040.0
-9.373016357421875,-17.11345672607422,7.740443706512451,0.0,155.36480530601526,23040.0
-9.58064079284668,-17.26988983154297,7.689254283905029,0.0,110.45376120337376,23040.0
-9.671342849731445,-17.32577133178711,7.654428958892822,0.0,108.58926663122897,23040.0
-9.482344627380371,-17.16425323486328,7.681912422180176,0.0,127.25244941628455,23040.0
-9.618304252624512,-17.296205520629883,7.677903175354004,0.0,123.56897433499839,23040.0
-9.458788871765137,-17.201648712158203,7.742857456207275,0.0,142.90953065744475,23040.0
-9.624049186706543,-17.30107879638672,7.67702579498291,0.0,98.73941698180496,23040.0
-9.90988826751709,-17.54812240600586,7.638233184814453,0.0,79.40729440401388,23040.0
-9.296324729919434,-17.071367263793945,7.775043964385986,0.0,135.71904118219723,23040.0
-9.45335578918457,-17.171875,7.718523025512695,0.0,166.30780514520913,23040.0
-9.411845207214355,-17.07590103149414,7.664057731628418,0.0,166.26080469766376,23040.0
-9.49276065826416,-17.133350372314453,7.6405930519104,0.0,161.83142378092083,23040.0
-9.20391845703125,-17.024415969848633,7.820501804351807,0.0,168.41506828252034,23040.0
-9.49846363067627,-17.238677978515625,7.740213871002197,0.0,124.16202175472091,23040.0
-9.574158668518066,-17.217830657958984,7.643673419952393,0.0,134.29391940189524,23040.0
-9.251818656921387,-16.986379623413086,7.734557628631592,0.0,200.9394600424443,23040.0
-9.336165428161621,-17.075380325317383,7.7392191886901855,0.0,178.09901216872922,23040.0
-9.588085174560547,-17.301414489746094,7.713327884674072,0.0,89.155149010289,23040.0
-9.452563285827637,-17.125530242919922,7.672964096069336,0.0,145.0346259584314,23040.0
-9.311038970947266,-17.040111541748047,7.729082107543945,0.0,190.281493355027,23040.0
-9.389686584472656,-17.106239318847656,7.716547966003418,0.0,132.25107475942755,23040.0
-9.635863304138184,-17.29803466796875,7.662168502807617,0.0,119.45281919606994,23040.0
-9.453731536865234,-17.119014739990234,7.665281295776367,0.0,192.14936600588976,23040.0
-9.453076362609863,-17.1433162689209,7.690236568450928,0.0,194.23112586105012,23040.0
-9.731627464294434,-17.404541015625,7.672915458679199,0.0,106.44737919210252,23040.0
-9.678977966308594,-17.401464462280273,7.72248649597168,0.0,95.73766520361461,23040.0
-9.62273120880127,-17.313430786132812,7.690699100494385,0.0,170.32980920848618,23040.0
-9.513980865478516,-17.155168533325195,7.641188621520996,0.0,196.1806685646772,23040.0
-9.650518417358398,-17.358552932739258,7.708033084869385,0.0,153.3748586302978,23040.0
-9.65959644317627,-17.272125244140625,7.612530708312988,0.0,132.97299741629735,23040.0
-9.256738662719727,-17.002931594848633,7.746192932128906,0.0,180.59601638474305,23040.0
-9.441194534301758,-17.158658981323242,7.717463493347168,0.0,204.00468015066505,23040.0
-9.436362266540527,-17.189525604248047,7.753161430358887,0.0,188.5397327931196,23040.0
-9.653380393981934,-17.333297729492188,7.679909706115723,0.0,146.28049120341674,23040.0
-9.44343090057373,-17.253400802612305,7.809969902038574,0.0,159.058402235438,23040.0
-9.354717254638672,-17.03131866455078,7.6766037940979,0.0,200.90032043540472,23040.0
-9.302115440368652,-16.95351791381836,7.651401996612549,0.0,218.04254337021285,23040.0
-9.512404441833496,-17.202774047851562,7.690371513366699,0.0,172.97448407368725,23040.0
-9.535741806030273,-17.312023162841797,7.776277542114258,0.0,89.85422799157918,23040.0
-9.714118003845215,-17.398265838623047,7.684149265289307,0.0,117.9943747932335,23040.0
-9.313131332397461,-17.08893585205078,7.775809288024902,0.0,198.14434018735642,23040.0
-9.218941688537598,-16.980323791503906,7.761384963989258,0.0,236.8566099284053,23040.0
-9.694860458374023,-17.256359100341797,7.561495780944824,0.0,137.9677743513921,23040.0
-9.720276832580566,-17.374267578125,7.653993606567383,0.0,104.78843922867385,23040.0
-9.377877235412598,-17.080320358276367,7.7024455070495605,0.0,155.46005195499538,23040.0
-9.52158260345459,-17.19618034362793,7.674600601196289,0.0,153.82283205558488,23040.0
-9.660507202148438,-17.39115333557129,7.730647563934326,0.0,114.77370004778415,23040.0
-9.45986557006836,-17.117307662963867,7.657443523406982,0.0,126.55901224118143,23040.0
-9.766165733337402,-17.412431716918945,7.646265983581543,0.0,115.09921199036903,23040.0
-9.516697883605957,-17.173206329345703,7.65650749206543,0.0,111.11264855108124,23040.0
-9.741188049316406,-17.384153366088867,7.642970561981201,0.0,97.04314928440844,23040.0
-9.400032043457031,-17.15358543395996,7.753549575805664,0.0,130.80391169308453,23040.0
-9.59852123260498,-17.32884407043457,7.730324745178223,0.0,133.58205073721368,23040.0
-9.581779479980469,-17.309799194335938,7.728022575378418,0.0,127.55022809375497,23040.0
-9.596866607666016,-17.32959747314453,7.732731819152832,0.0,120.11854488883968,23040.0
-9.514287948608398,-17.25465965270996,7.740370750427246,0.0,128.04765215015865,23040.0
-9.565498352050781,-17.276187896728516,7.710685729980469,0.0,147.1085420073853,23040.0
-9.437129974365234,-17.127635955810547,7.690507888793945,0.0,175.27302761028815,23040.0
-9.219149589538574,-16.867935180664062,7.648787498474121,0.0,205.11978529831566,23040.0
-9.521499633789062,-17.139314651489258,7.617813587188721,0.0,146.6871109384581,23040.0
-9.677600860595703,-17.27046775817871,7.592868328094482,0.0,103.04140323145742,23040.0
-9.71653938293457,-17.311994552612305,7.595457553863525,0.0,134.057909256477,23040.0
-9.22679328918457,-16.957263946533203,7.73046875,0.0,172.05389079642123,23040.0
-9.48430347442627,-17.12635612487793,7.64205265045166,0.0,166.35482480209598,23040.0
-9.692669868469238,-17.286497116088867,7.5938334465026855,0.0,137.9769542604811,23040.0
-9.496826171875,-17.206064224243164,7.709233283996582,0.0,186.74607546111972,23040.0
-9.20923900604248,-16.967533111572266,7.758296489715576,0.0,216.51447445651755,23040.0
-9.608429908752441,-17.239086151123047,7.630658149719238,0.0,168.20205786574928,23040.0
-9.362031936645508,-17.035429000854492,7.673394680023193,0.0,145.6998055461309,23040.0
-9.67613410949707,-17.265546798706055,7.589412212371826,0.0,154.58441084150445,23040.0
-9.54781723022461,-17.187286376953125,7.639468193054199,0.0,147.32689831707464,23040.0
-9.470755577087402,-17.111154556274414,7.640395641326904,0.0,161.30248279102457,23040.0
-9.297937393188477,-17.00197410583496,7.704036235809326,0.0,140.38560392809143,23040.0
-9.478745460510254,-17.10080909729004,7.622062683105469,0.0,125.97636614052664,23040.0
-9.41484546661377,-17.114490509033203,7.699646472930908,0.0,138.10282718370766,23040.0
-9.515320777893066,-17.190052032470703,7.674733638763428,0.0,168.50969179589347,23040.0
-9.595404624938965,-17.25655746459961,7.661152362823486,0.0,147.59818256066842,23040.0
-9.38203239440918,-17.135738372802734,7.753703594207764,0.0,139.43946746542812,23040.0
-9.557361602783203,-17.252565383911133,7.695200443267822,0.0,140.5697079742284,23040.0
-9.543760299682617,-17.27735137939453,7.733584880828857,0.0,142.75718344167507,23040.0
-9.712628364562988,-17.39303207397461,7.680402755737305,0.0,104.84770593037379,23040.0
-9.443095207214355,-17.199846267700195,7.756754398345947,0.0,125.24182044264147,23040.0
-9.565475463867188,-17.315114974975586,7.749631881713867,0.0,122.21211759906602,23040.0
-9.70138931274414,-17.41072654724121,7.70933723449707,0.0,126.98944044300599,23040.0
-9.589186668395996,-17.243701934814453,7.654521465301514,0.0,93.67419015581251,23040.0
-9.620196342468262,-17.233518600463867,7.613321304321289,0.0,94.01987917140622,23040.0
-9.543869018554688,-17.234086990356445,7.690213203430176,0.0,133.40729313941205,23040.0
-9.55217456817627,-17.30408477783203,7.751911640167236,0.0,137.07500652003446,23040.0
-9.7601900100708,-17.46375846862793,7.703564643859863,0.0,99.36922534252855,23040.0
-9.923562049865723,-17.564374923706055,7.640809535980225,0.0,88.00627895647808,23040.0
-9.479487419128418,-17.263776779174805,7.784294128417969,0.0,127.8691434099507,23040.0
-9.440730094909668,-17.19337272644043,7.752644062042236,0.0,176.6118856748696,23040.0
-9.5342435836792,-17.22013282775879,7.685886859893799,0.0,164.40790784375815,23040.0
-9.266036987304688,-17.117218017578125,7.851173400878906,0.0,155.65374881465192,23040.0
-9.737342834472656,-17.44683837890625,7.7094950675964355,0.0,154.41826626406544,23040.0
-9.531450271606445,-17.213191986083984,7.681743144989014,0.0,166.23323971408888,23040.0
-9.35497760772705,-17.049327850341797,7.694348335266113,0.0,200.5622635511064,23040.0
-9.26188850402832,-16.997297286987305,7.735409259796143,0.0,204.9620073195361,23040.0
-9.070674896240234,-16.97272491455078,7.902054786682129,0.0,197.8898669631107,23040.0
-9.151285171508789,-16.8697509765625,7.718469142913818,0.0,239.31671993660657,23040.0
-8.961055755615234,-16.62272071838379,7.661661624908447,0.0,282.6386713180575,23040.0
-8.679862022399902,-16.453155517578125,7.773297309875488,0.0,289.2171284378903,23040.0
-8.905011177062988,-16.771013259887695,7.866000175476074,0.0,218.51879057713793,23040.0
-9.018717765808105,-16.712181091308594,7.6934590339660645,0.0,253.29544260488322,23040.0
-8.549927711486816,-16.306699752807617,7.756773471832275,0.0,293.63019590634235,23040.0
-8.904744148254395,-16.56777000427246,7.663024425506592,0.0,249.21855612079239,23040.0
-8.847779273986816,-16.536312103271484,7.688527584075928,0.0,230.3058780842779,23040.0
-8.843618392944336,-16.466310501098633,7.622699737548828,0.0,308.6213444904921,23040.0
-8.458832740783691,-16.210220336914062,7.751387596130371,0.0,287.13862754835475,23040.0
-8.875473022460938,-16.510934829711914,7.635457515716553,0.0,243.5188966648163,23040.0
-8.338953018188477,-15.875035285949707,7.536076068878174,0.0,348.0094473192955,23040.0
-8.789474487304688,-16.24395751953125,7.454479217529297,0.0,298.587770503885,23040.0
-8.649657249450684,-16.302173614501953,7.6525187492370605,0.0,246.39531452794412,23040.0
-8.446760177612305,-15.922423362731934,7.4756646156311035,0.0,342.9286800815822,23040.0
-8.975103378295898,-16.482614517211914,7.507513999938965,0.0,237.5419347142861,23040.0
-8.937962532043457,-16.477956771850586,7.539993762969971,0.0,249.42987003099265,23040.0
-8.779056549072266,-16.211410522460938,7.432354927062988,0.0,266.69299830888974,23040.0
-9.09719467163086,-16.647069931030273,7.549874305725098,0.0,209.2237552623322,23040.0
-8.60882568359375,-16.235960006713867,7.627129554748535,0.0,303.1731866091473,23040.0
-9.174886703491211,-16.63814926147461,7.463261127471924,0.0,223.6359109976156,23040.0
-9.079647064208984,-16.655811309814453,7.576167583465576,0.0,226.65873257211794,23040.0
-8.769194602966309,-16.32991600036621,7.560721397399902,0.0,267.14087216082646,23040.0
-9.345654487609863,-16.77156639099121,7.425907611846924,0.0,200.0549047145006,23040.0
-9.288381576538086,-16.781341552734375,7.492960453033447,0.0,221.13333932594364,23040.0
-9.024947166442871,-16.668537139892578,7.643590450286865,0.0,238.76848003684228,23040.0
-9.253341674804688,-16.82190704345703,7.5685648918151855,0.0,212.08447228206157,23040.0
-9.17264175415039,-16.703859329223633,7.531214237213135,0.0,212.6785298796923,23040.0
-9.447457313537598,-16.931631088256836,7.4841742515563965,0.0,182.38545503219228,23040.0
-9.283890724182129,-16.785186767578125,7.501291275024414,0.0,195.21739069066714,23040.0
-9.168667793273926,-16.72092628479004,7.552262306213379,0.0,183.3185466232486,23040.0
-9.269332885742188,-16.87095069885254,7.601618766784668,0.0,188.70446813854306,23040.0
-9.214950561523438,-16.83151626586914,7.616567611694336,0.0,231.40002438927894,23040.0
-9.144373893737793,-16.878082275390625,7.733711242675781,0.0,203.18626846109393,23040.0
-9.102688789367676,-16.753454208374023,7.6507649421691895,0.0,224.44081242465313,23040.0
-9.123761177062988,-16.68010139465332,7.556338787078857,0.0,232.513398808164,23040.0
-9.598932266235352,-17.20506477355957,7.606130123138428,0.0,122.1411169053851,23040.0
-9.284720420837402,-16.931968688964844,7.647249221801758,0.0,215.5868696734699,23040.0
-9.306154251098633,-16.969852447509766,7.66370153427124,0.0,217.2887535883745,23040.0
-9.66397476196289,-17.234987258911133,7.571010112762451,0.0,124.36856321856703,23040.0
-9.48659896850586,-17.096885681152344,7.610288619995117,0.0,187.33250967388622,23040.0
-9.538679122924805,-17.101503372192383,7.562826156616211,0.0,159.6335090711372,23040.0
-9.703498840332031,-17.296464920043945,7.592962741851807,0.0,137.4339693737589,23040.0
-9.56769847869873,-17.191816329956055,7.624119281768799,0.0,164.66163244774177,23040.0
-9.693754196166992,-17.275970458984375,7.582221031188965,0.0,112.37474056058352,23040.0
-9.558963775634766,-17.172481536865234,7.613516807556152,0.0,134.0079254952343,23040.0
-9.439687728881836,-17.19205093383789,7.75236701965332,0.0,135.48424457989822,23040.0
-9.551397323608398,-17.217897415161133,7.666497230529785,0.0,135.4647512068979,23040.0
-9.43448543548584,-17.116844177246094,7.6823554039001465,0.0,166.44330522900793,23040.0
-9.56749153137207,-17.29854965209961,7.731061935424805,0.0,138.4956869499621,23040.0
-9.79115104675293,-17.463796615600586,7.672642707824707,0.0,110.7490335399167,23040.0
-9.683137893676758,-17.34444236755371,7.661299705505371,0.0,129.75358671320944,23040.0
-9.689866065979004,-17.332427978515625,7.642560005187988,0.0,115.62883878237517,23040.0
-9.718561172485352,-17.42539405822754,7.706826210021973,0.0,115.81881436397994,23040.0
-9.508545875549316,-17.214929580688477,7.706380367279053,0.0,145.9144828450637,23040.0
-9.507859230041504,-17.248414993286133,7.740549087524414,0.0,161.5378838406265,23040.0
-9.601021766662598,-17.242584228515625,7.641554832458496,0.0,131.01398156231707,23040.0
-9.84593677520752,-17.470012664794922,7.624074935913086,0.0,75.1306828978923,23040.0
-9.600072860717773,-17.305559158325195,7.705483436584473,0.0,146.09881529592982,23040.0
-9.460524559020996,-17.14119529724121,7.680673599243164,0.0,141.54384751323326,23040.0
-9.90267562866211,-17.506044387817383,7.6033711433410645,0.0,56.03509545790264,23040.0
-9.787603378295898,-17.466981887817383,7.679381847381592,0.0,92.53417278453938,23040.0
-9.608344078063965,-17.273853302001953,7.665511131286621,0.0,137.66453526254054,23040.0
-9.504630088806152,-17.29220199584961,7.787566661834717,0.0,131.0290817969195,23040.0
-9.68057632446289,-17.387746810913086,7.70716667175293,0.0,146.37241559319585,23040.0
-9.548724174499512,-17.34801483154297,7.799292087554932,0.0,127.69238105021324,23040.0
-9.702788352966309,-17.466350555419922,7.7635626792907715,0.0,93.80037394150162,23040.0
-9.607495307922363,-17.334333419799805,7.726834297180176,0.0,138.18259628213795,23040.0
-9.629973411560059,-17.333993911743164,7.704021453857422,0.0,151.89455382155026,23040.0
-9.599164962768555,-17.301328659057617,7.702158451080322,0.0,106.61479580381668,23040.0
-9.77896499633789,-17.424880981445312,7.645914554595947,0.0,102.60484095712903,23040.0
-9.547553062438965,-17.269023895263672,7.72147274017334,0.0,176.65900430730858,23040.0
-9.59502124786377,-17.32174301147461,7.726721286773682,0.0,154.8443440948258,23040.0
-9.743205070495605,-17.376039505004883,7.632833480834961,0.0,111.47619194496708,23040.0
-9.619109153747559,-17.340576171875,7.721468925476074,0.0,152.5752929339916,23040.0
-9.37523365020752,-17.17391014099121,7.79868221282959,0.0,166.96124418918137,23040.0
-9.77715015411377,-17.475603103637695,7.698456287384033,0.0,106.93106504017048,23040.0
-9.596038818359375,-17.29353904724121,7.697501182556152,0.0,148.90723008881776,23040.0
-9.40861701965332,-17.147829055786133,7.739216327667236,0.0,155.39458088152625,23040.0
-9.798273086547852,-17.463178634643555,7.664906978607178,0.0,127.37463661507176,23040.0
-9.539460182189941,-17.35063934326172,7.811182498931885,0.0,138.8774437703051,23040.0
-9.51014232635498,-17.24408531188965,7.733944892883301,0.0,172.53173843630674,23040.0
-9.74264144897461,-17.370540618896484,7.6278977394104,0.0,152.23228592376623,23040.0
-9.509519577026367,-17.173673629760742,7.664155960083008,0.0,182.77949091398355,23040.0
-9.303553581237793,-17.011289596557617,7.707739353179932,0.0,213.51805623472393,23040.0
-9.138312339782715,-16.957006454467773,7.818691730499268,0.0,235.41845694969297,23040.0
-9.32135009765625,-17.055967330932617,7.734617710113525,0.0,210.58940795733113,23040.0
-9.597954750061035,-17.2651424407959,7.667191028594971,0.0,155.62661824064352,23040.0
-9.82699203491211,-17.488161087036133,7.661163330078125,0.0,127.04106005876572,23040.0
-9.528404235839844,-17.18313980102539,7.654733657836914,0.0,186.9112881763514,23040.0
-9.572629928588867,-17.26970100402832,7.697066783905029,0.0,181.81655911164174,23040.0
-9.756965637207031,-17.37993621826172,7.622968673706055,0.0,130.96298305062194,23040.0
-9.690754890441895,-17.367015838623047,7.676264762878418,0.0,142.1195063002465,23040.0
-9.660982131958008,-17.37664031982422,7.715659141540527,0.0,165.7546271715321,23040.0
-9.53734016418457,-17.31950569152832,7.782167434692383,0.0,133.73131057532208,23040.0
-9.538329124450684,-17.217498779296875,7.679168224334717,0.0,142.32386079572603,23040.0
-9.655856132507324,-17.298112869262695,7.6422553062438965,0.0,133.32928958996933,23040.0
-9.498300552368164,-17.2774658203125,7.77916145324707,0.0,143.94232674651627,23040.0
-9.589208602905273,-17.250608444213867,7.6613993644714355,0.0,115.84040560823811,23040.0
-9.76015853881836,-17.43133544921875,7.671181678771973,0.0,138.6627146966626,23040.0
-9.696901321411133,-17.406654357910156,7.709749221801758,0.0,137.6664667024525,23040.0
-9.623233795166016,-17.38559341430664,7.762362480163574,0.0,135.9564443366542,23040.0
-9.753690719604492,-17.37557029724121,7.621882438659668,0.0,127.5614963699913,23040.0
-9.643239974975586,-17.284236907958984,7.641000747680664,0.0,107.16223800717097,23040.0
-9.724499702453613,-17.41278839111328,7.688292026519775,0.0,118.59506071144784,23040.0
-9.597533226013184,-17.355119705200195,7.757579803466797,0.0,148.6774539884496,23040.0
-9.434154510498047,-17.20043182373047,7.766276836395264,0.0,179.6053567152528,23040.0
-9.73369312286377,-17.342344284057617,7.608649253845215,0.0,116.7451910010378,23040.0
-9.736705780029297,-17.33710289001465,7.600391387939453,0.0,133.82138400328768,23040.0
-9.583700180053711,-17.35854148864746,7.774836540222168,0.0,146.9675098465048,23040.0
-9.563078880310059,-17.309371948242188,7.7462944984436035,0.0,119.05169810798975,23040.0
-9.817427635192871,-17.553014755249023,7.735592365264893,0.0,82.85266070131144,23040.0
-9.760310173034668,-17.506755828857422,7.746443748474121,0.0,97.48618455656222,23040.0
-9.519790649414062,-17.301616668701172,7.781820297241211,0.0,141.4700482698212,23040.0
-9.830218315124512,-17.45331382751465,7.623096942901611,0.0,111.66488218565759,23040.0
-9.549989700317383,-17.20914077758789,7.659155368804932,0.0,129.58472898849715,23040.0
-9.417401313781738,-17.11453628540039,7.697135925292969,0.0,172.2269058722627,23040.0
-9.540026664733887,-17.290746688842773,7.750720977783203,0.0,168.44354428862894,23040.0
-9.536845207214355,-17.305524826049805,7.768678188323975,0.0,178.49581979349958,23040.0
-9.559221267700195,-17.313159942626953,7.753938674926758,0.0,159.46428648318505,23040.0
-9.694839477539062,-17.399351119995117,7.70450496673584,0.0,127.22939433435839,23040.0
-9.687551498413086,-17.445127487182617,7.757575988769531,0.0,79.89343783331084,23040.0
-9.561468124389648,-17.274316787719727,7.712846755981445,0.0,137.8944401544996,23040.0
-9.591459274291992,-17.373624801635742,7.782166957855225,0.0,152.0550128433694,23040.0
-9.474733352661133,-17.270353317260742,7.7956156730651855,0.0,150.76647736344646,23040.0
-9.654990196228027,-17.34185028076172,7.68686056137085,0.0,105.22755776446105,23040.0
-9.467100143432617,-17.164472579956055,7.697376251220703,0.0,153.83426520217975,23040.0
-9.654272079467773,-17.345966339111328,7.691695213317871,0.0,143.408980934511,23040.0
-9.532289505004883,-17.249305725097656,7.71701717376709,0.0,132.31854050398312,23040.0
-9.769207954406738,-17.47361946105957,7.704409599304199,0.0,142.70558155146094,23040.0
-9.744140625,-17.37421417236328,7.630072593688965,0.0,142.41729624093864,23040.0
-9.68953800201416,-17.368940353393555,7.679401874542236,0.0,135.62797438251516,23040.0
-9.572474479675293,-17.251522064208984,7.679051876068115,0.0,152.1912685406033,23040.0
-9.489736557006836,-17.23163604736328,7.741900444030762,0.0,174.8723391575451,23040.0
-9.38813591003418,-17.120912551879883,7.732779502868652,0.0,166.44404105231644,23040.0
-9.593160629272461,-17.270858764648438,7.677698612213135,0.0,159.65292461177341,23040.0
-9.588135719299316,-17.356273651123047,7.768137454986572,0.0,160.65951723614137,23040.0
-9.395740509033203,-17.10601806640625,7.7102742195129395,0.0,214.95525340114537,23040.0
-9.32010269165039,-17.023984909057617,7.703876495361328,0.0,188.20282945545532,23040.0
-9.33043384552002,-17.043630599975586,7.713195323944092,0.0,151.65997170763464,23040.0
-9.628802299499512,-17.188724517822266,7.5599188804626465,0.0,110.4972062637029,23040.0
-9.610674858093262,-17.371244430541992,7.760570049285889,0.0,171.03044025819253,23040.0
-9.49255657196045,-17.141359329223633,7.648805618286133,0.0,178.25073970437708,23040.0
-9.439895629882812,-17.19046401977539,7.750568389892578,0.0,147.1045212078148,23040.0
-9.542766571044922,-17.080596923828125,7.537830352783203,0.0,166.7211522388045,23040.0
-9.495293617248535,-17.081064224243164,7.585762977600098,0.0,187.61384596739595,23040.0
-9.384048461914062,-17.06536293029785,7.681308269500732,0.0,173.35437727782522,23040.0
-9.386457443237305,-17.21134376525879,7.824887275695801,0.0,118.22556718113465,23040.0
-9.723591804504395,-17.42691993713379,7.7033305168151855,0.0,153.34198046260812,23040.0
-9.368343353271484,-17.113893508911133,7.745547771453857,0.0,200.53428625706266,23040.0
-8.519369125366211,-16.468948364257812,7.949578285217285,0.0,254.43278836521026,23040.0
-9.277822494506836,-16.94055938720703,7.662742614746094,0.0,206.14133229471094,23040.0
-9.552891731262207,-17.166593551635742,7.613708019256592,0.0,101.65605269976479,23040.0
-9.750823020935059,-17.340972900390625,7.590150356292725,0.0,98.61592043817497,23040.0
-9.4213285446167,-17.20763397216797,7.786304473876953,0.0,154.98262306397694,23040.0
-9.335029602050781,-17.054962158203125,7.719940185546875,0.0,192.76922504555614,23040.0
-9.577231407165527,-17.2052059173584,7.627974987030029,0.0,181.77542787066284,23040.0
-9.637837409973145,-17.329837799072266,7.691998481750488,0.0,137.20401509341497,23040.0
-9.774186134338379,-17.382598876953125,7.608412742614746,0.0,87.14669633107358,23040.0
-9.549304962158203,-17.223730087280273,7.67442512512207,0.0,100.61470035563029,23040.0
-9.61478042602539,-17.33551597595215,7.720733165740967,0.0,115.7548593382234,23040.0
-9.595415115356445,-17.32843780517578,7.733016014099121,0.0,105.86851576154474,23040.0
-9.688177108764648,-17.396886825561523,7.70871639251709,0.0,112.3486283547204,23040.0
-9.890236854553223,-17.508344650268555,7.618105888366699,0.0,112.20529091894181,23040.0
-9.439156532287598,-17.185039520263672,7.745885372161865,0.0,115.81408480143351,23040.0
-9.797024726867676,-17.460004806518555,7.662980079650879,0.0,104.89097503975137,23040.0
-9.389738082885742,-17.14069938659668,7.750967025756836,0.0,174.4633537472945,23040.0
-9.137839317321777,-16.89631462097168,7.758472442626953,0.0,229.84285265228934,23040.0
-9.186634063720703,-16.986825942993164,7.800189971923828,0.0,178.28692087583318,23040.0
-9.700577735900879,-17.38620948791504,7.685623645782471,0.0,148.83284662651576,23040.0
-9.222525596618652,-16.96276092529297,7.740229606628418,0.0,212.48762914694717,23040.0
-9.250975608825684,-16.863426208496094,7.612453937530518,0.0,221.94025576089803,23040.0
-9.46902084350586,-17.121097564697266,7.652079105377197,0.0,167.6253703779849,23040.0
-9.406514167785645,-17.084983825683594,7.678471565246582,0.0,199.7954756891284,23040.0
-9.114689826965332,-16.948291778564453,7.833600997924805,0.0,230.8571734426622,23040.0
-9.005559921264648,-16.812074661254883,7.8065185546875,0.0,245.8580872051973,23040.0
-9.499520301818848,-17.069141387939453,7.5696234703063965,0.0,203.29731461405996,23040.0
-9.173259735107422,-16.820171356201172,7.646910190582275,0.0,264.54796891568486,23040.0
-8.895806312561035,-16.60955047607422,7.713740825653076,0.0,246.00859794734376,23040.0
-8.9093017578125,-16.66157341003418,7.75227165222168,0.0,225.53023321456527,23040.0
-9.447013854980469,-17.037582397460938,7.590574264526367,0.0,219.21750458175222,23040.0
-9.136893272399902,-16.868839263916016,7.731951713562012,0.0,240.8947127789636,23040.0
-8.815967559814453,-16.609926223754883,7.793963432312012,0.0,235.6681327970864,23040.0
-8.987627029418945,-16.534820556640625,7.547197341918945,0.0,282.1811906185581,23040.0
-9.099377632141113,-16.752910614013672,7.653536796569824,0.0,209.1583661155998,23040.0
-9.108843803405762,-16.723846435546875,7.614998817443848,0.0,206.80758298440165,23040.0
-9.072691917419434,-16.60752296447754,7.534830093383789,0.0,232.37736620882475,23040.0
-9.411741256713867,-16.937253952026367,7.525509357452393,0.0,186.61590600243017,23040.0
-8.77918529510498,-16.705663681030273,7.926480293273926,0.0,245.16500462605842,23040.0
-8.74159049987793,-16.406524658203125,7.664932727813721,0.0,320.60023878830685,23040.0
-8.887762069702148,-16.603857040405273,7.716088771820068,0.0,228.02358440164414,23040.0
-8.78332233428955,-16.278825759887695,7.495502471923828,0.0,228.2620542936769,23040.0
-8.904265403747559,-16.403276443481445,7.499013900756836,0.0,267.2642220553245,23040.0
-9.444504737854004,-16.96186065673828,7.5173563957214355,0.0,165.09651342744343,23040.0
-8.21030044555664,-16.11850929260254,7.908209323883057,0.0,295.8134471480718,23040.0
-8.774041175842285,-16.38072967529297,7.60669469833374,0.0,309.4659973156872,23040.0
-8.991104125976562,-16.67984390258789,7.688743591308594,0.0,212.03410424234815,23040.0
-8.94524097442627,-16.432483673095703,7.487247943878174,0.0,276.7744086429798,23040.0
-8.918920516967773,-16.462867736816406,7.543951511383057,0.0,263.39645475473293,23040.0
-9.27799129486084,-16.80910301208496,7.5311102867126465,0.0,153.13629750213371,23040.0
-8.432043075561523,-16.0908260345459,7.658781051635742,0.0,293.90650661943704,23040.0
-9.034283638000488,-16.53069305419922,7.4964118003845215,0.0,229.82121255668926,23040.0
-9.35064697265625,-16.82944679260254,7.478793621063232,0.0,164.41949602580746,23040.0
-8.7512845993042,-16.43102264404297,7.679729461669922,0.0,243.92739220072443,23040.0
-9.310270309448242,-16.931642532348633,7.621373653411865,0.0,199.26338101774985,23040.0
-9.211897850036621,-16.840085983276367,7.628183841705322,0.0,184.16453225308143,23040.0
-9.055286407470703,-16.588245391845703,7.532956123352051,0.0,219.09270966109275,23040.0
-9.497538566589355,-16.94739532470703,7.449860095977783,0.0,170.01763665609934,23040.0
-9.446524620056152,-16.911638259887695,7.465112209320068,0.0,153.0883368718552,23040.0
-8.855612754821777,-16.59479522705078,7.739186763763428,0.0,223.56831856973156,23040.0
-9.237589836120605,-16.826101303100586,7.5885138511657715,0.0,195.8334512096362,23040.0
-9.291718482971191,-16.856704711914062,7.564982891082764,0.0,210.70628430463148,23040.0
-9.359566688537598,-16.992673873901367,7.633108139038086,0.0,157.53616777402965,23040.0
-9.36117935180664,-16.877161026000977,7.515979766845703,0.0,167.78902401455176,23040.0
-9.379166603088379,-16.94447898864746,7.565310478210449,0.0,151.19839640087648,23040.0
-9.6428804397583,-17.09975814819336,7.456880569458008,0.0,134.8188316268039,23040.0
-9.223058700561523,-16.905092239379883,7.682032585144043,0.0,188.68927208559867,23040.0
-9.442683219909668,-17.08538055419922,7.6427001953125,0.0,162.21023041882344,23040.0
-9.491517066955566,-17.097970962524414,7.606453895568848,0.0,161.32591070129797,23040.0
-9.49486255645752,-17.13200569152832,7.637146472930908,0.0,145.86679274065258,23040.0
-9.454023361206055,-17.07187271118164,7.617844104766846,0.0,151.04528341272493,23040.0
-9.31297492980957,-16.979291915893555,7.666322231292725,0.0,164.73428362656463,23040.0
-9.60077953338623,-17.214570999145508,7.613786697387695,0.0,134.78948252104396,23040.0
-9.455931663513184,-17.153417587280273,7.697482585906982,0.0,148.3877858140312,23040.0
-9.770807266235352,-17.425477981567383,7.6546759605407715,0.0,113.78093874215915,23040.0
-9.744134902954102,-17.399063110351562,7.654927730560303,0.0,140.61070862514353,23040.0
-9.621387481689453,-17.32015037536621,7.698767185211182,0.0,167.56645202134416,23040.0
-9.170891761779785,-16.87649154663086,7.705597400665283,0.0,131.17186807370726,23040.0
-9.691778182983398,-17.30293083190918,7.611155986785889,0.0,121.09806078624017,23040.0
-9.362412452697754,-17.042943954467773,7.680535316467285,0.0,137.71733427818725,23040.0
-9.556225776672363,-17.249937057495117,7.693715572357178,0.0,153.8750446462734,23040.0
-9.727448463439941,-17.397029876708984,7.669585704803467,0.0,104.36873806576092,23040.0
-9.430028915405273,-17.302688598632812,7.872661113739014,0.0,114.59783341418952,23040.0
-9.76091194152832,-17.464550018310547,7.703643321990967,0.0,118.51228379628,23040.0
-9.20197868347168,-16.961462020874023,7.75948429107666,0.0,184.795617755138,23040.0
-9.851908683776855,-17.4371395111084,7.585232734680176,0.0,121.6725822865594,23040.0
-9.531615257263184,-17.18001365661621,7.648399353027344,0.0,121.20529677968567,23040.0
-9.674433708190918,-17.255184173583984,7.580750942230225,0.0,133.86347120922713,23040.0
-9.132898330688477,-17.01411247253418,7.881217002868652,0.0,163.69911493644418,23040.0
-9.555318832397461,-17.230266571044922,7.674942493438721,0.0,132.60655394544509,23040.0
-9.7396879196167,-17.43346405029297,7.693775653839111,0.0,114.20057965222317,23040.0
-9.615495681762695,-17.304075241088867,7.688577651977539,0.0,141.66487967082725,23040.0
-9.256913185119629,-17.077726364135742,7.820812225341797,0.0,163.05611835425753,23040.0
-9.691165924072266,-17.32609748840332,7.63493537902832,0.0,128.91861233979097,23040.0
-9.082221031188965,-16.767345428466797,7.685122966766357,0.0,136.0152266347269,23040.0
-9.838459014892578,-17.458843231201172,7.620383262634277,0.0,103.97152009416271,23040.0
-9.502726554870605,-17.24831199645996,7.745579719543457,0.0,142.0581706683066,23040.0
-9.469396591186523,-17.26944923400879,7.800055503845215,0.0,140.76598600069048,23040.0
-9.488748550415039,-17.180858612060547,7.6921067237854,0.0,130.52806071694846,23040.0
-9.695517539978027,-17.36275863647461,7.667241096496582,0.0,91.73471385275613,23040.0
-9.569759368896484,-17.20306968688965,7.6333088874816895,0.0,84.64575679801533,23040.0
-9.664993286132812,-17.260087966918945,7.595092296600342,0.0,98.76455933608986,23040.0
-9.733317375183105,-17.326169967651367,7.592850685119629,0.0,104.22916426996532,23040.0
-9.440438270568848,-17.272632598876953,7.832196235656738,0.0,119.66004624070649,23040.0
-9.856764793395996,-17.57258415222168,7.715818881988525,0.0,106.03265632128328,23040.0
-9.664267539978027,-17.395217895507812,7.730948448181152,0.0,84.20821541187094,23040.0
-9.781262397766113,-17.43947982788086,7.658215522766113,0.0,103.39697797493606,23040.0
-9.146464347839355,-17.02353858947754,7.877074718475342,0.0,155.15860873147338,23040.0
-9.63386058807373,-17.262676239013672,7.628817558288574,0.0,119.89777926671027,23040.0
-9.354174613952637,-17.140026092529297,7.785846710205078,0.0,146.85657998940727,23040.0
-9.603948593139648,-17.148632049560547,7.544680595397949,0.0,128.63543123392597,23040.0
-9.279322624206543,-17.09255027770996,7.813228130340576,0.0,125.20807598359005,23040.0
-9.425318717956543,-17.16018295288086,7.734860420227051,0.0,114.26500921367989,23040.0
-9.682571411132812,-17.339618682861328,7.657049655914307,0.0,113.19358203802139,23040.0
-9.60453987121582,-17.294801712036133,7.69025993347168,0.0,91.14568514138422,23040.0
-9.547895431518555,-17.24082374572754,7.692930221557617,0.0,96.41252598302636,23040.0
-9.819092750549316,-17.46560287475586,7.646510601043701,0.0,101.77086630518279,23040.0
-9.707419395446777,-17.446069717407227,7.738654136657715,0.0,96.81120475579682,23040.0
-9.70429801940918,-17.487653732299805,7.78335428237915,0.0,87.63752697270486,23040.0
-9.671116828918457,-17.471771240234375,7.800652503967285,0.0,87.09938676587265,23040.0
-9.657310485839844,-17.396514892578125,7.739200115203857,0.0,76.47958622778037,23040.0
-9.733137130737305,-17.45667839050293,7.723540782928467,0.0,63.208167238551255,23040.0
-9.529218673706055,-17.29163360595703,7.7624192237854,0.0,87.14002236148887,23040.0
-9.487226486206055,-17.07476806640625,7.587544918060303,0.0,109.99779531694988,23040.0
-9.707751274108887,-17.343280792236328,7.635531902313232,0.0,117.79613584861389,23040.0
-9.843695640563965,-17.480287551879883,7.636596202850342,0.0,135.61419632597133,23040.0
-9.737598419189453,-17.5092716217041,7.771673679351807,0.0,76.73598962149322,23040.0
-9.851571083068848,-17.533031463623047,7.681460857391357,0.0,105.96736031152349,23040.0
-9.73597240447998,-17.37881088256836,7.642837047576904,0.0,135.5674701847602,23040.0
-9.6880521774292,-17.379230499267578,7.69117546081543,0.0,112.5098726341105,23040.0
-9.697587013244629,-17.32364273071289,7.626059532165527,0.0,80.84380660993163,23040.0
-9.720423698425293,-17.394428253173828,7.674006462097168,0.0,129.13147334931588,23040.0
-9.638140678405762,-17.392593383789062,7.754447937011719,0.0,144.85499857580734,23040.0
-9.564070701599121,-17.323366165161133,7.759297847747803,0.0,125.1011920194732,23040.0
-9.76524543762207,-17.47477912902832,7.709535598754883,0.0,100.8118315215898,23040.0
-9.663239479064941,-17.317371368408203,7.654129505157471,0.0,169.44635219398538,23040.0
-9.609253883361816,-17.245922088623047,7.636663913726807,0.0,175.76286823622746,23040.0
-9.853013038635254,-17.549598693847656,7.696582794189453,0.0,77.4581573840227,23040.0
-9.807960510253906,-17.39215660095215,7.584195137023926,0.0,106.16265392710535,23040.0
-9.378304481506348,-17.12078094482422,7.742473125457764,0.0,218.9726106349318,23040.0
-9.383134841918945,-17.12607765197754,7.7429423332214355,0.0,199.03673348444815,23040.0
-9.727014541625977,-17.482481002807617,7.755463123321533,0.0,84.08789523311322,23040.0
-9.660863876342773,-17.36783218383789,7.706973075866699,0.0,123.14699426119016,23040.0
-9.418121337890625,-17.150440216064453,7.732322692871094,0.0,184.6402843662871,23040.0
-9.758999824523926,-17.385210037231445,7.62620735168457,0.0,130.6354562444727,23040.0
-9.394240379333496,-17.110200881958008,7.715962886810303,0.0,170.13217845503831,23040.0
-9.29808235168457,-16.963804244995117,7.66572380065918,0.0,230.45210325578955,23040.0
-9.558341026306152,-17.207508087158203,7.649174690246582,0.0,188.4697743883033,23040.0
-9.552067756652832,-17.218246459960938,7.666176795959473,0.0,164.11824517647284,23040.0
-9.073527336120605,-16.89058494567871,7.8170552253723145,0.0,201.66834621592952,23040.0
-9.089486122131348,-16.815351486206055,7.725870609283447,0.0,245.39536913437814,23040.0
-9.269098281860352,-16.90822410583496,7.639127731323242,0.0,235.36232932184532,23040.0
-9.779026985168457,-17.35116958618164,7.5721435546875,0.0,128.66188959687688,23040.0
-9.526090621948242,-17.236129760742188,7.7100396156311035,0.0,183.5900493499428,23040.0
-9.189308166503906,-16.869112014770508,7.679804801940918,0.0,253.55271881363507,23040.0
-9.76236343383789,-17.37264633178711,7.610279083251953,0.0,172.5362188206808,23040.0
-9.616717338562012,-17.34360122680664,7.726881980895996,0.0,159.0070653520289,23040.0
-9.094447135925293,-16.816781997680664,7.722336292266846,0.0,249.80236077023693,23040.0
-9.673012733459473,-17.277219772338867,7.604209899902344,0.0,194.2133086203445,23040.0
-9.465943336486816,-17.12975311279297,7.663809776306152,0.0,188.09772237705886,23040.0
-9.558706283569336,-17.18897247314453,7.630270004272461,0.0,189.34160992776384,23040.0
-9.480597496032715,-17.081207275390625,7.600613117218018,0.0,189.71184081794917,23040.0
-9.303095817565918,-17.100048065185547,7.7969536781311035,0.0,195.96524833954354,23040.0
-9.402552604675293,-17.131357192993164,7.728805065155029,0.0,205.0032799541497,23040.0
-9.54093074798584,-17.106109619140625,7.565174102783203,0.0,189.5191495090592,23040.0
-9.658642768859863,-17.27526092529297,7.616623878479004,0.0,162.13956269859705,23040.0
-9.693109512329102,-17.28555679321289,7.592446327209473,0.0,127.10440701922964,23040.0
-9.85783863067627,-17.37896156311035,7.521122455596924,0.0,161.7219933442016,23040.0
-9.716752052307129,-17.350502014160156,7.633749008178711,0.0,137.98509351778955,23040.0
-9.761551856994629,-17.400876998901367,7.639321327209473,0.0,131.5383891988441,23040.0
-9.875715255737305,-17.47259521484375,7.596879005432129,0.0,118.97859549057024,23040.0
-9.688549995422363,-17.31331443786621,7.62476110458374,0.0,135.92442715431807,23040.0
-9.697796821594238,-17.368558883666992,7.6707634925842285,0.0,100.22328611200486,23040.0
-9.911688804626465,-17.567649841308594,7.6559576988220215,0.0,115.62628142868915,23040.0
-9.828572273254395,-17.501272201538086,7.672699451446533,0.0,143.76967892405105,23040.0
-9.831016540527344,-17.472715377807617,7.641699314117432,0.0,117.9135078487924,23040.0
-9.84312915802002,-17.597715377807617,7.754587650299072,0.0,74.68070933444332,23040.0
-9.981813430786133,-17.63370132446289,7.651886463165283,0.0,133.1339900740551,23040.0
-9.722501754760742,-17.388904571533203,7.666402339935303,0.0,135.59954557757735,23040.0
-10.032357215881348,-17.672327041625977,7.639968395233154,0.0,76.97762025753194,23040.0
-9.861037254333496,-17.44977569580078,7.588742256164551,0.0,125.78125871993987,23040.0
-9.834951400756836,-17.44782066345215,7.6128716468811035,0.0,145.6462098031841,23040.0
-9.928892135620117,-17.592021942138672,7.663127422332764,0.0,95.60234714165254,23040.0
-9.718339920043945,-17.435100555419922,7.716763496398926,0.0,112.83676076553265,23040.0
-9.85222339630127,-17.529508590698242,7.677285194396973,0.0,135.4511378317833,23040.0
-9.907293319702148,-17.609086990356445,7.701793193817139,0.0,128.71800892128394,23040.0
-9.873777389526367,-17.54002571105957,7.666251182556152,0.0,101.12080597025881,23040.0
-9.896200180053711,-17.566349029541016,7.670145034790039,0.0,80.23697010695331,23040.0
-9.918498039245605,-17.6268367767334,7.708334922790527,0.0,119.4759950157165,23040.0
-9.82746410369873,-17.54576873779297,7.718303680419922,0.0,151.21775098522045,23040.0
-9.73103141784668,-17.45039176940918,7.719360828399658,0.0,139.3813857843297,23040.0
-10.052559852600098,-17.725051879882812,7.672491550445557,0.0,80.78942953340726,23040.0
-9.941340446472168,-17.607528686523438,7.666189193725586,0.0,129.81364851303528,23040.0
-9.856449127197266,-17.50507354736328,7.648622035980225,0.0,140.372929476358,23040.0
-9.83181095123291,-17.55377960205078,7.721972465515137,0.0,101.65209382203594,23040.0
-10.102131843566895,-17.695117950439453,7.592986583709717,0.0,88.24690776262787,23040.0
-9.78788948059082,-17.53387451171875,7.745988845825195,0.0,124.23156145139542,23040.0
-9.909750938415527,-17.597387313842773,7.687636852264404,0.0,115.41418368628389,23040.0
-10.094390869140625,-17.785228729248047,7.6908392906188965,0.0,68.12382847221265,23040.0
-10.06043815612793,-17.7810115814209,7.720566749572754,0.0,76.25057731626775,23040.0
-9.9275541305542,-17.67546844482422,7.747915267944336,0.0,118.29405326403601,23040.0
-9.954537391662598,-17.73813247680664,7.783595085144043,0.0,125.17941081384012,23040.0
-9.595352172851562,-17.538984298706055,7.943631172180176,0.0,164.71049832163078,23040.0
-9.325215339660645,-17.244993209838867,7.919780254364014,0.0,203.83602500120503,23040.0
-9.864480972290039,-17.593524932861328,7.729043006896973,0.0,138.57009251793212,23040.0
-9.910091400146484,-17.636812210083008,7.7267231941223145,0.0,92.3154491688608,23040.0
-9.793683052062988,-17.542552947998047,7.748871326446533,0.0,125.99162398013294,23040.0
-9.406717300415039,-17.269609451293945,7.862889289855957,0.0,183.8728328347034,23040.0
-9.485140800476074,-17.233015060424805,7.747879505157471,0.0,175.7855721582523,23040.0
-9.694502830505371,-17.49639129638672,7.80188512802124,0.0,147.00631326431863,23040.0
-9.656590461730957,-17.441144943237305,7.784555435180664,0.0,170.4455302633219,23040.0
-8.826498031616211,-16.722135543823242,7.89563512802124,0.0,242.7513237983749,23040.0
-9.336496353149414,-17.062238693237305,7.725749492645264,0.0,224.9842139353005,23040.0
-9.672789573669434,-17.33072853088379,7.657941818237305,0.0,176.70304534157972,23040.0
-9.701560020446777,-17.376482009887695,7.674928188323975,0.0,191.31779560996668,23040.0
-9.420548439025879,-17.30808448791504,7.8875412940979,0.0,193.32689804125962,23040.0
-9.63878059387207,-17.33279037475586,7.694002151489258,0.0,194.5291411549203,23040.0
-9.627408027648926,-17.289260864257812,7.661854267120361,0.0,176.64103766386097,23040.0
-9.695097923278809,-17.37088394165039,7.675784111022949,0.0,154.68258272965832,23040.0
-9.72526741027832,-17.416318893432617,7.69104528427124,0.0,132.38661957606152,23040.0
-9.841657638549805,-17.558107376098633,7.716450214385986,0.0,152.75982636027885,23040.0
-9.721449851989746,-17.38880157470703,7.667351722717285,0.0,172.15689286619184,23040.0
-9.782332420349121,-17.506587982177734,7.724247455596924,0.0,120.575943000459,23040.0
-9.915648460388184,-17.60265350341797,7.6870036125183105,0.0,129.90656635284947,23040.0
-9.63233757019043,-17.35312271118164,7.720783710479736,0.0,192.50721321157937,23040.0
-9.469449043273926,-17.21559715270996,7.746150493621826,0.0,194.9167878030132,23040.0
-9.886826515197754,-17.530988693237305,7.644166469573975,0.0,123.98036137522708,23040.0
-9.731595993041992,-17.381412506103516,7.649818420410156,0.0,184.33878543580738,23040.0
-9.734395980834961,-17.427640914916992,7.69324254989624,0.0,178.51554768869462,23040.0
-9.7843599319458,-17.52951431274414,7.745152950286865,0.0,149.4080125551021,23040.0
-9.292774200439453,-17.050506591796875,7.757732391357422,0.0,217.95004167210112,23040.0
-9.677576065063477,-17.293529510498047,7.615956783294678,0.0,218.90967979107606,23040.0
-9.74080753326416,-17.373477935791016,7.6326775550842285,0.0,120.63673528712133,23040.0
-9.988916397094727,-17.575565338134766,7.586647033691406,0.0,120.13996742874126,23040.0
-9.66252613067627,-17.312210083007812,7.649688243865967,0.0,210.06660619893952,23040.0
-9.619911193847656,-17.278106689453125,7.658199787139893,0.0,212.46928887788826,23040.0
-9.526895523071289,-17.384761810302734,7.8578715324401855,0.0,156.1203815483299,23040.0
-9.710095405578613,-17.458532333374023,7.748439311981201,0.0,149.6601993172226,23040.0
-9.809703826904297,-17.516117095947266,7.706416130065918,0.0,161.10585362183582,23040.0
-9.865764617919922,-17.53793716430664,7.672173500061035,0.0,116.81158392215663,23040.0
-9.603889465332031,-17.40416145324707,7.8002753257751465,0.0,155.83489757823432,23040.0
-9.714160919189453,-17.43848419189453,7.724320411682129,0.0,133.79554402230616,23040.0
-9.974907875061035,-17.671436309814453,7.696528434753418,0.0,78.15982457844946,23040.0
-10.01453685760498,-17.65304946899414,7.638514995574951,0.0,99.35881156277046,23040.0
-9.641371726989746,-17.482404708862305,7.841029644012451,0.0,136.67542665369308,23040.0
-9.84178352355957,-17.557172775268555,7.71539306640625,0.0,127.6654020997498,23040.0
-9.875619888305664,-17.59482192993164,7.719204425811768,0.0,92.11422237350416,23040.0
-9.783356666564941,-17.45170021057129,7.668343544006348,0.0,134.67438881835346,23040.0
-9.761898040771484,-17.51909637451172,7.757197380065918,0.0,113.79197820773825,23040.0
-9.68506908416748,-17.36298942565918,7.677926063537598,0.0,148.21360554489158,23040.0
-9.572651863098145,-17.398468017578125,7.825814247131348,0.0,157.03736627397126,23040.0
-9.832386016845703,-17.533079147338867,7.700698375701904,0.0,129.86456860819595,23040.0
-9.793819427490234,-17.394697189331055,7.600880146026611,0.0,133.2498948618036,23040.0
-9.729194641113281,-17.488147735595703,7.758953094482422,0.0,151.73406021320199,23040.0
-9.939435005187988,-17.628286361694336,7.688850402832031,0.0,82.30795316193294,23040.0
-9.89171028137207,-17.647388458251953,7.75567626953125,0.0,94.09759871203707,23040.0
-9.605717658996582,-17.39890480041504,7.793184280395508,0.0,157.68502939088256,23040.0
-9.76828384399414,-17.498462677001953,7.730182647705078,0.0,139.55484782606152,23040.0
-9.991026878356934,-17.73391342163086,7.742887496948242,0.0,76.40940992819233,23040.0
-9.775218963623047,-17.56572914123535,7.790512561798096,0.0,135.69779875375264,23040.0
-9.627601623535156,-17.36114501953125,7.733541011810303,0.0,178.99595321609064,23040.0
-9.88259506225586,-17.541440963745117,7.658840656280518,0.0,112.60574897771147,23040.0
-9.861796379089355,-17.552860260009766,7.6910624504089355,0.0,87.2452495359758,23040.0
-9.557372093200684,-17.28186798095703,7.724492073059082,0.0,153.44237451369463,23040.0
-9.70545482635498,-17.445554733276367,7.740101337432861,0.0,141.08255344464786,23040.0
-9.930366516113281,-17.654003143310547,7.723640441894531,0.0,86.51001429151482,23040.0
-9.701790809631348,-17.366378784179688,7.664589881896973,0.0,153.53583276026754,23040.0
-9.725435256958008,-17.489099502563477,7.7636590003967285,0.0,157.8445143841477,23040.0
-9.8646240234375,-17.640960693359375,7.776336669921875,0.0,99.97076271297833,23040.0
-9.915024757385254,-17.611522674560547,7.696496486663818,0.0,126.01530333067195,23040.0
-10.025060653686523,-17.680789947509766,7.655726909637451,0.0,153.24286016000394,23040.0
-10.04561710357666,-17.652244567871094,7.606631278991699,0.0,118.44470279950153,23040.0
-10.084295272827148,-17.674009323120117,7.589722156524658,0.0,87.13376184849541,23040.0
-9.867716789245605,-17.627416610717773,7.7596964836120605,0.0,121.36884429093695,23040.0
-9.931727409362793,-17.538461685180664,7.606732368469238,0.0,135.4376008182733,23040.0
-9.874358177185059,-17.580448150634766,7.706093788146973,0.0,103.93971002801631,23040.0
-10.071253776550293,-17.782121658325195,7.710870265960693,0.0,81.11017326655154,23040.0
-10.104310035705566,-17.769182205200195,7.66486930847168,0.0,78.09019228200279,23040.0
-9.988080978393555,-17.71700096130371,7.7289252281188965,0.0,125.28899527680132,23040.0
-9.701680183410645,-17.49939727783203,7.797714710235596,0.0,151.2353495027584,23040.0
-9.630280494689941,-17.417524337768555,7.787243843078613,0.0,175.6994122502547,23040.0
-9.96098804473877,-17.736858367919922,7.775866508483887,0.0,112.87904183630015,23040.0
-9.920153617858887,-17.5983943939209,7.678240776062012,0.0,87.39429654365667,23040.0
-9.988762855529785,-17.747825622558594,7.759068965911865,0.0,115.91664546815898,23040.0
-9.82850456237793,-17.575292587280273,7.746785640716553,0.0,115.41399134410374,23040.0
-9.797786712646484,-17.51287078857422,7.715084552764893,0.0,155.5358107470081,23040.0
-9.856082916259766,-17.48537254333496,7.629297733306885,0.0,153.60243383489004,23040.0
-9.62370777130127,-17.338104248046875,7.714397430419922,0.0,150.05373764688193,23040.0
-9.868873596191406,-17.532974243164062,7.664097309112549,0.0,155.1637790833998,23040.0
-9.524764060974121,-17.243309020996094,7.718550682067871,0.0,204.78812291207666,23040.0
-9.20377254486084,-16.954662322998047,7.750889301300049,0.0,286.77600909637385,23040.0
-9.209171295166016,-16.93361473083496,7.724445819854736,0.0,289.5803361394791,23040.0
-9.548269271850586,-17.33793067932129,7.789662837982178,0.0,210.5687005220299,23040.0
-9.813689231872559,-17.531919479370117,7.71823263168335,0.0,116.45902470466694,23040.0
-9.803413391113281,-17.55759048461914,7.754180908203125,0.0,158.00173050078098,23040.0
-9.217093467712402,-17.000394821166992,7.783303260803223,0.0,261.55322501655314,23040.0
-9.671294212341309,-17.355419158935547,7.684128761291504,0.0,223.392448605083,23040.0
-9.838135719299316,-17.58724021911621,7.749103546142578,0.0,128.77916154884073,23040.0
-9.729534149169922,-17.39198875427246,7.662454605102539,0.0,176.59091925590636,23040.0
-9.274296760559082,-17.009071350097656,7.73477029800415,0.0,281.8471759211256,23040.0
-9.307088851928711,-17.01105308532715,7.703963279724121,0.0,284.18989869513996,23040.0
-9.900660514831543,-17.499916076660156,7.5992560386657715,0.0,135.61904732369695,23040.0
-9.957261085510254,-17.60384178161621,7.646577835083008,0.0,97.557487538706,23040.0
-9.641782760620117,-17.271984100341797,7.630204200744629,0.0,187.9558705272246,23040.0
-9.548380851745605,-17.276060104370117,7.727680683135986,0.0,218.10955273790788,23040.0
-9.718208312988281,-17.508464813232422,7.790256023406982,0.0,139.725790468214,23040.0
-10.080852508544922,-17.72513198852539,7.644280433654785,0.0,76.49759183792466,23040.0
-9.78821849822998,-17.47684669494629,7.688628673553467,0.0,171.56560068596585,23040.0
-9.293927192687988,-17.091236114501953,7.797308921813965,0.0,210.1180734445465,23040.0
-9.60249137878418,-17.355085372924805,7.752597332000732,0.0,152.7224959078302,23040.0
-9.974295616149902,-17.657766342163086,7.6834716796875,0.0,131.05937787131336,23040.0
-9.59162712097168,-17.259136199951172,7.667511463165283,0.0,211.44163254233257,23040.0
-9.662541389465332,-17.36285400390625,7.700309753417969,0.0,186.13799145356958,23040.0
-9.851223945617676,-17.55299186706543,7.701771259307861,0.0,100.73217774236632,23040.0
-9.973871231079102,-17.679462432861328,7.705587387084961,0.0,85.55556339439802,23040.0
-9.849204063415527,-17.535022735595703,7.685818672180176,0.0,122.85993809165718,23040.0
-9.968209266662598,-17.586658477783203,7.6184468269348145,0.0,123.71953020795159,23040.0
-9.76429271697998,-17.611284255981445,7.846989631652832,0.0,104.3163794571772,23040.0
-9.965265274047852,-17.685415267944336,7.720149040222168,0.0,90.67320333704055,23040.0
-10.057583808898926,-17.687129974365234,7.629542350769043,0.0,108.83712111574494,23040.0
-9.840631484985352,-17.539169311523438,7.698542594909668,0.0,140.70642621964532,23040.0
-9.526110649108887,-17.282453536987305,7.756342887878418,0.0,183.12141157100254,23040.0
-9.759614944458008,-17.433799743652344,7.674180030822754,0.0,141.55230064161915,23040.0
-10.025655746459961,-17.716951370239258,7.69129753112793,0.0,71.24460838124509,23040.0
-9.758468627929688,-17.470867156982422,7.712398052215576,0.0,156.96873327577623,23040.0
-9.410452842712402,-17.253196716308594,7.842744827270508,0.0,217.46353189524203,23040.0
-9.60512638092041,-17.324235916137695,7.719106674194336,0.0,181.59838614367624,23040.0
-10.118284225463867,-17.73478126525879,7.616493225097656,0.0,69.8414388234548,23040.0
-9.913915634155273,-17.572528839111328,7.6586127281188965,0.0,154.8937694927391,23040.0
-9.428657531738281,-17.186159133911133,7.757505416870117,0.0,190.31033539679188,23040.0
-9.905665397644043,-17.67195701599121,7.766295909881592,0.0,101.22818418029433,23040.0
-9.416881561279297,-17.275205612182617,7.858321189880371,0.0,161.76343500639905,23040.0
-9.45057201385498,-17.102922439575195,7.652348518371582,0.0,210.2663085412807,23040.0
-9.941858291625977,-17.62552261352539,7.683666229248047,0.0,120.39050574148837,23040.0
-9.691911697387695,-17.382022857666016,7.690116882324219,0.0,159.15395213022651,23040.0
-9.47447681427002,-17.180490493774414,7.706010818481445,0.0,208.96655202097904,23040.0
-9.797194480895996,-17.519283294677734,7.722087860107422,0.0,103.8533157825935,23040.0
-9.813943862915039,-17.420913696289062,7.606975078582764,0.0,158.67453687085708,23040.0
-9.723209381103516,-17.336734771728516,7.613529682159424,0.0,161.6849259197294,23040.0
-10.029867172241211,-17.599140167236328,7.56926965713501,0.0,105.07484062116346,23040.0
-9.832601547241211,-17.574718475341797,7.7421183586120605,0.0,167.2410759938064,23040.0
-9.748231887817383,-17.3690242767334,7.620785236358643,0.0,164.13736234540696,23040.0
-9.778402328491211,-17.467485427856445,7.689078330993652,0.0,116.49388895645629,23040.0
-9.742666244506836,-17.384531021118164,7.6418633460998535,0.0,151.3296162048161,23040.0
-9.635537147521973,-17.310291290283203,7.674753189086914,0.0,181.87896092997397,23040.0
-9.913838386535645,-17.524585723876953,7.610744953155518,0.0,159.57961558395502,23040.0
-9.690690994262695,-17.408742904663086,7.718050956726074,0.0,137.87078379069553,23040.0
-9.762823104858398,-17.528100967407227,7.765279293060303,0.0,136.1221575655641,23040.0
-9.44328784942627,-17.230878829956055,7.787593364715576,0.0,195.86333128986902,23040.0
-9.81269645690918,-17.405914306640625,7.593214988708496,0.0,174.66407229750902,23040.0
-9.853852272033691,-17.47926902770996,7.62541389465332,0.0,132.02680533798505,23040.0
-9.669148445129395,-17.302173614501953,7.633024215698242,0.0,207.12442094218773,23040.0
-9.179733276367188,-17.05457878112793,7.874842643737793,0.0,238.15306928721031,23040.0
-9.42347240447998,-17.153364181518555,7.729892253875732,0.0,211.87324149774892,23040.0
-9.477655410766602,-17.220783233642578,7.7431321144104,0.0,207.29380821406596,23040.0
-9.299683570861816,-16.945798873901367,7.646120071411133,0.0,261.94393110434584,23040.0
-8.970231056213379,-16.753414154052734,7.783182144165039,0.0,271.231656871462,23040.0
-9.219124794006348,-16.896278381347656,7.677154541015625,0.0,244.47486244358606,23040.0
-9.344267845153809,-16.987667083740234,7.643402576446533,0.0,248.18847320780773,23040.0
-9.053977966308594,-16.79146385192871,7.737483501434326,0.0,270.52510155423096,23040.0
-8.996320724487305,-16.68123435974121,7.684912204742432,0.0,292.5626614122119,23040.0
-9.310205459594727,-16.910755157470703,7.600551128387451,0.0,255.87611759983196,23040.0
-8.878411293029785,-16.611244201660156,7.732830047607422,0.0,262.34672818014997,23040.0
-8.855509757995605,-16.482419967651367,7.626920700073242,0.0,293.3538875563332,23040.0
-9.07513427734375,-16.658878326416016,7.583744525909424,0.0,253.77577840521693,23040.0
-9.36758041381836,-16.979541778564453,7.611958980560303,0.0,193.51503917128494,23040.0
-8.60171127319336,-16.439542770385742,7.837828159332275,0.0,321.33343411432725,23040.0
-8.951702117919922,-16.544479370117188,7.592777729034424,0.0,298.61028250744795,23040.0
-8.742402076721191,-16.43006134033203,7.687661170959473,0.0,297.7954211161889,23040.0
-8.798920631408691,-16.34507179260254,7.546149253845215,0.0,316.92866838008615,23040.0
-9.157405853271484,-16.734079360961914,7.57667350769043,0.0,232.65951719918527,23040.0
-8.946582794189453,-16.454835891723633,7.508255958557129,0.0,273.54526484562695,23040.0
-8.258164405822754,-16.087268829345703,7.829102993011475,0.0,334.68635110300596,23040.0
-8.715523719787598,-16.293546676635742,7.578023433685303,0.0,966.0144828657074,23040.0
-5.401083946228027,-13.124489784240723,7.723406791687012,0.0,485.1710276106294,23040.0
-6.536087512969971,-14.006949424743652,7.470863342285156,0.0,308.05549706330555,23040.0
-5.506946086883545,-13.288247108459473,7.781301021575928,0.0,354.12403563761535,23040.0
-6.385478973388672,-14.098668098449707,7.713188171386719,0.0,864.1735875020541,23040.0
1.1527272462844849,-6.689193248748779,7.841917514801025,0.0,723.550521272542,23040.0
0.3128355145454407,-7.122319221496582,7.435155391693115,0.0,649.6752585709088,23040.0
-3.08412504196167,-10.241984367370605,7.15786075592041,0.0,389.9534627276728,23040.0
-3.2655224800109863,-10.372313499450684,7.106791973114014,0.0,396.2948557325334,23040.0
-4.466495513916016,-11.677502632141113,7.211009502410889,0.0,308.01531778337755,23040.0
-0.4786023795604706,-7.937999725341797,7.459397315979004,0.0,1905.8364056087225,23040.0
-0.30902543663978577,-7.094517707824707,6.785492420196533,0.0,527.431670384767,23040.0
-1.4571502208709717,-8.029773712158203,6.572622299194336,0.0,353.0032613127677,23040.0
0.7472668290138245,-5.607453346252441,6.354720115661621,0.0,383.7083792761877,23040.0
-0.4799836575984955,-6.6022162437438965,6.122233867645264,0.0,284.93205032089224,23040.0
-1.6460202932357788,-7.4923529624938965,5.846333980560303,0.0,161.1734606759153,23040.0
-0.557063102722168,-6.293485641479492,5.73642110824585,0.0,238.58668334276172,23040.0
-1.419501543045044,-7.057385444641113,5.637885570526123,0.0,165.92088292974688,23040.0
-1.5938531160354614,-7.29902458190918,5.705173015594482,0.0,137.60383986195959,23040.0
-2.1672654151916504,-7.784512042999268,5.617248058319092,0.0,146.44630951949523,23040.0
-3.051908254623413,-8.368576049804688,5.316670894622803,0.0,111.96401036267991,23040.0
-2.679845094680786,-8.2227144241333,5.542868137359619,0.0,147.43635873172647,23040.0
-2.9959192276000977,-8.60999584197998,5.614077568054199,0.0,122.89949282229246,23040.0
-3.594327449798584,-9.072019577026367,5.477689743041992,0.0,155.17991148868853,23040.0
-3.9308624267578125,-9.458288192749023,5.527425289154053,0.0,139.7440061555008,23040.0
-4.526137828826904,-10.14950180053711,5.623362064361572,0.0,89.94670922580438,23040.0
-4.404428958892822,-10.170756340026855,5.76632833480835,0.0,111.43387707808164,23040.0
-4.413228511810303,-10.144269943237305,5.731043815612793,0.0,131.26229835835244,23040.0
-5.097328186035156,-10.876081466674805,5.77875280380249,0.0,80.80232548408767,23040.0
-5.073901176452637,-10.952560424804688,5.878657817840576,0.0,162.73490379302353,23040.0
-5.098244667053223,-11.058945655822754,5.960700035095215,0.0,99.23234291128193,23040.0
-5.3052825927734375,-11.321317672729492,6.016034126281738,0.0,137.93956301897083,23040.0
-5.363263130187988,-11.606430053710938,6.24316930770874,0.0,153.96315801538802,23040.0
-6.265117645263672,-12.388020515441895,6.122901916503906,0.0,79.02350585216982,23040.0
-6.023001670837402,-12.171794891357422,6.148792266845703,0.0,176.80906841398638,23040.0
-6.142648696899414,-12.38147258758545,6.23882532119751,0.0,180.2812204250641,23040.0
-6.607259750366211,-12.934643745422363,6.32738733291626,0.0,99.69485507454071,23040.0
-6.530691146850586,-12.837983131408691,6.307294845581055,0.0,116.33874044358623,23040.0
-6.49450159072876,-12.979990005493164,6.485486030578613,0.0,298.9644465089756,23040.0
-6.236999034881592,-12.60284423828125,6.365842819213867,0.0,258.05563587819256,23040.0
-7.020193099975586,-13.44581127166748,6.425619125366211,0.0,77.41742741960186,23040.0
-6.687334060668945,-13.166240692138672,6.478909015655518,0.0,264.89067006948454,23040.0
-7.159321308135986,-13.794106483459473,6.634782791137695,0.0,93.1011314284575,23040.0
-6.640048503875732,-13.472938537597656,6.832889080047607,0.0,185.0554127469154,23040.0
-7.31995153427124,-14.052656173706055,6.732705116271973,0.0,60.2034046746886,23040.0
-7.119781017303467,-13.823216438293457,6.703436851501465,0.0,187.87291618612778,23040.0
-7.786221504211426,-14.501691818237305,6.715464115142822,0.0,93.07346021129466,23040.0
-7.625568866729736,-14.339384078979492,6.713812351226807,0.0,168.2628851914025,23040.0
-7.8861212730407715,-14.70026969909668,6.814149379730225,0.0,85.35179284023398,23040.0
-7.501259803771973,-14.39968490600586,6.898426055908203,0.0,183.21084456037204,23040.0
-8.198867797851562,-15.00676155090332,6.807888984680176,0.0,56.2541785727882,23040.0
-8.004748344421387,-14.917830467224121,6.9130778312683105,0.0,168.9940379142694,23040.0
-8.40318775177002,-15.295429229736328,6.892241954803467,0.0,82.66057817913193,23040.0
-8.275383949279785,-15.248558044433594,6.973169803619385,0.0,125.40131866064358,23040.0
-7.883336544036865,-15.136323928833008,7.252983093261719,0.0,165.00243119735418,23040.0
-8.526117324829102,-15.571288108825684,7.045172691345215,0.0,76.24472877483821,23040.0
-8.039008140563965,-15.271581649780273,7.232573986053467,0.0,200.4553194934797,23040.0
-8.661462783813477,-15.8038911819458,7.142428874969482,0.0,128.94260746704452,23040.0
-8.588898658752441,-15.770898818969727,7.1819987297058105,0.0,89.00109282773273,23040.0
-8.749140739440918,-15.931342124938965,7.182204246520996,0.0,91.69459702637089,23040.0
-8.686699867248535,-15.897017478942871,7.2103142738342285,0.0,115.10338449170409,23040.0
-8.612215995788574,-15.852291107177734,7.240073204040527,0.0,109.54841907830217,23040.0
-8.864583969116211,-16.121084213256836,7.256499767303467,0.0,62.79325217457661,23040.0
-8.995222091674805,-16.239511489868164,7.244287014007568,0.0,80.91453066703077,23040.0
-8.818012237548828,-16.037948608398438,7.219935894012451,0.0,127.07692793321688,23040.0
-8.831327438354492,-16.101797103881836,7.2704758644104,0.0,111.63442664454108,23040.0
-8.876822471618652,-16.20567512512207,7.328854560852051,0.0,128.70178682798758,23040.0
-8.956904411315918,-16.29874038696289,7.3418402671813965,0.0,91.83942423335922,23040.0
-8.497745513916016,-15.88015365600586,7.382403373718262,0.0,192.27656121700534,23040.0
-9.129632949829102,-16.43061637878418,7.300984859466553,0.0,132.62062014580403,23040.0
-8.791251182556152,-16.179182052612305,7.387930870056152,0.0,135.4946156745226,23040.0
-9.063066482543945,-16.42879867553711,7.365729331970215,0.0,71.69671376304814,23040.0
-9.038588523864746,-16.487499237060547,7.448912143707275,0.0,161.88042933646673,23040.0
-9.075738906860352,-16.477928161621094,7.40219259262085,0.0,149.20787103170466,23040.0
-9.096918106079102,-16.61383819580078,7.516917705535889,0.0,74.98576250518278,23040.0
-9.079971313476562,-16.598411560058594,7.518434047698975,0.0,82.1197272059213,23040.0
-9.438935279846191,-16.84630584716797,7.407369613647461,0.0,95.04179428424595,23040.0
-9.243139266967773,-16.712202072143555,7.469061374664307,0.0,144.01805230293493,23040.0
-9.420169830322266,-16.814380645751953,7.394209861755371,0.0,80.87841829274691,23040.0
-9.364288330078125,-16.795499801635742,7.431215286254883,0.0,92.95147549378723,23040.0
-9.433893203735352,-16.963134765625,7.529245376586914,0.0,83.51163913447493,23040.0
-9.522297859191895,-16.95697784423828,7.43467903137207,0.0,67.42675854847006,23040.0
-9.296666145324707,-16.76861000061035,7.471941947937012,0.0,80.66807296007231,23040.0
-9.591568946838379,-17.119993209838867,7.528425216674805,0.0,86.63021867535207,23040.0
-9.62828254699707,-17.122936248779297,7.494656085968018,0.0,79.80172027807228,23040.0
-9.242923736572266,-16.76069450378418,7.5177741050720215,0.0,124.96876938465788,23040.0
-9.485762596130371,-16.96500015258789,7.4792399406433105,0.0,131.25733643136877,23040.0
-9.56970500946045,-17.071889877319336,7.502187252044678,0.0,94.45062950278883,23040.0
-9.352534294128418,-16.90575408935547,7.553224086761475,0.0,103.66796919934565,23040.0
-9.475043296813965,-17.008331298828125,7.533288478851318,0.0,89.05167776893023,23040.0
-9.613377571105957,-17.109527587890625,7.496151924133301,0.0,111.77717854815073,23040.0
-9.609237670898438,-17.095834732055664,7.486603260040283,0.0,105.3410652814155,23040.0
-9.502483367919922,-17.031713485717773,7.5292277336120605,0.0,104.86346613791706,23040.0
-9.613391876220703,-17.18092918395996,7.567535400390625,0.0,107.47981587005785,23040.0
-9.539093971252441,-17.10544776916504,7.566348552703857,0.0,111.48898311458643,23040.0
-9.570955276489258,-17.14441680908203,7.57346248626709,0.0,87.25568159302557,23040.0
-9.687507629394531,-17.226633071899414,7.539122104644775,0.0,65.93553180587185,23040.0
-9.600118637084961,-17.197481155395508,7.59736442565918,0.0,82.21824268419368,23040.0
-9.584324836730957,-17.20606231689453,7.621743202209473,0.0,102.20157845899517,23040.0
-9.684619903564453,-17.208147048950195,7.523523807525635,0.0,92.04724863092142,23040.0
-9.58973503112793,-17.190656661987305,7.600925922393799,0.0,97.88706293947676,23040.0
-9.539449691772461,-17.148508071899414,7.609053611755371,0.0,123.66012215745423,23040.0
-9.452201843261719,-17.012605667114258,7.56041145324707,0.0,171.80669829771008,23040.0
-9.487123489379883,-17.066484451293945,7.579355716705322,0.0,258.52584150228387,23040.0
-8.920998573303223,-16.47947883605957,7.558477878570557,0.0,365.74051440479366,23040.0
-8.123237609863281,-15.820463180541992,7.697225570678711,0.0,533.0554052641883,23040.0
-5.542382717132568,-13.563251495361328,8.020872116088867,0.0,520.5134302486202,23040.0
-8.91839599609375,-16.43545913696289,7.517062664031982,0.0,243.20920096786165,23040.0
-8.200236320495605,-15.899626731872559,7.6993889808654785,0.0,271.68992161766613,23040.0
-7.621105194091797,-15.101556777954102,7.480447769165039,0.0,347.6836446448237,23040.0
-9.42302417755127,-16.808408737182617,7.385387420654297,0.0,97.64686591187036,23040.0
-7.403000831604004,-15.081624031066895,7.678622722625732,0.0,345.30858761959956,23040.0
-9.08633804321289,-16.504777908325195,7.418441295623779,0.0,170.1082660979404,23040.0
-8.71237850189209,-16.2485408782959,7.5361647605896,0.0,195.12203821332076,23040.0
-8.790643692016602,-16.345775604248047,7.555130481719971,0.0,216.08758041859616,23040.0
-9.31790828704834,-16.806283950805664,7.48837423324585,0.0,128.00648427330813,23040.0
-8.54985237121582,-16.06154441833496,7.511687755584717,0.0,227.8487837762813,23040.0
-9.223335266113281,-16.707273483276367,7.48394250869751,0.0,118.99833727761718,23040.0
-8.699491500854492,-16.170101165771484,7.470609664916992,0.0,237.9363550014548,23040.0
-9.19674301147461,-16.675935745239258,7.479191303253174,0.0,141.96733634479892,23040.0
-8.888091087341309,-16.34297752380371,7.454882621765137,0.0,218.23315519067864,23040.0
-9.379768371582031,-16.815635681152344,7.4358649253845215,0.0,124.63189968530014,23040.0
-8.823881149291992,-16.35285186767578,7.528969764709473,0.0,201.02552071804857,23040.0
-9.25841999053955,-16.63113021850586,7.372717380523682,0.0,149.99773480135605,23040.0
-8.855803489685059,-16.327260971069336,7.471461296081543,0.0,160.57648395597278,23040.0
-9.010394096374512,-16.520599365234375,7.510204315185547,0.0,210.60252417250288,23040.0
-9.189458847045898,-16.795167922973633,7.605710029602051,0.0,146.07763592429515,23040.0
-8.69936752319336,-16.2373104095459,7.5379414558410645,0.0,225.97339017070857,23040.0
-9.300930976867676,-16.772186279296875,7.471251010894775,0.0,160.67449859476613,23040.0
-8.930599212646484,-16.542524337768555,7.6119256019592285,0.0,204.9563389728435,23040.0
-9.63278865814209,-17.03948211669922,7.406692981719971,0.0,127.41600635535016,23040.0
-9.229108810424805,-16.70174789428711,7.472635269165039,0.0,159.1811037867266,23040.0
-9.500956535339355,-17.04443359375,7.543482780456543,0.0,132.245384653372,23040.0
-9.363222122192383,-16.93670082092285,7.573483467102051,0.0,141.59991566110466,23040.0
-9.311933517456055,-16.938947677612305,7.627021789550781,0.0,151.10054511237396,23040.0
-9.479349136352539,-17.08954620361328,7.610195636749268,0.0,126.18352155413898,23040.0
-9.341726303100586,-16.890871047973633,7.5491461753845215,0.0,156.36385281015563,23040.0
-9.62023639678955,-17.110456466674805,7.490218162536621,0.0,101.70387809125013,23040.0
-9.525877952575684,-17.113319396972656,7.587442874908447,0.0,121.80515134346645,23040.0
-9.723723411560059,-17.20343589782715,7.4797043800354,0.0,99.70584183436934,23040.0
-9.546689987182617,-17.142065048217773,7.595377445220947,0.0,121.41447070239687,23040.0
-9.716047286987305,-17.279010772705078,7.562966346740723,0.0,105.58133517734515,23040.0
-9.530306816101074,-17.124494552612305,7.594184875488281,0.0,118.33692596445795,23040.0
-9.570292472839355,-17.109533309936523,7.539239406585693,0.0,136.42999490281022,23040.0
-9.748003959655762,-17.336977005004883,7.588974952697754,0.0,80.63813239384616,23040.0
-9.142328262329102,-16.816986083984375,7.674658298492432,0.0,136.6865123358461,23040.0
-9.789746284484863,-17.3584041595459,7.568662643432617,0.0,128.33331075725602,23040.0
-9.73076057434082,-17.338714599609375,7.607951641082764,0.0,73.72369775245933,23040.0
-9.586725234985352,-17.188060760498047,7.601334571838379,0.0,139.74993527854454,23040.0
-9.756158828735352,-17.32579803466797,7.569639682769775,0.0,118.94123584267686,23040.0
-9.69172477722168,-17.337989807128906,7.646271228790283,0.0,90.66233133493684,23040.0
-9.74785327911377,-17.310205459594727,7.562352180480957,0.0,115.68628646525494,23040.0
-9.791718482971191,-17.378087997436523,7.586371421813965,0.0,115.48927029378838,23040.0
-9.91592788696289,-17.49312400817871,7.5772013664245605,0.0,97.19532243198077,23040.0
-9.66342544555664,-17.30027198791504,7.636845111846924,0.0,139.43126684672467,23040.0
-9.565128326416016,-17.20859146118164,7.64346170425415,0.0,131.0607394301691,23040.0
-9.821378707885742,-17.4365177154541,7.615137577056885,0.0,87.5025673783848,23040.0
-9.649017333984375,-17.326860427856445,7.6778435707092285,0.0,122.25531956160401,23040.0
-9.666616439819336,-17.287519454956055,7.620905876159668,0.0,144.95021201216804,23040.0
-9.982041358947754,-17.622882843017578,7.640844821929932,0.0,75.02955921332358,23040.0
-9.707589149475098,-17.379009246826172,7.671417713165283,0.0,104.59652356552927,23040.0
-9.882097244262695,-17.47232437133789,7.5902276039123535,0.0,101.7575507108643,23040.0
-9.97553825378418,-17.58153533935547,7.605992317199707,0.0,71.83804433766481,23040.0
-9.782613754272461,-17.378639221191406,7.596028804779053,0.0,100.34011851214456,23040.0
-9.80206298828125,-17.469165802001953,7.66710090637207,0.0,98.39681730548065,23040.0
-9.880346298217773,-17.528886795043945,7.648533821105957,0.0,79.639048266314,23040.0
-9.889495849609375,-17.546255111694336,7.656757354736328,0.0,106.31993665927251,23040.0
-10.021078109741211,-17.639148712158203,7.618072986602783,0.0,84.21690206439165,23040.0
-9.899717330932617,-17.504409790039062,7.604694366455078,0.0,93.79492026654614,23040.0
-10.089781761169434,-17.642759323120117,7.552977085113525,0.0,58.58300410353282,23040.0
-9.884140014648438,-17.511960983276367,7.627817630767822,0.0,72.0307824783584,23040.0
-10.014602661132812,-17.701597213745117,7.686994552612305,0.0,67.25099434430842,23040.0
-9.690208435058594,-17.399280548095703,7.709073066711426,0.0,63.99012852808558,23040.0
-10.006956100463867,-17.624649047851562,7.617696285247803,0.0,74.19710059051654,23040.0
-10.063712120056152,-17.61791229248047,7.554201126098633,0.0,56.4250308524721,23040.0
-9.995345115661621,-17.602338790893555,7.606997489929199,0.0,68.35977284155527,23040.0
-9.947794914245605,-17.546634674072266,7.598840236663818,0.0,63.92551357334276,23040.0
-9.919868469238281,-17.642534255981445,7.722666263580322,0.0,74.980432180938,23040.0
-9.870227813720703,-17.614778518676758,7.7445502281188965,0.0,71.4868322306284,23040.0
-10.222189903259277,-17.852203369140625,7.630015850067139,0.0,40.6302376742755,23040.0
-10.058477401733398,-17.677412033081055,7.618927478790283,0.0,58.953721823921455,23040.0
-9.955069541931152,-17.686290740966797,7.731222152709961,0.0,77.02251675214882,23040.0
-9.758665084838867,-17.478147506713867,7.71948766708374,0.0,54.45114126842027,23040.0
-10.009840965270996,-17.61663055419922,7.606795787811279,0.0,47.707069982352216,23040.0
-9.985368728637695,-17.573719024658203,7.588351249694824,0.0,75.05402620310643,23040.0
-10.02350902557373,-17.690582275390625,7.667069435119629,0.0,65.9085787845444,23040.0
-10.135476112365723,-17.75226402282715,7.616790294647217,0.0,41.75193709725977,23040.0
-10.122364044189453,-17.77355194091797,7.651186943054199,0.0,43.81166341073907,23040.0
-10.051159858703613,-17.66933250427246,7.618168830871582,0.0,74.84312846293987,23040.0
-9.87981128692627,-17.551610946655273,7.671797752380371,0.0,81.50116877901417,23040.0
-9.914007186889648,-17.5676326751709,7.653622627258301,0.0,73.60605294874094,23040.0
-9.911811828613281,-17.53091049194336,7.619095802307129,0.0,69.0329947748691,23040.0
-10.033920288085938,-17.766633987426758,7.7327094078063965,0.0,86.55917322248567,23040.0
-9.863974571228027,-17.581987380981445,7.718009948730469,0.0,131.73196948908975,23040.0
-9.816567420959473,-17.544675827026367,7.728107929229736,0.0,134.75564841456887,23040.0
-10.124008178710938,-17.74233055114746,7.618322849273682,0.0,80.41497024311089,23040.0
-9.954368591308594,-17.658424377441406,7.704056262969971,0.0,54.055946423173936,23040.0
-9.816873550415039,-17.49733543395996,7.680458068847656,0.0,101.9710364547708,23040.0
-9.912432670593262,-17.586931228637695,7.674496650695801,0.0,96.03273543048128,23040.0
-9.937874794006348,-17.590253829956055,7.652380466461182,0.0,79.4992334291451,23040.0
-9.929169654846191,-17.603681564331055,7.674515724182129,0.0,59.867825038861724,23040.0
-10.161757469177246,-17.841869354248047,7.68010950088501,0.0,81.72965208178822,23040.0
-9.805499076843262,-17.558456420898438,7.752960681915283,0.0,131.32344233725738,23040.0
-9.82114315032959,-17.54595375061035,7.724814414978027,0.0,105.01926378774606,23040.0
-9.779180526733398,-17.541316986083984,7.762137413024902,0.0,141.81642455053202,23040.0
-9.891412734985352,-17.54085350036621,7.649440288543701,0.0,95.8245550989148,23040.0
-9.842185020446777,-17.46746063232422,7.625275135040283,0.0,143.2458053405636,23040.0
-10.017054557800293,-17.672624588012695,7.655570983886719,0.0,99.3298158704253,23040.0
-10.026200294494629,-17.68213653564453,7.655936241149902,0.0,67.97020773066,23040.0
-9.829164505004883,-17.535194396972656,7.706024646759033,0.0,80.23763043721036,23040.0
-9.900989532470703,-17.578929901123047,7.677935600280762,0.0,83.72057640933602,23040.0
-9.881340026855469,-17.57514190673828,7.693800926208496,0.0,100.05225466882884,23040.0
-9.812280654907227,-17.515745162963867,7.703461170196533,0.0,125.94826497209291,23040.0
-9.926244735717773,-17.63353729248047,7.7072930335998535,0.0,78.21173683565073,23040.0
-10.004257202148438,-17.67795181274414,7.6736931800842285,0.0,63.50338310584564,23040.0
-9.955228805541992,-17.624555587768555,7.669326305389404,0.0,94.53337663355212,23040.0
-9.988765716552734,-17.65737533569336,7.6686177253723145,0.0,102.82403567547902,23040.0
-9.986733436584473,-17.637805938720703,7.651076316833496,0.0,107.30102849290132,23040.0
-9.933493614196777,-17.609636306762695,7.676145553588867,0.0,106.12719576448846,23040.0
-10.042470932006836,-17.639402389526367,7.596938610076904,0.0,101.65467494193014,23040.0
-9.91581916809082,-17.618444442749023,7.702620506286621,0.0,89.91731749212597,23040.0
-10.068473815917969,-17.73244285583496,7.663971424102783,0.0,63.419176134176276,23040.0
-9.96699333190918,-17.630233764648438,7.663241863250732,0.0,56.94522037727818,23040.0
-10.037262916564941,-17.67836570739746,7.641103744506836,0.0,61.84012644115109,23040.0
-9.969507217407227,-17.639135360717773,7.669625282287598,0.0,79.15547888875012,23040.0
-10.006888389587402,-17.69618797302246,7.689298629760742,0.0,101.43838849358289,23040.0
-9.943495750427246,-17.678089141845703,7.7345967292785645,0.0,131.39432964505846,23040.0
-10.002519607543945,-17.695037841796875,7.692519664764404,0.0,83.46244328908931,23040.0
-9.913101196289062,-17.54958724975586,7.636488914489746,0.0,101.40322263293552,23040.0
-9.720236778259277,-17.42275047302246,7.702511310577393,0.0,175.83619224843278,23040.0
-9.778711318969727,-17.455366134643555,7.676651954650879,0.0,163.2415224339616,23040.0
-10.112857818603516,-17.80860137939453,7.695740222930908,0.0,97.64362709633238,23040.0
-9.983219146728516,-17.613176345825195,7.629962921142578,0.0,74.44726773267698,23040.0
-9.900314331054688,-17.650985717773438,7.750669956207275,0.0,91.65065209835532,23040.0
-10.10732364654541,-17.79759979248047,7.690271854400635,0.0,75.02886003667393,23040.0
-10.008007049560547,-17.695995330810547,7.687990188598633,0.0,106.79917769995082,23040.0
-9.953164100646973,-17.603696823120117,7.650532245635986,0.0,112.17055120419722,23040.0
-9.905532836914062,-17.59095001220703,7.685422897338867,0.0,69.03264987139707,23040.0
-9.812468528747559,-17.439504623413086,7.627032279968262,0.0,87.68294878249002,23040.0
-9.937469482421875,-17.683149337768555,7.745682716369629,0.0,83.81045203173043,23040.0
-10.08571720123291,-17.673126220703125,7.587407112121582,0.0,97.96714338620517,23040.0
-9.91700267791748,-17.6676025390625,7.750600337982178,0.0,74.76112579236667,23040.0
-10.107194900512695,-17.770235061645508,7.663043022155762,0.0,104.75536540185857,23040.0
-9.853035926818848,-17.576255798339844,7.723220348358154,0.0,146.23091449243697,23040.0
-10.140528678894043,-17.721996307373047,7.581463813781738,0.0,109.00728800252489,23040.0
-10.1427640914917,-17.776838302612305,7.6340765953063965,0.0,91.95529323336265,23040.0
-9.855338096618652,-17.590911865234375,7.73557186126709,0.0,112.40492545746878,23040.0
-10.01616096496582,-17.75705337524414,7.740896224975586,0.0,120.76329962421062,23040.0
-10.043737411499023,-17.776782989501953,7.733049392700195,0.0,72.07255813335601,23040.0
-10.140703201293945,-17.783458709716797,7.642759323120117,0.0,93.88022372243326,23040.0
-9.915251731872559,-17.610828399658203,7.695582866668701,0.0,113.81086171481924,23040.0
-9.93919849395752,-17.63648223876953,7.697286605834961,0.0,104.44687130958931,23040.0
-10.10802936553955,-17.7059268951416,7.5978922843933105,0.0,101.52515264892331,23040.0
-9.947525978088379,-17.539152145385742,7.591629981994629,0.0,127.22313824636223,23040.0
-9.87775993347168,-17.568099975585938,7.690342903137207,0.0,138.4549266677308,23040.0
-9.84142780303955,-17.485740661621094,7.644314289093018,0.0,140.54327075320612,23040.0
-10.093031883239746,-17.717594146728516,7.624557971954346,0.0,94.76597881225341,23040.0
-10.005603790283203,-17.721176147460938,7.715574264526367,0.0,49.55051488113643,23040.0
-9.995201110839844,-17.61704444885254,7.621844291687012,0.0,101.0212580218815,23040.0
-9.800925254821777,-17.50527000427246,7.704347133636475,0.0,123.13597746532896,23040.0
-9.849780082702637,-17.514484405517578,7.6647162437438965,0.0,124.22036218177948,23040.0
-9.894445419311523,-17.587648391723633,7.693197250366211,0.0,114.34604154529488,23040.0
-10.006368637084961,-17.64043426513672,7.634063243865967,0.0,121.56116298867767,23040.0
-9.7600679397583,-17.424123764038086,7.664059638977051,0.0,174.25465475160283,23040.0
-9.751039505004883,-17.458152770996094,7.707117557525635,0.0,213.1157032389967,23040.0
-9.694610595703125,-17.331018447875977,7.6364054679870605,0.0,184.6731913990634,23040.0
-9.98106575012207,-17.638154983520508,7.657094955444336,0.0,101.12300245503653,23040.0
-10.042906761169434,-17.67342758178711,7.630521774291992,0.0,109.15452265246957,23040.0
-9.81080436706543,-17.489337921142578,7.678535461425781,0.0,152.34935158599131,23040.0
-10.033432960510254,-17.665647506713867,7.632213115692139,0.0,147.2298328877139,23040.0
-9.960915565490723,-17.638460159301758,7.677546501159668,0.0,90.27442095716717,23040.0
-10.012235641479492,-17.630191802978516,7.617961406707764,0.0,129.91851547910852,23040.0
-9.959930419921875,-17.567174911499023,7.607243061065674,0.0,160.57900467737255,23040.0
-9.934737205505371,-17.544265747070312,7.609527587890625,0.0,139.57329952664733,23040.0
-10.077130317687988,-17.708026885986328,7.6308913230896,0.0,141.60034760171075,23040.0
-9.718497276306152,-17.36133575439453,7.642834663391113,0.0,189.10359621126915,23040.0
-9.785703659057617,-17.430767059326172,7.645065784454346,0.0,176.19319009760866,23040.0
-9.812734603881836,-17.54543685913086,7.732710838317871,0.0,132.62947841783398,23040.0
-9.915522575378418,-17.564409255981445,7.648891925811768,0.0,81.88103666969002,23040.0
-9.543981552124023,-17.25214958190918,7.708166599273682,0.0,180.45428316227142,23040.0
-9.530566215515137,-17.262102127075195,7.73153829574585,0.0,177.4432836643095,23040.0
-9.593729972839355,-17.398927688598633,7.8051934242248535,0.0,149.4565313087902,23040.0
-10.023321151733398,-17.754430770874023,7.731112480163574,0.0,116.90192541949745,23040.0
-9.645715713500977,-17.322202682495117,7.676483154296875,0.0,142.1561278711784,23040.0
-10.022798538208008,-17.584959030151367,7.5621657371521,0.0,109.715815601845,23040.0
-9.887823104858398,-17.506980895996094,7.619160175323486,0.0,111.66539009931361,23040.0
-10.053132057189941,-17.64292335510254,7.5897955894470215,0.0,103.66037853142777,23040.0
-9.81690788269043,-17.535293579101562,7.718385219573975,0.0,115.47225616865639,23040.0
-9.898553848266602,-17.52556037902832,7.627004623413086,0.0,126.46258985140321,23040.0
-10.040735244750977,-17.664615631103516,7.623883247375488,0.0,110.79956821023157,23040.0
-9.916669845581055,-17.51949119567871,7.602818489074707,0.0,153.42755911982744,23040.0
-9.941431999206543,-17.573158264160156,7.63172721862793,0.0,140.38307905956316,23040.0
-10.02656364440918,-17.717769622802734,7.691207408905029,0.0,102.49874213299091,23040.0
-9.966922760009766,-17.706045150756836,7.739116668701172,0.0,103.78165820220588,23040.0
-9.81224536895752,-17.440109252929688,7.627868175506592,0.0,156.10605809991594,23040.0
-9.955048561096191,-17.624967575073242,7.669920444488525,0.0,126.48627130635225,23040.0
-9.905512809753418,-17.53693199157715,7.631412982940674,0.0,131.43121899721223,23040.0
-10.028623580932617,-17.64322280883789,7.6146063804626465,0.0,154.49318489143266,23040.0
-9.785971641540527,-17.49869155883789,7.712719917297363,0.0,130.1357646797802,23040.0
-9.896608352661133,-17.66425323486328,7.767651557922363,0.0,98.59952580888503,23040.0
-10.044934272766113,-17.723390579223633,7.678451061248779,0.0,96.05116147842723,23040.0
-9.944817543029785,-17.61717987060547,7.6723713874816895,0.0,136.27201932513788,23040.0
-9.819766998291016,-17.52423095703125,7.704464912414551,0.0,115.91729947859308,23040.0
-10.06420612335205,-17.733413696289062,7.669206619262695,0.0,92.83151194816827,23040.0
-9.883926391601562,-17.633880615234375,7.749955177307129,0.0,121.32772939954545,23040.0
-9.867339134216309,-17.583438873291016,7.716101169586182,0.0,178.471808049854,23040.0
-9.85506820678711,-17.520910263061523,7.665844917297363,0.0,173.0595707689926,23040.0
-9.971664428710938,-17.638975143432617,7.667305946350098,0.0,137.32913444059034,23040.0
-9.858028411865234,-17.54228401184082,7.68425178527832,0.0,149.04207029970848,23040.0
-9.668598175048828,-17.478776931762695,7.810180187225342,0.0,154.11366835087762,23040.0
-9.644001007080078,-17.40514373779297,7.761139392852783,0.0,189.09399740112033,23040.0
-9.854314804077148,-17.499937057495117,7.645626544952393,0.0,211.38448444910742,23040.0
-9.621562004089355,-17.359373092651367,7.737811088562012,0.0,205.23982128982823,23040.0
-9.517073631286621,-17.273204803466797,7.756134510040283,0.0,208.19370219951958,23040.0
-9.972774505615234,-17.693727493286133,7.720955848693848,0.0,147.50946078084743,23040.0
-9.746234893798828,-17.324630737304688,7.578394412994385,0.0,217.048207594373,23040.0
-9.521042823791504,-17.23558807373047,7.714540481567383,0.0,216.9198957080436,23040.0
-9.722051620483398,-17.388256072998047,7.666208744049072,0.0,176.829091469129,23040.0
-9.709091186523438,-17.432435989379883,7.723345756530762,0.0,196.55348773935302,23040.0
-9.30379581451416,-17.026369094848633,7.722573280334473,0.0,263.5537888327673,23040.0
-9.980524063110352,-17.61734962463379,7.6368231773376465,0.0,140.61423097131404,23040.0
-9.876099586486816,-17.52767562866211,7.651575565338135,0.0,174.29956981827786,23040.0
-9.469015121459961,-17.20490837097168,7.735894203186035,0.0,236.38338154185567,23040.0
-9.82618236541748,-17.4917049407959,7.665523052215576,0.0,140.23922812535167,23040.0
-9.71298885345459,-17.442148208618164,7.729159355163574,0.0,143.74898092451465,23040.0
-9.451543807983398,-17.171422958374023,7.719875812530518,0.0,238.22290417872375,23040.0
-10.014914512634277,-17.693490982055664,7.678574562072754,0.0,139.38733059842693,23040.0
-9.989396095275879,-17.649290084838867,7.659893035888672,0.0,111.48354630605506,23040.0
-9.748639106750488,-17.453657150268555,7.705015182495117,0.0,131.0041152755838,23040.0
-9.990644454956055,-17.674976348876953,7.684334754943848,0.0,98.4910563997003,23040.0
-9.741028785705566,-17.484111785888672,7.743080139160156,0.0,113.67180567358457,23040.0
-9.339725494384766,-17.185373306274414,7.8456501960754395,0.0,213.91077915421013,23040.0
-9.948416709899902,-17.628026962280273,7.679612159729004,0.0,109.18626599685219,23040.0
-9.875807762145996,-17.504323959350586,7.628517150878906,0.0,153.79858827744138,23040.0
-9.799105644226074,-17.45545196533203,7.656339645385742,0.0,140.96582596384766,23040.0
-9.70557975769043,-17.50547981262207,7.799902439117432,0.0,138.71907454842815,23040.0
-9.650076866149902,-17.44285011291504,7.792774200439453,0.0,129.22313132986324,23040.0
-9.59900951385498,-17.376073837280273,7.777060508728027,0.0,178.23329397692694,23040.0
-9.655277252197266,-17.292572021484375,7.6372971534729,0.0,206.98503382790452,23040.0
-9.54196548461914,-17.229869842529297,7.687896728515625,0.0,201.99251326552042,23040.0
-9.67810344696045,-17.331527709960938,7.65341854095459,0.0,190.84238375951398,23040.0
-9.410283088684082,-17.20106315612793,7.790778160095215,0.0,185.05999503632256,23040.0
-9.66957950592041,-17.39798927307129,7.72841739654541,0.0,209.62316561142748,23040.0
-9.563228607177734,-17.27106475830078,7.707836151123047,0.0,204.5403048131674,23040.0
-9.522480010986328,-17.34084129333496,7.818359375,0.0,190.99112980251357,23040.0
-9.688901901245117,-17.368331909179688,7.679432392120361,0.0,215.9372876498852,23040.0
-9.240862846374512,-16.954238891601562,7.713377475738525,0.0,263.2031959403668,23040.0
-9.856220245361328,-17.512617111206055,7.656394004821777,0.0,151.73752495693594,23040.0
-9.548418045043945,-17.277782440185547,7.729366779327393,0.0,202.06009472993713,23040.0
-9.411505699157715,-17.029197692871094,7.617690563201904,0.0,221.3028285405748,23040.0
-9.834967613220215,-17.42931365966797,7.594350814819336,0.0,150.85077509845902,23040.0
-9.379606246948242,-17.0053768157959,7.625773906707764,0.0,224.3490879674986,23040.0
-9.022926330566406,-16.855838775634766,7.832911968231201,0.0,245.17567527141802,23040.0
-9.652490615844727,-17.28436279296875,7.631875991821289,0.0,188.48063695635804,23040.0
-9.040361404418945,-16.85683822631836,7.8164753913879395,0.0,251.75362603396215,23040.0
-9.233614921569824,-17.026721954345703,7.793101787567139,0.0,204.44574774047962,23040.0
-9.528478622436523,-17.142900466918945,7.614415168762207,0.0,208.31133051911468,23040.0
-8.975516319274902,-16.657188415527344,7.681671619415283,0.0,298.52579627152255,23040.0
-9.051087379455566,-16.853174209594727,7.802083969116211,0.0,267.0432385475414,23040.0
-9.358601570129395,-16.980012893676758,7.621416091918945,0.0,242.73368698278006,23040.0
-9.054018020629883,-16.68405532836914,7.630035400390625,0.0,257.88259709303605,23040.0
-9.602128982543945,-17.327184677124023,7.725059509277344,0.0,192.19826362590098,23040.0
-9.340593338012695,-16.918542861938477,7.577945232391357,0.0,266.7806792880239,23040.0
-9.72713565826416,-17.35573387145996,7.628599643707275,0.0,156.6541406034603,23040.0
-9.453201293945312,-17.08399772644043,7.630792140960693,0.0,231.51679837034794,23040.0
-9.340204238891602,-16.990942001342773,7.650731563568115,0.0,235.01547391637138,23040.0
-9.859989166259766,-17.387584686279297,7.52760124206543,0.0,116.33347491731766,23040.0
-9.209932327270508,-16.830150604248047,7.620219707489014,0.0,246.86299626394106,23040.0
-9.679232597351074,-17.235361099243164,7.556134223937988,0.0,178.11643055328204,23040.0
-9.59599494934082,-17.288543701171875,7.692550182342529,0.0,174.40847404819738,23040.0
-9.535842895507812,-17.190595626831055,7.654749870300293,0.0,215.21768332134147,23040.0
-9.80285930633545,-17.486387252807617,7.68352746963501,0.0,99.4900751980668,23040.0
-9.504464149475098,-17.18148422241211,7.677021503448486,0.0,214.7001319523232,23040.0
-9.835511207580566,-17.44620132446289,7.61069393157959,0.0,115.99616969655338,23040.0
-9.816621780395508,-17.402908325195312,7.586286544799805,0.0,150.63934193634756,23040.0
-9.680842399597168,-17.314424514770508,7.633580684661865,0.0,191.14258646625862,23040.0
-10.11178207397461,-17.738391876220703,7.626607418060303,0.0,59.91135159526529,23040.0
-9.735627174377441,-17.327598571777344,7.591973304748535,0.0,196.61331062177433,23040.0
-9.917314529418945,-17.505327224731445,7.588008403778076,0.0,121.61072176375248,23040.0
-9.92534351348877,-17.47386932373047,7.548525810241699,0.0,128.84865292665026,23040.0
-9.712124824523926,-17.36392593383789,7.651801109313965,0.0,167.83914371031025,23040.0
-9.94052791595459,-17.55066680908203,7.61014461517334,0.0,78.39944634388556,23040.0
-9.982380867004395,-17.589277267456055,7.606898307800293,0.0,151.9469967701569,23040.0
-10.093048095703125,-17.74295425415039,7.649904251098633,0.0,84.68117560961518,23040.0
-9.946869850158691,-17.647994995117188,7.701122283935547,0.0,125.07270887664912,23040.0
-10.024675369262695,-17.68840217590332,7.663722515106201,0.0,138.2609561084357,23040.0
-10.033388137817383,-17.748144149780273,7.71475887298584,0.0,56.594391063142034,23040.0
-10.02619743347168,-17.702028274536133,7.675830841064453,0.0,140.33315160389662,23040.0
-10.068573951721191,-17.743406295776367,7.6748270988464355,0.0,111.25251654152957,23040.0
-9.915319442749023,-17.6208553314209,7.705538749694824,0.0,84.10923869717574,23040.0
-10.073434829711914,-17.692949295043945,7.619510173797607,0.0,91.52793412978988,23040.0
-10.190250396728516,-17.778139114379883,7.587883949279785,0.0,84.51874995179305,23040.0
-9.937055587768555,-17.647443771362305,7.710385322570801,0.0,116.53151790255336,23040.0
-10.151676177978516,-17.821569442749023,7.669895648956299,0.0,72.31631737057407,23040.0
-10.24371337890625,-17.933347702026367,7.689634799957275,0.0,58.92531249225961,23040.0
-10.19392204284668,-17.888912200927734,7.694986343383789,0.0,69.8791395099809,23040.0
-10.134896278381348,-17.79587745666504,7.6609787940979,0.0,68.39731257030043,23040.0
-10.211828231811523,-17.802650451660156,7.5908203125,0.0,72.5216740196121,23040.0
-10.103301048278809,-17.78629493713379,7.68299674987793,0.0,72.15586359179969,23040.0
-10.261724472045898,-17.932037353515625,7.670312404632568,0.0,57.764208096475016,23040.0
-10.09902286529541,-17.778396606445312,7.67936897277832,0.0,71.06377403945596,23040.0
-9.986108779907227,-17.718868255615234,7.732757568359375,0.0,92.51262694172047,23040.0
-10.143485069274902,-17.875255584716797,7.731766223907471,0.0,61.38314400132486,23040.0
-10.124536514282227,-17.844011306762695,7.719476222991943,0.0,92.67781743374388,23040.0
-10.04354476928711,-17.726396560668945,7.682851791381836,0.0,130.2179071513199,23040.0
-9.963569641113281,-17.719987869262695,7.756422996520996,0.0,136.1770187940149,23040.0
-10.177392959594727,-17.91021156311035,7.732820510864258,0.0,85.781503633035,23040.0
-10.051109313964844,-17.76656723022461,7.7154622077941895,0.0,81.41698218220333,23040.0
-10.182840347290039,-17.88946533203125,7.706630229949951,0.0,97.38577022677153,23040.0
-10.129624366760254,-17.821434020996094,7.6918158531188965,0.0,78.06620467014875,23040.0
-9.98285961151123,-17.68490982055664,7.702045440673828,0.0,133.23311148785496,23040.0
-9.92455005645752,-17.674266815185547,7.74971866607666,0.0,102.6936421200364,23040.0
-10.224685668945312,-17.92954444885254,7.704854965209961,0.0,95.38186459952173,23040.0
-10.101322174072266,-17.779979705810547,7.6786580085754395,0.0,114.56220260965087,23040.0
-10.15231990814209,-17.842023849487305,7.689700603485107,0.0,75.93541268571852,23040.0
-10.168246269226074,-17.90068244934082,7.732436656951904,0.0,94.37770371722544,23040.0
-10.053342819213867,-17.796302795410156,7.74296760559082,0.0,120.09440924525995,23040.0
-10.085867881774902,-17.78181266784668,7.695937156677246,0.0,98.37131554083888,23040.0
-10.137872695922852,-17.83605194091797,7.698174953460693,0.0,80.20585079824455,23040.0
-9.896263122558594,-17.72983169555664,7.833568096160889,0.0,131.61629887851984,23040.0
-10.19378662109375,-17.855300903320312,7.661513805389404,0.0,117.96542303291207,23040.0
-10.157172203063965,-17.95223045349121,7.7950615882873535,0.0,79.80001830935159,23040.0
-10.093989372253418,-17.83831024169922,7.744320392608643,0.0,108.81864724350149,23040.0
-9.918256759643555,-17.682703018188477,7.764446258544922,0.0,124.4895874330928,23040.0
-10.052390098571777,-17.76628875732422,7.71389627456665,0.0,114.04880571702766,23040.0
-10.189756393432617,-17.85330581665039,7.663549900054932,0.0,104.19648222467275,23040.0
-10.140950202941895,-17.811389923095703,7.670445919036865,0.0,96.87131297055564,23040.0
-10.253893852233887,-17.920997619628906,7.667101860046387,0.0,98.64802786287501,23040.0
-10.143036842346191,-17.861408233642578,7.718373775482178,0.0,136.78421285599188,23040.0
-10.05749225616455,-17.685813903808594,7.628321170806885,0.0,135.76802883334128,23040.0
-10.206111907958984,-17.962255477905273,7.756145477294922,0.0,97.61307782313376,23040.0
-10.168315887451172,-17.943641662597656,7.775324821472168,0.0,67.17867605016357,23040.0
-10.081521987915039,-17.787118911743164,7.705590724945068,0.0,112.94622434200777,23040.0
-10.134065628051758,-17.85721778869629,7.723148822784424,0.0,80.33139019198222,23040.0
-10.264491081237793,-17.875720977783203,7.611225128173828,0.0,67.25599261794444,23040.0
-10.214343070983887,-17.86500358581543,7.650660991668701,0.0,84.82453479289629,23040.0
-10.01557731628418,-17.63839340209961,7.622821807861328,0.0,101.65836462898407,23040.0
-10.109636306762695,-17.81914710998535,7.709508419036865,0.0,105.67066247891191,23040.0
-10.014999389648438,-17.7415771484375,7.7265753746032715,0.0,145.90150139992375,23040.0
-9.999988555908203,-17.686649322509766,7.686657905578613,0.0,173.22325396051502,23040.0
-9.663189888000488,-17.32662010192871,7.663437366485596,0.0,209.3043655311432,23040.0
-9.532687187194824,-17.28519058227539,7.752505779266357,0.0,236.13018070885673,23040.0
-9.75790786743164,-17.505651473999023,7.747744560241699,0.0,213.77283777067245,23040.0
-10.079339027404785,-17.73862075805664,7.659279823303223,0.0,137.13191501896372,23040.0
-9.978598594665527,-17.721149444580078,7.742552280426025,0.0,160.3708564860345,23040.0
-9.615540504455566,-17.3222713470459,7.706732273101807,0.0,245.559424483127,23040.0
-9.454231262207031,-17.24946403503418,7.795228481292725,0.0,254.68643797452552,23040.0
-10.029646873474121,-17.71556282043457,7.6859211921691895,0.0,146.32646379885546,23040.0
-9.941132545471191,-17.657682418823242,7.716544151306152,0.0,157.38521503030685,23040.0
-9.357962608337402,-17.05571937561035,7.697758674621582,0.0,273.2294890559182,23040.0
-9.471745491027832,-17.146188735961914,7.674448013305664,0.0,243.4265225457472,23040.0
-9.961432456970215,-17.628992080688477,7.6675543785095215,0.0,121.52357828259954,23040.0
-9.938220024108887,-17.578609466552734,7.640391826629639,0.0,156.42034161152392,23040.0
-9.67958927154541,-17.192649841308594,7.513058662414551,0.0,223.82162548678005,23040.0
-9.873038291931152,-17.49205780029297,7.61902379989624,0.0,189.01358664478585,23040.0
-10.193909645080566,-17.798032760620117,7.60412073135376,0.0,93.3842927605823,23040.0
-9.927026748657227,-17.534225463867188,7.607196807861328,0.0,132.39099128734648,23040.0
-10.015233993530273,-17.590482711791992,7.575254917144775,0.0,150.0793977501088,23040.0
-10.264595985412598,-17.81212615966797,7.5475287437438965,0.0,100.60084030202322,23040.0
-10.001022338867188,-17.675552368164062,7.674530506134033,0.0,101.92899753235174,23040.0
-9.818572044372559,-17.471805572509766,7.653226852416992,0.0,148.93623516985366,23040.0
-10.050497055053711,-17.701379776000977,7.650883197784424,0.0,130.75116304663968,23040.0
-10.058755874633789,-17.686084747314453,7.627333641052246,0.0,114.76415419709997,23040.0
-10.155253410339355,-17.74831771850586,7.59306526184082,0.0,129.4629249063131,23040.0
-10.087870597839355,-17.624895095825195,7.537019729614258,0.0,104.19826048789804,23040.0
-9.937356948852539,-17.58349609375,7.64614200592041,0.0,107.49577211402459,23040.0
-10.019866943359375,-17.616230010986328,7.596364498138428,0.0,143.5945125233909,23040.0
-9.964241981506348,-17.610027313232422,7.645786762237549,0.0,149.98410889030828,23040.0
-9.926481246948242,-17.60726547241211,7.6807861328125,0.0,175.49132413635664,23040.0
-9.626733779907227,-17.38092803955078,7.754196643829346,0.0,164.66502053508918,23040.0
-10.357887268066406,-17.919139862060547,7.561254978179932,0.0,92.49932304505741,23040.0
-9.985620498657227,-17.71209716796875,7.726483345031738,0.0,140.48184291184958,23040.0
-9.728609085083008,-17.519712448120117,7.791106700897217,0.0,188.41182073238562,23040.0
-9.813276290893555,-17.540597915649414,7.72731876373291,0.0,181.96802683611483,23040.0
-10.113726615905762,-17.80552864074707,7.691798686981201,0.0,137.62990328362963,23040.0
-9.648869514465332,-17.414243698120117,7.7653727531433105,0.0,171.30256146836027,23040.0
-9.915664672851562,-17.600078582763672,7.684417247772217,0.0,164.68609090897246,23040.0
-9.903937339782715,-17.53659439086914,7.632654666900635,0.0,169.88304438534348,23040.0
-9.927127838134766,-17.596216201782227,7.669085502624512,0.0,156.79664266170647,23040.0
-10.069113731384277,-17.71491241455078,7.645798206329346,0.0,147.59628260986435,23040.0
-9.881226539611816,-17.553375244140625,7.672154426574707,0.0,160.03500405807534,23040.0
-9.818787574768066,-17.515066146850586,7.696279048919678,0.0,174.3873328688467,23040.0
-10.012917518615723,-17.6849422454834,7.672019958496094,0.0,156.62482987795866,23040.0
-10.014018058776855,-17.655092239379883,7.641072750091553,0.0,140.9917757004054,23040.0
-9.939022064208984,-17.66518211364746,7.726161003112793,0.0,166.82468418986986,23040.0
-9.870028495788574,-17.536237716674805,7.666214466094971,0.0,191.35556969224388,23040.0
-9.78352165222168,-17.490589141845703,7.707067966461182,0.0,196.0274251698781,23040.0
-9.966736793518066,-17.6596736907959,7.69293737411499,0.0,180.6513600897776,23040.0
-9.822320938110352,-17.438371658325195,7.616060256958008,0.0,188.78874778263054,23040.0
-9.84328556060791,-17.46994972229004,7.6266608238220215,0.0,181.61312715508623,23040.0
-9.296624183654785,-17.191734313964844,7.895113945007324,0.0,219.82668084300587,23040.0
-9.512386322021484,-17.187849044799805,7.675459861755371,0.0,245.67969028642636,23040.0
-9.357841491699219,-17.14651107788086,7.788665294647217,0.0,250.96995890042288,23040.0
-9.865340232849121,-17.481292724609375,7.61595344543457,0.0,193.48663472632623,23040.0
-9.576908111572266,-17.252046585083008,7.675135135650635,0.0,188.20589764363544,23040.0
-9.388126373291016,-17.000783920288086,7.6126580238342285,0.0,276.3984716042378,23040.0
-9.57367992401123,-17.33064842224121,7.756973743438721,0.0,196.98031451783083,23040.0
-9.85422134399414,-17.49972152709961,7.645501613616943,0.0,135.40384099570196,23040.0
-9.528494834899902,-17.18389129638672,7.655398845672607,0.0,215.51699453077768,23040.0
-9.711995124816895,-17.30422592163086,7.592228412628174,0.0,206.6749728704372,23040.0
-9.793203353881836,-17.445127487182617,7.65192174911499,0.0,128.7818756321455,23040.0
-9.573088645935059,-17.230112075805664,7.657024383544922,0.0,249.22867363418774,23040.0
-9.606714248657227,-17.180667877197266,7.573958873748779,0.0,241.64456451223393,23040.0
-10.1494722366333,-17.695175170898438,7.545699596405029,0.0,109.47107994050954,23040.0
-9.40424633026123,-17.022777557373047,7.6185302734375,0.0,253.53040373669492,23040.0
-9.428243637084961,-17.049928665161133,7.621689796447754,0.0,244.68949845025094,23040.0
-9.791991233825684,-17.426958084106445,7.634964942932129,0.0,147.9831590686108,23040.0
-9.469130516052246,-17.063730239868164,7.594602584838867,0.0,238.35204146937545,23040.0
-9.60792350769043,-17.138479232788086,7.530559539794922,0.0,216.907389621249,23040.0
-10.06968879699707,-17.67593002319336,7.606236934661865,0.0,79.17412401419284,23040.0
-9.456414222717285,-17.103864669799805,7.6474480628967285,0.0,230.74131648043294,23040.0
-9.755572319030762,-17.366880416870117,7.611312389373779,0.0,196.6785249998077,23040.0
-9.820034980773926,-17.497678756713867,7.677645683288574,0.0,107.4864723363654,23040.0
-9.51124382019043,-17.057004928588867,7.545763969421387,0.0,227.3420151568389,23040.0
-9.962711334228516,-17.542551040649414,7.579836845397949,0.0,144.24086223273636,23040.0
-9.94678783416748,-17.568492889404297,7.621705532073975,0.0,115.58564079740286,23040.0
-9.55591869354248,-17.25612449645996,7.700201988220215,0.0,195.51016389641444,23040.0
-10.113404273986816,-17.698484420776367,7.5850749015808105,0.0,116.87354627344789,23040.0
-9.929683685302734,-17.56483268737793,7.635146617889404,0.0,114.01576294119747,23040.0
-9.868571281433105,-17.438066482543945,7.569493293762207,0.0,142.7983616542167,23040.0
-10.032416343688965,-17.614561080932617,7.582143783569336,0.0,112.04179431613017,23040.0
-9.910859107971191,-17.474353790283203,7.563492774963379,0.0,123.52021476612288,23040.0
-10.067950248718262,-17.725635528564453,7.657684326171875,0.0,105.41166178592923,23040.0
-10.00385856628418,-17.68462562561035,7.680765151977539,0.0,94.37810299596599,23040.0
-9.98531723022461,-17.6365909576416,7.651272296905518,0.0,134.39282585278343,23040.0
-9.853140830993652,-17.542551040649414,7.689412593841553,0.0,112.22154757820354,23040.0
-9.996259689331055,-17.628395080566406,7.632136344909668,0.0,126.91915346355285,23040.0
-9.915949821472168,-17.51317596435547,7.597221374511719,0.0,124.2656028004469,23040.0
-9.947172164916992,-17.558305740356445,7.61113166809082,0.0,127.3251634547711,23040.0
-9.665566444396973,-17.451948165893555,7.786376953125,0.0,138.82068206292476,23040.0
-10.020605087280273,-17.63821029663086,7.617603302001953,0.0,151.02162880256085,23040.0
-9.934252738952637,-17.691036224365234,7.756781578063965,0.0,116.97124409008805,23040.0
-9.948098182678223,-17.640058517456055,7.691959857940674,0.0,102.32404301245664,23040.0
-10.07469654083252,-17.665239334106445,7.590542793273926,0.0,108.2407685833963,23040.0
-9.92628002166748,-17.54267692565918,7.6164021492004395,0.0,108.9927570376317,23040.0
-9.606465339660645,-17.443525314331055,7.837060451507568,0.0,147.5386948676994,23040.0
-9.936673164367676,-17.584278106689453,7.6476006507873535,0.0,169.13470522362297,23040.0
-9.96901798248291,-17.746397018432617,7.7773823738098145,0.0,70.00691932034343,23040.0
-9.721576690673828,-17.432523727416992,7.7109456062316895,0.0,106.58841904605161,23040.0
-9.465349197387695,-17.213571548461914,7.748222351074219,0.0,143.81179916850536,23040.0
-9.777276039123535,-17.45746612548828,7.6801886558532715,0.0,151.83279342619198,23040.0
-9.68913459777832,-17.4464054107666,7.757273197174072,0.0,108.97177454955465,23040.0
-9.888162612915039,-17.53487777709961,7.646717071533203,0.0,145.3293925080741,23040.0
-10.116647720336914,-17.823183059692383,7.706538200378418,0.0,92.7702967722526,23040.0
-10.006555557250977,-17.658557891845703,7.652002811431885,0.0,100.5415811990693,23040.0
-9.562092781066895,-17.38182830810547,7.819737911224365,0.0,131.89403078879317,23040.0
-9.993815422058105,-17.6235408782959,7.629725933074951,0.0,73.79999728123931,23040.0
-10.161030769348145,-17.75337028503418,7.5923380851745605,0.0,96.49072521583228,23040.0
-10.063837051391602,-17.74376678466797,7.679928779602051,0.0,87.40372971471085,23040.0
-9.942054748535156,-17.729570388793945,7.787513732910156,0.0,97.59917479147781,23040.0
-10.023950576782227,-17.75589942932129,7.731954097747803,0.0,79.8197664800504,23040.0
-10.110262870788574,-17.72447967529297,7.614219665527344,0.0,64.74739432963543,23040.0
-10.050585746765137,-17.75248908996582,7.701902389526367,0.0,80.65217976986919,23040.0
-10.080801010131836,-17.687389373779297,7.606586933135986,0.0,106.10955181578525,23040.0
-10.043232917785645,-17.731630325317383,7.6884026527404785,0.0,85.20062516422783,23040.0
-10.033002853393555,-17.757875442504883,7.7248711585998535,0.0,67.51941460142132,23040.0
-10.059606552124023,-17.7403564453125,7.68074893951416,0.0,87.62323530410693,23040.0
-9.956137657165527,-17.649524688720703,7.693383693695068,0.0,116.24916990962859,23040.0
-9.99494743347168,-17.690778732299805,7.695831298828125,0.0,101.60434123855138,23040.0
-9.948320388793945,-17.626842498779297,7.67852783203125,0.0,82.06686528018955,23040.0
-10.134324073791504,-17.755590438842773,7.621268272399902,0.0,103.21857751606619,23040.0
-10.08487606048584,-17.78995132446289,7.705074787139893,0.0,82.3548671361521,23040.0
-9.906136512756348,-17.646867752075195,7.740725994110107,0.0,81.36133388790007,23040.0
-10.178082466125488,-17.85700225830078,7.678919792175293,0.0,103.90222036519842,23040.0
-10.045634269714355,-17.69155502319336,7.645922660827637,0.0,100.51115129727052,23040.0
-9.952339172363281,-17.63028335571289,7.67794942855835,0.0,90.67467341871269,23040.0
-10.110538482666016,-17.80326271057129,7.692718982696533,0.0,69.5246079590331,23040.0
-10.128484725952148,-17.770559310913086,7.642072677612305,0.0,91.16397465835963,23040.0
-9.805365562438965,-17.572721481323242,7.767355918884277,0.0,109.45828828774124,23040.0
-10.184388160705566,-17.839962005615234,7.6555705070495605,0.0,92.85133217341064,23040.0
-9.91009521484375,-17.62017059326172,7.710072994232178,0.0,139.8311741006322,23040.0
-9.918660163879395,-17.58382797241211,7.665170669555664,0.0,146.6028132390549,23040.0
-10.085321426391602,-17.79337501525879,7.708054065704346,0.0,81.63686594421377,23040.0
-10.125171661376953,-17.710412979125977,7.585245609283447,0.0,109.16633250770599,23040.0
-9.88579273223877,-17.553403854370117,7.66760778427124,0.0,168.6374360510132,23040.0
-9.636069297790527,-17.398374557495117,7.762309551239014,0.0,182.46675112114016,23040.0
-10.119643211364746,-17.81414031982422,7.694496154785156,0.0,70.38214881466048,23040.0
-9.95469856262207,-17.725500106811523,7.770804405212402,0.0,115.73932484700906,23040.0
-9.8442964553833,-17.513376235961914,7.669077396392822,0.0,177.76519236219713,23040.0
-9.74487018585205,-17.451078414916992,7.70620584487915,0.0,214.63341826526127,23040.0
-10.096725463867188,-17.669206619262695,7.572482109069824,0.0,138.20939871065116,23040.0
-10.053605079650879,-17.724294662475586,7.670688152313232,0.0,97.69591938944177,23040.0
-9.908624649047852,-17.57428550720215,7.665660858154297,0.0,163.5429695086358,23040.0
-9.838019371032715,-17.485958099365234,7.647937774658203,0.0,183.34244086406235,23040.0
-10.104597091674805,-17.736818313598633,7.632224082946777,0.0,143.98224267024523,23040.0
-9.56018352508545,-17.37641716003418,7.816234111785889,0.0,178.43772385864457,23040.0
-9.924283027648926,-17.542224884033203,7.617941856384277,0.0,191.9120601650855,23040.0
-9.827731132507324,-17.39179229736328,7.564065933227539,0.0,163.67961692138107,23040.0
-9.913366317749023,-17.577653884887695,7.6642889976501465,0.0,140.11128630291287,23040.0
-9.214611053466797,-17.169572830200195,7.954962730407715,0.0,236.1658746362726,23040.0
-9.490216255187988,-17.191003799438477,7.700787544250488,0.0,253.55386955813714,23040.0
-9.39561939239502,-17.23683738708496,7.841212272644043,0.0,226.17452940831424,23040.0
-9.403985023498535,-17.09524917602539,7.691267013549805,0.0,259.80740626006525,23040.0
-8.995925903320312,-16.76718521118164,7.771254539489746,0.0,269.1338878770949,23040.0
-9.90415096282959,-17.44949722290039,7.545346260070801,0.0,174.12306765366372,23040.0
-9.029802322387695,-16.87040138244629,7.840601444244385,0.0,236.15725970223977,23040.0
-9.360063552856445,-16.94887351989746,7.588814735412598,0.0,263.392745567375,23040.0
-9.666154861450195,-17.300798416137695,7.634644031524658,0.0,202.58050087031174,23040.0
-9.111766815185547,-16.91404151916504,7.802272319793701,0.0,256.98652907780996,23040.0
-9.128698348999023,-16.81352996826172,7.6848273277282715,0.0,251.9784664476991,23040.0
-9.45614242553711,-17.033815383911133,7.577672481536865,0.0,197.5100749036271,23040.0
-8.651946067810059,-16.45219612121582,7.800248146057129,0.0,313.7843680731138,23040.0
-9.01634693145752,-16.737499237060547,7.721153259277344,0.0,287.70041657318353,23040.0
-9.688979148864746,-17.25127410888672,7.562294960021973,0.0,185.09942620078388,23040.0
-8.732619285583496,-16.573650360107422,7.841026306152344,0.0,273.9286917029575,23040.0
-9.438103675842285,-16.964689254760742,7.526584148406982,0.0,258.0106419105175,23040.0
-9.29808521270752,-16.9500675201416,7.651980876922607,0.0,232.43268917498472,23040.0
-9.381010055541992,-17.031259536743164,7.6502509117126465,0.0,238.57414651634446,23040.0
-9.659427642822266,-17.206682205200195,7.547252178192139,0.0,218.67551543431406,23040.0
-9.700706481933594,-17.27395248413086,7.573248863220215,0.0,202.43794445446312,23040.0
-9.467501640319824,-17.166669845581055,7.699172019958496,0.0,208.78107669565674,23040.0
-9.483467102050781,-17.16696548461914,7.683494567871094,0.0,216.04268835076036,23040.0
-9.484217643737793,-17.132232666015625,7.648020267486572,0.0,210.13332077235012,23040.0
-9.706135749816895,-17.342910766601562,7.636773109436035,0.0,187.2438656936075,23040.0
-9.284489631652832,-16.869661331176758,7.585171222686768,0.0,240.52416024868344,23040.0
-9.513206481933594,-17.184528350830078,7.671325206756592,0.0,171.56344273506542,23040.0
-9.91466236114502,-17.411439895629883,7.496779918670654,0.0,162.0926963241952,23040.0
-9.28001880645752,-17.007177352905273,7.727152347564697,0.0,211.1871965785926,23040.0
-9.837396621704102,-17.361509323120117,7.524110794067383,0.0,159.5431340966068,23040.0
-9.885258674621582,-17.45663070678711,7.571369171142578,0.0,168.34806105041957,23040.0
-9.864317893981934,-17.51594352722168,7.651629447937012,0.0,154.1860690336512,23040.0
-9.993244171142578,-17.559431076049805,7.566186428070068,0.0,136.00722302269222,23040.0
-9.796483039855957,-17.421815872192383,7.625333786010742,0.0,155.4777643116171,23040.0
-10.049420356750488,-17.633806228637695,7.584385871887207,0.0,106.14855268373822,23040.0
-9.885074615478516,-17.489015579223633,7.603938579559326,0.0,137.74157136173656,23040.0
-9.838045120239258,-17.488956451416016,7.650918006896973,0.0,169.0483384233758,23040.0
-10.101502418518066,-17.76993179321289,7.6684346199035645,0.0,96.43371334133398,23040.0
-10.000611305236816,-17.743438720703125,7.742827892303467,0.0,119.49101617755252,23040.0
-9.722013473510742,-17.44211769104004,7.720102787017822,0.0,180.05110194998716,23040.0
-10.163542747497559,-17.7535457611084,7.589998245239258,0.0,98.43951783949981,23040.0
-9.837146759033203,-17.539318084716797,7.702173709869385,0.0,180.1264428833017,23040.0
-10.032852172851562,-17.66617202758789,7.63332462310791,0.0,161.90866438367092,23040.0
-9.971231460571289,-17.66062355041504,7.689390659332275,0.0,154.21274790579122,23040.0
-10.024124145507812,-17.67169952392578,7.647572040557861,0.0,126.91355231329992,23040.0
-10.104292869567871,-17.78266716003418,7.678381443023682,0.0,83.478799425179,23040.0
-10.143172264099121,-17.776287078857422,7.633114814758301,0.0,115.43909447724985,23040.0
-9.905598640441895,-17.575973510742188,7.670373439788818,0.0,127.86614374946434,23040.0
-10.177989959716797,-17.83999252319336,7.662003040313721,0.0,80.62414755356612,23040.0
-10.34654712677002,-17.99024200439453,7.643691539764404,0.0,100.29747256610888,23040.0
-10.046749114990234,-17.78794288635254,7.741191864013672,0.0,103.83866982180442,23040.0
-10.235297203063965,-17.947364807128906,7.712067127227783,0.0,101.42511096862603,23040.0
-10.09298038482666,-17.814678192138672,7.721700191497803,0.0,115.0166458454593,23040.0
-10.045722961425781,-17.73499298095703,7.689267158508301,0.0,108.59756311137545,23040.0
-10.300899505615234,-17.95599937438965,7.655092239379883,0.0,135.3007419135673,23040.0
-10.107059478759766,-17.848356246948242,7.741297721862793,0.0,136.02101633301322,23040.0
-10.274133682250977,-17.91527557373047,7.641139507293701,0.0,64.02957924847743,23040.0
-10.223892211914062,-17.965147018432617,7.741257667541504,0.0,83.46350309423133,23040.0
-10.284567832946777,-17.912946701049805,7.628379821777344,0.0,109.94982893906771,23040.0
-10.174681663513184,-17.836990356445312,7.662308216094971,0.0,67.56307066819492,23040.0
-10.210387229919434,-17.81606101989746,7.605672359466553,0.0,86.7451963966864,23040.0
-10.183618545532227,-17.835037231445312,7.651415824890137,0.0,120.9105001617023,23040.0
-10.217381477355957,-17.95027732849121,7.732895374298096,0.0,91.11356258993011,23040.0
-10.259422302246094,-17.91632843017578,7.656914710998535,0.0,66.38391426055766,23040.0
-10.195149421691895,-17.90138816833496,7.706239223480225,0.0,101.68383401772708,23040.0
-9.91988468170166,-17.677703857421875,7.757819175720215,0.0,154.92138632561824,23040.0
-10.32520866394043,-17.899635314941406,7.574426174163818,0.0,116.60145211396758,23040.0
-10.136117935180664,-17.7695369720459,7.633413314819336,0.0,87.4673266089766,23040.0
-10.0142822265625,-17.731508255004883,7.717225551605225,0.0,137.96639187621594,23040.0
-9.868657112121582,-17.689807891845703,7.82115364074707,0.0,165.76774405020825,23040.0
-10.139328002929688,-17.84046173095703,7.701130390167236,0.0,130.63931188663085,23040.0
-9.895158767700195,-17.653308868408203,7.758151531219482,0.0,130.1703406132218,23040.0
-10.101716041564941,-17.687204360961914,7.585489273071289,0.0,132.19829342490158,23040.0
-10.041671752929688,-17.71092987060547,7.66925573348999,0.0,130.58395069105154,23040.0
-10.111122131347656,-17.743892669677734,7.632765769958496,0.0,143.57232291779707,23040.0
-9.907100677490234,-17.74774169921875,7.840640068054199,0.0,107.33255559022521,23040.0
-10.12876033782959,-17.857053756713867,7.728291988372803,0.0,114.07209655655863,23040.0
-9.922534942626953,-17.674711227416992,7.7521796226501465,0.0,148.64598945035553,23040.0
-10.006075859069824,-17.793663024902344,7.7875847816467285,0.0,130.52691578625956,23040.0
-10.096732139587402,-17.80575942993164,7.709025859832764,0.0,106.34110466024497,23040.0
-10.060775756835938,-17.768810272216797,7.708027362823486,0.0,140.92244222023868,23040.0
-9.756759643554688,-17.554431915283203,7.797677040100098,0.0,148.8648268259058,23040.0
-10.152215957641602,-17.799867630004883,7.647651672363281,0.0,123.85860919168985,23040.0
-10.12043571472168,-17.795942306518555,7.675506114959717,0.0,105.6725402045285,23040.0
-9.870146751403809,-17.628925323486328,7.758779048919678,0.0,137.02665528726985,23040.0
-10.022202491760254,-17.684959411621094,7.662753582000732,0.0,131.13496223388825,23040.0
-10.149340629577637,-17.87466812133789,7.725324630737305,0.0,120.32810405305159,23040.0
-10.198966979980469,-17.856748580932617,7.657783508300781,0.0,102.01339244088204,23040.0
-9.842970848083496,-17.62384033203125,7.780868053436279,0.0,146.62613743221806,23040.0
-9.859611511230469,-17.661951065063477,7.802337169647217,0.0,141.98223355881223,23040.0
-10.026411056518555,-17.799972534179688,7.7735595703125,0.0,131.83479374327965,23040.0
-10.210259437561035,-17.925039291381836,7.714779376983643,0.0,78.06925080872935,23040.0
-9.886256217956543,-17.724594116210938,7.838338375091553,0.0,144.1265355811635,23040.0
-9.775117874145508,-17.500307083129883,7.725189208984375,0.0,150.61668174894314,23040.0
-10.112547874450684,-17.70259666442871,7.590053081512451,0.0,104.74856392840998,23040.0
-10.326711654663086,-17.953983306884766,7.627272605895996,0.0,57.37819915078019,23040.0
-10.102569580078125,-17.8278751373291,7.725306510925293,0.0,122.229396352865,23040.0
-10.029483795166016,-17.716588973999023,7.687107563018799,0.0,102.25753248209678,23040.0
-10.19091510772705,-17.92923355102539,7.7383198738098145,0.0,57.133250145683846,23040.0
-10.160144805908203,-17.838272094726562,7.678129196166992,0.0,83.2091714817484,23040.0
-10.216156959533691,-17.900508880615234,7.684349060058594,0.0,112.99084009629647,23040.0
-10.07845401763916,-17.762224197387695,7.68377161026001,0.0,102.0117776443109,23040.0
-10.301366806030273,-18.022245407104492,7.720878601074219,0.0,79.86492262092261,23040.0
-10.016012191772461,-17.814620971679688,7.798610210418701,0.0,83.18858978676913,23040.0
-10.11095905303955,-17.80010223388672,7.689146518707275,0.0,77.86809242293825,23040.0
-10.136539459228516,-17.914745330810547,7.778202533721924,0.0,96.14030371210859,23040.0
-10.320738792419434,-17.960819244384766,7.640081882476807,0.0,72.99159190446244,23040.0
-10.148170471191406,-17.842144012451172,7.693974494934082,0.0,85.60614744300022,23040.0
-10.232904434204102,-17.848615646362305,7.615706443786621,0.0,83.94269223849993,23040.0
-10.054308891296387,-17.781879425048828,7.727569580078125,0.0,108.3712781883197,23040.0
-10.016740798950195,-17.749696731567383,7.732956409454346,0.0,141.304968561803,23040.0
-10.095861434936523,-17.83835220336914,7.742495536804199,0.0,75.09748730124389,23040.0
-10.08946418762207,-17.803808212280273,7.714343070983887,0.0,104.97821156622939,23040.0
-9.377379417419434,-17.269838333129883,7.892457962036133,0.0,210.6796487898508,23040.0
-9.813194274902344,-17.56220054626465,7.749002456665039,0.0,181.82113000169184,23040.0
-10.162775993347168,-17.80644989013672,7.643676280975342,0.0,118.23858709881465,23040.0
-10.13987922668457,-17.88681411743164,7.746939659118652,0.0,90.50951501925694,23040.0
-9.96308422088623,-17.78460693359375,7.821523189544678,0.0,137.2997277522697,23040.0
-9.800642967224121,-17.622379302978516,7.821738243103027,0.0,171.85485720060555,23040.0
-10.152664184570312,-17.839492797851562,7.686828136444092,0.0,145.08000328215476,23040.0
-9.82873249053955,-17.627866744995117,7.799131870269775,0.0,135.73835324426022,23040.0
-10.27232837677002,-17.818525314331055,7.54619836807251,0.0,101.30570715426526,23040.0
-10.191123008728027,-17.84029769897461,7.649174213409424,0.0,79.44948959773312,23040.0
-10.002604484558105,-17.656373977661133,7.653767108917236,0.0,113.05862206927347,23040.0
-9.959746360778809,-17.69508171081543,7.735340118408203,0.0,127.51935431154979,23040.0
-10.326616287231445,-18.030458450317383,7.7038493156433105,0.0,86.86465766939325,23040.0
-10.130045890808105,-17.801712036132812,7.67166805267334,0.0,82.98853380518588,23040.0
-10.296266555786133,-17.95363426208496,7.657365798950195,0.0,89.4481329086114,23040.0
-10.017847061157227,-17.882278442382812,7.864430904388428,0.0,120.844557730631,23040.0
-9.859109878540039,-17.628564834594727,7.7694525718688965,0.0,136.31672764459833,23040.0
-10.16380786895752,-17.87836265563965,7.714557647705078,0.0,96.07691979709848,23040.0
-10.248151779174805,-17.961732864379883,7.713586330413818,0.0,83.89135035034383,23040.0
-10.184782028198242,-17.940534591674805,7.755757808685303,0.0,93.99738503694019,23040.0
-9.801514625549316,-17.66533851623535,7.86382532119751,0.0,133.6523606310032,23040.0
-9.997298240661621,-17.72246551513672,7.725162982940674,0.0,126.12240135279175,23040.0
-9.93696403503418,-17.64493179321289,7.7079644203186035,0.0,112.91857965480085,23040.0
-10.033978462219238,-17.72521209716797,7.691234111785889,0.0,135.1798093805675,23040.0
-9.906556129455566,-17.723743438720703,7.817188262939453,0.0,137.68075311276434,23040.0
-9.697531700134277,-17.434532165527344,7.737002849578857,0.0,209.85869525458455,23040.0
-9.976263046264648,-17.636171340942383,7.659911632537842,0.0,168.7818909469438,23040.0
-9.8568696975708,-17.57916831970215,7.722296237945557,0.0,138.25074565376772,23040.0
-9.73393726348877,-17.48756980895996,7.753635883331299,0.0,152.0260252739538,23040.0
-9.171384811401367,-16.966026306152344,7.794645309448242,0.0,260.37752343617166,23040.0
-9.163081169128418,-16.933223724365234,7.770143032073975,0.0,286.8351991028151,23040.0
-9.681299209594727,-17.483240127563477,7.801936149597168,0.0,194.2643718438343,23040.0
-9.396707534790039,-17.35159683227539,7.954888343811035,0.0,204.52829046800795,23040.0
-8.804664611816406,-16.681764602661133,7.877095699310303,0.0,280.29467672429143,23040.0
-9.888559341430664,-17.57568359375,7.6871209144592285,0.0,169.88701462939127,23040.0
-9.938663482666016,-17.490318298339844,7.551653861999512,0.0,179.11609423643822,23040.0
-9.731100082397461,-17.414358139038086,7.683257579803467,0.0,166.02179163049914,23040.0
-9.437650680541992,-17.153934478759766,7.71628475189209,0.0,178.6410547197858,23040.0
-9.846567153930664,-17.536489486694336,7.689922332763672,0.0,152.90344688039298,23040.0
-9.998205184936523,-17.60598373413086,7.607778072357178,0.0,138.03824289774886,23040.0
-9.942075729370117,-17.701452255249023,7.759373664855957,0.0,107.74620441999603,23040.0
-10.003049850463867,-17.636856079101562,7.63381290435791,0.0,129.6589621453658,23040.0
-9.674251556396484,-17.39435577392578,7.72009801864624,0.0,135.86603336900004,23040.0
-10.063088417053223,-17.714027404785156,7.650941371917725,0.0,96.93380986398687,23040.0
-9.943668365478516,-17.604930877685547,7.661262512207031,0.0,133.6119298114847,23040.0
-10.239907264709473,-17.93082046508789,7.690916061401367,0.0,97.58177617238687,23040.0
-10.083057403564453,-17.817523956298828,7.7344651222229,0.0,72.25281475594812,23040.0
-10.0586576461792,-17.744997024536133,7.686336040496826,0.0,95.48732754865706,23040.0
-9.863000869750977,-17.527217864990234,7.664222717285156,0.0,129.18270053552573,23040.0
-10.178850173950195,-17.75906753540039,7.580218315124512,0.0,70.49300749874439,23040.0
-10.085912704467773,-17.64180564880371,7.5558905601501465,0.0,99.57984186015727,23040.0
-10.157437324523926,-17.75865936279297,7.6012282371521,0.0,82.11723621841101,23040.0
-9.89612102508545,-17.655536651611328,7.759413719177246,0.0,101.95117019738146,23040.0
-9.917790412902832,-17.621095657348633,7.703310012817383,0.0,106.73702341907291,23040.0
-10.169236183166504,-17.930774688720703,7.761541843414307,0.0,105.21180305196184,23040.0
-10.148574829101562,-17.840065002441406,7.691486835479736,0.0,77.28259256938178,23040.0
-9.96119213104248,-17.67984962463379,7.718655586242676,0.0,87.00581538359766,23040.0
-9.910441398620605,-17.633251190185547,7.722815036773682,0.0,98.83490226367353,23040.0
-9.841858863830566,-17.443309783935547,7.601451873779297,0.0,108.31525128678835,23040.0
-10.093225479125977,-17.778797149658203,7.685577392578125,0.0,76.65504684070893,23040.0
-9.723898887634277,-17.568050384521484,7.844147205352783,0.0,93.41958100350703,23040.0
-9.76866340637207,-17.54103660583496,7.77237606048584,0.0,89.88478650954268,23040.0
-9.855880737304688,-17.61165428161621,7.755772590637207,0.0,129.72060225783318,23040.0
-10.035981178283691,-17.71845245361328,7.682468891143799,0.0,100.29664346405397,23040.0
-9.429025650024414,-17.382740020751953,7.9537129402160645,0.0,94.63491756481024,23040.0
-9.854435920715332,-17.592756271362305,7.738321304321289,0.0,96.74393268898217,23040.0
-9.433618545532227,-17.259714126586914,7.8260979652404785,0.0,179.67593515650225,23040.0
-9.844767570495605,-17.534849166870117,7.690082550048828,0.0,167.05041456288671,23040.0
-9.81513500213623,-17.58633804321289,7.771198272705078,0.0,99.74186124423268,23040.0
-9.532356262207031,-17.35855484008789,7.826199531555176,0.0,167.87882145585104,23040.0
-9.055182456970215,-16.847436904907227,7.79226016998291,0.0,231.44234207400342,23040.0
-9.808399200439453,-17.52950096130371,7.721104621887207,0.0,149.21533612223766,23040.0
-9.691458702087402,-17.35951042175293,7.668052673339844,0.0,143.53712986030186,23040.0
-9.813071250915527,-17.467588424682617,7.654515743255615,0.0,112.46814688327261,23040.0
-9.661919593811035,-17.389219284057617,7.727301597595215,0.0,151.9664831670894,23040.0
-9.556198120117188,-17.422622680664062,7.866429328918457,0.0,115.42674957972488,23040.0
-9.456483840942383,-17.23633575439453,7.779849052429199,0.0,174.11065290792823,23040.0
-9.697468757629395,-17.355396270751953,7.657928466796875,0.0,161.61638116952886,23040.0
-9.833440780639648,-17.42241668701172,7.588974952697754,0.0,155.8812971121481,23040.0
-9.70988941192627,-17.339649200439453,7.629763603210449,0.0,116.88341412091806,23040.0
-9.60247802734375,-17.22950553894043,7.627025604248047,0.0,159.75589988665058,23040.0
-9.886337280273438,-17.53643226623535,7.650094032287598,0.0,157.71938100776623,23040.0
-9.966608047485352,-17.67226219177246,7.705657482147217,0.0,92.7934628681835,23040.0
-9.756251335144043,-17.524967193603516,7.7687201499938965,0.0,139.9864450887125,23040.0
-9.635372161865234,-17.348573684692383,7.7132039070129395,0.0,173.82213937708144,23040.0
-9.810563087463379,-17.485260009765625,7.67469596862793,0.0,130.2469175893234,23040.0
-10.020676612854004,-17.584253311157227,7.563572406768799,0.0,109.57208992119632,23040.0
-9.894571304321289,-17.511310577392578,7.616735935211182,0.0,128.58073105379742,23040.0
-9.861664772033691,-17.49301528930664,7.631349563598633,0.0,126.16872472844673,23040.0
-9.878973960876465,-17.59621810913086,7.717238426208496,0.0,143.1112570489301,23040.0
-10.046764373779297,-17.729473114013672,7.6827073097229,0.0,116.83890053708247,23040.0
-9.434746742248535,-17.20426368713379,7.769518852233887,0.0,190.74521919438135,23040.0
-9.954235076904297,-17.572399139404297,7.618162631988525,0.0,136.55293477893346,23040.0
-9.986144065856934,-17.53154945373535,7.545407295227051,0.0,136.72210098960625,23040.0
-9.85519027709961,-17.465673446655273,7.610483169555664,0.0,119.80275241647612,23040.0
-9.564010620117188,-17.206851959228516,7.642848014831543,0.0,152.6690240867946,23040.0
-9.870635986328125,-17.492921829223633,7.622283458709717,0.0,125.47246048757785,23040.0
-9.996764183044434,-17.59772491455078,7.600958824157715,0.0,128.83871521589694,23040.0
-9.69172477722168,-17.481155395507812,7.789431571960449,0.0,147.49380918889338,23040.0
-9.698122024536133,-17.45638084411621,7.758264064788818,0.0,161.8481307693518,23040.0
-9.529858589172363,-17.351362228393555,7.821502208709717,0.0,166.50517447779225,23040.0
-9.86581039428711,-17.448558807373047,7.582748889923096,0.0,121.60092361035271,23040.0
-9.765844345092773,-17.377513885498047,7.611664295196533,0.0,160.7125148704616,23040.0
-9.791887283325195,-17.379133224487305,7.587245464324951,0.0,170.56948615444466,23040.0
-9.607848167419434,-17.37420082092285,7.766354560852051,0.0,111.26647401649882,23040.0
-9.736457824707031,-17.486377716064453,7.749918460845947,0.0,143.47105106012674,23040.0
-9.53502368927002,-17.27861976623535,7.743594169616699,0.0,176.7041898615611,23040.0
-9.781438827514648,-17.458675384521484,7.677239894866943,0.0,164.40565854002452,23040.0
-9.50485897064209,-17.22106170654297,7.716207027435303,0.0,187.71407378826115,23040.0
-9.620530128479004,-17.34426498413086,7.7237372398376465,0.0,128.17270975159997,23040.0
-9.94981861114502,-17.478008270263672,7.5281901359558105,0.0,129.86331479683145,23040.0
-9.958785057067871,-17.51448631286621,7.5557026863098145,0.0,154.8015145304697,23040.0
-9.93852710723877,-17.60941505432129,7.670887470245361,0.0,111.31438389521908,23040.0
-9.663697242736816,-17.547504425048828,7.883800506591797,0.0,94.31996637817981,23040.0
-9.652758598327637,-17.386505126953125,7.733743667602539,0.0,155.30124779432072,23040.0
-9.906766891479492,-17.627056121826172,7.720286846160889,0.0,132.9758480861929,23040.0
-9.85680103302002,-17.53362274169922,7.676827430725098,0.0,111.28184098428729,23040.0
-9.6688232421875,-17.342330932617188,7.673507213592529,0.0,155.47967378485973,23040.0
-9.73019027709961,-17.37285614013672,7.642667770385742,0.0,140.1279949519917,23040.0
-10.027227401733398,-17.6704044342041,7.643174171447754,0.0,81.08176644082629,23040.0
-9.956536293029785,-17.602710723876953,7.64617919921875,0.0,137.86136769110075,23040.0
-9.850610733032227,-17.582359313964844,7.731750011444092,0.0,96.82827747107835,23040.0
-9.886272430419922,-17.645769119262695,7.759494304656982,0.0,102.61342306271206,23040.0
-10.076656341552734,-17.659643173217773,7.582988262176514,0.0,140.51510597946785,23040.0
-9.910271644592285,-17.580406188964844,7.670130252838135,0.0,111.28374805724116,23040.0
-9.895981788635254,-17.439640045166016,7.543663024902344,0.0,93.82699141928701,23040.0
-9.924246788024902,-17.465801239013672,7.54155158996582,0.0,126.51518918267361,23040.0
-9.918587684631348,-17.53798484802246,7.619394779205322,0.0,109.07599519768395,23040.0
-9.916830062866211,-17.70077896118164,7.78394889831543,0.0,90.02070959795448,23040.0
-9.604631423950195,-17.420684814453125,7.816049575805664,0.0,114.32646397621623,23040.0
-10.057669639587402,-17.780597686767578,7.722926616668701,0.0,84.1537366326918,23040.0
-9.895807266235352,-17.590927124023438,7.695113658905029,0.0,82.10459484699497,23040.0
-10.00235652923584,-17.64431381225586,7.641959190368652,0.0,112.8416931197791,23040.0
-9.981940269470215,-17.50482940673828,7.52288818359375,0.0,94.09530186945419,23040.0
-9.908599853515625,-17.527870178222656,7.619267463684082,0.0,86.9841768906629,23040.0
-10.195262908935547,-17.752239227294922,7.556976795196533,0.0,109.33383398894487,23040.0
-9.74184799194336,-17.516468048095703,7.77462100982666,0.0,100.2052889328199,23040.0
-9.955158233642578,-17.61743927001953,7.662286281585693,0.0,135.49122326439792,23040.0
-9.770304679870605,-17.535444259643555,7.765138149261475,0.0,107.34881365072872,23040.0
-10.073149681091309,-17.655086517333984,7.581936359405518,0.0,102.60983624749159,23040.0
-9.84521770477295,-17.524002075195312,7.678784370422363,0.0,110.58893166789476,23040.0
-9.923820495605469,-17.44845199584961,7.524631977081299,0.0,97.07662589010467,23040.0
-10.066434860229492,-17.63942527770996,7.572990417480469,0.0,81.93342924554804,23040.0
-9.853219985961914,-17.63435935974121,7.781136512756348,0.0,120.9435643613375,23040.0
-9.759488105773926,-17.527137756347656,7.767643928527832,0.0,149.00692597109932,23040.0
-9.783037185668945,-17.438661575317383,7.65562629699707,0.0,176.75098080221647,23040.0
-9.644899368286133,-17.37485694885254,7.7299580574035645,0.0,154.0892690028045,23040.0
-10.06129264831543,-17.747339248657227,7.6860480308532715,0.0,118.60343598941964,23040.0
-9.903055191040039,-17.555004119873047,7.651944160461426,0.0,126.19366242359646,23040.0
-9.730828285217285,-17.327777862548828,7.596959114074707,0.0,150.75212327021822,23040.0
-10.106446266174316,-17.644376754760742,7.537929058074951,0.0,104.818701686543,23040.0
-9.981375694274902,-17.59393310546875,7.61256217956543,0.0,130.98539832016354,23040.0
-9.891867637634277,-17.490209579467773,7.598345756530762,0.0,179.4074570693684,23040.0
-9.716163635253906,-17.319616317749023,7.603456020355225,0.0,196.01337761347312,23040.0
-9.781302452087402,-17.50725555419922,7.725943565368652,0.0,163.32545657797687,23040.0
-9.87246322631836,-17.54313087463379,7.670669078826904,0.0,144.8699144561117,23040.0
-9.727849960327148,-17.431379318237305,7.70353889465332,0.0,155.4558119298,23040.0
-9.463607788085938,-17.0782470703125,7.6146416664123535,0.0,227.41386609126678,23040.0
-9.144806861877441,-16.890106201171875,7.745299816131592,0.0,244.23215593829931,23040.0
-9.739920616149902,-17.38149070739746,7.641568183898926,0.0,190.4395768309204,23040.0
-8.96227741241455,-16.837520599365234,7.875244140625,0.0,284.1151160108339,23040.0
-7.789599418640137,-15.626805305480957,7.837204456329346,0.0,393.81084423727833,23040.0
-9.917733192443848,-17.520702362060547,7.602967739105225,0.0,185.54525668598805,23040.0
-8.986822128295898,-16.611221313476562,7.624396324157715,0.0,301.10336509869245,23040.0
-7.490643501281738,-15.494918823242188,8.004276275634766,0.0,360.0641175526582,23040.0
-9.332984924316406,-16.88527488708496,7.552295684814453,0.0,240.10428091995038,23040.0
-7.860268592834473,-15.697616577148438,7.837347984313965,0.0,361.23318706618454,23040.0
-7.083539009094238,-14.944619178771973,7.861080646514893,0.0,401.34491776870834,23040.0
-9.548745155334473,-16.957439422607422,7.408688068389893,0.0,211.64902544128762,23040.0
-6.521656513214111,-14.354000091552734,7.8323445320129395,0.0,465.8718119585029,23040.0
-7.931887626647949,-15.659475326538086,7.7275872230529785,0.0,306.79478916130665,23040.0
-8.397612571716309,-15.987902641296387,7.590292930603027,0.0,309.58617238898785,23040.0
-8.10347843170166,-15.797094345092773,7.693612098693848,0.0,334.4279318686303,23040.0
-9.140007972717285,-16.576826095581055,7.436817169189453,0.0,253.97402913003612,23040.0
-8.06152057647705,-15.649270057678223,7.587752819061279,0.0,334.94763262585917,23040.0
-9.567069053649902,-16.92745018005371,7.36038064956665,0.0,185.578065590396,23040.0
-8.081917762756348,-15.697269439697266,7.615355014801025,0.0,345.0312897808195,23040.0
-9.192155838012695,-16.670745849609375,7.478591442108154,0.0,202.89248363816992,23040.0
-8.96772289276123,-16.357072830200195,7.389352798461914,0.0,258.1895997598759,23040.0
-9.292534828186035,-16.728139877319336,7.435607433319092,0.0,216.2097128598048,23040.0
-9.52303695678711,-16.938934326171875,7.415894985198975,0.0,195.89072800108852,23040.0
-9.291936874389648,-16.73798370361328,7.446044921875,0.0,225.12901251484985,23040.0
-9.744370460510254,-17.068153381347656,7.323787212371826,0.0,130.41830111633033,23040.0
-8.986125946044922,-16.48310089111328,7.496968746185303,0.0,239.517418671866,23040.0
-9.91800308227539,-17.470020294189453,7.552022933959961,0.0,78.53181144163635,23040.0
-9.327178001403809,-16.785839080810547,7.458662986755371,0.0,224.5282593100554,23040.0
-9.88886833190918,-17.413352966308594,7.52448844909668,0.0,80.97501727940994,23040.0
-9.502497673034668,-16.966285705566406,7.463787078857422,0.0,196.6038779317162,23040.0
-9.990982055664062,-17.610300064086914,7.619317054748535,0.0,113.87795814942038,23040.0
-9.639823913574219,-17.18598175048828,7.54615592956543,0.0,161.55741765448425,23040.0
-10.003317832946777,-17.543386459350586,7.5400710105896,0.0,112.65665962725704,23040.0
-9.691073417663574,-17.32272720336914,7.631657123565674,0.0,145.71533707598533,23040.0
-9.804075241088867,-17.434690475463867,7.630610942840576,0.0,113.03770221806145,23040.0
-9.87761116027832,-17.498981475830078,7.621376037597656,0.0,109.64307319248981,23040.0
-9.90408706665039,-17.501989364624023,7.597906589508057,0.0,131.96391730031925,23040.0
-10.192358016967773,-17.72141456604004,7.529057502746582,0.0,103.50926633827073,23040.0
-9.818625450134277,-17.427661895751953,7.609031677246094,0.0,134.78106735824082,23040.0
-10.078932762145996,-17.690540313720703,7.611605644226074,0.0,104.82028921032723,23040.0
-9.392359733581543,-17.24575424194336,7.853394031524658,0.0,198.78673624407278,23040.0
-9.991354942321777,-17.571962356567383,7.580611705780029,0.0,152.5968451166606,23040.0
-9.990206718444824,-17.65093421936035,7.660730838775635,0.0,151.82640341180013,23040.0
-9.879556655883789,-17.55651092529297,7.676953315734863,0.0,154.87156592573692,23040.0
-9.96223258972168,-17.619646072387695,7.657417297363281,0.0,142.04207107297134,23040.0
-9.95163631439209,-17.54227638244629,7.59064245223999,0.0,183.54687230703354,23040.0
-10.166665077209473,-17.768112182617188,7.601449966430664,0.0,94.37767547873338,23040.0
-9.772767066955566,-17.42833709716797,7.655571937561035,0.0,182.85664001651793,23040.0
-10.162609100341797,-17.746232986450195,7.583622455596924,0.0,115.07157227806783,23040.0
-9.9895601272583,-17.62453842163086,7.634981155395508,0.0,156.98065353847272,23040.0
-10.21968936920166,-17.860952377319336,7.641257286071777,0.0,114.1962217604833,23040.0
-9.98017406463623,-17.571889877319336,7.591713905334473,0.0,121.14506611576319,23040.0
-9.935527801513672,-17.719186782836914,7.783660888671875,0.0,141.42611736998273,23040.0
-10.302742958068848,-17.983057022094727,7.6803154945373535,0.0,122.38508884567796,23040.0
-9.823159217834473,-17.565065383911133,7.741909980773926,0.0,139.23283265765892,23040.0
-10.198588371276855,-17.81704330444336,7.618448257446289,0.0,103.52664298085269,23040.0
-10.008057594299316,-17.64540672302246,7.637343883514404,0.0,143.49847358683925,23040.0
-10.179360389709473,-17.93002700805664,7.75067138671875,0.0,100.59957542034532,23040.0
-10.223932266235352,-17.88277244567871,7.658838748931885,0.0,118.97783671163393,23040.0
-10.149442672729492,-17.777196884155273,7.6277546882629395,0.0,119.29987598950977,23040.0
-10.366716384887695,-17.999765396118164,7.63304328918457,0.0,86.48876409760948,23040.0
-10.151565551757812,-17.808528900146484,7.656962871551514,0.0,106.47918901816364,23040.0
-10.273964881896973,-17.967674255371094,7.693709850311279,0.0,92.4691467318835,23040.0
-10.15750503540039,-17.861486434936523,7.703983783721924,0.0,123.75300548440886,23040.0
-10.092105865478516,-17.81863021850586,7.726522445678711,0.0,80.13361182605185,23040.0
-10.34408950805664,-17.96901512145996,7.624930381774902,0.0,80.30239306216838,23040.0
-10.199492454528809,-17.85794448852539,7.658456802368164,0.0,101.52834805818915,23040.0
-10.28059196472168,-18.00188446044922,7.721287727355957,0.0,68.72622945875786,23040.0
-10.310684204101562,-17.97354507446289,7.6628642082214355,0.0,86.46751324903751,23040.0
-10.403231620788574,-18.052715301513672,7.649486064910889,0.0,66.46020172847327,23040.0
-10.26913833618164,-17.91982078552246,7.650678634643555,0.0,87.40922851613827,23040.0
-10.454313278198242,-18.062376022338867,7.608067989349365,0.0,69.53218650694772,23040.0
-10.366728782653809,-18.05174446105957,7.685016632080078,0.0,62.543655154432514,23040.0
-10.277953147888184,-17.9228458404541,7.6448974609375,0.0,72.7723233201046,23040.0
-10.324454307556152,-18.10776138305664,7.783310890197754,0.0,36.69032976232273,23040.0
-10.285185813903809,-18.010120391845703,7.724937438964844,0.0,84.11438087893261,23040.0
-10.349638938903809,-18.000900268554688,7.651262283325195,0.0,80.40410869133949,23040.0
-10.15841293334961,-17.92342185974121,7.765002250671387,0.0,77.72758423492716,23040.0
-10.339197158813477,-18.05721664428711,7.718015670776367,0.0,82.18567506402113,23040.0
-10.384016036987305,-18.046131134033203,7.662119388580322,0.0,93.9671843064436,23040.0
-10.318281173706055,-17.986604690551758,7.6683268547058105,0.0,108.05109984832814,23040.0
-10.306909561157227,-18.027856826782227,7.720948696136475,0.0,60.43644374438229,23040.0
-10.218735694885254,-17.987485885620117,7.768748760223389,0.0,93.92947961118678,23040.0
-10.049160957336426,-17.800010681152344,7.7508463859558105,0.0,141.918155594697,23040.0
-10.080941200256348,-17.854598999023438,7.773659706115723,0.0,132.16402146163443,23040.0
-10.289666175842285,-17.98309326171875,7.693423271179199,0.0,77.03390758064097,23040.0
-10.279867172241211,-17.93865203857422,7.65878438949585,0.0,107.80555910186555,23040.0
-10.09267807006836,-17.793806076049805,7.701128959655762,0.0,132.46919185394475,23040.0
-10.267989158630371,-17.967802047729492,7.699808597564697,0.0,111.79491920594512,23040.0
-10.31083869934082,-18.043975830078125,7.733138561248779,0.0,61.45396881200853,23040.0
-10.275272369384766,-17.99132537841797,7.716049671173096,0.0,99.42323995573408,23040.0
-10.32429313659668,-17.97646141052246,7.652170181274414,0.0,123.24620602060054,23040.0
-10.444961547851562,-18.08711814880371,7.6421589851379395,0.0,100.1541943300279,23040.0
-10.32162857055664,-17.99871063232422,7.677085876464844,0.0,65.14668316625624,23040.0
-10.16865348815918,-17.830305099487305,7.661659240722656,0.0,136.3569891067004,23040.0
-10.206934928894043,-17.88983726501465,7.682897090911865,0.0,169.77473957241023,23040.0
-10.28961181640625,-17.962980270385742,7.67336893081665,0.0,95.98162440339675,23040.0
-10.296030044555664,-18.042478561401367,7.746448516845703,0.0,80.35710824469074,23040.0
-10.306432723999023,-17.973785400390625,7.667350769042969,0.0,122.35938100855537,23040.0
-10.048819541931152,-17.848669052124023,7.79984188079834,0.0,169.90479401127817,23040.0
-10.132540702819824,-17.82095718383789,7.688415050506592,0.0,144.19539324039647,23040.0
-10.091165542602539,-17.784482955932617,7.693313121795654,0.0,107.69242967092987,23040.0
-10.373531341552734,-18.022777557373047,7.649245262145996,0.0,79.55969073536549,23040.0
-10.103732109069824,-17.87033462524414,7.766600131988525,0.0,114.7786904876682,23040.0
-10.067963600158691,-17.795307159423828,7.727343559265137,0.0,131.19117838793332,23040.0
-10.435978889465332,-18.110706329345703,7.674728870391846,0.0,89.30695149429438,23040.0
-10.283964157104492,-17.949716567993164,7.665751934051514,0.0,99.33183226822185,23040.0
-10.20009994506836,-17.90335464477539,7.703249931335449,0.0,117.85639945803665,23040.0
-10.45603084564209,-18.10509490966797,7.64906120300293,0.0,75.91215593761284,23040.0
-10.379085540771484,-17.98263931274414,7.6035590171813965,0.0,101.6930672957853,23040.0
-10.099723815917969,-17.83806610107422,7.738338947296143,0.0,129.55761085086797,23040.0
-10.378593444824219,-18.104969024658203,7.726368427276611,0.0,97.2278154945356,23040.0
-10.238042831420898,-17.93328094482422,7.695240497589111,0.0,100.99064373690125,23040.0
-10.16698169708252,-17.87186050415039,7.704879283905029,0.0,137.26444434290607,23040.0
-9.932753562927246,-17.68796730041504,7.755208492279053,0.0,193.73777700157078,23040.0
-10.289400100708008,-17.83574676513672,7.54634952545166,0.0,138.98110726233506,23040.0
-10.100861549377441,-17.721799850463867,7.62094259262085,0.0,148.21125557156708,23040.0
-10.251020431518555,-17.900779724121094,7.6497578620910645,0.0,113.39218316330049,23040.0
-9.901372909545898,-17.640275955200195,7.7388997077941895,0.0,167.85191972267694,23040.0
-10.28209400177002,-17.967491149902344,7.68539571762085,0.0,122.84042830968444,23040.0
-10.28628158569336,-17.888553619384766,7.6022725105285645,0.0,133.05012217763579,23040.0
-10.214828491210938,-17.903223037719727,7.688395977020264,0.0,91.89419340144111,23040.0
-10.331830024719238,-18.000810623168945,7.668979167938232,0.0,106.49287934519693,23040.0
-10.263879776000977,-17.939891815185547,7.676009654998779,0.0,94.97945987293356,23040.0
-10.319908142089844,-17.96226692199707,7.642361640930176,0.0,91.88046637479246,23040.0
-10.317549705505371,-18.02249526977539,7.704945087432861,0.0,101.48878214186273,23040.0
-10.192669868469238,-17.905868530273438,7.71320104598999,0.0,110.57740775239411,23040.0
-10.239757537841797,-17.996959686279297,7.757197856903076,0.0,101.43104703664235,23040.0
-10.346732139587402,-18.051040649414062,7.70430850982666,0.0,106.90828520145148,23040.0
-10.269673347473145,-17.97840118408203,7.708730697631836,0.0,103.19065610672659,23040.0
-10.40333366394043,-18.031932830810547,7.628603935241699,0.0,85.37037360859306,23040.0
-10.265097618103027,-17.99819564819336,7.733096122741699,0.0,77.64798660242732,23040.0
-10.371698379516602,-18.031051635742188,7.65934944152832,0.0,98.07881371767134,23040.0
-10.3128080368042,-17.94232177734375,7.629512310028076,0.0,140.18815961567523,23040.0
-10.19632339477539,-17.859424591064453,7.663102149963379,0.0,117.52525394537342,23040.0
-10.309728622436523,-18.0113525390625,7.701617240905762,0.0,83.74097666701077,23040.0
-10.2100830078125,-17.97707748413086,7.766996383666992,0.0,88.50322377488499,23040.0
-10.262320518493652,-17.964319229125977,7.702001094818115,0.0,112.9296602176399,23040.0
-10.36931037902832,-17.998212814331055,7.628903388977051,0.0,118.70400934245326,23040.0
-10.256097793579102,-17.896425247192383,7.640324115753174,0.0,135.2204581060935,23040.0
-10.347533226013184,-18.060867309570312,7.713333606719971,0.0,88.80142037441168,23040.0
-10.356339454650879,-17.989723205566406,7.633378982543945,0.0,70.23295876723792,23040.0
-10.155287742614746,-17.870513916015625,7.715227127075195,0.0,139.38390963310624,23040.0
-10.24459457397461,-17.975845336914062,7.731250762939453,0.0,132.4586681398639,23040.0
-10.473130226135254,-18.208282470703125,7.735152244567871,0.0,72.86530325878213,23040.0
-10.21717643737793,-17.944597244262695,7.727421760559082,0.0,123.19190723040018,23040.0
-10.308216094970703,-17.982236862182617,7.674019813537598,0.0,135.57985123152693,23040.0
-10.22703742980957,-17.97460174560547,7.747562885284424,0.0,123.18935823545993,23040.0
-10.189140319824219,-17.90996551513672,7.7208251953125,0.0,129.23593917413243,23040.0
-10.411189079284668,-18.066896438598633,7.6557087898254395,0.0,99.60651868277512,23040.0
-10.320211410522461,-17.91553497314453,7.595314025878906,0.0,107.4309496708987,23040.0
-10.41281795501709,-18.054065704345703,7.641252517700195,0.0,124.07173212489563,23040.0
-10.28669261932373,-18.097780227661133,7.8110880851745605,0.0,105.15501627600581,23040.0
-10.429973602294922,-18.087888717651367,7.657915115356445,0.0,87.8793400339658,23040.0
-10.273059844970703,-18.045042037963867,7.771981239318848,0.0,96.441185887669,23040.0
-10.34193229675293,-18.079959869384766,7.738027095794678,0.0,106.21469178251886,23040.0
-10.397628784179688,-18.0462703704834,7.648642539978027,0.0,90.3594954883969,23040.0
-10.311747550964355,-17.976163864135742,7.664417266845703,0.0,102.45357487112949,23040.0
-10.40522289276123,-18.07114028930664,7.66591739654541,0.0,106.13352005012578,23040.0
-10.453259468078613,-18.037429809570312,7.58416748046875,0.0,127.97928562015792,23040.0
-10.320942878723145,-18.023412704467773,7.702469348907471,0.0,122.20864756131323,23040.0
-10.426607131958008,-18.119060516357422,7.69245719909668,0.0,109.2489405459459,23040.0
-10.410935401916504,-18.14960289001465,7.738665580749512,0.0,113.33217063601535,23040.0
-10.378792762756348,-18.119157791137695,7.740365982055664,0.0,104.12581454905737,23040.0
-10.363577842712402,-18.052383422851562,7.688807487487793,0.0,139.56492360786194,23040.0
-9.953411102294922,-17.75672149658203,7.803312301635742,0.0,186.9916472738647,23040.0
-10.141992568969727,-17.773414611816406,7.631413459777832,0.0,185.33224968463665,23040.0
-9.857038497924805,-17.641496658325195,7.784459590911865,0.0,208.8913135443928,23040.0
-10.12464427947998,-17.776653289794922,7.652012825012207,0.0,195.0555465547402,23040.0
-10.16855525970459,-17.900463104248047,7.731909275054932,0.0,122.91541735235761,23040.0
-10.167211532592773,-17.855146408081055,7.687930583953857,0.0,162.96673629140827,23040.0
-9.881661415100098,-17.65072250366211,7.769055366516113,0.0,211.34290656040565,23040.0
-10.198087692260742,-17.851198196411133,7.653110980987549,0.0,165.0486453779748,23040.0
-10.022685050964355,-17.74306297302246,7.720383167266846,0.0,166.6242689143197,23040.0
-10.069193840026855,-17.879566192626953,7.810373783111572,0.0,160.34036219772733,23040.0
-10.392765045166016,-18.04783058166504,7.655069351196289,0.0,115.38939279741194,23040.0
-9.688722610473633,-17.53268814086914,7.843966484069824,0.0,196.10438897383062,23040.0
-10.263522148132324,-17.897523880004883,7.63400411605835,0.0,152.7271105936987,23040.0
-10.068400382995605,-17.737600326538086,7.6692023277282715,0.0,162.65115169433562,23040.0
-10.025348663330078,-17.77886390686035,7.753514289855957,0.0,187.599867508269,23040.0
-10.080172538757324,-17.87143325805664,7.791260242462158,0.0,152.39042125315473,23040.0
-10.185873985290527,-17.810829162597656,7.624950408935547,0.0,182.2198254076164,23040.0
-9.769262313842773,-17.584341049194336,7.815073490142822,0.0,215.9035413012051,23040.0
-10.076386451721191,-17.816831588745117,7.740452289581299,0.0,163.52688288181287,23040.0
-10.208248138427734,-17.805418014526367,7.597171306610107,0.0,187.80401632261,23040.0
-10.004403114318848,-17.685014724731445,7.68060827255249,0.0,219.7732582477758,23040.0
-9.876648902893066,-17.546112060546875,7.669457912445068,0.0,201.65088140384225,23040.0
-10.179560661315918,-17.82339859008789,7.64383602142334,0.0,148.32230372087437,23040.0
-9.680916786193848,-17.373083114624023,7.692169666290283,0.0,208.30978606933675,23040.0
-9.962675094604492,-17.650543212890625,7.6878743171691895,0.0,191.36213211047342,23040.0
-10.063630104064941,-17.763944625854492,7.700314521789551,0.0,186.46065568888216,23040.0
-9.826184272766113,-17.552936553955078,7.726752281188965,0.0,225.8620554403898,23040.0
-10.217652320861816,-17.807384490966797,7.589733123779297,0.0,169.04170468234818,23040.0
-9.919411659240723,-17.559934616088867,7.640525817871094,0.0,202.30959029086762,23040.0
-10.08608627319336,-17.7733154296875,7.687230110168457,0.0,174.5274675614733,23040.0
-10.131634712219238,-17.76796531677246,7.63632869720459,0.0,178.5742458794006,23040.0
-10.054422378540039,-17.651283264160156,7.596859455108643,0.0,174.47743628086224,23040.0
-10.340432167053223,-17.94563102722168,7.605201721191406,0.0,152.81428670673932,23040.0
-10.124042510986328,-17.764598846435547,7.640563488006592,0.0,155.48157030862072,23040.0
-10.301620483398438,-17.924755096435547,7.62313175201416,0.0,150.31574929746796,23040.0
-10.20582389831543,-17.89692497253418,7.691096782684326,0.0,143.43870658598365,23040.0
-10.297080039978027,-17.90697479248047,7.609898090362549,0.0,103.45392162223519,23040.0
-10.233245849609375,-17.863445281982422,7.630192756652832,0.0,138.1318565159166,23040.0
-10.440526962280273,-18.102733612060547,7.6622090339660645,0.0,104.3979862181629,23040.0
-10.393316268920898,-18.002437591552734,7.609122276306152,0.0,111.40779540161122,23040.0
-10.216466903686523,-17.90822410583496,7.691763877868652,0.0,153.81297119192357,23040.0
-10.279945373535156,-17.988971710205078,7.709029197692871,0.0,114.95724824113769,23040.0
-10.284311294555664,-17.969318389892578,7.685008525848389,0.0,108.85046870729276,23040.0
-10.30809497833252,-17.94253158569336,7.634439945220947,0.0,116.71484211481767,23040.0
-10.396806716918945,-18.08318519592285,7.686379432678223,0.0,55.42155613300703,23040.0
-10.502015113830566,-18.134552001953125,7.632530212402344,0.0,111.48212777702206,23040.0
-10.339502334594727,-18.023210525512695,7.683711051940918,0.0,107.53185378279815,23040.0
-10.336066246032715,-17.98151397705078,7.645446300506592,0.0,106.35771681410014,23040.0
-10.334964752197266,-18.01156234741211,7.6766037940979,0.0,127.59208891666519,23040.0
-10.365832328796387,-18.04128646850586,7.675455093383789,0.0,110.31387438115708,23040.0
-10.267760276794434,-17.962831497192383,7.695075988769531,0.0,111.54323949401461,23040.0
-10.39047908782959,-18.080204010009766,7.689723014831543,0.0,85.65799165390818,23040.0
-10.036857604980469,-17.891876220703125,7.855024337768555,0.0,125.14529688304309,23040.0
-10.312005996704102,-17.95890235900879,7.646900653839111,0.0,137.50775575006958,23040.0
-10.007627487182617,-17.750547409057617,7.74291467666626,0.0,129.7403421259953,23040.0
-10.010390281677246,-17.717905044555664,7.7075114250183105,0.0,130.43973988912674,23040.0
-10.273152351379395,-17.931442260742188,7.6582865715026855,0.0,124.77084268264223,23040.0
-10.293901443481445,-17.939773559570312,7.645870685577393,0.0,105.99733918559504,23040.0
-10.099211692810059,-17.832338333129883,7.73313045501709,0.0,99.53657795689885,23040.0
-10.254104614257812,-17.966779708862305,7.7126688957214355,0.0,126.2554408806718,23040.0
-10.251126289367676,-17.93284797668457,7.681717395782471,0.0,114.35668060837314,23040.0
-10.379485130310059,-18.068199157714844,7.6887125968933105,0.0,91.97434216539854,23040.0
-10.17863941192627,-17.848735809326172,7.670098781585693,0.0,120.03184001422241,23040.0
-10.499948501586914,-18.129426956176758,7.629478454589844,0.0,133.48449933703606,23040.0
-10.384329795837402,-18.061254501342773,7.676922798156738,0.0,123.01125227006266,23040.0
-10.348608016967773,-18.10039520263672,7.751790523529053,0.0,104.84450445927698,23040.0
-10.274145126342773,-18.011259078979492,7.737118244171143,0.0,122.05408417013288,23040.0
-10.321486473083496,-18.05357551574707,7.732090950012207,0.0,116.11256742264173,23040.0
-10.369385719299316,-18.10103416442871,7.731652736663818,0.0,72.96154527217818,23040.0
-10.23327922821045,-17.884693145751953,7.651412010192871,0.0,117.33241651682872,23040.0
-10.319137573242188,-17.94135284423828,7.622208595275879,0.0,103.98660754830341,23040.0
-10.309953689575195,-18.024656295776367,7.714699745178223,0.0,82.10417337577586,23040.0
-10.155939102172852,-17.941539764404297,7.785604000091553,0.0,101.11310547477687,23040.0
-10.346885681152344,-18.09156608581543,7.744681358337402,0.0,96.3726135733253,23040.0
-10.389595985412598,-18.102298736572266,7.712706089019775,0.0,106.95142368809796,23040.0
-10.193531036376953,-17.92970848083496,7.736181735992432,0.0,84.43480886113552,23040.0
-10.187939643859863,-17.918575286865234,7.730631351470947,0.0,94.92970039579309,23040.0
-10.266271591186523,-17.974546432495117,7.708277225494385,0.0,102.08139521922052,23040.0
-10.354422569274902,-18.031641006469727,7.677220344543457,0.0,87.57022691254404,23040.0
-10.199579238891602,-17.94273567199707,7.74315881729126,0.0,101.29894849399969,23040.0
-10.445594787597656,-18.13553810119629,7.6899495124816895,0.0,70.20245597538457,23040.0
-10.33130931854248,-18.031023025512695,7.699716567993164,0.0,79.66831969847294,23040.0
-10.058579444885254,-17.868915557861328,7.810336589813232,0.0,106.19072743250317,23040.0
-10.290576934814453,-17.960359573364258,7.669780731201172,0.0,111.12631494667542,23040.0
-10.224835395812988,-17.87862205505371,7.653785705566406,0.0,139.90298950794093,23040.0
-10.164286613464355,-17.82106590270996,7.6567769050598145,0.0,147.135357869498,23040.0
-10.196928977966309,-17.926923751831055,7.729989051818848,0.0,124.90035053927406,23040.0
-9.619754791259766,-17.42733383178711,7.8075785636901855,0.0,139.01002744277906,23040.0
-9.431427001953125,-17.322566986083984,7.891136169433594,0.0,186.53790144994935,23040.0
-10.228482246398926,-17.95770835876465,7.729226112365723,0.0,123.99295886392707,23040.0
-10.263727188110352,-17.91716194152832,7.653428077697754,0.0,147.4139236199346,23040.0
-10.369477272033691,-18.031780242919922,7.662303447723389,0.0,92.90708043002792,23040.0
-10.141647338867188,-17.884477615356445,7.742828845977783,0.0,131.96574950960095,23040.0
-10.161737442016602,-17.896684646606445,7.734943389892578,0.0,133.82060187599473,23040.0
-10.258414268493652,-17.884384155273438,7.625969886779785,0.0,116.2546018232009,23040.0
-10.111248970031738,-17.837051391601562,7.725796699523926,0.0,100.83937095770872,23040.0
-10.234136581420898,-17.850448608398438,7.616311073303223,0.0,136.49874219510937,23040.0
-10.25687313079834,-17.906675338745117,7.64980936050415,0.0,120.46253311013474,23040.0
-10.303437232971191,-17.957111358642578,7.653677940368652,0.0,107.12216628832175,23040.0
-10.200936317443848,-17.9580135345459,7.75707483291626,0.0,114.03801208783665,23040.0
-10.321477890014648,-18.037212371826172,7.715741157531738,0.0,98.40794055337,23040.0
-10.040587425231934,-17.79900550842285,7.758418083190918,0.0,120.19159174042731,23040.0
-10.314631462097168,-17.979934692382812,7.6653056144714355,0.0,114.58236255937379,23040.0
-9.52128791809082,-17.24264907836914,7.72136116027832,0.0,86.60894847754015,23040.0
-10.401956558227539,-18.01090431213379,7.608944892883301,0.0,84.9256555089196,23040.0
-9.97567367553711,-17.69321632385254,7.717540264129639,0.0,158.4690220269045,23040.0
-9.666810989379883,-17.303272247314453,7.636457443237305,0.0,119.02792090479646,23040.0
-10.502967834472656,-18.072582244873047,7.56960391998291,0.0,87.81720891344862,23040.0
-10.246342658996582,-17.83286476135254,7.586522102355957,0.0,115.9527390604119,23040.0
-10.264427185058594,-17.881542205810547,7.61711311340332,0.0,110.21873248339371,23040.0
-10.146150588989258,-17.836181640625,7.690031051635742,0.0,128.93023283115392,23040.0
-10.249937057495117,-17.83424186706543,7.584300994873047,0.0,118.1513980087167,23040.0
-10.06467056274414,-17.723262786865234,7.658597946166992,0.0,158.8068170451364,23040.0
-10.200255393981934,-17.873268127441406,7.673007488250732,0.0,125.39247809719946,23040.0
-10.188580513000488,-17.915939331054688,7.727363586425781,0.0,115.36374261384547,23040.0
-10.030905723571777,-17.788179397583008,7.757274627685547,0.0,156.2893534264049,23040.0
-10.046878814697266,-17.79457664489746,7.747699737548828,0.0,118.99642476912405,23040.0
-10.458051681518555,-18.08348846435547,7.625438690185547,0.0,75.9442254902435,23040.0
-10.118950843811035,-17.8323917388916,7.713437080383301,0.0,125.26197102212502,23040.0
-10.21242618560791,-17.888565063476562,7.676136493682861,0.0,124.71342439639918,23040.0
-10.223811149597168,-17.93463134765625,7.710820198059082,0.0,89.59774942098741,23040.0
-10.186644554138184,-17.842899322509766,7.656257629394531,0.0,122.37098177406017,23040.0
-10.239301681518555,-17.857707977294922,7.618405342102051,0.0,124.18143032879304,23040.0
-10.246952056884766,-17.92646026611328,7.679507255554199,0.0,64.75753621385078,23040.0
-10.2271089553833,-17.90695571899414,7.679851055145264,0.0,115.51650722333471,23040.0
-10.241109848022461,-17.866743087768555,7.625630855560303,0.0,129.09269402278306,23040.0
-10.259766578674316,-17.947050094604492,7.687283039093018,0.0,118.39728364186763,23040.0
-10.251190185546875,-17.998701095581055,7.747508525848389,0.0,117.73912482487009,23040.0
-10.299699783325195,-18.01206398010254,7.712356090545654,0.0,88.71126413269165,23040.0
-10.142147064208984,-17.92070960998535,7.778560161590576,0.0,80.89393751395872,23040.0
-10.250982284545898,-17.914043426513672,7.66305685043335,0.0,131.83052809655206,23040.0
-10.240423202514648,-17.941438674926758,7.701014518737793,0.0,125.90645729923638,23040.0
-10.363091468811035,-18.115161895751953,7.75206995010376,0.0,54.38860885911847,23040.0
-9.830780982971191,-17.691797256469727,7.861014366149902,0.0,148.7367203046527,23040.0
-9.925166130065918,-17.68545913696289,7.760295391082764,0.0,197.11327288658953,23040.0
-10.409378051757812,-17.994667053222656,7.5852885246276855,0.0,123.22451915310222,23040.0
-10.099478721618652,-17.78213882446289,7.682661056518555,0.0,157.9038127793519,23040.0
-10.143455505371094,-17.895532608032227,7.752072334289551,0.0,123.71438487159324,23040.0
-10.240557670593262,-17.92049789428711,7.679935932159424,0.0,122.80607814618266,23040.0
-10.010368347167969,-17.859466552734375,7.849092483520508,0.0,155.00018464292287,23040.0
-9.982185363769531,-17.676868438720703,7.694684028625488,0.0,194.31311971502217,23040.0
-10.048120498657227,-17.70874786376953,7.660623550415039,0.0,158.9145683672689,23040.0
-9.924901008605957,-17.56943130493164,7.644531726837158,0.0,195.88587566582578,23040.0
-9.892983436584473,-17.681135177612305,7.788148880004883,0.0,140.1030887253024,23040.0
-10.365091323852539,-17.99542808532715,7.630337238311768,0.0,104.61466683840906,23040.0
-10.108481407165527,-17.75296401977539,7.644482612609863,0.0,163.64273230255088,23040.0
-10.231128692626953,-17.93385887145996,7.702733516693115,0.0,137.19919046440643,23040.0
-10.395718574523926,-18.014820098876953,7.619101524353027,0.0,137.74947559031017,23040.0
-10.07508659362793,-17.7562198638916,7.681131839752197,0.0,201.6863524741978,23040.0
-9.825265884399414,-17.52057456970215,7.695304870605469,0.0,196.71506683435723,23040.0
-10.165162086486816,-17.895143508911133,7.729989051818848,0.0,144.11687963921773,23040.0
-9.703383445739746,-17.362043380737305,7.658662796020508,0.0,240.0305285198803,23040.0
-9.727192878723145,-17.371063232421875,7.643867492675781,0.0,234.88628524808342,23040.0
-10.39604377746582,-17.987571716308594,7.591531753540039,0.0,137.7367363650535,23040.0
-10.112232208251953,-17.743913650512695,7.631680011749268,0.0,200.02275866414374,23040.0
-9.86429214477539,-17.578136444091797,7.713846683502197,0.0,221.3538830498883,23040.0
-10.126380920410156,-17.779508590698242,7.6531243324279785,0.0,154.10884148896727,23040.0
-9.927456855773926,-17.60013771057129,7.672683238983154,0.0,220.77705489406878,23040.0
-10.205595016479492,-17.787134170532227,7.58153772354126,0.0,164.2357473754539,23040.0
-10.315848350524902,-17.98255157470703,7.666706562042236,0.0,126.28256401490013,23040.0
-9.853869438171387,-17.525667190551758,7.6717963218688965,0.0,225.16305701560677,23040.0
-10.200321197509766,-17.866086959838867,7.665761947631836,0.0,174.45718228946686,23040.0
-10.217376708984375,-17.84880828857422,7.631429672241211,0.0,136.9978097504679,23040.0
-9.746155738830566,-17.49178123474121,7.7456231117248535,0.0,199.99358617701466,23040.0
-10.310205459594727,-18.030006408691406,7.719807147979736,0.0,124.06764229661674,23040.0
-10.209149360656738,-17.850704193115234,7.641558647155762,0.0,153.57394702450298,23040.0
-10.178315162658691,-17.803592681884766,7.625276565551758,0.0,222.84507590055557,23040.0
-9.867390632629395,-17.620498657226562,7.753110885620117,0.0,172.82917111608194,23040.0
-10.09709358215332,-17.65901756286621,7.561919689178467,0.0,191.13364921338678,23040.0
-9.811686515808105,-17.447053909301758,7.635365009307861,0.0,225.98166098039349,23040.0
-10.200079917907715,-17.777097702026367,7.577018737792969,0.0,163.6756216942001,23040.0
-10.245288848876953,-17.857439041137695,7.612149238586426,0.0,163.22285376994984,23040.0
-10.15412712097168,-17.767900466918945,7.613770008087158,0.0,154.35171717359594,23040.0
-10.197214126586914,-17.923185348510742,7.72596549987793,0.0,115.97688178470484,23040.0
-10.13986587524414,-17.83877944946289,7.698912143707275,0.0,190.78906359804688,23040.0
-10.209988594055176,-17.88169288635254,7.671706199645996,0.0,155.5002483287215,23040.0
-10.410239219665527,-18.035343170166016,7.625102519989014,0.0,114.44923359281691,23040.0
-10.021086692810059,-17.779905319213867,7.7588210105896,0.0,165.14138080818378,23040.0
-10.42350959777832,-18.1463680267334,7.722857475280762,0.0,90.18635806579536,23040.0
-10.257588386535645,-17.95786476135254,7.700277328491211,0.0,146.56454086859245,23040.0
-10.05630874633789,-17.824323654174805,7.768015384674072,0.0,157.35048315032557,23040.0
-10.517683029174805,-18.15751075744629,7.639824867248535,0.0,68.07749984014097,23040.0
-10.233187675476074,-17.949108123779297,7.7159199714660645,0.0,156.92017320044644,23040.0
-10.241290092468262,-17.949195861816406,7.707902908325195,0.0,142.8074452266746,23040.0
-10.186280250549316,-17.932785034179688,7.746504783630371,0.0,151.85376500664825,23040.0
-10.001471519470215,-17.710729598999023,7.709254741668701,0.0,204.78707656416552,23040.0
-9.671256065368652,-17.5075626373291,7.8363037109375,0.0,213.5740326965421,23040.0
-9.861931800842285,-17.525129318237305,7.663201808929443,0.0,227.36103023559184,23040.0
-9.398411750793457,-17.100616455078125,7.702205181121826,0.0,295.2256213016822,23040.0
-9.744641304016113,-17.463428497314453,7.718784809112549,0.0,235.1392107991769,23040.0
-9.648086547851562,-17.388036727905273,7.739951133728027,0.0,241.79558957793546,23040.0
-9.921380043029785,-17.649934768676758,7.728558540344238,0.0,192.02550027520755,23040.0
-10.141596794128418,-17.828115463256836,7.6865153312683105,0.0,166.76704119003972,23040.0
-9.64651870727539,-17.387683868408203,7.741164207458496,0.0,248.20776311621697,23040.0
-10.251241683959961,-17.95156478881836,7.700318813323975,0.0,128.42328166088984,23040.0
-9.93304443359375,-17.65871810913086,7.725665092468262,0.0,164.37110383730246,23040.0
-9.988003730773926,-17.625530242919922,7.637523174285889,0.0,212.10468054173887,23040.0
-10.357711791992188,-17.993425369262695,7.635715007781982,0.0,97.98322494118831,23040.0
-10.171294212341309,-17.80123519897461,7.629940986633301,0.0,165.79437275650392,23040.0
-10.174962997436523,-17.76167869567871,7.586718559265137,0.0,180.93061314711153,23040.0
-10.251102447509766,-17.941024780273438,7.689923286437988,0.0,131.52926370717185,23040.0
-10.151341438293457,-17.73061752319336,7.579272270202637,0.0,180.37921945861154,23040.0
-10.36469841003418,-17.950786590576172,7.586084842681885,0.0,122.80726303910379,23040.0
-10.196883201599121,-17.857831954956055,7.660946369171143,0.0,165.4873733933035,23040.0
-9.953619003295898,-17.710533142089844,7.7569098472595215,0.0,194.82721800977149,23040.0
-10.122175216674805,-17.89242935180664,7.7702507972717285,0.0,145.7714241762698,23040.0
-10.157474517822266,-17.87602996826172,7.718550682067871,0.0,158.03999110232405,23040.0
-10.114341735839844,-17.802507400512695,7.68817138671875,0.0,170.58433484108642,23040.0
-9.979864120483398,-17.699256896972656,7.719395160675049,0.0,156.1311488676253,23040.0
-9.820934295654297,-17.603818893432617,7.782885551452637,0.0,200.86910490206614,23040.0
-10.059979438781738,-17.77549171447754,7.715516567230225,0.0,206.69202550132098,23040.0
-9.694684982299805,-17.442028045654297,7.747345447540283,0.0,229.55748195562285,23040.0
-9.961503982543945,-17.690196990966797,7.728698253631592,0.0,212.6389723751846,23040.0
-10.262663841247559,-17.967525482177734,7.704856872558594,0.0,115.82773566507268,23040.0
-9.869179725646973,-17.553096771240234,7.683913230895996,0.0,193.57503245505788,23040.0
-9.903822898864746,-17.45000457763672,7.546184062957764,0.0,213.33161758725092,23040.0
-10.337838172912598,-17.954383850097656,7.616549968719482,0.0,80.38027628946094,23040.0
-10.090572357177734,-17.751056671142578,7.66048526763916,0.0,158.83998055626068,23040.0
-9.641630172729492,-17.396162033081055,7.754530906677246,0.0,224.6724868523881,23040.0
-10.13996410369873,-17.913578033447266,7.773610591888428,0.0,148.96978256153992,23040.0
-10.36529541015625,-18.007518768310547,7.642219543457031,0.0,139.618584126544,23040.0
-9.985379219055176,-17.568828582763672,7.583441734313965,0.0,226.54080987208238,23040.0
-10.13331413269043,-17.770980834960938,7.637669563293457,0.0,140.21566406827523,23040.0
-10.18488883972168,-17.793230056762695,7.60834264755249,0.0,143.46970341572143,23040.0
-9.800946235656738,-17.493896484375,7.692957401275635,0.0,206.9599581105372,23040.0
-10.350866317749023,-17.97603988647461,7.625168800354004,0.0,84.8144415989932,23040.0
-10.348685264587402,-17.96449851989746,7.615812301635742,0.0,143.40068756385145,23040.0
-9.989481925964355,-17.57484245300293,7.585357666015625,0.0,202.91634223402772,23040.0
-10.290725708007812,-17.948986053466797,7.658260822296143,0.0,117.95591215193754,23040.0
-10.339967727661133,-17.93001365661621,7.590048789978027,0.0,127.81093719052997,23040.0
-10.089412689208984,-17.725521087646484,7.636104106903076,0.0,169.97872545794522,23040.0
-10.378413200378418,-17.98093605041504,7.602520942687988,0.0,136.4338015016885,23040.0
-10.40017318725586,-18.039661407470703,7.639488220214844,0.0,101.1028091602448,23040.0
-10.215001106262207,-17.807350158691406,7.592349052429199,0.0,167.57312671661836,23040.0
-10.232708930969238,-17.861955642700195,7.629246234893799,0.0,125.60843269829343,23040.0
-10.388561248779297,-17.97727394104004,7.588719367980957,0.0,117.46623169656452,23040.0
-10.182428359985352,-17.74517059326172,7.562736511230469,0.0,180.16999714016202,23040.0
-10.454755783081055,-18.071043014526367,7.616290092468262,0.0,115.80940088862434,23040.0
-10.361627578735352,-18.00634765625,7.644720554351807,0.0,107.84801766498437,23040.0
-10.15475845336914,-17.846357345581055,7.691600322723389,0.0,159.07320646095712,23040.0
-10.452398300170898,-18.083290100097656,7.630894184112549,0.0,99.4523370111507,23040.0
-10.407145500183105,-18.06600570678711,7.658862113952637,0.0,111.7104900788573,23040.0
-10.211350440979004,-17.82523536682129,7.613888740539551,0.0,161.00659941514076,23040.0
-10.39531421661377,-17.992551803588867,7.597237586975098,0.0,107.05035858762636,23040.0
-10.471465110778809,-18.1646785736084,7.693207263946533,0.0,90.37779507678391,23040.0
-10.096739768981934,-17.85648536682129,7.75974178314209,0.0,129.8233658633123,23040.0
-10.580656051635742,-18.190656661987305,7.609997749328613,0.0,79.18827837091192,23040.0
-10.306671142578125,-17.968542098999023,7.661871433258057,0.0,133.3728373140346,23040.0
-10.334559440612793,-17.93523406982422,7.600668907165527,0.0,160.8259603487787,23040.0
-10.372701644897461,-18.02280616760254,7.650104522705078,0.0,116.47579302025449,23040.0
-10.303205490112305,-17.97519874572754,7.671992778778076,0.0,119.55539401602515,23040.0
-9.993959426879883,-17.707239151000977,7.713274955749512,0.0,170.67048822436314,23040.0
-10.164620399475098,-17.90591812133789,7.741292476654053,0.0,167.37655955024192,23040.0
-10.315816879272461,-18.06534767150879,7.749527931213379,0.0,93.75715802199872,23040.0
-10.240560531616211,-17.869752883911133,7.629196643829346,0.0,153.86924047597927,23040.0
-10.06505012512207,-17.703975677490234,7.638930320739746,0.0,166.27228515462667,23040.0
-10.242728233337402,-17.91422462463379,7.671497821807861,0.0,127.98626551918599,23040.0
-10.176167488098145,-17.822132110595703,7.645965576171875,0.0,119.84903254319428,23040.0
-10.01264762878418,-17.818588256835938,7.805942058563232,0.0,180.79589448757343,23040.0
-10.00510311126709,-17.658796310424805,7.653692722320557,0.0,200.11281196423838,23040.0
-10.237920761108398,-17.99501609802246,7.7570929527282715,0.0,140.1135017973968,23040.0
-10.12600326538086,-17.76629066467285,7.640289306640625,0.0,140.13440650869802,23040.0
-10.182312965393066,-17.796222686767578,7.6139092445373535,0.0,146.38337567944203,23040.0
-10.201069831848145,-17.84123992919922,7.640172481536865,0.0,187.43945060463437,23040.0
-10.077245712280273,-17.826520919799805,7.7492804527282715,0.0,140.54463373328497,23040.0
-10.19920825958252,-17.81317901611328,7.6139702796936035,0.0,150.75187031132705,23040.0
-10.002959251403809,-17.6389217376709,7.635963439941406,0.0,209.60029207187392,23040.0
-9.944087982177734,-17.66360855102539,7.719523906707764,0.0,193.2037554370766,23040.0
-10.091349601745605,-17.747976303100586,7.656623840332031,0.0,158.70277182526743,23040.0
-9.858050346374512,-17.52591323852539,7.667867183685303,0.0,190.45261105533658,23040.0
-10.139307975769043,-17.689231872558594,7.5499267578125,0.0,202.54774044408828,23040.0
-9.579848289489746,-17.40277862548828,7.822935104370117,0.0,231.58997053567543,23040.0
-10.095136642456055,-17.76253318786621,7.6673970222473145,0.0,150.78013837734997,23040.0
-9.928499221801758,-17.70807456970215,7.779576301574707,0.0,175.68522320568388,23040.0
-9.822648048400879,-17.48324203491211,7.660595893859863,0.0,233.11001401279677,23040.0
-9.63906478881836,-17.250329971313477,7.611263751983643,0.0,215.8827082607936,23040.0
-10.332159996032715,-17.898990631103516,7.566833019256592,0.0,66.77130432776056,23040.0
-9.452432632446289,-17.268938064575195,7.81650447845459,0.0,218.3845293886749,23040.0
-9.41263198852539,-17.14790916442871,7.735276222229004,0.0,295.1531359121663,23040.0
-10.09676742553711,-17.81406021118164,7.717286586761475,0.0,163.43995496325974,23040.0
-9.494776725769043,-17.14657974243164,7.65180778503418,0.0,232.10996548927582,23040.0
-8.892264366149902,-16.58085060119629,7.688586235046387,0.0,343.37036222586966,23040.0
-8.285462379455566,-16.20553207397461,7.920065879821777,0.0,267.1012680552681,23040.0
-8.606822967529297,-16.168895721435547,7.562067985534668,0.0,329.85349953369104,23040.0
-8.11213207244873,-15.69221019744873,7.580079555511475,0.0,387.7126942614417,23040.0
-9.442373275756836,-17.020793914794922,7.5784173011779785,0.0,243.0282448989841,23040.0
-8.760939598083496,-16.497121810913086,7.736178874969482,0.0,296.40967577982974,23040.0
-8.791202545166016,-16.349674224853516,7.558471202850342,0.0,371.59290543753303,23040.0
-8.370832443237305,-16.331010818481445,7.960177898406982,0.0,273.23007930017377,23040.0
-8.34438705444336,-15.81737232208252,7.472984313964844,0.0,357.0529780283751,23040.0
-9.349435806274414,-16.685609817504883,7.336174011230469,0.0,258.1845653019972,23040.0
-8.98538589477539,-16.48118019104004,7.495790004730225,0.0,255.9729550328905,23040.0
-8.54784107208252,-16.22002410888672,7.67218542098999,0.0,285.7590074931363,23040.0
-9.426148414611816,-16.978870391845703,7.552720069885254,0.0,220.0399856866063,23040.0
-9.322188377380371,-16.832286834716797,7.510097026824951,0.0,245.37488842262357,23040.0
-9.532301902770996,-17.02642059326172,7.494115352630615,0.0,215.02946649540704,23040.0
-8.803295135498047,-16.466245651245117,7.662957668304443,0.0,248.0824977355263,23040.0
-9.672378540039062,-17.124134063720703,7.451756954193115,0.0,193.27885812416767,23040.0
-9.501765251159668,-16.971506118774414,7.469738006591797,0.0,225.81083299725032,23040.0
-9.964383125305176,-17.387943267822266,7.423559665679932,0.0,104.05560727486623,23040.0
-9.723258018493652,-17.271238327026367,7.5479817390441895,0.0,140.11431495896804,23040.0
-9.3138427734375,-17.11150360107422,7.79766321182251,0.0,152.14308901815946,23040.0
-9.944766998291016,-17.382841110229492,7.438075065612793,0.0,179.77728731855197,23040.0
-9.805521965026855,-17.46146011352539,7.655938148498535,0.0,118.73841516461339,23040.0
-9.750550270080566,-17.358287811279297,7.6077399253845215,0.0,181.94679781824118,23040.0
-9.322917938232422,-16.984235763549805,7.66131591796875,0.0,199.4352773435722,23040.0
-10.00236701965332,-17.58810043334961,7.585732460021973,0.0,101.97264306374863,23040.0
-9.655557632446289,-17.336811065673828,7.681252479553223,0.0,228.78393548953818,23040.0
-9.877091407775879,-17.457073211669922,7.579980373382568,0.0,179.83681011389854,23040.0
-9.828895568847656,-17.497798919677734,7.668903827667236,0.0,139.1798053653916,23040.0
-10.05288314819336,-17.61611557006836,7.563229084014893,0.0,117.53922772460118,23040.0
-9.538849830627441,-17.216062545776367,7.67720890045166,0.0,184.5299915813426,23040.0
-9.88065242767334,-17.458972930908203,7.5783162117004395,0.0,93.71092937017175,23040.0
-9.83360767364502,-17.374982833862305,7.541375160217285,0.0,163.56725041793055,23040.0
-10.070940017700195,-17.67767333984375,7.606729507446289,0.0,106.20275755295903,23040.0
-9.953640937805176,-17.63443374633789,7.680796146392822,0.0,96.76969839326924,23040.0
-10.029924392700195,-17.722545623779297,7.692623615264893,0.0,95.66901553202341,23040.0
-10.106968879699707,-17.66179656982422,7.5548272132873535,0.0,128.33006427740227,23040.0
-10.158698081970215,-17.82403564453125,7.665334701538086,0.0,94.91574713936211,23040.0
-10.046897888183594,-17.76943588256836,7.7225341796875,0.0,103.25196702806251,23040.0
-9.958890914916992,-17.6409969329834,7.682101726531982,0.0,100.22991102559821,23040.0
-10.206533432006836,-17.719606399536133,7.513072967529297,0.0,103.58289344756592,23040.0
-9.982274055480957,-17.663829803466797,7.681556701660156,0.0,105.69500467616135,23040.0
-10.141790390014648,-17.80650520324707,7.664716720581055,0.0,108.57505452974125,23040.0
-10.022722244262695,-17.758007049560547,7.735281944274902,0.0,89.35123538017679,23040.0
-10.178014755249023,-17.819961547851562,7.641952991485596,0.0,86.59643847254756,23040.0
-10.126397132873535,-17.83426856994629,7.707870960235596,0.0,108.55473284481273,23040.0
-9.987043380737305,-17.756908416748047,7.7698655128479,0.0,99.00385020207598,23040.0
-10.152198791503906,-17.712770462036133,7.560574054718018,0.0,113.04908411489671,23040.0
-10.213679313659668,-17.79948616027832,7.585811138153076,0.0,123.06363386934578,23040.0
-10.053376197814941,-17.782066345214844,7.728691101074219,0.0,98.60955602311444,23040.0
-9.835952758789062,-17.69559097290039,7.85964822769165,0.0,94.72062794956005,23040.0
-10.030221939086914,-17.785741806030273,7.755527019500732,0.0,123.89855452656265,23040.0
-9.797061920166016,-17.545249938964844,7.748188495635986,0.0,142.69009540307005,23040.0
-9.629870414733887,-17.522214889526367,7.892338275909424,0.0,116.26022357578495,23040.0
-9.295610427856445,-17.06249237060547,7.766880512237549,0.0,114.79703907827952,23040.0
-9.690422058105469,-17.245832443237305,7.555411338806152,0.0,108.76214465701644,23040.0
-9.522631645202637,-17.185440063476562,7.662801742553711,0.0,138.24517890885204,23040.0
-9.334846496582031,-17.203384399414062,7.8685383796691895,0.0,122.99028629372744,23040.0
-9.506352424621582,-17.278961181640625,7.7726054191589355,0.0,153.38728959158396,23040.0
-9.706001281738281,-17.53546905517578,7.829463481903076,0.0,111.1091795967186,23040.0
-9.88263988494873,-17.626434326171875,7.743793964385986,0.0,136.9891326537659,23040.0
-9.924253463745117,-17.689998626708984,7.7657470703125,0.0,84.62210708316016,23040.0
-9.333747863769531,-17.19481658935547,7.861069679260254,0.0,128.90384069654374,23040.0
-9.736601829528809,-17.39607048034668,7.659470081329346,0.0,68.13614540663558,23040.0
-9.975493431091309,-17.46831512451172,7.492824077606201,0.0,149.73903164085593,23040.0
-10.053106307983398,-17.64227867126465,7.589174270629883,0.0,75.10451458286792,23040.0
-9.847982406616211,-17.522157669067383,7.674172401428223,0.0,88.63131449681904,23040.0
-9.446447372436523,-17.28341293334961,7.8369622230529785,0.0,106.04000345292494,23040.0
-10.064360618591309,-17.64651870727539,7.582157611846924,0.0,116.14901842397771,23040.0
-10.040977478027344,-17.61597442626953,7.574989318847656,0.0,103.6740170323471,23040.0
-9.841230392456055,-17.407487869262695,7.566256523132324,0.0,142.17070832310307,23040.0
-9.761932373046875,-17.343374252319336,7.5814433097839355,0.0,118.58642617160002,23040.0
-9.96881103515625,-17.526016235351562,7.557201385498047,0.0,141.0764411531861,23040.0
-10.364404678344727,-17.91622543334961,7.551818370819092,0.0,107.0842343213933,23040.0
-10.122015953063965,-17.73649024963379,7.6144795417785645,0.0,101.8929158889865,23040.0
-9.888670921325684,-17.602886199951172,7.714217185974121,0.0,88.16757208317827,23040.0
-10.078227996826172,-17.712858200073242,7.634632110595703,0.0,113.44585538434573,23040.0
-10.263300895690918,-17.789663314819336,7.526362895965576,0.0,64.00190907458634,23040.0
-10.19302749633789,-17.747140884399414,7.554112911224365,0.0,113.69034239914363,23040.0
-10.067448616027832,-17.626523971557617,7.559075832366943,0.0,84.19063558106292,23040.0
-9.931320190429688,-17.50246810913086,7.571145057678223,0.0,122.72936185677196,23040.0
-10.082568168640137,-17.632143020629883,7.549574851989746,0.0,164.5231243301448,23040.0
-9.876214981079102,-17.580766677856445,7.704550743103027,0.0,146.8976313403054,23040.0
-9.965313911437988,-17.59481430053711,7.629498481750488,0.0,145.9378619503161,23040.0
-10.184037208557129,-17.773548126220703,7.589508056640625,0.0,82.69314771858501,23040.0
-10.034869194030762,-17.59625244140625,7.561387062072754,0.0,170.02597286459985,23040.0
-10.07751750946045,-17.667240142822266,7.589725971221924,0.0,178.95781514573056,23040.0
-10.051794052124023,-17.7150936126709,7.663301467895508,0.0,150.42751908009126,23040.0
-9.964404106140137,-17.599531173706055,7.635127544403076,0.0,136.10295179572188,23040.0
-10.202284812927246,-17.757883071899414,7.555598735809326,0.0,141.6702887965711,23040.0
-10.14448356628418,-17.735544204711914,7.591061115264893,0.0,143.925539404342,23040.0
-10.003166198730469,-17.698883056640625,7.695720195770264,0.0,138.52387255041688,23040.0
-9.976486206054688,-17.604787826538086,7.628305435180664,0.0,205.41689791961994,23040.0
-10.168521881103516,-17.735532760620117,7.567008972167969,0.0,170.01954349843743,23040.0
-9.778899192810059,-17.42333221435547,7.644436359405518,0.0,178.62971575551998,23040.0
-9.620489120483398,-17.198625564575195,7.578132629394531,0.0,228.84170942885683,23040.0
-10.094403266906738,-17.647022247314453,7.552620887756348,0.0,176.1845568263151,23040.0
-9.87369155883789,-17.620580673217773,7.746893405914307,0.0,159.53597202075898,23040.0
-9.474873542785645,-17.145708084106445,7.670834541320801,0.0,261.7268404634872,23040.0
-10.035268783569336,-17.62723159790039,7.591960906982422,0.0,170.20634523277718,23040.0
-10.115885734558105,-17.72943115234375,7.613543510437012,0.0,159.24313227694037,23040.0
-9.621700286865234,-17.285537719726562,7.663830757141113,0.0,241.85935146276776,23040.0
-10.199667930603027,-17.790266036987305,7.590600490570068,0.0,141.10901632259245,23040.0
-9.303417205810547,-17.056798934936523,7.753384113311768,0.0,244.4565562546717,23040.0
-9.69630241394043,-17.31646728515625,7.620165824890137,0.0,241.04798878997917,23040.0
-10.106398582458496,-17.715185165405273,7.608780384063721,0.0,179.1710199927721,23040.0
-9.594993591308594,-17.3039493560791,7.70895528793335,0.0,253.3562062870101,23040.0
-9.635031700134277,-17.27259063720703,7.637556076049805,0.0,228.67689471651298,23040.0
-10.22881031036377,-17.828197479248047,7.599387168884277,0.0,134.4881031786985,23040.0
-10.13636302947998,-17.642213821411133,7.505854606628418,0.0,163.30091821510769,23040.0
-10.131903648376465,-17.637453079223633,7.505552291870117,0.0,148.78106631779303,23040.0
-10.072476387023926,-17.64956283569336,7.577088832855225,0.0,177.5750304161499,23040.0
-10.115700721740723,-17.644664764404297,7.52896785736084,0.0,129.58806619901367,23040.0
-10.080559730529785,-17.688230514526367,7.60767126083374,0.0,161.97796660194294,23040.0
-10.124862670898438,-17.704627990722656,7.579762935638428,0.0,134.45465545704056,23040.0
-10.330968856811523,-17.904346466064453,7.57337760925293,0.0,123.13867681830445,23040.0
-9.79612922668457,-17.52692985534668,7.730809211730957,0.0,164.58552503983546,23040.0
-10.31236743927002,-17.934717178344727,7.622352600097656,0.0,82.59758980027735,23040.0
-10.187143325805664,-17.77151107788086,7.584367752075195,0.0,131.2805761393984,23040.0
-10.255355834960938,-17.86224365234375,7.606884002685547,0.0,129.91098554638037,23040.0
-10.295608520507812,-17.929380416870117,7.633768081665039,0.0,100.88661262018924,23040.0
-10.173396110534668,-17.828041076660156,7.654642581939697,0.0,121.69594265517786,23040.0
-10.101826667785645,-17.759504318237305,7.657678127288818,0.0,162.63085446963652,23040.0
-9.651028633117676,-17.45349884033203,7.802467346191406,0.0,194.75309603340395,23040.0
-9.737427711486816,-17.324604034423828,7.587177276611328,0.0,218.5498068871121,23040.0
-9.618008613586426,-17.234539031982422,7.616530895233154,0.0,221.09917276999508,23040.0
-10.132095336914062,-17.66413116455078,7.532035827636719,0.0,146.96799345454758,23040.0
-9.48776626586914,-17.29155921936035,7.803790092468262,0.0,203.20477070938327,23040.0
-9.70295524597168,-17.35818862915039,7.655234336853027,0.0,223.30856058612972,23040.0
-9.913650512695312,-17.589618682861328,7.675971984863281,0.0,148.57686116701018,23040.0
-9.86152458190918,-17.53367042541504,7.672150135040283,0.0,196.32411827989088,23040.0
-9.834793090820312,-17.498592376708984,7.6637959480285645,0.0,176.53268314300067,23040.0
-9.313618659973145,-17.213376998901367,7.899750232696533,0.0,183.92598931544367,23040.0
-9.572004318237305,-17.20734214782715,7.635335445404053,0.0,227.26271041926242,23040.0
-9.879081726074219,-17.49126434326172,7.612192153930664,0.0,170.87671299882328,23040.0
-10.021637916564941,-17.67500877380371,7.653372764587402,0.0,146.45661067790732,23040.0
-9.730737686157227,-17.491439819335938,7.760703086853027,0.0,176.35903162248601,23040.0
-9.661431312561035,-17.3739013671875,7.712471008300781,0.0,188.54635887627234,23040.0
-9.594560623168945,-17.330223083496094,7.735663414001465,0.0,179.3169556000783,23040.0
-9.960745811462402,-17.542003631591797,7.581257343292236,0.0,172.7971736692919,23040.0
-9.84196662902832,-17.45870018005371,7.616730213165283,0.0,163.60942775343455,23040.0
-9.782018661499023,-17.433712005615234,7.651691913604736,0.0,153.58233465809408,23040.0
-9.683286666870117,-17.348209381103516,7.664923667907715,0.0,188.37265342920304,23040.0
-9.69836139678955,-17.443662643432617,7.745297431945801,0.0,150.3320236751908,23040.0
-9.8846435546875,-17.442678451538086,7.558042526245117,0.0,167.1781787269166,23040.0
-10.14570426940918,-17.74694061279297,7.601240158081055,0.0,148.58051477885965,23040.0
-10.123818397521973,-17.732025146484375,7.608209133148193,0.0,167.14807679485213,23040.0
-10.053208351135254,-17.714801788330078,7.661590099334717,0.0,103.7786257509842,23040.0
-9.90229320526123,-17.516637802124023,7.614348888397217,0.0,148.67916479300192,23040.0
-10.191492080688477,-17.733552932739258,7.542059898376465,0.0,87.57199384302724,23040.0
-10.193666458129883,-17.69476318359375,7.501096725463867,0.0,99.07379734197251,23040.0
-10.01390266418457,-17.6038818359375,7.589980125427246,0.0,124.22596969019884,23040.0
-10.072449684143066,-17.775590896606445,7.703145503997803,0.0,80.19317401183847,23040.0
-10.02391529083252,-17.715667724609375,7.6917500495910645,0.0,121.2699716272959,23040.0
-10.00337028503418,-17.727855682373047,7.724483966827393,0.0,131.87296431641562,23040.0
-10.190999031066895,-17.80901336669922,7.618014812469482,0.0,102.25206415856093,23040.0
-10.046133041381836,-17.688732147216797,7.642598628997803,0.0,152.93950876943137,23040.0
-10.149984359741211,-17.749767303466797,7.599784851074219,0.0,103.92750700761917,23040.0
-10.243025779724121,-17.800512313842773,7.557485103607178,0.0,107.04567811406488,23040.0
-9.935873985290527,-17.603178024291992,7.66730260848999,0.0,145.08573613806394,23040.0
-10.06251335144043,-17.658920288085938,7.596410274505615,0.0,105.41297845503875,23040.0
-10.046435356140137,-17.68096160888672,7.634525775909424,0.0,106.08524665109854,23040.0
-10.225577354431152,-17.80590057373047,7.580320358276367,0.0,118.21565677296257,23040.0
-10.08976936340332,-17.695188522338867,7.605419158935547,0.0,130.87647658428318,23040.0
-9.98528003692627,-17.669315338134766,7.684033393859863,0.0,128.7271503547941,23040.0
-10.105350494384766,-17.669416427612305,7.564066410064697,0.0,111.1306774879971,23040.0
-10.221487998962402,-17.739721298217773,7.518233776092529,0.0,101.82310181213657,23040.0
-9.823338508605957,-17.53207015991211,7.708732604980469,0.0,161.1766259517229,23040.0
-10.135144233703613,-17.812288284301758,7.677138328552246,0.0,103.60760286584134,23040.0
-10.03331184387207,-17.700122833251953,7.666815280914307,0.0,102.47593871787203,23040.0
-10.02206039428711,-17.60638427734375,7.58432674407959,0.0,134.03550116045903,23040.0
-10.388448715209961,-17.981761932373047,7.593308448791504,0.0,103.32771266482706,23040.0
-9.908580780029297,-17.66197967529297,7.753403186798096,0.0,126.99099674043848,23040.0
-10.107048034667969,-17.68232536315918,7.5752787590026855,0.0,151.60924718859897,23040.0
-10.197855949401855,-17.711713790893555,7.51386022567749,0.0,106.62416414071429,23040.0
-10.07474422454834,-17.675870895385742,7.6011223793029785,0.0,147.26153727057132,23040.0
-9.4360933303833,-17.268613815307617,7.832522392272949,0.0,216.85751765917342,23040.0
-10.139141082763672,-17.722503662109375,7.583361625671387,0.0,129.76555759012678,23040.0
-9.844687461853027,-17.484989166259766,7.640300273895264,0.0,177.05247140667464,23040.0
-9.766511917114258,-17.380826950073242,7.614318370819092,0.0,230.52373985031488,23040.0
-9.958675384521484,-17.63245391845703,7.6737799644470215,0.0,128.7744583449255,23040.0
-9.909104347229004,-17.61703872680664,7.707936763763428,0.0,150.27147362001702,23040.0
-9.506237030029297,-17.17559051513672,7.6693549156188965,0.0,236.5070469445743,23040.0
-9.978699684143066,-17.59319305419922,7.61449670791626,0.0,197.86740059137597,23040.0
-10.130861282348633,-17.743925094604492,7.613061428070068,0.0,111.7235414622397,23040.0
-9.960501670837402,-17.69060516357422,7.730103969573975,0.0,177.18027815265057,23040.0
-9.75922679901123,-17.37952423095703,7.620296955108643,0.0,224.95218090782228,23040.0
-10.120429992675781,-17.802934646606445,7.682506084442139,0.0,126.51130481802775,23040.0
-10.070204734802246,-17.688108444213867,7.617905616760254,0.0,160.12552770176524,23040.0
-10.08388614654541,-17.69428825378418,7.610400199890137,0.0,139.09798489868282,23040.0
-10.1543607711792,-17.74874496459961,7.594379901885986,0.0,88.24736783426454,23040.0
-10.058871269226074,-17.69533348083496,7.636460304260254,0.0,140.55481074184988,23040.0
-9.816570281982422,-17.589448928833008,7.772877216339111,0.0,151.37800890938374,23040.0
-9.9293212890625,-17.568885803222656,7.639566898345947,0.0,156.22446059490875,23040.0
-10.160798072814941,-17.764585494995117,7.603778839111328,0.0,143.93942040641105,23040.0
-10.251876831054688,-17.872365951538086,7.6204833984375,0.0,145.17061850573518,23040.0
-9.582987785339355,-17.320955276489258,7.737971782684326,0.0,199.87552982199543,23040.0
-10.146913528442383,-17.794898986816406,7.647981643676758,0.0,139.22912810491778,23040.0
-9.583702087402344,-17.319976806640625,7.736275672912598,0.0,198.72422386198514,23040.0
-10.03829574584961,-17.619617462158203,7.5813212394714355,0.0,193.92103004085132,23040.0
-10.118094444274902,-17.782196044921875,7.664101600646973,0.0,143.88539837075047,23040.0
-9.789566993713379,-17.579730987548828,7.790164470672607,0.0,194.0567681786827,23040.0
-9.649849891662598,-17.321704864501953,7.671850681304932,0.0,242.52051913692844,23040.0
-9.784453392028809,-17.510120391845703,7.725667953491211,0.0,151.98475679244726,23040.0
-9.60171890258789,-17.186279296875,7.584559917449951,0.0,234.58106129591457,23040.0
-10.007566452026367,-17.569215774536133,7.561650276184082,0.0,201.96154715590737,23040.0
-9.93220329284668,-17.533382415771484,7.601175785064697,0.0,175.5757939497847,23040.0
-9.714203834533691,-17.490285873413086,7.776078224182129,0.0,205.57229593532406,23040.0
-9.893258094787598,-17.504058837890625,7.610796928405762,0.0,187.56129068197916,23040.0
-9.79947280883789,-17.45827293395996,7.658796310424805,0.0,180.6646285431672,23040.0
-10.10042953491211,-17.641921997070312,7.541489601135254,0.0,193.21493574055174,23040.0
-9.90959358215332,-17.56139373779297,7.651797771453857,0.0,164.1348972473261,23040.0
-9.582062721252441,-17.29508399963379,7.713021278381348,0.0,200.7250040966427,23040.0
-10.105488777160645,-17.63260269165039,7.527115821838379,0.0,165.33071300923558,23040.0
-9.783143043518066,-17.376934051513672,7.593791961669922,0.0,179.22996371175026,23040.0
-10.278874397277832,-17.78948211669922,7.510601997375488,0.0,126.42689694046798,23040.0
-10.070578575134277,-17.627513885498047,7.556938171386719,0.0,158.13607764578376,23040.0
-10.288875579833984,-17.826719284057617,7.537844657897949,0.0,126.91344739349631,23040.0
-10.21125602722168,-17.73836326599121,7.527102947235107,0.0,132.75794323902363,23040.0
-10.003581047058105,-17.662185668945312,7.658603191375732,0.0,138.1614755223043,23040.0
-10.368087768554688,-17.828561782836914,7.460480213165283,0.0,131.27786471066827,23040.0
-10.197351455688477,-17.748422622680664,7.551068305969238,0.0,143.19860037496426,23040.0
-10.237495422363281,-17.82466697692871,7.587179183959961,0.0,113.46283721866313,23040.0
-10.22990894317627,-17.817296981811523,7.587389945983887,0.0,112.43213064925031,23040.0
-10.308984756469727,-17.998416900634766,7.689436912536621,0.0,112.81841052057862,23040.0
-10.433965682983398,-18.05036163330078,7.616395473480225,0.0,97.63660393385406,23040.0
-10.272954940795898,-17.8557071685791,7.58275032043457,0.0,123.59664643955246,23040.0
-10.421476364135742,-18.04238510131836,7.620908737182617,0.0,88.56677396878096,23040.0
-10.315337181091309,-17.9625301361084,7.647194862365723,0.0,84.6660487992009,23040.0
-10.259296417236328,-17.872861862182617,7.613562107086182,0.0,105.71023975019136,23040.0
-10.401726722717285,-17.93451690673828,7.532796382904053,0.0,86.92200352024496,23040.0
-10.432897567749023,-18.04343605041504,7.610532760620117,0.0,74.1573181431893,23040.0
-10.375773429870605,-18.05705451965332,7.681279182434082,0.0,83.87540320726949,23040.0
-10.32585620880127,-17.994659423828125,7.668812274932861,0.0,89.9638513953952,23040.0
-10.471701622009277,-18.16446876525879,7.692763328552246,0.0,82.31019745803052,23040.0
-10.427510261535645,-18.133811950683594,7.70630407333374,0.0,77.09014692076853,23040.0
-10.3949556350708,-18.127946853637695,7.732986927032471,0.0,69.29668262301622,23040.0
-10.447861671447754,-18.10117530822754,7.653316020965576,0.0,76.07825897164291,23040.0
-10.149811744689941,-17.785547256469727,7.635733604431152,0.0,127.93056189084888,23040.0
-10.275364875793457,-17.94770050048828,7.672335624694824,0.0,118.0868414414165,23040.0
-10.442763328552246,-18.05809783935547,7.61533260345459,0.0,100.1383814843263,23040.0
-10.261614799499512,-17.93840789794922,7.676793098449707,0.0,115.52529024707235,23040.0
-10.332195281982422,-17.98941993713379,7.657227993011475,0.0,107.72967860147021,23040.0
-10.505638122558594,-18.14264488220215,7.637005805969238,0.0,69.46061527150731,23040.0
-10.405891418457031,-18.032127380371094,7.626236915588379,0.0,86.60766056656449,23040.0
-10.435954093933105,-18.029531478881836,7.593576908111572,0.0,100.14032849518988,23040.0
-10.530278205871582,-18.157886505126953,7.627604961395264,0.0,85.93959569213861,23040.0
-10.279109001159668,-17.947267532348633,7.668161392211914,0.0,107.49310953787487,23040.0
-10.363757133483887,-18.02634048461914,7.662583351135254,0.0,73.71276739082316,23040.0
-10.371329307556152,-18.05599594116211,7.684666156768799,0.0,98.25230641142421,23040.0
-10.429190635681152,-18.0606632232666,7.631471633911133,0.0,111.3476195118421,23040.0
-10.47630500793457,-18.132556915283203,7.656251430511475,0.0,73.578942336568,23040.0
-10.466009140014648,-18.16246223449707,7.696451663970947,0.0,87.91458549535378,23040.0
-10.381811141967773,-18.05104637145996,7.669235706329346,0.0,82.14121578580244,23040.0
-10.3590669631958,-18.043481826782227,7.684412956237793,0.0,104.12972421396438,23040.0
-10.386886596679688,-18.081350326538086,7.694466590881348,0.0,144.04394578466835,23040.0
-10.323464393615723,-17.98895835876465,7.665493965148926,0.0,104.8421472875451,23040.0
-10.381339073181152,-18.035921096801758,7.654582500457764,0.0,101.19931746041459,23040.0
-10.227538108825684,-17.994617462158203,7.767075538635254,0.0,140.15295816325406,23040.0
-10.406702995300293,-18.07215690612793,7.665451526641846,0.0,82.03783900600928,23040.0
-10.282715797424316,-17.99401092529297,7.711291313171387,0.0,105.72515834977484,23040.0
-10.375324249267578,-18.052270889282227,7.676943778991699,0.0,119.1215715259523,23040.0
-10.183270454406738,-17.90494155883789,7.721668720245361,0.0,144.36921733855047,23040.0
-10.328134536743164,-18.033811569213867,7.7056803703308105,0.0,133.07129611463785,23040.0
-10.364054679870605,-18.09214210510254,7.72808837890625,0.0,128.423330446674,23040.0
-10.210758209228516,-17.96689796447754,7.756138801574707,0.0,152.34879462984287,23040.0
-10.210343360900879,-17.9627685546875,7.752422332763672,0.0,174.7284478414756,23040.0
-10.18624496459961,-17.956878662109375,7.7706298828125,0.0,157.30663327445237,23040.0
-10.417596817016602,-18.098155975341797,7.680560111999512,0.0,75.45277042110014,23040.0
-10.384476661682129,-17.90534210205078,7.520871162414551,0.0,119.38626120432811,23040.0
-10.360334396362305,-17.965354919433594,7.605020999908447,0.0,153.85791564564514,23040.0
-10.250715255737305,-17.93612289428711,7.685404300689697,0.0,103.333372366216,23040.0
-10.47331714630127,-18.104764938354492,7.631447792053223,0.0,112.34810943708739,23040.0
-9.86704158782959,-17.632373809814453,7.765329360961914,0.0,195.28067973463297,23040.0
-10.190165519714355,-17.81231689453125,7.622145652770996,0.0,165.67168298184288,23040.0
-10.39582347869873,-17.998010635375977,7.602191925048828,0.0,119.68329502547208,23040.0
-9.63521671295166,-17.400239944458008,7.76501989364624,0.0,239.4857341157338,23040.0
-10.36622428894043,-18.004688262939453,7.638461589813232,0.0,108.26913411399141,23040.0
-10.256129264831543,-17.895307540893555,7.639179706573486,0.0,136.13071511087887,23040.0
-10.045649528503418,-17.751123428344727,7.70547342300415,0.0,161.58537848178233,23040.0
-10.520813941955566,-18.174850463867188,7.654037952423096,0.0,78.25021040747025,23040.0
-10.463014602661133,-18.119735717773438,7.656722545623779,0.0,95.71459453033688,23040.0
-10.225264549255371,-17.91065216064453,7.685385704040527,0.0,128.17402158042833,23040.0
-10.388282775878906,-17.990049362182617,7.601765155792236,0.0,61.724637283418154,23040.0
-10.2844820022583,-17.895048141479492,7.610558986663818,0.0,109.60870074226456,23040.0
-10.471227645874023,-18.039793014526367,7.568561553955078,0.0,128.08015965924088,23040.0
-10.260564804077148,-17.935874938964844,7.675307273864746,0.0,130.85971157950164,23040.0
-10.051153182983398,-17.789356231689453,7.738197326660156,0.0,176.4904080709085,23040.0
-10.474957466125488,-18.111793518066406,7.636838912963867,0.0,117.77808041691391,23040.0
-10.254158973693848,-18.01089096069336,7.756729602813721,0.0,117.11462049052945,23040.0
-10.351171493530273,-17.995708465576172,7.6445393562316895,0.0,110.04889679377244,23040.0
-10.08823013305664,-17.716487884521484,7.628265380859375,0.0,140.90908001866137,23040.0
-10.463006019592285,-18.034055709838867,7.571047782897949,0.0,67.6730406470386,23040.0
-10.426721572875977,-18.07670021057129,7.649980545043945,0.0,85.49825448356754,23040.0
-10.222583770751953,-17.945146560668945,7.722557067871094,0.0,85.1863093354185,23040.0
-10.369811058044434,-18.049604415893555,7.679798126220703,0.0,80.1022866003845,23040.0
-10.431662559509277,-18.148767471313477,7.717104911804199,0.0,44.22326864122087,23040.0
-10.482962608337402,-18.15070343017578,7.66773796081543,0.0,86.72743474213772,23040.0
-10.36400318145752,-18.031169891357422,7.667164325714111,0.0,83.03313728708109,23040.0
-10.268428802490234,-17.931339263916016,7.662910461425781,0.0,109.04941322724545,23040.0
-10.33737564086914,-17.91652488708496,7.579148292541504,0.0,136.7985391038366,23040.0
-10.498846054077148,-18.10165023803711,7.602805137634277,0.0,60.12626600465001,23040.0
-10.204625129699707,-17.913732528686523,7.709113121032715,0.0,92.62298490101327,23040.0
-10.42941665649414,-18.145769119262695,7.716349124908447,0.0,81.76291785007075,23040.0
-10.352672576904297,-18.075992584228516,7.7233195304870605,0.0,72.10987698559545,23040.0
-10.22311782836914,-17.99262237548828,7.769505977630615,0.0,84.64231174589733,23040.0
-10.258344650268555,-17.998823165893555,7.740481853485107,0.0,75.46673699133795,23040.0
-10.245841026306152,-17.968305587768555,7.722463130950928,0.0,82.80502859285822,23040.0
-10.560306549072266,-18.17494010925293,7.614640235900879,0.0,86.38465036066498,23040.0
-10.214423179626465,-17.913726806640625,7.69930362701416,0.0,111.37225360396816,23040.0
-10.298517227172852,-17.94424057006836,7.645720958709717,0.0,130.55114325980247,23040.0
-10.181809425354004,-17.810375213623047,7.628565311431885,0.0,145.8665653836482,23040.0
-10.089598655700684,-17.76453399658203,7.674941062927246,0.0,182.3673812254014,23040.0
-9.908148765563965,-17.70331382751465,7.795163154602051,0.0,160.79346330623403,23040.0
-10.343710899353027,-17.981184005737305,7.637474060058594,0.0,125.53802754969651,23040.0
-10.1424560546875,-17.754831314086914,7.612376689910889,0.0,160.62372646565004,23040.0
-10.369741439819336,-17.953857421875,7.584110736846924,0.0,140.96172007253608,23040.0
-10.118017196655273,-17.849184036254883,7.731165409088135,0.0,139.5095867970274,23040.0
-10.105095863342285,-17.756481170654297,7.651387691497803,0.0,187.05017934293562,23040.0
-9.878517150878906,-17.566465377807617,7.687943458557129,0.0,183.06159245488325,23040.0
-10.250994682312012,-17.923433303833008,7.672443866729736,0.0,137.21725986695327,23040.0
-10.20508098602295,-17.89276123046875,7.687681674957275,0.0,149.57968296126194,23040.0
-9.438803672790527,-17.32341766357422,7.884618282318115,0.0,218.87400180716017,23040.0
-10.087959289550781,-17.74486541748047,7.656902313232422,0.0,151.61149853007174,23040.0
-9.77208423614502,-17.4346923828125,7.662606239318848,0.0,211.76538875484866,23040.0
-9.76481819152832,-17.3382511138916,7.573433876037598,0.0,236.14022683098113,23040.0
-9.971619606018066,-17.751184463500977,7.779569625854492,0.0,152.22257293256158,23040.0
-9.770182609558105,-17.47280502319336,7.702620506286621,0.0,217.50944162262607,23040.0
-9.282098770141602,-17.0864315032959,7.804335594177246,0.0,259.68860897537655,23040.0
-10.204654693603516,-17.76839828491211,7.563738822937012,0.0,184.98331623579682,23040.0
-9.813703536987305,-17.41722869873047,7.603525161743164,0.0,234.73039785033998,23040.0
-9.263386726379395,-17.043262481689453,7.779872417449951,0.0,254.08031116620813,23040.0
-9.76536750793457,-17.423173904418945,7.657806396484375,0.0,233.68560341731953,23040.0
-9.755937576293945,-17.367944717407227,7.6120076179504395,0.0,241.76308981671374,23040.0
-10.173271179199219,-17.74289321899414,7.569623947143555,0.0,145.09693887233257,23040.0
-9.95678997039795,-17.546791076660156,7.590003967285156,0.0,204.57088823475996,23040.0
-9.959661483764648,-17.536863327026367,7.577198505401611,0.0,217.09500189320508,23040.0
-10.148904800415039,-17.72222137451172,7.573314189910889,0.0,119.54988765643861,23040.0
-9.925841331481934,-17.591449737548828,7.665611267089844,0.0,208.5370150159892,23040.0
-9.88418960571289,-17.503522872924805,7.619332313537598,0.0,213.02535391890817,23040.0
-10.118439674377441,-17.772947311401367,7.654510021209717,0.0,120.41385906175974,23040.0
-10.15277099609375,-17.792747497558594,7.639973163604736,0.0,164.30031866117105,23040.0
-10.42066764831543,-17.9981689453125,7.577503681182861,0.0,118.31096736648702,23040.0
-10.21331787109375,-17.870866775512695,7.657552242279053,0.0,133.0367794956642,23040.0
-10.226751327514648,-17.892030715942383,7.665281772613525,0.0,147.6184585001556,23040.0
-9.879859924316406,-17.658536911010742,7.778680324554443,0.0,156.3061948385622,23040.0
-9.856632232666016,-17.39014434814453,7.533511638641357,0.0,198.3987498070653,23040.0
-10.20673656463623,-17.7714900970459,7.564754962921143,0.0,143.63018897468928,23040.0
-9.958394050598145,-17.584806442260742,7.626408576965332,0.0,207.3132902652644,23040.0
-10.36617374420166,-17.972932815551758,7.606752395629883,0.0,102.34376981039979,23040.0
-9.476561546325684,-17.29806137084961,7.821503162384033,0.0,222.8829474587513,23040.0
-9.884346961975098,-17.579193115234375,7.694849967956543,0.0,181.08450964466232,23040.0
-10.180190086364746,-17.86840057373047,7.688213348388672,0.0,140.72259638150703,23040.0
-10.252030372619629,-17.92163848876953,7.669601917266846,0.0,155.8717000680545,23040.0
-9.98134708404541,-17.729860305786133,7.748512268066406,0.0,175.06394380456777,23040.0
-10.184515953063965,-17.88060760498047,7.696094989776611,0.0,140.24273117566068,23040.0
-9.987713813781738,-17.721206665039062,7.733495235443115,0.0,149.34052357383936,23040.0
-10.21738052368164,-17.91727638244629,7.699901580810547,0.0,161.11359806768897,23040.0
-10.139801025390625,-17.777420043945312,7.637618541717529,0.0,161.76900571126615,23040.0
-10.161620140075684,-17.895708084106445,7.734085559844971,0.0,139.01653385767509,23040.0
-10.31873607635498,-17.945964813232422,7.627230644226074,0.0,145.3050347444343,23040.0
-9.79306411743164,-17.51488494873047,7.721820831298828,0.0,171.45133478673142,23040.0
-10.084598541259766,-17.732654571533203,7.648055076599121,0.0,158.13374797578996,23040.0
-10.128730773925781,-17.7354679107666,7.606738090515137,0.0,175.10452763670781,23040.0
-10.207723617553711,-17.878185272216797,7.6704630851745605,0.0,139.94732558298074,23040.0
-10.310651779174805,-17.974287033081055,7.663633346557617,0.0,126.78272312959643,23040.0
-9.85762882232666,-17.611759185791016,7.754136085510254,0.0,182.93359048317492,23040.0
-10.358030319213867,-17.95543670654297,7.597407341003418,0.0,113.35490535201957,23040.0
-10.082427024841309,-17.77664566040039,7.694221496582031,0.0,147.7478650841962,23040.0
-10.167089462280273,-17.73751449584961,7.570426940917969,0.0,195.60770762990973,23040.0
-10.215134620666504,-17.85428810119629,7.639156818389893,0.0,154.10911840111442,23040.0
-9.988704681396484,-17.739477157592773,7.750770568847656,0.0,172.92653788017643,23040.0
-9.898109436035156,-17.546754837036133,7.648650646209717,0.0,191.3864440765625,23040.0
-10.25740909576416,-17.90542221069336,7.648010730743408,0.0,130.81387253501353,23040.0
-10.052871704101562,-17.75908660888672,7.706212043762207,0.0,179.60295090715942,23040.0
-10.266972541809082,-17.896974563598633,7.630001544952393,0.0,162.73211708896582,23040.0
-10.372369766235352,-17.984006881713867,7.61163854598999,0.0,118.39745809995188,23040.0
-10.272870063781738,-17.927921295166016,7.65505313873291,0.0,116.70622135902556,23040.0
-10.193612098693848,-17.824968338012695,7.631353855133057,0.0,119.47412413336262,23040.0
-10.112724304199219,-17.768640518188477,7.655918598175049,0.0,121.44317581763069,23040.0
-10.418252944946289,-17.98511505126953,7.566860675811768,0.0,128.03384463293565,23040.0
-10.342586517333984,-17.95357894897461,7.610991954803467,0.0,111.83466382796986,23040.0
-10.127761840820312,-17.859085083007812,7.7313232421875,0.0,164.18868170971288,23040.0
-10.28963565826416,-17.90831184387207,7.618680000305176,0.0,145.80302785306316,23040.0
-10.085246086120605,-17.810623168945312,7.725378513336182,0.0,126.74293660228426,23040.0
-10.402926445007324,-17.94719696044922,7.544265270233154,0.0,113.36817003815646,23040.0
-10.235346794128418,-17.869035720825195,7.633685111999512,0.0,121.47745884556502,23040.0
-10.511443138122559,-18.045509338378906,7.534064292907715,0.0,77.00975832739519,23040.0
-10.332447052001953,-17.967988967895508,7.635538578033447,0.0,114.81781382543409,23040.0
-10.226855278015137,-17.85878562927246,7.631929397583008,0.0,82.23842736060969,23040.0
-10.341875076293945,-18.022930145263672,7.681054592132568,0.0,118.48274175250435,23040.0
-10.301615715026855,-17.94429588317871,7.642679214477539,0.0,139.92141786895615,23040.0
-10.347460746765137,-18.002500534057617,7.655040264129639,0.0,122.98179524796332,23040.0
-10.081128120422363,-17.78681182861328,7.705678462982178,0.0,132.5249134604658,23040.0
-10.391027450561523,-17.96485137939453,7.573822498321533,0.0,100.14293492575202,23040.0
-10.453485488891602,-18.06224822998047,7.608760356903076,0.0,67.62054759795578,23040.0
-10.365006446838379,-18.029542922973633,7.664542198181152,0.0,103.40266438957921,23040.0
-10.19217586517334,-17.862966537475586,7.67078971862793,0.0,98.65354088441708,23040.0
-10.441494941711426,-18.066438674926758,7.624943256378174,0.0,79.10684175914808,23040.0
-10.541547775268555,-18.198068618774414,7.656520366668701,0.0,68.04884046238762,23040.0
-10.338961601257324,-18.122236251831055,7.783270835876465,0.0,65.74703044435148,23040.0
-10.329147338867188,-18.013227462768555,7.684075355529785,0.0,94.21475640572424,23040.0
-10.381590843200684,-18.049285888671875,7.667698860168457,0.0,91.8557470804996,23040.0
-10.446220397949219,-18.063350677490234,7.617129802703857,0.0,60.7326530756103,23040.0
-10.41712474822998,-17.998228073120117,7.5811076164245605,0.0,93.10808442673911,23040.0
-10.300155639648438,-17.978654861450195,7.678502559661865,0.0,99.78684415202521,23040.0
-10.327370643615723,-18.001251220703125,7.67388391494751,0.0,92.83371221948292,23040.0
-10.466487884521484,-18.18074607849121,7.714251518249512,0.0,85.61327418553365,23040.0
-10.225530624389648,-17.972814559936523,7.747283935546875,0.0,83.52018892317837,23040.0
-10.332286834716797,-17.93143081665039,7.599143028259277,0.0,104.86285600154542,23040.0
-10.323805809020996,-17.936847686767578,7.613041400909424,0.0,83.97014600906391,23040.0
-10.342925071716309,-18.024782180786133,7.681859016418457,0.0,74.04246624267236,23040.0
-10.16872787475586,-17.935152053833008,7.766420364379883,0.0,67.4744435261488,23040.0
-10.27888011932373,-17.977136611938477,7.698251724243164,0.0,112.9217297364134,23040.0
-10.188849449157715,-17.945919036865234,7.757067680358887,0.0,134.27005309391865,23040.0
-10.248936653137207,-17.923667907714844,7.674729347229004,0.0,155.5786913579097,23040.0
-9.691157341003418,-17.503564834594727,7.81240701675415,0.0,224.54515595439813,23040.0
-10.2255859375,-17.87815284729004,7.652563571929932,0.0,109.76948771199312,23040.0
-9.957673072814941,-17.633935928344727,7.676262855529785,0.0,176.64753256522263,23040.0
-10.24446964263916,-17.806785583496094,7.562310695648193,0.0,191.27013169859964,23040.0
-10.163369178771973,-17.844390869140625,7.681018829345703,0.0,154.70873893619444,23040.0
-10.17307186126709,-17.925750732421875,7.752676010131836,0.0,105.54988785950657,23040.0
-10.182661056518555,-17.85144805908203,7.668787479400635,0.0,159.68103853370468,23040.0
-10.1796293258667,-17.86347007751465,7.683839797973633,0.0,153.68018345340715,23040.0
-10.273032188415527,-17.908313751220703,7.635279178619385,0.0,153.22618907758377,23040.0
-10.261491775512695,-17.98061752319336,7.719123840332031,0.0,87.07064247821745,23040.0
-10.278389930725098,-17.942726135253906,7.664332389831543,0.0,118.84680343293999,23040.0
-10.275609970092773,-17.884593963623047,7.608978271484375,0.0,131.3575852839638,23040.0
-10.289751052856445,-17.953781127929688,7.664027214050293,0.0,99.52667256524319,23040.0
-10.010825157165527,-17.701784133911133,7.690958499908447,0.0,155.8814747253318,23040.0
-10.163862228393555,-17.79060935974121,7.6267476081848145,0.0,147.99947081131182,23040.0
-10.501214981079102,-18.08466148376465,7.583441734313965,0.0,92.49930715893753,23040.0
-10.297720909118652,-17.934785842895508,7.637064456939697,0.0,138.36883772169784,23040.0
-10.24634075164795,-17.828718185424805,7.58237361907959,0.0,128.46366537094735,23040.0
-10.393603324890137,-18.065916061401367,7.672310829162598,0.0,106.23615430964655,23040.0
-10.410347938537598,-18.0306453704834,7.6202921867370605,0.0,121.74524303054903,23040.0
-10.429306030273438,-18.043577194213867,7.6142706871032715,0.0,111.26941214458034,23040.0
-10.411087036132812,-18.02421760559082,7.613131999969482,0.0,91.02516000892065,23040.0
-10.441712379455566,-18.08755874633789,7.64585018157959,0.0,91.3814954258445,23040.0
-10.55888557434082,-18.1878662109375,7.6289753913879395,0.0,81.05303293590781,23040.0
-10.47386646270752,-18.19945526123047,7.725592613220215,0.0,81.95673695799859,23040.0
-10.40087890625,-18.093690872192383,7.692816734313965,0.0,109.81516600943029,23040.0
-10.366781234741211,-18.122753143310547,7.755974769592285,0.0,83.5649818202902,23040.0
-10.390474319458008,-18.092206954956055,7.701735973358154,0.0,106.80466511202019,23040.0
-10.364750862121582,-18.04474639892578,7.679995536804199,0.0,149.67651289929395,23040.0
-10.515426635742188,-18.147600173950195,7.632174491882324,0.0,78.60294838042297,23040.0
-10.43113899230957,-18.08087730407715,7.6497368812561035,0.0,125.08424829685347,23040.0
-10.206868171691895,-17.89211654663086,7.685251712799072,0.0,141.3298784521924,23040.0
-10.48172378540039,-18.118677139282227,7.6369452476501465,0.0,99.04251958730305,23040.0
-10.33521556854248,-18.098888397216797,7.763671398162842,0.0,116.37639829243689,23040.0
-10.47089672088623,-18.136005401611328,7.665107727050781,0.0,120.20230689468269,23040.0
-10.467744827270508,-18.162431716918945,7.694681644439697,0.0,121.91011442590643,23040.0
-10.060404777526855,-17.78213882446289,7.7217326164245605,0.0,168.825279893513,23040.0
-10.238798141479492,-18.00804901123047,7.769251346588135,0.0,143.35186421175732,23040.0
-10.37847900390625,-18.058794021606445,7.680315971374512,0.0,145.74974620212373,23040.0
-9.55113697052002,-17.402790069580078,7.851652145385742,0.0,225.9164577729509,23040.0
-10.099776268005371,-17.839691162109375,7.739917755126953,0.0,174.24267034078503,23040.0
-10.184693336486816,-17.868106842041016,7.683408737182617,0.0,186.54774040867923,23040.0
-9.843893051147461,-17.58810806274414,7.7442145347595215,0.0,228.57227234028247,23040.0
-10.48193073272705,-18.15976905822754,7.677840709686279,0.0,115.58199376046132,23040.0
-9.956165313720703,-17.69461441040039,7.738454818725586,0.0,203.4555132745818,23040.0
-9.839613914489746,-17.591266632080078,7.75164794921875,0.0,182.3452842770406,23040.0
-10.488364219665527,-18.11872100830078,7.630358695983887,0.0,112.11616126182888,23040.0
-10.051458358764648,-17.790428161621094,7.738965034484863,0.0,184.38918147163096,23040.0
-9.90017318725586,-17.58301544189453,7.682846546173096,0.0,217.76005082729876,23040.0
-10.371134757995605,-18.011871337890625,7.640738487243652,0.0,138.1083534388899,23040.0
-10.152485847473145,-17.797332763671875,7.644845962524414,0.0,195.82475067764608,23040.0
-10.34091567993164,-17.99596405029297,7.655044078826904,0.0,163.46342134841268,23040.0
-10.259963989257812,-17.9031925201416,7.643229007720947,0.0,154.82145911962465,23040.0
-10.058945655822754,-17.819347381591797,7.760398864746094,0.0,186.2829054757328,23040.0
-10.29498291015625,-17.938371658325195,7.643390655517578,0.0,160.76137916391642,23040.0
-10.071098327636719,-17.795169830322266,7.724070072174072,0.0,168.50935129473206,23040.0
-10.147222518920898,-17.818531036376953,7.671313285827637,0.0,167.00162902923293,23040.0
-10.413949966430664,-18.037607192993164,7.623658657073975,0.0,147.0006965369761,23040.0
-10.399128913879395,-18.110380172729492,7.711249351501465,0.0,119.68531944636965,23040.0
-10.302803039550781,-17.96236801147461,7.659563064575195,0.0,150.9144504223602,23040.0
-10.484100341796875,-18.06079864501953,7.576694011688232,0.0,115.3740907310062,23040.0
-10.4059419631958,-18.10858154296875,7.702640056610107,0.0,111.64860597550388,23040.0
-10.322315216064453,-17.97555923461914,7.653252601623535,0.0,138.43924366831519,23040.0
-10.512299537658691,-18.142499923706055,7.630198001861572,0.0,89.62102197967904,23040.0
-10.482803344726562,-18.110748291015625,7.627944469451904,0.0,132.32197270105337,23040.0
-10.68470573425293,-18.251888275146484,7.567177772521973,0.0,127.26537038544953,23040.0
-10.57051944732666,-18.229747772216797,7.659230709075928,0.0,85.49000165309394,23040.0
-10.52107048034668,-18.253124237060547,7.732057094573975,0.0,101.89271197404462,23040.0
-10.440834999084473,-18.161291122436523,7.72045373916626,0.0,111.46018150971004,23040.0
-10.447428703308105,-18.10944175720215,7.66201639175415,0.0,133.24887373147365,23040.0
-10.440896034240723,-18.169628143310547,7.728731155395508,0.0,120.46287710758345,23040.0
-10.44172191619873,-18.118894577026367,7.677175045013428,0.0,104.3077550645497,23040.0
-10.442197799682617,-18.05636215209961,7.614162921905518,0.0,121.83867202115132,23040.0
-10.337055206298828,-18.03559684753418,7.698542594909668,0.0,140.59805923893805,23040.0
-10.488853454589844,-18.179899215698242,7.691041946411133,0.0,123.99299741750607,23040.0
-10.681197166442871,-18.296241760253906,7.615041732788086,0.0,96.55612042705668,23040.0
-10.527932167053223,-18.13836669921875,7.610430717468262,0.0,137.06181238966718,23040.0
-10.532304763793945,-18.23330307006836,7.700999736785889,0.0,87.13384516925308,23040.0
-10.502558708190918,-18.13991355895996,7.637348651885986,0.0,94.39509678385556,23040.0
-10.321935653686523,-18.057340621948242,7.735400199890137,0.0,150.42959868392322,23040.0
-10.22142219543457,-17.972923278808594,7.751500129699707,0.0,179.67127738418847,23040.0
-10.335688591003418,-18.03472137451172,7.699035167694092,0.0,145.96855687807772,23040.0
-9.799715042114258,-17.55868148803711,7.75896692276001,0.0,265.4868443270227,23040.0
-9.620559692382812,-17.348630905151367,7.728072166442871,0.0,265.2680957713839,23040.0
-10.475109100341797,-18.104759216308594,7.629648208618164,0.0,117.32389475107719,23040.0
-9.345605850219727,-17.14934539794922,7.803738594055176,0.0,277.01878324316493,23040.0
-9.968002319335938,-17.67062759399414,7.702628135681152,0.0,214.09493027218508,23040.0
-10.242040634155273,-17.941551208496094,7.699508190155029,0.0,171.5746514883502,23040.0
-9.279797554016113,-17.079938888549805,7.80014705657959,0.0,274.31502664024015,23040.0
-10.351544380187988,-17.959409713745117,7.607866287231445,0.0,160.34087164619604,23040.0
-10.181855201721191,-17.87807846069336,7.696219444274902,0.0,165.4778961165296,23040.0
-9.837651252746582,-17.50279426574707,7.665140151977539,0.0,247.41421603628373,23040.0
-10.437910079956055,-18.091938018798828,7.654028415679932,0.0,96.92406287360821,23040.0
-10.258167266845703,-17.836986541748047,7.5788187980651855,0.0,170.84255372530845,23040.0
-9.78909969329834,-17.477163314819336,7.68806266784668,0.0,210.1272003187025,23040.0
-10.351842880249023,-18.020469665527344,7.6686272621154785,0.0,98.9842568643209,23040.0
-9.923725128173828,-17.584558486938477,7.660827159881592,0.0,202.8973018049617,23040.0
-10.59260368347168,-18.199018478393555,7.606417655944824,0.0,81.98636337786847,23040.0
-10.209863662719727,-17.8705997467041,7.660737991333008,0.0,155.58204898329657,23040.0
-10.462133407592773,-18.032981872558594,7.570850849151611,0.0,122.06526317226881,23040.0
-10.334505081176758,-18.04012107849121,7.705613136291504,0.0,128.956012975288,23040.0
-10.35574722290039,-18.033781051635742,7.678038120269775,0.0,114.72853164055866,23040.0
-10.421897888183594,-18.112245559692383,7.690348148345947,0.0,100.43065045822588,23040.0
-10.541049003601074,-18.153886795043945,7.612835884094238,0.0,80.12202637105415,23040.0
-10.563786506652832,-18.1933650970459,7.629573345184326,0.0,91.79842654426193,23040.0
-10.546189308166504,-18.1978702545166,7.6516804695129395,0.0,73.36521631019313,23040.0
-10.652131080627441,-18.24018096923828,7.588049411773682,0.0,75.26555778871855,23040.0
-10.50812816619873,-18.155107498168945,7.646982192993164,0.0,86.05795593923537,23040.0
-10.593503952026367,-18.23394775390625,7.640443801879883,0.0,59.74097407863271,23040.0
-10.390686988830566,-17.99957847595215,7.608893394470215,0.0,106.87566426881217,23040.0
-10.51866340637207,-18.172239303588867,7.6535725593566895,0.0,95.29001168715064,23040.0
-10.498078346252441,-18.164472579956055,7.666394233703613,0.0,49.14863541387015,23040.0
-10.472254753112793,-18.144256591796875,7.672000408172607,0.0,81.53059661087156,23040.0
-10.521240234375,-18.20484161376953,7.683600425720215,0.0,96.79622043755461,23040.0
-10.488801956176758,-18.1942081451416,7.705410957336426,0.0,77.7672408878324,23040.0
-10.494747161865234,-18.170391082763672,7.675644397735596,0.0,90.45420438098346,23040.0
-10.48766040802002,-18.14772605895996,7.660061836242676,0.0,134.61408170831749,23040.0
-10.336397171020508,-18.064775466918945,7.728373050689697,0.0,96.72964910097357,23040.0
-10.317078590393066,-17.952625274658203,7.6355462074279785,0.0,132.91583351814057,23040.0
-10.49428653717041,-18.09603500366211,7.601753234863281,0.0,127.9067849045341,23040.0
-10.468232154846191,-18.064773559570312,7.59654426574707,0.0,130.08989757953904,23040.0
-10.493280410766602,-18.144472122192383,7.651195049285889,0.0,93.84118079414253,23040.0
-10.505874633789062,-18.203428268432617,7.697551250457764,0.0,91.9010958691742,23040.0
-10.359786987304688,-18.086166381835938,7.726377964019775,0.0,137.9874394741724,23040.0
-10.58450984954834,-18.229827880859375,7.645319938659668,0.0,77.52373481019056,23040.0
-10.459331512451172,-18.18576431274414,7.726434230804443,0.0,72.25153209090549,23040.0
-10.589094161987305,-18.317638397216797,7.728541851043701,0.0,51.745746799056874,23040.0
-10.453832626342773,-18.106739044189453,7.652904510498047,0.0,94.11894499674978,23040.0
-10.492573738098145,-18.218767166137695,7.726191997528076,0.0,88.42095199855702,23040.0
-10.520748138427734,-18.16518211364746,7.644436836242676,0.0,92.48271558185718,23040.0
-10.527474403381348,-18.21048927307129,7.683017253875732,0.0,90.46853431467734,23040.0
-10.513067245483398,-18.121389389038086,7.608323097229004,0.0,131.54186169087924,23040.0
-10.621780395507812,-18.28048324584961,7.658695697784424,0.0,85.67404569128783,23040.0
-10.451334953308105,-18.11277198791504,7.661438465118408,0.0,105.38949356520531,23040.0
-10.467266082763672,-18.17984962463379,7.712576866149902,0.0,92.13357729892816,23040.0
-10.607667922973633,-18.30560302734375,7.697934150695801,0.0,87.18835885965763,23040.0
-10.443692207336426,-18.15242576599121,7.708732604980469,0.0,103.36552903308088,23040.0
-10.546332359313965,-18.21161651611328,7.665273189544678,0.0,97.05422693701273,23040.0
-10.169086456298828,-17.881093978881836,7.712006092071533,0.0,166.4244763752718,23040.0
-10.372742652893066,-17.980602264404297,7.607863426208496,0.0,158.76677613211518,23040.0
-10.471492767333984,-18.121061325073242,7.649563312530518,0.0,134.25706020638162,23040.0
-10.578847885131836,-18.227907180786133,7.649060249328613,0.0,128.15522401485876,23040.0
-10.614742279052734,-18.235759735107422,7.621012210845947,0.0,91.55895356250576,23040.0
-10.453336715698242,-18.1911678314209,7.737831115722656,0.0,74.23467677110942,23040.0
-10.669504165649414,-18.299476623535156,7.629978656768799,0.0,58.56313508061259,23040.0
-10.72451400756836,-18.365571975708008,7.641060829162598,0.0,47.92612593667295,23040.0
-10.639452934265137,-18.309402465820312,7.669949054718018,0.0,95.9268432468921,23040.0
-10.542470932006836,-18.27251434326172,7.73004674911499,0.0,59.09940525516598,23040.0
-10.445508003234863,-18.177743911743164,7.732232093811035,0.0,101.81985007908523,23040.0
-10.624642372131348,-18.28622055053711,7.661576271057129,0.0,53.366437830265205,23040.0
-10.510003089904785,-18.180448532104492,7.670444011688232,0.0,68.36708986976667,23040.0
-10.424866676330566,-18.19413185119629,7.769266605377197,0.0,94.19688253306956,23040.0
-10.617114067077637,-18.23269271850586,7.615582466125488,0.0,57.713142140022896,23040.0
-10.468480110168457,-18.1916561126709,7.723175525665283,0.0,85.07944299509414,23040.0
-10.595565795898438,-18.266008377075195,7.67043924331665,0.0,69.91555989983321,23040.0
-10.331354141235352,-18.04468536376953,7.713333606719971,0.0,81.92210706353497,23040.0
-10.531225204467773,-18.240150451660156,7.708926677703857,0.0,58.10476222606307,23040.0
-10.406004905700684,-18.113658905029297,7.707657337188721,0.0,81.88053015823195,23040.0
-10.42480754852295,-18.10955810546875,7.684753894805908,0.0,109.66865007218132,23040.0
-10.023820877075195,-17.902143478393555,7.878321170806885,0.0,156.6296137492938,23040.0
-10.303958892822266,-17.98171043395996,7.677749156951904,0.0,125.0422375774687,23040.0
-9.84566593170166,-17.650440216064453,7.804778575897217,0.0,179.82639017322998,23040.0
-10.260909080505371,-17.991268157958984,7.730357646942139,0.0,102.59019619626798,23040.0
-9.83889389038086,-17.579469680786133,7.740568161010742,0.0,202.83264702569423,23040.0
-10.29957103729248,-18.01515769958496,7.715585708618164,0.0,113.04506508222771,23040.0
-10.35200309753418,-17.953916549682617,7.601911544799805,0.0,115.06761384061508,23040.0
-9.98521614074707,-17.804183959960938,7.818966865539551,0.0,107.19475194428269,23040.0
-10.217434883117676,-17.946971893310547,7.729531288146973,0.0,82.03770229337668,23040.0
-10.244483947753906,-17.84018898010254,7.595706462860107,0.0,90.54816411219169,23040.0
-10.151252746582031,-17.85430335998535,7.703051567077637,0.0,108.41411338959067,23040.0
-10.249458312988281,-17.978689193725586,7.729232311248779,0.0,88.80180651601242,23040.0
-10.163854598999023,-17.8112850189209,7.647424221038818,0.0,91.99959162741901,23040.0
-10.092423439025879,-17.809892654418945,7.717465400695801,0.0,99.45337790493576,23040.0
-9.98265552520752,-17.81817054748535,7.835513591766357,0.0,95.88211453371504,23040.0
-9.945609092712402,-17.62318992614746,7.677585124969482,0.0,129.65730429502696,23040.0
-10.156244277954102,-17.831871032714844,7.675625324249268,0.0,95.40861102366082,23040.0
-10.0363130569458,-17.719444274902344,7.683131694793701,0.0,168.346058647588,23040.0
-10.17471694946289,-17.874488830566406,7.699776649475098,0.0,129.09239335347942,23040.0
-10.10224437713623,-17.789888381958008,7.6876397132873535,0.0,132.6282411347575,23040.0
-10.176310539245605,-17.789310455322266,7.613001346588135,0.0,78.7793253145526,23040.0
-10.224441528320312,-17.911684036254883,7.68724250793457,0.0,86.65667529797904,23040.0
-10.396621704101562,-18.073793411254883,7.677176475524902,0.0,86.54670372650001,23040.0
-10.197744369506836,-17.910655975341797,7.712909698486328,0.0,93.32235164886353,23040.0
-10.148038864135742,-17.73843002319336,7.590391635894775,0.0,120.81510420077807,23040.0
-9.934139251708984,-17.562824249267578,7.628680229187012,0.0,167.3174204021508,23040.0
-10.284635543823242,-17.881103515625,7.5964674949646,0.0,134.83110541962944,23040.0
-10.106328010559082,-17.73764419555664,7.631312370300293,0.0,147.40956650558428,23040.0
-9.930418968200684,-17.565366744995117,7.634949207305908,0.0,182.86327828905107,23040.0
-10.172001838684082,-17.832103729248047,7.660099983215332,0.0,132.5320368417678,23040.0
-10.36252212524414,-17.96938133239746,7.606856822967529,0.0,124.03071209790244,23040.0
-10.309530258178711,-17.89189910888672,7.582366943359375,0.0,164.69463685096588,23040.0
-10.342427253723145,-17.89242935180664,7.550004005432129,0.0,105.31872742932674,23040.0
-10.18338680267334,-17.797067642211914,7.613680839538574,0.0,175.30092532488385,23040.0
-10.039962768554688,-17.655630111694336,7.615671634674072,0.0,192.7249298612228,23040.0
-10.010248184204102,-17.74349594116211,7.73325252532959,0.0,185.1462008572851,23040.0
-10.382131576538086,-18.02481460571289,7.64268684387207,0.0,110.05978838107667,23040.0
-10.526137351989746,-18.16098976135254,7.634856700897217,0.0,103.95866311756619,23040.0
-10.444132804870605,-18.11908721923828,7.674955368041992,0.0,114.9250575399947,23040.0
-10.500879287719727,-18.066987991333008,7.566101551055908,0.0,108.71863382102269,23040.0
-10.270126342773438,-17.89731788635254,7.627191066741943,0.0,108.53415219961227,23040.0
-10.534117698669434,-18.169160842895508,7.63503885269165,0.0,79.76253090849113,23040.0
-10.439184188842773,-18.064014434814453,7.624833106994629,0.0,132.95840949967493,23040.0
-10.55968952178955,-18.173412322998047,7.613723278045654,0.0,106.56517315341056,23040.0
-10.410077095031738,-18.045942306518555,7.635870456695557,0.0,79.07366941622594,23040.0
-10.465490341186523,-18.146209716796875,7.680723667144775,0.0,76.84057229463016,23040.0
-10.465181350708008,-18.092971801757812,7.627782344818115,0.0,78.37355774708158,23040.0
-10.401762962341309,-18.042863845825195,7.641101837158203,0.0,100.49288931656474,23040.0
-10.450660705566406,-18.08243179321289,7.631770133972168,0.0,94.42876175846634,23040.0
-10.41530704498291,-18.099628448486328,7.684319496154785,0.0,119.50974850911152,23040.0
-10.260930061340332,-17.96179962158203,7.700871467590332,0.0,130.48666117305805,23040.0
-10.073198318481445,-17.802356719970703,7.729162693023682,0.0,153.38122651450254,23040.0
-10.28333568572998,-17.99461555480957,7.711275100708008,0.0,151.7990295280506,23040.0
-10.265969276428223,-17.895505905151367,7.629536151885986,0.0,188.12079606491122,23040.0
-9.798070907592773,-17.55321502685547,7.7551493644714355,0.0,230.21623715094302,23040.0
-9.867020606994629,-17.605371475219727,7.738343715667725,0.0,210.46863063761492,23040.0
-10.0264892578125,-17.728923797607422,7.7024312019348145,0.0,207.8085355809721,23040.0
-9.96484088897705,-17.64846420288086,7.68362283706665,0.0,193.9375875998367,23040.0
-9.90648365020752,-17.616493225097656,7.710011959075928,0.0,219.05008227747823,23040.0
-9.779903411865234,-17.429704666137695,7.649804592132568,0.0,254.212360804236,23040.0
-8.329044342041016,-16.416067123413086,8.087028503417969,0.0,313.7888101240842,23040.0
-8.991329193115234,-16.594751358032227,7.60342264175415,0.0,300.65999562813954,23040.0
-8.70281982421875,-16.328372955322266,7.6255574226379395,0.0,361.01256576401306,23040.0
-8.384634971618652,-16.12500762939453,7.740371227264404,0.0,372.69194886972275,23040.0
-9.902896881103516,-17.544658660888672,7.64176082611084,0.0,183.36508793764435,23040.0
-7.3834228515625,-15.291109085083008,7.907686233520508,0.0,444.52719381788035,23040.0
-9.55074691772461,-17.202335357666016,7.651593208312988,0.0,210.5523444120217,23040.0
-9.096863746643066,-16.703157424926758,7.606293201446533,0.0,290.4556150398527,23040.0
-8.738256454467773,-16.318544387817383,7.580283164978027,0.0,370.18733822819263,23040.0
-9.282698631286621,-17.00103759765625,7.718343734741211,0.0,188.78245214123626,23040.0
-9.122407913208008,-16.639312744140625,7.516905307769775,0.0,287.6296300014601,23040.0
-8.6395902633667,-16.406604766845703,7.767014026641846,0.0,284.2656985618336,23040.0
-8.612994194030762,-16.13735580444336,7.524357318878174,0.0,341.01308037695657,23040.0
-8.906311988830566,-16.477365493774414,7.571052551269531,0.0,317.2956718972927,23040.0
-9.373644828796387,-17.037471771240234,7.663828372955322,0.0,221.1342756859584,23040.0
-8.338714599609375,-15.979851722717285,7.641130447387695,0.0,345.4069179120745,23040.0
-9.269244194030762,-16.801292419433594,7.532046318054199,0.0,222.6523398118512,23040.0
-9.023961067199707,-16.514331817626953,7.490365982055664,0.0,289.7021397361595,23040.0
-8.760651588439941,-16.226177215576172,7.465530872344971,0.0,315.76623427055995,23040.0
-9.373224258422852,-16.7938232421875,7.42059326171875,0.0,202.35678447847374,23040.0
-8.25404167175293,-15.884395599365234,7.630346775054932,0.0,345.7888604341956,23040.0
-9.10891342163086,-16.610424041748047,7.50151252746582,0.0,254.99366552879067,23040.0
-9.465941429138184,-16.880632400512695,7.414693355560303,0.0,235.23064835064093,23040.0
-9.293784141540527,-16.72667121887207,7.432880401611328,0.0,314.0356037254758,23040.0
-9.326339721679688,-16.933391571044922,7.607052803039551,0.0,217.572351939995,23040.0
-9.422982215881348,-16.864473342895508,7.441490173339844,0.0,215.3967393572916,23040.0
-9.491817474365234,-17.07718276977539,7.585369110107422,0.0,206.45552442003148,23040.0
-9.136710166931152,-16.751100540161133,7.614388465881348,0.0,244.61079271332986,23040.0
-9.918128967285156,-17.456588745117188,7.538459777832031,0.0,124.11674274176217,23040.0
-8.058770179748535,-15.918594360351562,7.859822750091553,0.0,324.3292323716888,23040.0
-9.881155967712402,-17.357038497924805,7.47588586807251,0.0,151.1179037788447,23040.0
-9.605241775512695,-17.127866744995117,7.522625923156738,0.0,215.57655471392806,23040.0
-10.04344367980957,-17.594676971435547,7.551231384277344,0.0,173.52303218029036,23040.0
-9.856428146362305,-17.35171127319336,7.495278358459473,0.0,245.8704965284588,23040.0
-9.82528305053711,-17.39121437072754,7.5659260749816895,0.0,138.50250518067043,23040.0
-9.875226974487305,-17.370038986206055,7.494813442230225,0.0,150.43245833667132,23040.0
-9.80047607421875,-17.261394500732422,7.460921764373779,0.0,149.70923906839116,23040.0
-9.319707870483398,-16.978790283203125,7.65908145904541,0.0,176.42509649692062,23040.0
-9.796606063842773,-17.389902114868164,7.593301773071289,0.0,124.33853353952172,23040.0
-9.772875785827637,-17.334056854248047,7.561179161071777,0.0,148.1156723466935,23040.0
-10.049714088439941,-17.65492057800293,7.605202674865723,0.0,116.12869477633741,23040.0
-9.84430980682373,-17.56519889831543,7.720887660980225,0.0,134.1661018261315,23040.0
-8.705327987670898,-16.81145477294922,8.106125831604004,0.0,213.14144530350578,23040.0
-9.60225772857666,-17.318647384643555,7.71638298034668,0.0,111.75633169373857,23040.0
-9.542154312133789,-17.17108917236328,7.628933429718018,0.0,193.23937903418974,23040.0
-10.030309677124023,-17.538970947265625,7.508665084838867,0.0,150.44992518521607,23040.0
-9.457886695861816,-17.18666648864746,7.728780269622803,0.0,163.3413515320652,23040.0
-9.650782585144043,-17.307374954223633,7.656593322753906,0.0,97.18307322201497,23040.0
-9.382511138916016,-16.919931411743164,7.5374274253845215,0.0,194.1996891384345,23040.0
-9.764483451843262,-17.33096694946289,7.5664801597595215,0.0,151.01214949707983,23040.0
-9.218059539794922,-16.897592544555664,7.679527282714844,0.0,239.68369948714414,23040.0
-9.460379600524902,-17.205820083618164,7.745441913604736,0.0,213.11926956526148,23040.0
-8.766857147216797,-16.654239654541016,7.887379169464111,0.0,249.88895983802556,23040.0
-9.016825675964355,-16.705791473388672,7.688967704772949,0.0,265.4675455018433,23040.0
-9.684077262878418,-17.278989791870117,7.5949177742004395,0.0,202.6265187255561,23040.0
-10.004405975341797,-17.642803192138672,7.638397216796875,0.0,118.40813206220797,23040.0
-9.667357444763184,-17.309083938598633,7.641730308532715,0.0,202.04001917753814,23040.0
-10.039443969726562,-17.548158645629883,7.508715629577637,0.0,122.52684389684677,23040.0
-9.883645057678223,-17.49838638305664,7.614748001098633,0.0,158.34416257544362,23040.0
-9.845656394958496,-17.396814346313477,7.551150321960449,0.0,189.77689399223635,23040.0
-10.257144927978516,-17.7467041015625,7.489552021026611,0.0,102.08865373040469,23040.0
-9.804161071777344,-17.432130813598633,7.627974510192871,0.0,190.40615343199784,23040.0
-10.191648483276367,-17.76205825805664,7.57041072845459,0.0,106.42220988990034,23040.0
-10.005417823791504,-17.55227279663086,7.5468525886535645,0.0,153.24180125466557,23040.0
-10.073989868164062,-17.58840560913086,7.514414310455322,0.0,147.49688804084113,23040.0
-10.180864334106445,-17.81650161743164,7.6356377601623535,0.0,112.6240350976316,23040.0
-10.204391479492188,-17.845537185668945,7.641140937805176,0.0,161.38780944094245,23040.0
-10.094308853149414,-17.71297264099121,7.618660926818848,0.0,148.98649235391318,23040.0
-10.14273452758789,-17.80463409423828,7.661899089813232,0.0,133.56553331500075,23040.0
-9.92645263671875,-17.573427200317383,7.64697265625,0.0,215.63411596995692,23040.0
-9.723102569580078,-17.512496948242188,7.789396286010742,0.0,162.4783540238819,23040.0
-9.775514602661133,-17.49241065979004,7.716893672943115,0.0,217.45290062567602,23040.0
-10.027837753295898,-17.618106842041016,7.59026575088501,0.0,187.14712165736228,23040.0
-9.022480964660645,-16.76502227783203,7.7425408363342285,0.0,283.42074973836196,23040.0
-9.249476432800293,-17.11582374572754,7.86634635925293,0.0,232.53322118306988,23040.0
-8.97683334350586,-16.99989891052246,8.02307415008545,0.0,212.11046379747907,23040.0
-9.481942176818848,-17.084075927734375,7.602133750915527,0.0,259.373470211962,23040.0
-9.646241188049316,-17.223438262939453,7.577197074890137,0.0,233.4054858489602,23040.0
-9.85149097442627,-17.50867462158203,7.657181262969971,0.0,154.70046797872516,23040.0
-9.106176376342773,-16.87273406982422,7.7665581703186035,0.0,274.7576038569552,23040.0
-8.842126846313477,-16.932188034057617,8.09005355834961,0.0,200.40159483872156,23040.0
-8.694862365722656,-16.44369888305664,7.748838901519775,0.0,292.0188229278506,23040.0
-9.114433288574219,-16.937450408935547,7.8230156898498535,0.0,260.99001701036224,23040.0
-8.436005592346191,-16.158876419067383,7.722866535186768,0.0,354.36067239523453,23040.0
-8.785504341125488,-16.526500701904297,7.740999221801758,0.0,314.7635187447796,23040.0
-7.303595066070557,-15.445488929748535,8.14189338684082,0.0,334.86506519667466,23040.0
-7.897225379943848,-15.502538681030273,7.605312824249268,0.0,402.5706848389646,23040.0
-8.766656875610352,-16.341564178466797,7.574909210205078,0.0,294.66022817291497,23040.0
-9.294498443603516,-16.73419189453125,7.439692497253418,0.0,261.1905817338422,23040.0
-8.185562133789062,-15.867745399475098,7.682178974151611,0.0,321.62842376719067,23040.0
-9.020118713378906,-16.75783348083496,7.737717151641846,0.0,158.71712224965114,23040.0
-8.745380401611328,-16.291088104248047,7.54571008682251,0.0,314.0632486098544,23040.0
-8.283622741699219,-16.173749923706055,7.8901238441467285,0.0,214.3455152029455,23040.0
-7.620323181152344,-15.225997924804688,7.605677604675293,0.0,405.5068847717632,23040.0
-9.48779296875,-17.07724380493164,7.589451789855957,0.0,217.1825131832091,23040.0
-7.331250190734863,-15.133520126342773,7.802268028259277,0.0,374.6011405677384,23040.0
-8.938569068908691,-16.58640480041504,7.647834777832031,0.0,256.35429174088915,23040.0
-6.438722610473633,-14.36162281036377,7.922901153564453,0.0,421.2412385403354,23040.0
-8.490035057067871,-16.071319580078125,7.581286430358887,0.0,292.54626881919756,23040.0
-8.136639595031738,-15.71098804473877,7.5743489265441895,0.0,300.30415028707176,23040.0
-8.752485275268555,-16.254621505737305,7.502142429351807,0.0,265.52591562480677,23040.0
-8.236461639404297,-15.854120254516602,7.617660045623779,0.0,309.2762070976456,23040.0
-9.13560962677002,-16.54473304748535,7.409119129180908,0.0,251.9797491922907,23040.0
-9.408998489379883,-16.92587661743164,7.516881465911865,0.0,181.54917033018413,23040.0
-9.075102806091309,-16.702539443969727,7.627437114715576,0.0,242.72982064540813,23040.0
-9.36565113067627,-17.03133201599121,7.665679454803467,0.0,167.50652877652232,23040.0
-9.145788192749023,-16.678224563598633,7.532440185546875,0.0,249.86680059819605,23040.0
-8.458828926086426,-16.268482208251953,7.8096537590026855,0.0,213.16607889686986,23040.0
-9.03257942199707,-16.497039794921875,7.464468955993652,0.0,269.6960595919457,23040.0
-8.475785255432129,-16.260120391845703,7.784336566925049,0.0,276.95179785395266,23040.0
-9.12612533569336,-16.68071746826172,7.55459451675415,0.0,250.48676500686656,23040.0
-7.571987628936768,-15.47623062133789,7.904245376586914,0.0,311.6562201073935,23040.0
-9.684459686279297,-17.24217987060547,7.5577168464660645,0.0,180.04656932356315,23040.0
-7.24840784072876,-15.12780475616455,7.879400730133057,0.0,360.1621047050936,23040.0
-9.723352432250977,-17.233203887939453,7.509853839874268,0.0,178.53156765865037,23040.0
-8.167282104492188,-15.881941795349121,7.714657306671143,0.0,275.84467001439765,23040.0
-9.31084156036377,-16.882343292236328,7.57149600982666,0.0,211.416142120333,23040.0
-7.879852771759033,-15.829278945922852,7.949430465698242,0.0,270.36775254672096,23040.0
-9.18449878692627,-16.754661560058594,7.570163249969482,0.0,243.23437867086506,23040.0
-8.485352516174316,-16.26041603088379,7.775068283081055,0.0,214.92471992935606,23040.0
-9.06454849243164,-16.78327751159668,7.718734264373779,0.0,231.45760116034762,23040.0
-9.49943733215332,-17.142677307128906,7.643241882324219,0.0,175.6198213050961,23040.0
-9.427350997924805,-17.047849655151367,7.620498180389404,0.0,227.6081990317051,23040.0
-8.784197807312012,-16.667776107788086,7.883578300476074,0.0,189.7417149351731,23040.0
-9.206067085266113,-16.718639373779297,7.512571334838867,0.0,244.71157120644816,23040.0
-8.472830772399902,-16.40268325805664,7.929851531982422,0.0,234.40561843475072,23040.0
-8.374610900878906,-16.15707778930664,7.782470703125,0.0,270.31135624934,23040.0
-9.197772026062012,-16.767820358276367,7.5700507164001465,0.0,209.67493274579692,23040.0
-7.714402198791504,-15.567481994628906,7.853079795837402,0.0,299.1142999489807,23040.0
-9.734604835510254,-17.28656578063965,7.5519633293151855,0.0,136.8219426078505,23040.0
-7.18262243270874,-15.09662914276123,7.914005756378174,0.0,371.25168947903325,23040.0
-9.816576957702637,-17.45096206665039,7.634381294250488,0.0,103.92442667257227,23040.0
-8.381231307983398,-16.007753372192383,7.626518249511719,0.0,288.09593925560756,23040.0
-9.184805870056152,-16.952009201049805,7.767202377319336,0.0,180.09243404779068,23040.0
-9.370584487915039,-16.944503784179688,7.573921203613281,0.0,194.84304872404041,23040.0
-9.253050804138184,-16.782779693603516,7.529730319976807,0.0,211.94226974156516,23040.0
-9.689712524414062,-17.34555435180664,7.655845642089844,0.0,120.49032880744743,23040.0
-9.274056434631348,-16.89055633544922,7.616494178771973,0.0,194.8820092441328,23040.0
-10.052724838256836,-17.55124855041504,7.498524188995361,0.0,101.74461859134867,23040.0
-9.59182071685791,-17.197282791137695,7.605461120605469,0.0,178.30532150393543,23040.0
-10.156423568725586,-17.63703155517578,7.480607032775879,0.0,102.5569415490404,23040.0
-9.834843635559082,-17.37125587463379,7.536410808563232,0.0,147.21138059742768,23040.0
-10.103717803955078,-17.612598419189453,7.5088791847229,0.0,100.86994065118444,23040.0
-9.81359577178955,-17.48270034790039,7.6691060066223145,0.0,127.43187519643855,23040.0
-9.769020080566406,-17.424816131591797,7.655800819396973,0.0,136.1069870355936,23040.0
-10.16777515411377,-17.737985610961914,7.570208549499512,0.0,95.39730381345204,23040.0
-9.707764625549316,-17.423521041870117,7.715757846832275,0.0,149.7564635550823,23040.0
-10.175592422485352,-17.758323669433594,7.5827317237854,0.0,76.13723991133743,23040.0
-10.094990730285645,-17.73513412475586,7.640135288238525,0.0,132.6245079730143,23040.0
-10.252934455871582,-17.863279342651367,7.610339164733887,0.0,93.82949277027748,23040.0
-10.217931747436523,-17.853437423706055,7.63550329208374,0.0,92.31477642628678,23040.0
-10.264947891235352,-17.840940475463867,7.575990200042725,0.0,84.90343567330603,23040.0
-10.18855094909668,-17.859851837158203,7.671299934387207,0.0,78.05030813863661,23040.0
-10.216368675231934,-17.88273048400879,7.666365623474121,0.0,116.40488642374375,23040.0
-10.471317291259766,-18.012218475341797,7.540905952453613,0.0,71.29026018512306,23040.0
-10.147516250610352,-17.805694580078125,7.658169746398926,0.0,120.5480159843458,23040.0
-10.31322193145752,-18.0042667388916,7.691041469573975,0.0,61.34611241379248,23040.0
-10.179071426391602,-17.800912857055664,7.621835708618164,0.0,118.84373195445184,23040.0
-10.300487518310547,-17.971263885498047,7.6707763671875,0.0,74.90824778921153,23040.0
-10.365574836730957,-18.027177810668945,7.661600589752197,0.0,101.11512272555942,23040.0
-10.214739799499512,-17.9359130859375,7.721173286437988,0.0,93.12131072674664,23040.0
-10.408560752868652,-18.094959259033203,7.686397075653076,0.0,82.00239207854804,23040.0
-10.16577434539795,-17.860116958618164,7.694340229034424,0.0,118.59231700045522,23040.0
-10.414040565490723,-18.108434677124023,7.694398880004883,0.0,71.5349887971781,23040.0
-10.420723915100098,-18.034482955932617,7.6137614250183105,0.0,107.61740045154933,23040.0
-10.488167762756348,-18.1469669342041,7.658803939819336,0.0,87.26635863529887,23040.0
-10.377577781677246,-18.069381713867188,7.691798686981201,0.0,95.84258989811465,23040.0
-10.36190414428711,-18.045804977416992,7.683900833129883,0.0,112.50320904147608,23040.0
-10.415204048156738,-18.107236862182617,7.6920294761657715,0.0,91.00012816301705,23040.0
-10.09874153137207,-17.85972023010254,7.760978698730469,0.0,144.08962378896584,23040.0
-10.570123672485352,-18.15764045715332,7.587509632110596,0.0,58.6523528960338,23040.0
-10.128507614135742,-17.81937026977539,7.690861225128174,0.0,154.15521652557308,23040.0
-10.416651725769043,-18.068531036376953,7.651878356933594,0.0,77.17101353580348,23040.0
-10.208609580993652,-17.937091827392578,7.728482246398926,0.0,136.8239532527472,23040.0
-10.246932983398438,-17.93949317932129,7.692563056945801,0.0,137.322692640227,23040.0
-10.445634841918945,-18.07895851135254,7.633328437805176,0.0,95.43391235045323,23040.0
-9.751550674438477,-17.599668502807617,7.848117351531982,0.0,195.6062984391208,23040.0
-10.433276176452637,-18.155012130737305,7.721733093261719,0.0,77.8855710049865,23040.0
-9.967123031616211,-17.75876235961914,7.791642189025879,0.0,175.9784888768032,23040.0
-10.103683471679688,-18.051389694213867,7.947701454162598,0.0,139.43687363822124,23040.0
-10.440082550048828,-18.084590911865234,7.64450740814209,0.0,124.31598923374578,23040.0
-10.029178619384766,-17.749412536621094,7.720234394073486,0.0,168.8610577030411,23040.0
-10.461945533752441,-18.11033821105957,7.648398399353027,0.0,74.01803064486107,23040.0
-10.106253623962402,-17.840721130371094,7.734461784362793,0.0,157.90599263094248,23040.0
-10.538958549499512,-18.20054054260254,7.661582946777344,0.0,66.7882724710994,23040.0
-10.224370956420898,-17.82135581970215,7.596985340118408,0.0,136.13144205361274,23040.0
-10.255380630493164,-17.93143653869629,7.6760573387146,0.0,112.09539928571276,23040.0
-10.563257217407227,-18.227996826171875,7.664740085601807,0.0,83.84263840437451,23040.0
-10.32589340209961,-18.08415985107422,7.758265018463135,0.0,109.0983874811497,23040.0
-10.488988876342773,-18.139543533325195,7.650558948516846,0.0,53.88558938265524,23040.0
-10.473742485046387,-18.25827407836914,7.784528732299805,0.0,87.5073664431481,23040.0
-10.512414932250977,-18.21044158935547,7.698025226593018,0.0,49.50076516423379,23040.0
-10.334308624267578,-18.068239212036133,7.733938217163086,0.0,89.06499058441453,23040.0
-10.543293952941895,-18.175966262817383,7.63267707824707,0.0,58.13517302253407,23040.0
-10.387107849121094,-18.09258270263672,7.705475330352783,0.0,94.49259243743379,23040.0
-10.568620681762695,-18.272098541259766,7.703476905822754,0.0,58.78300858010301,23040.0
-10.580180168151855,-18.303712844848633,7.723531723022461,0.0,66.53570739166788,23040.0
-10.591304779052734,-18.258943557739258,7.667643070220947,0.0,67.65192612142907,23040.0
-10.463595390319824,-18.17519760131836,7.711605548858643,0.0,55.18467760636096,23040.0
-10.651268005371094,-18.313169479370117,7.661899089813232,0.0,56.014355695832144,23040.0
-10.608683586120605,-18.241613388061523,7.6329345703125,0.0,52.01927900466127,23040.0
-10.67678451538086,-18.35179328918457,7.6750102043151855,0.0,58.332486842704576,23040.0
-10.629249572753906,-18.290422439575195,7.661174297332764,0.0,59.07188360187534,23040.0
-10.62836742401123,-18.286727905273438,7.658358573913574,0.0,50.650535554815534,23040.0
-10.527887344360352,-18.316814422607422,7.788928031921387,0.0,56.78446107256436,23040.0
-10.642827987670898,-18.35811424255371,7.7152838706970215,0.0,51.443562006728804,23040.0
-10.645279884338379,-18.294767379760742,7.649481773376465,0.0,60.23300781200257,23040.0
-10.745169639587402,-18.412002563476562,7.666831970214844,0.0,41.66063996775901,23040.0
-10.548086166381836,-18.18670082092285,7.638620376586914,0.0,61.2306464575939,23040.0
-10.561666488647461,-18.313112258911133,7.751445770263672,0.0,46.73613392654474,23040.0
-10.571905136108398,-18.286569595336914,7.714663505554199,0.0,80.75812807426392,23040.0
-10.59973430633545,-18.32555389404297,7.725823402404785,0.0,74.349439629015,23040.0
-10.565998077392578,-18.305910110473633,7.739913463592529,0.0,86.11077968961155,23040.0
-10.509973526000977,-18.33206558227539,7.822092533111572,0.0,79.10690484339659,23040.0
-10.676238059997559,-18.360280990600586,7.684041976928711,0.0,94.49246901423918,23040.0
-10.53555679321289,-18.25071144104004,7.715153217315674,0.0,97.26929345377697,23040.0
-10.565592765808105,-18.21908950805664,7.65349817276001,0.0,84.21388290500133,23040.0
-10.661136627197266,-18.278045654296875,7.616903305053711,0.0,95.5957055657295,23040.0
-10.593375205993652,-18.329505920410156,7.736129283905029,0.0,75.00395944254495,23040.0
-10.43269157409668,-18.159727096557617,7.727039813995361,0.0,106.69546355444417,23040.0
-10.725127220153809,-18.32782554626465,7.602696895599365,0.0,54.80390346185347,23040.0
-10.618016242980957,-18.31228256225586,7.694262504577637,0.0,81.44705213945325,23040.0
-10.655847549438477,-18.303768157958984,7.647915840148926,0.0,77.19395113181605,23040.0
-10.570381164550781,-18.29470443725586,7.7243218421936035,0.0,86.14305795081128,23040.0
-10.792004585266113,-18.41234588623047,7.620338439941406,0.0,61.475767434192306,23040.0
-10.64313793182373,-18.373981475830078,7.73084020614624,0.0,58.07901231020715,23040.0
-10.707714080810547,-18.372879028320312,7.665164470672607,0.0,49.99493901861659,23040.0
-10.590072631835938,-18.387470245361328,7.797395706176758,0.0,50.759297003677844,23040.0
-10.55720043182373,-18.256200790405273,7.699004650115967,0.0,59.70893717331155,23040.0
-10.633277893066406,-18.3077392578125,7.674463748931885,0.0,72.45324338982229,23040.0
-10.723591804504395,-18.408721923828125,7.6851277351379395,0.0,45.22406616279023,23040.0
-10.648407936096191,-18.291582107543945,7.643171310424805,0.0,71.15463870651188,23040.0
-10.746594429016113,-18.405887603759766,7.659293174743652,0.0,61.25517622474256,23040.0
-10.547974586486816,-18.32125473022461,7.773280143737793,0.0,102.75450280940332,23040.0
-10.733654975891113,-18.3928279876709,7.65917444229126,0.0,77.86964509367854,23040.0
-10.529953002929688,-18.22206687927246,7.69211483001709,0.0,102.65919163551632,23040.0
-10.681946754455566,-18.34847640991211,7.666525840759277,0.0,73.72412693889207,23040.0
-10.718996047973633,-18.368019104003906,7.649025917053223,0.0,110.88419523912631,23040.0
-10.682287216186523,-18.393680572509766,7.711390972137451,0.0,60.71275964064562,23040.0
-10.66719913482666,-18.3383846282959,7.671180725097656,0.0,103.3609996823239,23040.0
-10.600051879882812,-18.323314666748047,7.723265171051025,0.0,56.170752394624046,23040.0
-10.341175079345703,-18.104055404663086,7.762882709503174,0.0,121.10333642550178,23040.0
-10.69260025024414,-18.37472152709961,7.682126045227051,0.0,82.8888958140501,23040.0
-10.568856239318848,-18.30051040649414,7.731659412384033,0.0,105.55007125970177,23040.0
-10.6812162399292,-18.392065048217773,7.710850715637207,0.0,52.67923549315554,23040.0
-10.616266250610352,-18.345352172851562,7.729085445404053,0.0,112.69729500937585,23040.0
-10.448779106140137,-18.176923751831055,7.728139877319336,0.0,110.2114837001283,23040.0
-10.419462203979492,-18.17284393310547,7.753383159637451,0.0,141.2507529881664,23040.0
-10.55992603302002,-18.306684494018555,7.746756553649902,0.0,100.34131061019553,23040.0
-10.568877220153809,-18.279359817504883,7.710484504699707,0.0,113.38161846619612,23040.0
-10.671981811523438,-18.376691818237305,7.704708576202393,0.0,107.24340695622239,23040.0
-10.451866149902344,-18.114208221435547,7.6623406410217285,0.0,151.511778339868,23040.0
-10.49406623840332,-18.236379623413086,7.74231481552124,0.0,110.90693886503318,23040.0
-10.406779289245605,-18.135650634765625,7.72886848449707,0.0,116.84598919471038,23040.0
-10.581840515136719,-18.298017501831055,7.716177940368652,0.0,57.40590918909334,23040.0
-10.47575855255127,-18.11878776550293,7.643026351928711,0.0,122.31308777876586,23040.0
-10.50119686126709,-18.26709747314453,7.765899658203125,0.0,81.02647911262396,23040.0
-10.513994216918945,-18.215438842773438,7.701450824737549,0.0,115.02570907536112,23040.0
-10.543767929077148,-18.345842361450195,7.802065849304199,0.0,73.66562321776723,23040.0
-10.601347923278809,-18.356767654418945,7.755419731140137,0.0,96.1010353384629,23040.0
-10.603595733642578,-18.351280212402344,7.747683525085449,0.0,65.70651316115273,23040.0
-10.473732948303223,-18.242176055908203,7.768441200256348,0.0,76.50749047363664,23040.0
-10.71134090423584,-18.38311004638672,7.671772480010986,0.0,57.30670164586631,23040.0
-10.68002700805664,-18.37172508239746,7.6917033195495605,0.0,73.52043118410771,23040.0
-10.663357734680176,-18.35531234741211,7.691957473754883,0.0,82.37103817814494,23040.0
-10.699127197265625,-18.38705825805664,7.687933921813965,0.0,68.2873096485664,23040.0
-10.597987174987793,-18.24761199951172,7.649624824523926,0.0,67.99831762915488,23040.0
-10.751242637634277,-18.390289306640625,7.639048099517822,0.0,77.86528767853589,23040.0
-10.517448425292969,-18.20642852783203,7.688982963562012,0.0,90.01280757385153,23040.0
-10.57286548614502,-18.31519317626953,7.742330074310303,0.0,73.51570230925648,23040.0
-10.668367385864258,-18.372983932495117,7.70461368560791,0.0,89.2877227306752,23040.0
-10.606919288635254,-18.329395294189453,7.72247314453125,0.0,72.29551758329627,23040.0
-10.671964645385742,-18.33242416381836,7.660455226898193,0.0,99.33915462009342,23040.0
-10.528094291687012,-18.25597381591797,7.727871894836426,0.0,57.38390785084487,23040.0
-10.687334060668945,-18.403982162475586,7.716649055480957,0.0,68.15503941058527,23040.0
-10.680416107177734,-18.40891456604004,7.728506088256836,0.0,47.42513010710237,23040.0
-10.782958984375,-18.470783233642578,7.687823295593262,0.0,65.88251562806661,23040.0
-10.687397956848145,-18.41324806213379,7.7258477210998535,0.0,55.727677537374426,23040.0
-10.811904907226562,-18.457149505615234,7.6452412605285645,0.0,62.63131643238772,23040.0
-10.561813354492188,-18.30352020263672,7.741705894470215,0.0,68.82290105512281,23040.0
-10.639657974243164,-18.44884490966797,7.809188365936279,0.0,59.022849402779556,23040.0
-10.723336219787598,-18.44417381286621,7.720839500427246,0.0,82.56028178563011,23040.0
-10.612409591674805,-18.372907638549805,7.760495185852051,0.0,98.16473958987193,23040.0
-10.663799285888672,-18.396228790283203,7.732428073883057,0.0,81.72540732861154,23040.0
-10.455812454223633,-18.158323287963867,7.702514171600342,0.0,116.3445155920059,23040.0
-10.651494979858398,-18.38753318786621,7.73603630065918,0.0,67.61030514336211,23040.0
-10.542864799499512,-18.26224708557129,7.719379901885986,0.0,114.63397264307632,23040.0
-10.735183715820312,-18.397289276123047,7.662109375,0.0,50.97191327311769,23040.0
-10.45805835723877,-18.180316925048828,7.722259044647217,0.0,114.83417081002861,23040.0
-10.742501258850098,-18.397178649902344,7.654682159423828,0.0,62.16621984977395,23040.0
-10.500411033630371,-18.272615432739258,7.7722039222717285,0.0,109.66963529048402,23040.0
-10.633405685424805,-18.365419387817383,7.732010364532471,0.0,61.00198385086638,23040.0
-10.476690292358398,-18.18382453918457,7.707134246826172,0.0,114.18697607265435,23040.0
-10.708280563354492,-18.396320343017578,7.688038349151611,0.0,64.85566754926064,23040.0
-10.443038940429688,-18.199750900268555,7.7567138671875,0.0,110.2509746527545,23040.0
-10.789895057678223,-18.404359817504883,7.614471435546875,0.0,62.6971928765736,23040.0
-10.340259552001953,-18.14138412475586,7.801118850708008,0.0,131.38813491915806,23040.0
-10.587519645690918,-18.356050491333008,7.768530368804932,0.0,62.70895442235264,23040.0
-10.208203315734863,-18.04052734375,7.832329750061035,0.0,147.564739647407,23040.0
-10.577713012695312,-18.296945571899414,7.719227313995361,0.0,82.91467879273057,23040.0
-10.315863609313965,-18.024700164794922,7.708836555480957,0.0,167.19149880572033,23040.0
-10.736526489257812,-18.421066284179688,7.684535026550293,0.0,68.63846056914495,23040.0
-10.576988220214844,-18.28155517578125,7.704564094543457,0.0,121.14066694969344,23040.0
-10.57763385772705,-18.259967803955078,7.682331562042236,0.0,77.06595207270873,23040.0
-10.697897911071777,-18.383338928222656,7.68543815612793,0.0,95.56355837807963,23040.0
-10.730993270874023,-18.32602310180664,7.595033168792725,0.0,94.49812301411406,23040.0
-10.634224891662598,-18.351037979125977,7.7168049812316895,0.0,82.69180846438542,23040.0
-10.662124633789062,-18.442089080810547,7.779967784881592,0.0,83.62055065001776,23040.0
-10.631060600280762,-18.394453048706055,7.763397693634033,0.0,67.07402772114911,23040.0
-10.53947925567627,-18.286741256713867,7.747262001037598,0.0,108.6382134164609,23040.0
-10.610084533691406,-18.349193572998047,7.739110469818115,0.0,103.63812012503165,23040.0
-10.60560417175293,-18.30034637451172,7.694745063781738,0.0,126.8771484117304,23040.0
-10.511457443237305,-18.272979736328125,7.761524200439453,0.0,100.72516681019806,23040.0
-10.660628318786621,-18.282899856567383,7.622273921966553,0.0,100.94531664693903,23040.0
-10.563915252685547,-18.234668731689453,7.670753479003906,0.0,126.1521635236407,23040.0
-10.62327766418457,-18.318620681762695,7.695341110229492,0.0,81.0654946643985,23040.0
-10.571723937988281,-18.25273323059082,7.681009292602539,0.0,96.26776507115903,23040.0
-10.631181716918945,-18.38712501525879,7.755947589874268,0.0,70.75851675697803,23040.0
-10.782695770263672,-18.3950252532959,7.612327575683594,0.0,65.64609807229395,23040.0
-10.646584510803223,-18.394023895263672,7.747437953948975,0.0,72.58173121606376,23040.0
-10.570634841918945,-18.33262062072754,7.7619805335998535,0.0,70.2733520835871,23040.0
-10.641013145446777,-18.356990814208984,7.71597957611084,0.0,88.91469254250356,23040.0
-10.686849594116211,-18.47885513305664,7.792006492614746,0.0,49.208494770119394,23040.0
-10.602226257324219,-18.35134506225586,7.749123573303223,0.0,103.9998916373135,23040.0
-10.624845504760742,-18.367876052856445,7.74303674697876,0.0,58.09090807646098,23040.0
-10.587321281433105,-18.302736282348633,7.715420246124268,0.0,122.299898053352,23040.0
-10.733993530273438,-18.449947357177734,7.715954780578613,0.0,54.36437239801065,23040.0
-10.56509017944336,-18.253259658813477,7.688169956207275,0.0,124.85390639961672,23040.0
-10.765063285827637,-18.443401336669922,7.678335189819336,0.0,77.1305926283355,23040.0
-10.61379623413086,-18.323192596435547,7.70939826965332,0.0,107.449935741192,23040.0
-10.761735916137695,-18.417024612426758,7.65528678894043,0.0,52.06364083300377,23040.0
-10.68202018737793,-18.3698787689209,7.687856197357178,0.0,94.32472634148179,23040.0
-10.6444091796875,-18.343475341796875,7.699066638946533,0.0,90.15477638367734,23040.0
-10.654484748840332,-18.30994415283203,7.655459403991699,0.0,119.49492687806834,23040.0
-10.693138122558594,-18.394567489624023,7.701431751251221,0.0,77.07527782342918,23040.0
-10.695897102355957,-18.41727638244629,7.721381187438965,0.0,97.60681734146728,23040.0
-10.512557983398438,-18.27815055847168,7.765591144561768,0.0,84.6083494884691,23040.0
-10.668643951416016,-18.31057357788086,7.641931056976318,0.0,120.35228790129568,23040.0
-10.585204124450684,-18.302839279174805,7.717633247375488,0.0,79.99783341433627,23040.0
-10.57148265838623,-18.260955810546875,7.689471244812012,0.0,125.9017360572252,23040.0
-10.613399505615234,-18.317907333374023,7.704506874084473,0.0,82.16796191282093,23040.0
-10.476714134216309,-18.20987319946289,7.733154296875,0.0,109.92266265542162,23040.0
-10.715916633605957,-18.40311050415039,7.687191963195801,0.0,76.92437061594607,23040.0
-10.66797161102295,-18.410188674926758,7.7422194480896,0.0,95.39723550321497,23040.0
-10.545072555541992,-18.230371475219727,7.685295104980469,0.0,111.23964646800648,23040.0
-10.829415321350098,-18.452394485473633,7.62298059463501,0.0,78.51669523599841,23040.0
-10.691061973571777,-18.35770606994629,7.6666436195373535,0.0,120.54224885260989,23040.0
-10.776813507080078,-18.397472381591797,7.6206583976745605,0.0,93.09993796657842,23040.0
-10.72999095916748,-18.425506591796875,7.695523262023926,0.0,79.7672062875645,23040.0
-10.531868934631348,-18.29697036743164,7.765097618103027,0.0,101.50933887615062,23040.0
-10.6107759475708,-18.341175079345703,7.730395317077637,0.0,83.40277001093109,23040.0
-10.61351490020752,-18.373069763183594,7.759552478790283,0.0,85.08444553646929,23040.0
-10.606734275817871,-18.383024215698242,7.7762885093688965,0.0,93.23707229556092,23040.0
-10.549200057983398,-18.257701873779297,7.708505630493164,0.0,121.11893175627709,23040.0
-10.633749008178711,-18.314266204833984,7.680520057678223,0.0,109.01322079974133,23040.0
-10.536405563354492,-18.243688583374023,7.707286357879639,0.0,139.69062918196911,23040.0
-10.630504608154297,-18.30759048461914,7.677088737487793,0.0,72.26001454077851,23040.0
-10.57188892364502,-18.262014389038086,7.690122604370117,0.0,142.68689657266395,23040.0
-10.746585845947266,-18.496706008911133,7.750122547149658,0.0,66.61924496445509,23040.0
-10.45445728302002,-18.262666702270508,7.808211326599121,0.0,143.02320112964918,23040.0
-10.628947257995605,-18.352882385253906,7.723935127258301,0.0,70.47979682388291,23040.0
-10.411195755004883,-18.200679779052734,7.789483070373535,0.0,128.0164635465781,23040.0
-10.720149993896484,-18.422548294067383,7.7024006843566895,0.0,76.83783745857009,23040.0
-10.55772590637207,-18.32903289794922,7.771309852600098,0.0,114.97673624157214,23040.0
-10.791472434997559,-18.544050216674805,7.7525811195373535,0.0,62.93326998979386,23040.0
-10.70944595336914,-18.441333770751953,7.731895446777344,0.0,85.10807476754765,23040.0
-10.773430824279785,-18.444244384765625,7.670811653137207,0.0,64.90803048032855,23040.0
-10.710610389709473,-18.39481544494629,7.684201240539551,0.0,84.47052897372353,23040.0
-10.537833213806152,-18.285385131835938,7.747555255889893,0.0,83.96163547934904,23040.0
-10.74445915222168,-18.39324188232422,7.648784160614014,0.0,83.85604489721587,23040.0
-10.684874534606934,-18.42829132080078,7.743419170379639,0.0,73.60421497150135,23040.0
-10.549665451049805,-18.314729690551758,7.765064239501953,0.0,70.12172414786686,23040.0
-10.703328132629395,-18.371973037719727,7.668643474578857,0.0,68.90810713065663,23040.0
-10.866476058959961,-18.52419662475586,7.657721042633057,0.0,54.061487888742064,23040.0
-10.746655464172363,-18.449695587158203,7.703042030334473,0.0,87.31636522931879,23040.0
-10.607681274414062,-18.380062103271484,7.772385120391846,0.0,103.48365947512302,23040.0
-10.701563835144043,-18.42261505126953,7.721053123474121,0.0,110.99025169470104,23040.0
-10.658514022827148,-18.33895492553711,7.680438995361328,0.0,114.78548554350634,23040.0
-10.35898494720459,-18.2219295501709,7.862948417663574,0.0,134.8473910051745,23040.0
-10.537812232971191,-18.274824142456055,7.737005710601807,0.0,111.47654441734389,23040.0
-10.515257835388184,-18.304279327392578,7.789020538330078,0.0,113.20308518994283,23040.0
-10.668648719787598,-18.35142707824707,7.682775020599365,0.0,88.92332802829216,23040.0
-10.585689544677734,-18.266599655151367,7.680916786193848,0.0,108.54452522025466,23040.0
-10.801433563232422,-18.44149398803711,7.640064716339111,0.0,96.65491179675925,23040.0
-10.465415954589844,-18.177776336669922,7.712352752685547,0.0,143.18767583308164,23040.0
-10.57323169708252,-18.25657081604004,7.6833415031433105,0.0,119.66221193285423,23040.0
-10.348690032958984,-18.151155471801758,7.802464962005615,0.0,125.50256077184157,23040.0
-10.678056716918945,-18.309642791748047,7.631590366363525,0.0,113.21543657510388,23040.0
-10.517630577087402,-18.25235939025879,7.734730243682861,0.0,104.67523036659313,23040.0
-10.560999870300293,-18.26532554626465,7.704325199127197,0.0,126.27295029880442,23040.0
-10.52898120880127,-18.27015495300293,7.741177082061768,0.0,132.61654370933056,23040.0
-10.644426345825195,-18.359031677246094,7.714602470397949,0.0,133.5045674561725,23040.0
-10.573362350463867,-18.303272247314453,7.72991418838501,0.0,100.07690796610565,23040.0
-10.618162155151367,-18.354618072509766,7.73645544052124,0.0,103.68663856615615,23040.0
-10.559272766113281,-18.27895736694336,7.719685077667236,0.0,89.10998306475663,23040.0
-10.515242576599121,-18.20842742919922,7.693183898925781,0.0,128.94206345300253,23040.0
-10.409186363220215,-18.08049774169922,7.671313285827637,0.0,182.4352874989864,23040.0
-10.255974769592285,-18.01323890686035,7.757261753082275,0.0,166.36091218019286,23040.0
-10.331873893737793,-17.991960525512695,7.6600871086120605,0.0,178.59468168622655,23040.0
-10.301926612854004,-17.899255752563477,7.597331523895264,0.0,204.5136574123256,23040.0
-10.533944129943848,-18.17653465270996,7.642592430114746,0.0,143.80333335098504,23040.0
-10.634986877441406,-18.22937774658203,7.594394207000732,0.0,129.8456464655107,23040.0
-10.387510299682617,-18.15203094482422,7.764514923095703,0.0,135.9590052307568,23040.0
-10.688597679138184,-18.38442611694336,7.695827960968018,0.0,120.29884915583794,23040.0
-10.245194435119629,-18.052154541015625,7.806964874267578,0.0,173.8165630291669,23040.0
-10.425505638122559,-18.242565155029297,7.817062854766846,0.0,107.33822256876653,23040.0
-10.400434494018555,-18.088842391967773,7.6884074211120605,0.0,139.82529905048284,23040.0
-10.668717384338379,-18.402631759643555,7.73391056060791,0.0,57.00464704698416,23040.0
-10.441797256469727,-18.22011947631836,7.778318881988525,0.0,119.7204938372623,23040.0
-10.100069999694824,-17.975555419921875,7.87548303604126,0.0,126.97417205319334,23040.0
-10.569812774658203,-18.23692512512207,7.667112350463867,0.0,85.84529722805479,23040.0
-10.518291473388672,-18.183177947998047,7.664886474609375,0.0,95.61084226957605,23040.0
-10.44588565826416,-18.206796646118164,7.760915279388428,0.0,106.61926745382881,23040.0
-10.4918794631958,-18.236696243286133,7.744818687438965,0.0,117.70908345423202,23040.0
-10.42870044708252,-18.124727249145508,7.6960272789001465,0.0,132.051034530244,23040.0
-10.488365173339844,-18.18448829650879,7.6961283683776855,0.0,120.43557999621906,23040.0
-10.015853881835938,-17.881574630737305,7.865712642669678,0.0,176.1073920784251,23040.0
-10.445398330688477,-18.173757553100586,7.7283616065979,0.0,85.84204477313475,23040.0
-10.202860832214355,-17.8651123046875,7.662248611450195,0.0,163.6061392057018,23040.0
-10.634323120117188,-18.307945251464844,7.673623085021973,0.0,69.59361533838421,23040.0
-10.418651580810547,-18.08477020263672,7.666117191314697,0.0,146.7618654178061,23040.0
-10.580418586730957,-18.2930965423584,7.712676525115967,0.0,105.85985889740834,23040.0
-10.510538101196289,-18.238994598388672,7.728457927703857,0.0,114.66544985961966,23040.0
-10.455201148986816,-18.16546058654785,7.710261821746826,0.0,142.47754338460572,23040.0
-10.626953125,-18.31460189819336,7.687649250030518,0.0,92.24976152719414,23040.0
-10.512109756469727,-18.196805953979492,7.684695243835449,0.0,144.1739827526603,23040.0
-10.496964454650879,-18.24283790588379,7.745870590209961,0.0,64.95695286212408,23040.0
-10.565031051635742,-18.15916633605957,7.59414005279541,0.0,151.08402391749763,23040.0
-10.782678604125977,-18.379384994506836,7.596706867218018,0.0,80.36610810191635,23040.0
-10.641546249389648,-18.268531799316406,7.62699031829834,0.0,124.15381821430223,23040.0
-10.437384605407715,-18.161399841308594,7.724020957946777,0.0,88.83021442804375,23040.0
-10.735442161560059,-18.359556198120117,7.624117851257324,0.0,84.28554634650885,23040.0
-10.614028930664062,-18.33487319946289,7.7208476066589355,0.0,110.38548096996018,23040.0
-10.694183349609375,-18.4234676361084,7.729283332824707,0.0,82.2562360119139,23040.0
-10.417425155639648,-18.19120979309082,7.773784160614014,0.0,127.37623919300997,23040.0
-10.769978523254395,-18.437944412231445,7.667962074279785,0.0,82.14140384034347,23040.0
-10.718868255615234,-18.358766555786133,7.639895439147949,0.0,91.21605411384171,23040.0
-10.755058288574219,-18.482526779174805,7.727469444274902,0.0,71.92299120238512,23040.0
-10.808883666992188,-18.44829750061035,7.639410972595215,0.0,69.9906928956839,23040.0
-10.730116844177246,-18.408018112182617,7.6778998374938965,0.0,78.3071470625324,23040.0
-10.711541175842285,-18.387178421020508,7.675631999969482,0.0,88.00280747488355,23040.0
-10.57288932800293,-18.36656951904297,7.79367733001709,0.0,106.31201583790211,23040.0
-10.608087539672852,-18.34744644165039,7.739357948303223,0.0,95.99112050904291,23040.0
-10.599886894226074,-18.27747917175293,7.677597999572754,0.0,138.905774808915,23040.0
-10.752851486206055,-18.408700942993164,7.655842304229736,0.0,87.48354374151978,23040.0
-10.579444885253906,-18.26507568359375,7.685624122619629,0.0,126.7940881255404,23040.0
-10.708393096923828,-18.36668586730957,7.658291816711426,0.0,108.45625711053279,23040.0
-10.609264373779297,-18.308399200439453,7.699134826660156,0.0,101.87641967465467,23040.0
-10.755187034606934,-18.350576400756836,7.595389366149902,0.0,67.84458772017524,23040.0
-10.630414962768555,-18.35019302368164,7.719783306121826,0.0,84.56987930158807,23040.0
-10.86209487915039,-18.528961181640625,7.666867256164551,0.0,64.769666292927,23040.0
-10.661517143249512,-18.33795738220215,7.676445007324219,0.0,83.11329558592958,23040.0
-10.818123817443848,-18.503204345703125,7.685080528259277,0.0,69.56674740652876,23040.0
-10.770589828491211,-18.451833724975586,7.681247234344482,0.0,67.52065314923337,23040.0
-10.750201225280762,-18.42842674255371,7.678224563598633,0.0,76.97496046856766,23040.0
-10.759846687316895,-18.481706619262695,7.721861362457275,0.0,68.27358487110563,23040.0
-10.663249969482422,-18.386672973632812,7.723425388336182,0.0,92.48280793783258,23040.0
-10.679816246032715,-18.40696907043457,7.72714900970459,0.0,103.89171661257285,23040.0
-10.676325798034668,-18.38442039489746,7.70809268951416,0.0,130.45091783782894,23040.0
-10.592122077941895,-18.31631088256836,7.72418737411499,0.0,129.6791276608871,23040.0
-10.46646785736084,-18.196331024169922,7.72986364364624,0.0,147.0902256398039,23040.0
-10.756908416748047,-18.500839233398438,7.7439284324646,0.0,65.90600812219665,23040.0
-10.56632137298584,-18.25627899169922,7.689959526062012,0.0,132.0386987437404,23040.0
-10.805672645568848,-18.48212432861328,7.6764445304870605,0.0,77.58434955941921,23040.0
-10.66882610321045,-18.402620315551758,7.733790874481201,0.0,105.3365228802475,23040.0
-10.662530899047852,-18.403854370117188,7.7413249015808105,0.0,64.57882149131015,23040.0
-10.76841926574707,-18.360769271850586,7.592349529266357,0.0,108.11058397241038,23040.0
-10.669723510742188,-18.41886329650879,7.749141216278076,0.0,66.98478137783248,23040.0
-10.712663650512695,-18.421541213989258,7.708877086639404,0.0,83.3710155608427,23040.0
-10.704882621765137,-18.41378402709961,7.708907604217529,0.0,116.59420572450526,23040.0
-10.717453002929688,-18.50137710571289,7.783923149108887,0.0,81.94244088995771,23040.0
-10.715470314025879,-18.41092872619629,7.69545841217041,0.0,127.58529497229219,23040.0
-10.704590797424316,-18.50994300842285,7.805352687835693,0.0,89.72170176551117,23040.0
-10.616454124450684,-18.325231552124023,7.70877742767334,0.0,117.57066714063454,23040.0
-10.731230735778809,-18.418174743652344,7.686943054199219,0.0,89.14950811250715,23040.0
-10.554054260253906,-18.28235626220703,7.7283034324646,0.0,142.67797123140093,23040.0
-10.738871574401855,-18.47395896911621,7.735086441040039,0.0,89.06518338010653,23040.0
-10.568587303161621,-18.279722213745117,7.71113395690918,0.0,131.51406654039627,23040.0
-10.897682189941406,-18.498424530029297,7.6007399559021,0.0,68.44996090595542,23040.0
-10.701187133789062,-18.35022735595703,7.649036884307861,0.0,110.12203378877425,23040.0
-10.799850463867188,-18.481674194335938,7.681825160980225,0.0,68.27237642003885,23040.0
-10.701205253601074,-18.39714813232422,7.695940971374512,0.0,99.36113167809722,23040.0
-10.694352149963379,-18.465967178344727,7.771614074707031,0.0,60.49922265518431,23040.0
-10.617067337036133,-18.356168746948242,7.739104747772217,0.0,85.52333928521426,23040.0
-10.534297943115234,-18.286142349243164,7.751845359802246,0.0,97.56967978700108,23040.0
-10.85573959350586,-18.488445281982422,7.632710933685303,0.0,83.63890337919283,23040.0
-10.571136474609375,-18.278053283691406,7.7069172859191895,0.0,141.90796528911932,23040.0
-10.69652271270752,-18.40271759033203,7.7061944007873535,0.0,101.75535588818192,23040.0
-10.525373458862305,-18.23129653930664,7.70591926574707,0.0,138.77847733873642,23040.0
-10.703912734985352,-18.41058921813965,7.706674575805664,0.0,103.70710732902259,23040.0
-10.703718185424805,-18.419572830200195,7.715859413146973,0.0,119.31947716359501,23040.0
-10.592823028564453,-18.318906784057617,7.726088523864746,0.0,139.69100170850928,23040.0
-10.760558128356934,-18.41939353942871,7.658840656280518,0.0,118.83091362837412,23040.0
-10.321142196655273,-18.090282440185547,7.769143104553223,0.0,156.1128822411237,23040.0
-10.636147499084473,-18.353187561035156,7.717039108276367,0.0,102.24525638937338,23040.0
-10.247687339782715,-18.099061965942383,7.851371765136719,0.0,158.32988058763084,23040.0
-10.677714347839355,-18.382843017578125,7.705126762390137,0.0,124.27173562085186,23040.0
-10.644827842712402,-18.338146209716797,7.693315505981445,0.0,147.89908504346002,23040.0
-10.652995109558105,-18.29448699951172,7.641495227813721,0.0,120.91524278438952,23040.0
-10.704792022705078,-18.398120880126953,7.6933274269104,0.0,107.03376488104757,23040.0
-10.461342811584473,-18.182966232299805,7.721624851226807,0.0,145.65748002807064,23040.0
-10.832032203674316,-18.49972915649414,7.667694568634033,0.0,62.93045813302348,23040.0
-10.511160850524902,-18.189884185791016,7.678730487823486,0.0,162.58956612874368,23040.0
-10.665746688842773,-18.396684646606445,7.7309393882751465,0.0,96.45101225949912,23040.0
-10.457694053649902,-18.141910552978516,7.684215068817139,0.0,176.67740927362757,23040.0
-10.7140531539917,-18.440879821777344,7.726829528808594,0.0,95.12903588462267,23040.0
-10.523002624511719,-18.21405029296875,7.69104528427124,0.0,142.32618287152857,23040.0
-10.299070358276367,-18.13734245300293,7.838277339935303,0.0,166.14939384826087,23040.0
-10.573039054870605,-18.32109260559082,7.748056411743164,0.0,124.81616271258544,23040.0
-10.197208404541016,-17.977920532226562,7.780713081359863,0.0,189.4699610773388,23040.0
-10.815801620483398,-18.457395553588867,7.641594886779785,0.0,100.18382783712121,23040.0
-10.206485748291016,-17.972320556640625,7.765838623046875,0.0,204.21733954395506,23040.0
-10.544281005859375,-18.280902862548828,7.736624717712402,0.0,104.41177935034013,23040.0
-10.356061935424805,-18.098814010620117,7.742757320404053,0.0,175.40154557241894,23040.0
-10.525349617004395,-18.263519287109375,7.738163471221924,0.0,141.3121967320255,23040.0
-10.583492279052734,-18.277982711791992,7.694491863250732,0.0,133.50587742198468,23040.0
-10.551406860351562,-18.222131729125977,7.670718669891357,0.0,147.87531420036262,23040.0
-10.785780906677246,-18.42594337463379,7.640165328979492,0.0,81.11012829011067,23040.0
-10.578564643859863,-18.29166030883789,7.7131028175354,0.0,141.5542213446137,23040.0
-10.524605751037598,-18.318958282470703,7.794355392456055,0.0,137.0779419288037,23040.0
-10.544439315795898,-18.251758575439453,7.707315444946289,0.0,155.2686510490477,23040.0
-10.519227027893066,-18.26584243774414,7.746616840362549,0.0,137.65112797189244,23040.0
-10.697991371154785,-18.286762237548828,7.58877420425415,0.0,129.2937423162694,23040.0
-10.516703605651855,-18.206449508666992,7.68974494934082,0.0,152.74207134902727,23040.0
-10.374292373657227,-18.093841552734375,7.71954870223999,0.0,172.5240885341404,23040.0
-10.250261306762695,-17.95760726928711,7.707338333129883,0.0,199.85861892946076,23040.0
-9.847168922424316,-17.61931800842285,7.7721476554870605,0.0,222.96441799900356,23040.0
-10.022541046142578,-17.829286575317383,7.806747913360596,0.0,217.81921028394513,23040.0
-9.444255828857422,-17.385480880737305,7.941226005554199,0.0,239.3235466601902,23040.0
-10.105621337890625,-17.75876808166504,7.653138637542725,0.0,222.2352818687359,23040.0
-9.67573070526123,-17.381053924560547,7.705326557159424,0.0,261.46658162306494,23040.0
-9.909564018249512,-17.665494918823242,7.755928993225098,0.0,236.04953143926363,23040.0
-9.869617462158203,-17.62087059020996,7.751250743865967,0.0,242.2510299303458,23040.0
-8.382463455200195,-16.58330726623535,8.200844764709473,0.0,321.09419368018075,23040.0
-9.584121704101562,-17.339282989501953,7.755163669586182,0.0,257.36014964595176,23040.0
-8.592312812805176,-16.527395248413086,7.935080528259277,0.0,309.8508977423353,23040.0
-9.747718811035156,-17.344106674194336,7.596389293670654,0.0,247.750781291655,23040.0
-9.530013084411621,-17.12511444091797,7.595101356506348,0.0,297.18041139165666,23040.0
-9.279962539672852,-17.103864669799805,7.82390832901001,0.0,250.63662257617455,23040.0
-9.448314666748047,-17.156627655029297,7.708314895629883,0.0,269.70913100298753,23040.0
-8.259461402893066,-16.29239845275879,8.03293228149414,0.0,323.1649023183805,23040.0
-9.016589164733887,-16.67237091064453,7.655777931213379,0.0,288.35304532836733,23040.0
-8.09122085571289,-16.02219009399414,7.930967807769775,0.0,511.1819102790811,23040.0
-6.95134162902832,-14.873421669006348,7.922076225280762,0.0,456.8499089890331,23040.0
-7.631588459014893,-15.299857139587402,7.668265342712402,0.0,432.82918154712877,23040.0
-4.885980606079102,-13.290698051452637,8.404714584350586,0.0,414.2392854951017,23040.0
-7.241753578186035,-14.865540504455566,7.623785495758057,0.0,375.1891176919022,23040.0
-4.37328577041626,-12.620643615722656,8.247360229492188,0.0,506.8492868761168,23040.0
-6.05964469909668,-13.97728157043457,7.917637348175049,0.0,408.01860563159323,23040.0
-5.577511310577393,-13.355182647705078,7.777669906616211,0.0,414.6511765633204,23040.0
-3.7448787689208984,-11.952890396118164,8.20801067352295,0.0,412.1032064246639,23040.0
-7.480817794799805,-14.93663215637207,7.455816745758057,0.0,277.31232288176267,23040.0
-1.3488504886627197,-9.142182350158691,7.793333053588867,0.0,1906.700614619563,23040.0
-4.341558456420898,-11.816201210021973,7.474642753601074,0.0,416.39493559437096,23040.0
4.886871814727783,-3.104323625564575,7.99119758605957,0.0,617.4993437968682,23040.0
0.2833668291568756,-7.3266777992248535,7.610044956207275,0.0,378.4943021370052,23040.0
-0.9674612283706665,-7.998528480529785,7.03106689453125,0.0,335.66028569510996,23040.0
-0.7570888996124268,-7.6409993171691895,6.883913040161133,0.0,346.520490729358,23040.0
0.058497946709394455,-7.171735763549805,7.230232238769531,0.0,561.6007197552866,23040.0
-2.1329472064971924,-8.554889678955078,6.4219441413879395,0.0,319.4795683753144,23040.0
-1.6074254512786865,-8.147496223449707,6.540072917938232,0.0,267.24263421291636,23040.0
-2.0634877681732178,-8.649110794067383,6.585623741149902,0.0,227.7304358042548,23040.0
-2.4478912353515625,-8.591959953308105,6.144070148468018,0.0,211.22041555989463,23040.0
-2.9867658615112305,-8.826059341430664,5.839296340942383,0.0,173.3931706205783,23040.0
-3.401989698410034,-9.138216018676758,5.736226558685303,0.0,124.34896194311587,23040.0
-2.9094760417938232,-8.427193641662598,5.517716407775879,0.0,344.5732420269764,23040.0
-2.9291412830352783,-8.455974578857422,5.526834487915039,0.0,196.48318232763071,23040.0
-4.093070030212402,-9.443867683410645,5.350796699523926,0.0,136.5171560802739,23040.0
-3.9331085681915283,-9.334429740905762,5.401322364807129,0.0,143.79498925630793,23040.0
-2.7336151599884033,-8.506108283996582,5.7724928855896,0.0,211.66342404867837,23040.0
-3.14558744430542,-9.085509300231934,5.939920425415039,0.0,147.9893683654865,23040.0
-4.513167381286621,-10.115694046020508,5.602529048919678,0.0,144.0727604315259,23040.0
-4.173592567443848,-9.809826850891113,5.636234283447266,0.0,190.6201446502841,23040.0
-2.9964568614959717,-9.067365646362305,6.070907115936279,0.0,210.56879515260002,23040.0
-1.6831527948379517,-8.152555465698242,6.469402313232422,0.0,162.5216776894196,23040.0
-2.233393907546997,-8.398188591003418,6.164793014526367,0.0,119.90218954854757,23040.0
-3.5124199390411377,-9.199772834777832,5.687354564666748,0.0,99.94746135354056,23040.0
-2.9690425395965576,-8.723235130310059,5.7541937828063965,0.0,147.88345335477146,23040.0
-2.118090867996216,-8.363737106323242,6.245645999908447,0.0,184.730552595214,23040.0
-2.365994691848755,-8.851515769958496,6.4855217933654785,0.0,150.41077908303956,23040.0
-2.7047202587127686,-9.158626556396484,6.4539055824279785,0.0,124.86570839945448,23040.0
-3.32057523727417,-9.542155265808105,6.221578598022461,0.0,117.49143517657006,23040.0
-3.912338972091675,-9.757322311401367,5.84498405456543,0.0,105.11185601317409,23040.0
-4.166343688964844,-9.823481559753418,5.657139301300049,0.0,115.10326041219278,23040.0
-4.5091094970703125,-9.989554405212402,5.480445861816406,0.0,136.23603132704818,23040.0
-4.458675861358643,-9.870782852172852,5.412108898162842,0.0,151.75483088047164,23040.0
-4.7296953201293945,-10.11378288269043,5.384087562561035,0.0,101.2230070181926,23040.0
-5.273330211639404,-10.609880447387695,5.336548805236816,0.0,87.2774462558454,23040.0
-5.21033239364624,-10.465030670166016,5.254694938659668,0.0,107.3431539834034,23040.0
-5.198770046234131,-10.588953018188477,5.390180587768555,0.0,113.49885971108043,23040.0
-5.419640064239502,-11.087952613830566,5.6683125495910645,0.0,111.41565927333889,23040.0
-5.27395486831665,-11.190213203430176,5.916259288787842,0.0,126.32268075534894,23040.0
-5.742936134338379,-11.834704399108887,6.091766834259033,0.0,129.57958043359028,23040.0
-5.813140869140625,-11.877103805541992,6.063961505889893,0.0,134.42890838389656,23040.0
-5.990210056304932,-12.15788459777832,6.167675018310547,0.0,113.1059559269143,23040.0
-5.973356246948242,-12.06519889831543,6.091843128204346,0.0,99.07216857686781,23040.0
-5.638604164123535,-11.798456192016602,6.159853935241699,0.0,104.69966104814489,23040.0
-5.473582744598389,-11.628963470458984,6.1553778648376465,0.0,79.73630260187448,23040.0
-5.9650397300720215,-12.021451950073242,6.056413650512695,0.0,69.156767394945,23040.0
-6.244534015655518,-12.177351951599121,5.932821273803711,0.0,81.82906170516799,23040.0
-6.588191032409668,-12.561610221862793,5.973418712615967,0.0,110.3948811202864,23040.0
-5.467100143432617,-11.881978034973145,6.414877891540527,0.0,153.10431188808067,23040.0
-5.632198333740234,-12.173789024353027,6.541593551635742,0.0,177.1367525209881,23040.0
-6.367112159729004,-13.08610725402832,6.718994617462158,0.0,120.04928061440438,23040.0
-6.4751715660095215,-13.194982528686523,6.719808101654053,0.0,170.99964485726244,23040.0
-6.76812219619751,-13.393348693847656,6.6252312660217285,0.0,201.3675584584446,23040.0
-7.545806884765625,-14.102218627929688,6.556412696838379,0.0,83.89666819250233,23040.0
-7.437605857849121,-14.03934097290039,6.6017374992370605,0.0,125.91149933632258,23040.0
-6.983536243438721,-13.754594802856445,6.771058559417725,0.0,262.85793152616236,23040.0
-7.390370845794678,-14.11359691619873,6.723224639892578,0.0,155.95306044416736,23040.0
-7.322412967681885,-14.088160514831543,6.765745162963867,0.0,90.45402839622332,23040.0
-7.560302257537842,-14.272729873657227,6.712424278259277,0.0,134.51853695427562,23040.0
-7.654265880584717,-14.489816665649414,6.835552215576172,0.0,118.2627414268365,23040.0
-7.432084083557129,-14.453081130981445,7.021002769470215,0.0,140.49284353005714,23040.0
-7.818466663360596,-14.755823135375977,6.937352180480957,0.0,122.12994908204986,23040.0
-8.012507438659668,-14.932918548583984,6.920411586761475,0.0,110.63638165946632,23040.0
-8.125473022460938,-15.054458618164062,6.928995132446289,0.0,164.59332001902524,23040.0
-8.2189302444458,-14.948954582214355,6.730024337768555,0.0,115.43842144239278,23040.0
-8.211459159851074,-15.007454872131348,6.795992851257324,0.0,145.62138376523026,23040.0
-7.870140075683594,-14.68639850616455,6.816263198852539,0.0,193.19254214035195,23040.0
-8.547059059143066,-15.387874603271484,6.840818881988525,0.0,99.56671347830061,23040.0
-8.1600923538208,-15.114686012268066,6.95459508895874,0.0,171.42887471256057,23040.0
-8.872559547424316,-15.920476913452148,7.047918796539307,0.0,74.58841855491809,23040.0
-7.081056118011475,-14.659867286682129,7.5788092613220215,0.0,280.5474278001359,23040.0
-8.288211822509766,-15.435364723205566,7.147154331207275,0.0,262.7543567006295,23040.0
-8.55329704284668,-15.746386528015137,7.193094253540039,0.0,145.19899047829315,23040.0
-8.156941413879395,-15.573453903198242,7.4165120124816895,0.0,193.88425763251018,23040.0
-8.621932983398438,-15.934836387634277,7.312900066375732,0.0,237.7531574306681,23040.0
-7.116798400878906,-14.791753768920898,7.674953937530518,0.0,282.8721831138555,23040.0
-7.732398986816406,-15.2440185546875,7.5116190910339355,0.0,178.25137167063937,23040.0
-8.219121932983398,-15.328988075256348,7.109863758087158,0.0,169.16288234526502,23040.0
-8.0238037109375,-15.088753700256348,7.064946174621582,0.0,154.05682649332923,23040.0
-7.793582439422607,-14.861302375793457,7.067721366882324,0.0,136.39057938037428,23040.0
-7.900973796844482,-14.849305152893066,6.948337078094482,0.0,129.24775713542377,23040.0
-7.6593499183654785,-14.633527755737305,6.974178791046143,0.0,154.96162975993545,23040.0
-6.569405555725098,-14.038426399230957,7.46901798248291,0.0,201.04507635546005,23040.0
-6.540188312530518,-14.169116020202637,7.6289238929748535,0.0,198.9502717263477,23040.0
-8.078733444213867,-15.322211265563965,7.243485450744629,0.0,171.0039693947586,23040.0
-7.635501384735107,-14.7748384475708,7.139334678649902,0.0,314.366052878919,23040.0
-8.146026611328125,-15.25549030303955,7.109471321105957,0.0,177.12011670097647,23040.0
-8.395570755004883,-15.351147651672363,6.955569744110107,0.0,138.55877482037778,23040.0
-7.436216831207275,-14.400489807128906,6.96427059173584,0.0,232.12198664560054,23040.0
-8.589995384216309,-15.568811416625977,6.978814601898193,0.0,112.05602829721202,23040.0
-8.378308296203613,-15.510643005371094,7.1323323249816895,0.0,155.11475926839265,23040.0
-8.554299354553223,-15.7576265335083,7.203324317932129,0.0,162.8969202579042,23040.0
-8.704301834106445,-15.961508750915527,7.257202625274658,0.0,125.9921658168853,23040.0
-8.460137367248535,-15.662867546081543,7.2027268409729,0.0,133.58720150630364,23040.0
-8.87526798248291,-16.01433753967285,7.13906717300415,0.0,120.80740682286854,23040.0
-8.75469970703125,-15.812942504882812,7.058243274688721,0.0,113.67102935605347,23040.0
-9.132969856262207,-16.24945640563965,7.116485595703125,0.0,72.62036481002313,23040.0
-8.954813003540039,-16.023365020751953,7.068553447723389,0.0,115.37743775525627,23040.0
-9.198274612426758,-16.18262481689453,6.984350681304932,0.0,81.76524933790854,23040.0
-9.392316818237305,-16.451292037963867,7.058974742889404,0.0,101.10762063736101,23040.0
-9.231772422790527,-16.312379837036133,7.080600261688232,0.0,98.77090676390765,23040.0
-9.330028533935547,-16.40188217163086,7.07185173034668,0.0,92.63787212433432,23040.0
-9.107906341552734,-16.381038665771484,7.273132801055908,0.0,100.03340322046725,23040.0
-9.128535270690918,-16.461408615112305,7.332875728607178,0.0,149.04852292508602,23040.0
-9.47155475616455,-16.831987380981445,7.3604350090026855,0.0,116.11405517686745,23040.0
-9.205923080444336,-16.554670333862305,7.348746299743652,0.0,156.7269468301683,23040.0
-9.119767189025879,-16.46280288696289,7.343034744262695,0.0,158.73201736697354,23040.0
-9.43811321258545,-16.771692276000977,7.3335795402526855,0.0,84.21368431787336,23040.0
-9.197708129882812,-16.562742233276367,7.365031719207764,0.0,132.8466962449031,23040.0
-9.395784378051758,-16.741029739379883,7.345250129699707,0.0,85.890725776777,23040.0
-9.573354721069336,-16.929943084716797,7.356590270996094,0.0,102.28918069857819,23040.0
-9.63252067565918,-16.93460464477539,7.302082538604736,0.0,84.51860738718753,23040.0
-9.228185653686523,-16.724760055541992,7.496572017669678,0.0,101.77399514158202,23040.0
-9.052492141723633,-16.571922302246094,7.519427299499512,0.0,127.57556892036088,23040.0
-9.593688011169434,-16.993602752685547,7.399913311004639,0.0,108.40696705710472,23040.0
-9.594415664672852,-17.01161766052246,7.417201519012451,0.0,117.34617896469246,23040.0
-9.711043357849121,-17.145307540893555,7.434264659881592,0.0,90.57485325993585,23040.0
-9.694214820861816,-17.197141647338867,7.502932548522949,0.0,120.91803892902243,23040.0
-9.803872108459473,-17.299833297729492,7.495961666107178,0.0,101.5577035214662,23040.0
-9.568770408630371,-17.1861515045166,7.617387771606445,0.0,116.3244631106064,23040.0
-9.633015632629395,-17.15757179260254,7.524559020996094,0.0,139.21751019127663,23040.0
-9.442036628723145,-16.913249969482422,7.471212387084961,0.0,227.2050851582527,23040.0
-9.256051063537598,-16.724390029907227,7.468342304229736,0.0,224.40958982617516,23040.0
-9.51378059387207,-16.973628997802734,7.45985221862793,0.0,115.76319182134793,23040.0
-9.486395835876465,-17.00107192993164,7.514680862426758,0.0,124.63850376241697,23040.0
-9.841076850891113,-17.21282958984375,7.3717570304870605,0.0,131.4811062414792,23040.0
-9.384363174438477,-16.864337921142578,7.479971885681152,0.0,161.36200053038863,23040.0
-9.840436935424805,-17.212871551513672,7.372431755065918,0.0,81.001797234754,23040.0
-9.85753345489502,-17.253137588500977,7.395602703094482,0.0,86.66070208546282,23040.0
-9.70763874053955,-17.231231689453125,7.523594379425049,0.0,108.83719229239252,23040.0
-9.940205574035645,-17.49347496032715,7.553276062011719,0.0,85.06143624148214,23040.0
-9.727959632873535,-17.331256866455078,7.603298664093018,0.0,108.96489466095983,23040.0
-9.93201732635498,-17.561750411987305,7.629734516143799,0.0,71.6146583466661,23040.0
-9.822858810424805,-17.473453521728516,7.65059757232666,0.0,131.93746471931604,23040.0
-9.479290962219238,-17.13383674621582,7.654547214508057,0.0,155.02176825277715,23040.0
-9.824766159057617,-17.429811477661133,7.605045795440674,0.0,95.86148185500562,23040.0
-9.767959594726562,-17.35449981689453,7.58654260635376,0.0,145.41200620837066,23040.0
-9.753796577453613,-17.371248245239258,7.617456912994385,0.0,109.48587353902653,23040.0
-9.397782325744629,-17.064376831054688,7.66659688949585,0.0,142.6615809636217,23040.0
-10.11487102508545,-17.574153900146484,7.459274768829346,0.0,103.16135141984495,23040.0
-9.584695816040039,-17.176849365234375,7.592152118682861,0.0,145.55421261236717,23040.0
-9.954729080200195,-17.364046096801758,7.409311294555664,0.0,108.32011635508476,23040.0
-9.79468059539795,-17.314695358276367,7.520016193389893,0.0,144.43930597477484,23040.0
-10.097294807434082,-17.513427734375,7.416133403778076,0.0,107.77911583760627,23040.0
-9.405645370483398,-16.93535041809082,7.5297017097473145,0.0,163.43844945126915,23040.0
-9.995540618896484,-17.509376525878906,7.513835906982422,0.0,125.99384635909503,23040.0
-9.743931770324707,-17.357542037963867,7.613612174987793,0.0,130.71752014752997,23040.0
-9.705526351928711,-17.2724552154541,7.566925525665283,0.0,158.1224759866415,23040.0
-10.115254402160645,-17.672250747680664,7.556992053985596,0.0,116.86791114778619,23040.0
-9.788474082946777,-17.344768524169922,7.556294918060303,0.0,157.9157363784543,23040.0
-10.09778881072998,-17.65480613708496,7.55702018737793,0.0,88.52244281522042,23040.0
-10.072649955749512,-17.63787078857422,7.565225601196289,0.0,120.89080385059574,23040.0
-10.215339660644531,-17.72648048400879,7.511138916015625,0.0,73.6933465283287,23040.0
-9.961137771606445,-17.56165313720703,7.600517272949219,0.0,118.72595366275621,23040.0
-10.023262977600098,-17.59839630126953,7.575131416320801,0.0,121.65471086553121,23040.0
-9.693957328796387,-17.34773063659668,7.653772830963135,0.0,163.4377799747724,23040.0
-9.954597473144531,-17.584760665893555,7.63016414642334,0.0,99.17200270090623,23040.0
-10.0587158203125,-17.51247787475586,7.453762531280518,0.0,132.51082325284497,23040.0
-9.9024658203125,-17.465925216674805,7.563460826873779,0.0,138.68435686353672,23040.0
-10.153402328491211,-17.727123260498047,7.573720455169678,0.0,88.87653692511424,23040.0
-9.749942779541016,-17.300901412963867,7.55095911026001,0.0,183.25789375592802,23040.0
-10.044730186462402,-17.56787872314453,7.52314567565918,0.0,117.95349700867564,23040.0
-9.842223167419434,-17.365373611450195,7.523153305053711,0.0,155.20680828942727,23040.0
-9.67806339263916,-17.209794998168945,7.531727313995361,0.0,174.17189319106953,23040.0
-10.21804141998291,-17.720264434814453,7.502227306365967,0.0,116.30440632430525,23040.0
-9.70695972442627,-17.334945678710938,7.62798547744751,0.0,183.71921591769024,23040.0
-10.254032135009766,-17.867055892944336,7.61302375793457,0.0,63.862204360228596,23040.0
-9.888129234313965,-17.489261627197266,7.601132392883301,0.0,177.9680581440985,23040.0
-9.898530006408691,-17.463024139404297,7.564492225646973,0.0,159.660605448732,23040.0
-9.67483139038086,-17.42226219177246,7.747430324554443,0.0,156.2328494284753,23040.0
-10.15127182006836,-17.713560104370117,7.562281131744385,0.0,109.24791497608359,23040.0
-9.940815925598145,-17.462326049804688,7.521512031555176,0.0,150.0147438647593,23040.0
-10.147699356079102,-17.63085174560547,7.483153820037842,0.0,137.93006634935165,23040.0
-10.159101486206055,-17.686037063598633,7.526938438415527,0.0,105.61439353840962,23040.0
-10.301315307617188,-17.788270950317383,7.4869608879089355,0.0,95.1391994271223,23040.0
-9.61793327331543,-17.36457061767578,7.746633529663086,0.0,156.57173615496833,23040.0
-9.869668960571289,-17.49854278564453,7.628870487213135,0.0,162.48059240680337,23040.0
-9.857345581054688,-17.456493377685547,7.599147319793701,0.0,150.90283393094347,23040.0
-9.820905685424805,-17.50310707092285,7.68220329284668,0.0,161.15139846082442,23040.0
-9.912313461303711,-17.447519302368164,7.53520393371582,0.0,163.87091117127835,23040.0
-9.829100608825684,-17.35974884033203,7.530645847320557,0.0,190.4388710411657,23040.0
-10.025936126708984,-17.558074951171875,7.532145977020264,0.0,100.36328588681724,23040.0
-9.892122268676758,-17.42673683166504,7.534615516662598,0.0,166.830146456693,23040.0
-9.909614562988281,-17.521223068237305,7.611607074737549,0.0,141.59671454329145,23040.0
-9.903247833251953,-17.426544189453125,7.5232977867126465,0.0,167.7171954066009,23040.0
-10.098362922668457,-17.601381301879883,7.503017902374268,0.0,93.36793255774414,23040.0
-10.12099838256836,-17.61285400390625,7.491851329803467,0.0,124.02848919561663,23040.0
-10.245681762695312,-17.79741096496582,7.551724433898926,0.0,103.51663494652206,23040.0
-10.204757690429688,-17.771873474121094,7.567113399505615,0.0,103.43849514514069,23040.0
-10.318902969360352,-17.882186889648438,7.563285827636719,0.0,73.01374160739503,23040.0
-10.334065437316895,-17.81451988220215,7.480459213256836,0.0,113.2258902899402,23040.0
-9.999448776245117,-17.56369400024414,7.56424617767334,0.0,119.32817796019437,23040.0
-10.096803665161133,-17.65504264831543,7.558235168457031,0.0,130.45635900603773,23040.0
-10.20738410949707,-17.82938003540039,7.6219964027404785,0.0,61.43399469040409,23040.0
-10.219425201416016,-17.8067684173584,7.587337017059326,0.0,115.49048076182137,23040.0
-10.309350967407227,-17.970962524414062,7.661610126495361,0.0,91.8549262544884,23040.0
-10.29898738861084,-17.913219451904297,7.614230632781982,0.0,92.70850737769996,23040.0
-10.066913604736328,-17.728933334350586,7.662019729614258,0.0,110.79198915690196,23040.0
-10.068405151367188,-17.70099639892578,7.6325907707214355,0.0,101.55301811039028,23040.0
-10.333983421325684,-17.83489227294922,7.500907897949219,0.0,92.56828195159798,23040.0
-9.972424507141113,-17.61836814880371,7.645944595336914,0.0,148.86346538000663,23040.0
-10.082170486450195,-17.641679763793945,7.559510707855225,0.0,95.05910511997317,23040.0
-9.938276290893555,-17.555402755737305,7.617127895355225,0.0,168.5240899136239,23040.0
-10.250349998474121,-17.878326416015625,7.627975940704346,0.0,69.14276466806342,23040.0
-10.08199691772461,-17.62333869934082,7.54134464263916,0.0,153.7793080625141,23040.0
-10.231624603271484,-17.76064109802246,7.52901554107666,0.0,105.56711270385819,23040.0
-10.212255477905273,-17.764211654663086,7.5519585609436035,0.0,96.2075272995908,23040.0
-10.140381813049316,-17.8643741607666,7.72399377822876,0.0,114.94378019832438,23040.0
-10.374381065368652,-17.98038673400879,7.60600471496582,0.0,96.5326564687318,23040.0
-10.235383987426758,-17.814254760742188,7.578871726989746,0.0,105.52360057027671,23040.0
-10.311830520629883,-17.86301612854004,7.551181316375732,0.0,66.53513844158589,23040.0
-10.27285385131836,-17.81255340576172,7.539700508117676,0.0,106.62368053728763,23040.0
-10.22725772857666,-17.802703857421875,7.575444221496582,0.0,110.5704324474004,23040.0
-10.33437728881836,-17.89225959777832,7.557889938354492,0.0,81.17380444369331,23040.0
-10.35720443725586,-17.98309326171875,7.625885486602783,0.0,103.83197746131722,23040.0
-9.961797714233398,-17.613819122314453,7.6520209312438965,0.0,133.00808543508413,23040.0
-10.169013977050781,-17.732866287231445,7.563854217529297,0.0,122.19585985537961,23040.0
-10.06225872039795,-17.60079574584961,7.53853702545166,0.0,146.20223803478802,23040.0
-10.457924842834473,-18.075910568237305,7.617991924285889,0.0,84.65421749953578,23040.0
-10.20694351196289,-17.815793991088867,7.608850955963135,0.0,148.22910735608053,23040.0
-10.265809059143066,-17.890501022338867,7.624696254730225,0.0,121.3596968951371,23040.0
-10.455636978149414,-17.985729217529297,7.530092239379883,0.0,88.64907760718256,23040.0
-10.425848007202148,-17.94675064086914,7.520900249481201,0.0,99.06409478231913,23040.0
-10.440821647644043,-17.963756561279297,7.5229315757751465,0.0,95.36581158764966,23040.0
-10.36023235321045,-17.946151733398438,7.585917949676514,0.0,102.10484101342698,23040.0
-10.436717987060547,-17.975807189941406,7.539087772369385,0.0,60.36663897332323,23040.0
-10.23958683013916,-17.857500076293945,7.617919921875,0.0,120.54996872776682,23040.0
-10.248674392700195,-17.848907470703125,7.600230693817139,0.0,121.79899981260881,23040.0
-10.266077041625977,-17.84333038330078,7.5772528648376465,0.0,95.63868114636367,23040.0
-10.338735580444336,-17.96797752380371,7.6292405128479,0.0,68.33082042358419,23040.0
-10.240434646606445,-17.889802932739258,7.649370193481445,0.0,117.68163338744222,23040.0
-10.397943496704102,-17.964981079101562,7.567034721374512,0.0,128.35540507066688,23040.0
-10.17492389678955,-17.820619583129883,7.645702362060547,0.0,150.8547929753224,23040.0
-10.374064445495605,-17.887989044189453,7.513928413391113,0.0,77.83634117422271,23040.0
-9.997376441955566,-17.56570053100586,7.5683274269104,0.0,152.98024072027437,23040.0
-10.492022514343262,-17.979419708251953,7.487392902374268,0.0,115.79494107059202,23040.0
-10.435218811035156,-18.05442237854004,7.619200229644775,0.0,87.12159109939464,23040.0
-10.339768409729004,-17.940200805664062,7.600435256958008,0.0,69.98101744651166,23040.0
-10.420233726501465,-18.01055908203125,7.5903239250183105,0.0,83.987068906178,23040.0
-10.399898529052734,-18.00443458557129,7.6045355796813965,0.0,102.46728432119431,23040.0
-10.16855239868164,-17.796937942504883,7.628387928009033,0.0,110.18190436388126,23040.0
-10.303874015808105,-17.870033264160156,7.566161632537842,0.0,96.75098475522258,23040.0
-10.105047225952148,-17.797775268554688,7.692729949951172,0.0,129.82327301945742,23040.0
-10.363996505737305,-17.954696655273438,7.590700149536133,0.0,112.8310840889627,23040.0
-10.186484336853027,-17.883848190307617,7.697364807128906,0.0,170.920698805073,23040.0
-10.400927543640137,-18.041942596435547,7.641018390655518,0.0,112.51467094528857,23040.0
-10.327898025512695,-17.936321258544922,7.608424186706543,0.0,105.95529815193835,23040.0
-10.307625770568848,-17.973962783813477,7.666338920593262,0.0,99.01866944139452,23040.0
-10.225666999816895,-17.841798782348633,7.616130352020264,0.0,119.37059253092245,23040.0
-10.488103866577148,-18.128629684448242,7.640523433685303,0.0,94.16097483820255,23040.0
-10.321981430053711,-17.981494903564453,7.6595072746276855,0.0,73.81154081955613,23040.0
-10.411998748779297,-17.943336486816406,7.531336784362793,0.0,108.33071232498548,23040.0
-10.332110404968262,-17.90060043334961,7.568493843078613,0.0,106.15595546227097,23040.0
-10.318053245544434,-17.931798934936523,7.613743305206299,0.0,107.32035254294667,23040.0
-10.471004486083984,-18.04692268371582,7.575916290283203,0.0,73.2407336028212,23040.0
-10.355111122131348,-17.98619842529297,7.631085395812988,0.0,106.75271887506824,23040.0
-10.5252685546875,-18.09743881225586,7.572164535522461,0.0,74.81879989475796,23040.0
-10.48513412475586,-18.102954864501953,7.617825508117676,0.0,90.7828376718054,23040.0
-10.450583457946777,-17.976768493652344,7.526186943054199,0.0,99.38114394965159,23040.0
-10.483772277832031,-18.052289962768555,7.568510055541992,0.0,100.28329543892566,23040.0
-10.488335609436035,-18.036787033081055,7.548450469970703,0.0,84.07439897924053,23040.0
-10.535773277282715,-18.120986938476562,7.585214614868164,0.0,58.34798548115818,23040.0
-10.485139846801758,-18.125396728515625,7.640254497528076,0.0,85.94317702850465,23040.0
-10.446144104003906,-18.030000686645508,7.583858013153076,0.0,140.58088990232554,23040.0
-10.328170776367188,-17.983036041259766,7.654860973358154,0.0,122.52039066450247,23040.0
-10.427240371704102,-18.023813247680664,7.596571922302246,0.0,62.73763502657052,23040.0
-10.34444808959961,-17.966075897216797,7.6216301918029785,0.0,111.89715439565047,23040.0
-10.472585678100586,-18.004629135131836,7.532042026519775,0.0,67.43786738019583,23040.0
-10.389516830444336,-18.007854461669922,7.618335723876953,0.0,93.20809526075188,23040.0
-10.471296310424805,-18.067155838012695,7.595860481262207,0.0,109.14206000498567,23040.0
-10.583697319030762,-18.213762283325195,7.630059242248535,0.0,81.89925382723598,23040.0
-10.537155151367188,-18.09529685974121,7.558146953582764,0.0,89.63822126152091,23040.0
-10.290729522705078,-17.996917724609375,7.7061896324157715,0.0,106.91992878073279,23040.0
-10.344658851623535,-18.014415740966797,7.669759273529053,0.0,100.40749345645776,23040.0
-10.361913681030273,-18.07027244567871,7.7083563804626465,0.0,81.79600679075617,23040.0
-10.484712600708008,-18.192874908447266,7.7081618309021,0.0,100.58161430218757,23040.0
-10.410173416137695,-18.04783058166504,7.637661457061768,0.0,130.84343986998473,23040.0
-10.403514862060547,-17.95900535583496,7.555490493774414,0.0,109.47916979680156,23040.0
-10.322630882263184,-17.902130126953125,7.579490661621094,0.0,128.35289010210678,23040.0
-10.431089401245117,-17.955896377563477,7.524814128875732,0.0,115.34793653405589,23040.0
-10.406631469726562,-17.945823669433594,7.53918981552124,0.0,147.8519349060464,23040.0
-10.377135276794434,-17.97295570373535,7.595822334289551,0.0,118.98122994050786,23040.0
-10.481249809265137,-18.100114822387695,7.618861675262451,0.0,87.9548645824936,23040.0
-10.322098731994629,-17.922849655151367,7.6007513999938965,0.0,120.47366305838102,23040.0
-10.602400779724121,-18.21185874938965,7.609455108642578,0.0,105.53986677618214,23040.0
-10.449763298034668,-18.06568717956543,7.615928649902344,0.0,73.57296149048851,23040.0
-10.574731826782227,-18.215261459350586,7.640535354614258,0.0,71.85422347233266,23040.0
-10.547676086425781,-18.24195098876953,7.694277763366699,0.0,87.16745070651524,23040.0
-10.450872421264648,-18.11561393737793,7.664740085601807,0.0,96.59498515939069,23040.0
-10.48816204071045,-18.177616119384766,7.689457893371582,0.0,88.77264990620162,23040.0
-10.484237670898438,-18.12552833557129,7.641284942626953,0.0,82.86341032734762,23040.0
-10.615620613098145,-18.24758529663086,7.631966590881348,0.0,51.293501026929064,23040.0
-10.504222869873047,-18.139280319213867,7.63505744934082,0.0,78.49051960237743,23040.0
-10.4352445602417,-18.089048385620117,7.653799057006836,0.0,125.55740881896514,23040.0
-10.574451446533203,-18.135496139526367,7.561050891876221,0.0,116.03421407240869,23040.0
-10.281037330627441,-17.92831802368164,7.647281169891357,0.0,129.18308568485085,23040.0
-10.437686920166016,-18.049938201904297,7.612258434295654,0.0,77.8243942371415,23040.0
-10.39680004119873,-17.991771697998047,7.594973564147949,0.0,131.9358668618703,23040.0
-10.07553482055664,-17.794029235839844,7.718491077423096,0.0,151.74000862540302,23040.0
-10.334715843200684,-17.922863006591797,7.588144779205322,0.0,146.35638125689724,23040.0
-10.232932090759277,-17.908958435058594,7.676030158996582,0.0,163.14404541891574,23040.0
-10.326583862304688,-17.926305770874023,7.599725246429443,0.0,131.06811132226346,23040.0
-10.453241348266602,-18.056774139404297,7.603533744812012,0.0,125.29363636870663,23040.0
-10.566298484802246,-18.252744674682617,7.6864447593688965,0.0,81.46365149684655,23040.0
-10.50303840637207,-18.10401725769043,7.600977897644043,0.0,105.06606841858031,23040.0
-10.49934196472168,-18.099992752075195,7.600650310516357,0.0,92.68374878297195,23040.0
-10.464858055114746,-18.051280975341797,7.586417198181152,0.0,76.82451375648319,23040.0
-10.513528823852539,-18.05855941772461,7.545024394989014,0.0,67.6449888161711,23040.0
-10.58304214477539,-18.222625732421875,7.639585494995117,0.0,76.84212170895087,23040.0
-10.573478698730469,-18.183923721313477,7.610446453094482,0.0,80.88868369172602,23040.0
-10.36929702758789,-18.021188735961914,7.651887893676758,0.0,109.49307242355124,23040.0
-10.270087242126465,-18.015161514282227,7.7450737953186035,0.0,115.07927177691424,23040.0
-10.42090892791748,-18.02970314025879,7.608790874481201,0.0,108.42804623227752,23040.0
-10.13727855682373,-17.910051345825195,7.772773742675781,0.0,148.8223544618928,23040.0
-10.248706817626953,-17.957399368286133,7.708688735961914,0.0,87.11650835547883,23040.0
-10.29822063446045,-17.84819221496582,7.549973487854004,0.0,111.511693796013,23040.0
-10.322080612182617,-17.916046142578125,7.593963623046875,0.0,92.02061672674589,23040.0
-10.39211368560791,-18.005292892456055,7.613184452056885,0.0,93.11678860666152,23040.0
-10.1265287399292,-17.81996726989746,7.693440914154053,0.0,98.63436665958848,23040.0
-10.382519721984863,-18.011730194091797,7.629212856292725,0.0,74.02142649892401,23040.0
-10.439130783081055,-18.128137588500977,7.689008712768555,0.0,66.60730447324376,23040.0
-10.27351188659668,-17.882490158081055,7.608974933624268,0.0,81.49139421711264,23040.0
-10.169990539550781,-17.84440803527832,7.674414157867432,0.0,76.07232428835252,23040.0
-10.202821731567383,-17.81707191467285,7.614251136779785,0.0,85.9689093581928,23040.0
-10.212149620056152,-17.964933395385742,7.752781391143799,0.0,113.63004309103955,23040.0
-9.87846565246582,-17.73030662536621,7.851841926574707,0.0,128.2186788177797,23040.0
-9.800920486450195,-17.551969528198242,7.751049995422363,0.0,152.57839113788333,23040.0
-9.732019424438477,-17.50333595275879,7.771318435668945,0.0,175.96647111888117,23040.0
-9.728010177612305,-17.534528732299805,7.806515693664551,0.0,155.53784982740365,23040.0
-9.589524269104004,-17.24507713317871,7.655552864074707,0.0,180.81603179615848,23040.0
-9.3741455078125,-17.1110782623291,7.736933708190918,0.0,121.93655886296868,23040.0
-10.019210815429688,-17.566362380981445,7.547144412994385,0.0,78.70733869306285,23040.0
-9.393410682678223,-17.21721649169922,7.823802471160889,0.0,173.26331565223202,23040.0
-9.345173835754395,-17.04086685180664,7.695687294006348,0.0,208.49578485236023,23040.0
-9.518904685974121,-17.17934799194336,7.660440921783447,0.0,207.56596143198325,23040.0
-9.974285125732422,-17.563936233520508,7.589650630950928,0.0,160.99455786981454,23040.0
-10.053303718566895,-17.671213150024414,7.61790657043457,0.0,126.18577728916648,23040.0
-10.098167419433594,-17.647008895874023,7.548842906951904,0.0,115.9897569631371,23040.0
-9.835003852844238,-17.565244674682617,7.730240345001221,0.0,142.58047641966886,23040.0
-10.14311408996582,-17.788774490356445,7.645665645599365,0.0,101.05955527168568,23040.0
-9.686973571777344,-17.346099853515625,7.659128665924072,0.0,446.872955816754,23040.0
-9.264883995056152,-16.805679321289062,7.540793418884277,0.0,232.781265656446,23040.0
-8.465117454528809,-15.998940467834473,7.5338215827941895,0.0,267.820109763669,23040.0
-7.787084102630615,-15.310867309570312,7.523780822753906,0.0,337.81929129968563,23040.0
-8.89449405670166,-16.373910903930664,7.479421615600586,0.0,237.00413421339331,23040.0
-7.944910526275635,-15.55419921875,7.609297752380371,0.0,346.59366773211366,23040.0
-8.5117769241333,-16.076520919799805,7.564742565155029,0.0,303.9435238925271,23040.0
-8.12673568725586,-15.683794021606445,7.5570597648620605,0.0,328.59276246030464,23040.0
-9.121970176696777,-16.57474136352539,7.452770233154297,0.0,206.50695987231913,23040.0
-9.52614974975586,-17.01844596862793,7.4922966957092285,0.0,152.94686736297598,23040.0
-9.379626274108887,-16.92693519592285,7.547311782836914,0.0,207.4258041435479,23040.0
-9.293152809143066,-16.799274444580078,7.506124019622803,0.0,241.5846652607131,23040.0
-8.873825073242188,-16.426252365112305,7.552423000335693,0.0,305.8759621171802,23040.0
-8.920523643493652,-16.437759399414062,7.517236232757568,0.0,314.1801115141522,23040.0
-9.196249961853027,-16.76229476928711,7.566043376922607,0.0,154.3946590926273,23040.0
-9.277809143066406,-16.728286743164062,7.450479984283447,0.0,210.3051998127424,23040.0
-9.345964431762695,-16.718172073364258,7.372208595275879,0.0,234.8788608714549,23040.0
-9.727993965148926,-17.13857650756836,7.410583019256592,0.0,136.0358969272889,23040.0
-9.355118751525879,-16.749345779418945,7.394224166870117,0.0,217.2195241092604,23040.0
-9.976850509643555,-17.33092498779297,7.354075908660889,0.0,130.02505502441204,23040.0
-9.487771034240723,-16.830883026123047,7.343112468719482,0.0,194.68034244050867,23040.0
-9.803101539611816,-17.05377960205078,7.250679016113281,0.0,133.58046046774078,23040.0
-9.83384895324707,-17.138200759887695,7.304354667663574,0.0,145.04902353288807,23040.0
-9.710063934326172,-17.156450271606445,7.446380615234375,0.0,164.3868688038483,23040.0
-9.713150024414062,-17.333187103271484,7.620038032531738,0.0,132.82483475400386,23040.0
-9.870833396911621,-17.398818969726562,7.527987957000732,0.0,154.72757827254614,23040.0
-10.029489517211914,-17.57224464416504,7.542757987976074,0.0,136.16040756606742,23040.0
-10.20364761352539,-17.756771087646484,7.553121089935303,0.0,123.85924994773701,23040.0
-9.972919464111328,-17.554603576660156,7.581686019897461,0.0,135.84025185427376,23040.0
-10.063358306884766,-17.610870361328125,7.547515392303467,0.0,91.90872962006357,23040.0
-10.10064697265625,-17.613401412963867,7.512756824493408,0.0,151.18195767648996,23040.0
-10.092453002929688,-17.622406005859375,7.529955863952637,0.0,83.61140460323976,23040.0
-9.888615608215332,-17.51492691040039,7.626314163208008,0.0,124.4920509142462,23040.0
-10.069300651550293,-17.626941680908203,7.557641506195068,0.0,102.67303856037425,23040.0
-10.199132919311523,-17.713197708129883,7.514068126678467,0.0,113.28188246246849,23040.0
-10.23527717590332,-17.790882110595703,7.55560302734375,0.0,108.03746384825108,23040.0
-10.299820899963379,-17.694211959838867,7.3943915367126465,0.0,97.91509833690642,23040.0
-10.258124351501465,-17.703947067260742,7.445817947387695,0.0,110.58746363555,23040.0
-10.377808570861816,-17.78179359436035,7.403993129730225,0.0,86.91143298562531,23040.0
-10.095541954040527,-17.799976348876953,7.704433917999268,0.0,83.12970774053707,23040.0
-9.917594909667969,-17.574596405029297,7.657000541687012,0.0,144.9593641041501,23040.0
-9.872355461120605,-17.549760818481445,7.677402973175049,0.0,130.00567024498136,23040.0
-10.219635963439941,-17.82131004333496,7.601674556732178,0.0,123.12132248409611,23040.0
-10.256675720214844,-17.796968460083008,7.540289878845215,0.0,99.3464439724029,23040.0
-10.227479934692383,-17.74970817565918,7.522223472595215,0.0,123.18933018218401,23040.0
-10.11219310760498,-17.78846549987793,7.676272392272949,0.0,111.88866867306245,23040.0
-10.263710975646973,-17.86695671081543,7.603250503540039,0.0,77.76454267939152,23040.0
-10.18320369720459,-17.82238006591797,7.6391825675964355,0.0,113.10278243474532,23040.0
-10.10865592956543,-17.79006004333496,7.681399822235107,0.0,99.02332946739031,23040.0
-10.276764869689941,-17.900129318237305,7.623366355895996,0.0,132.4808157283529,23040.0
-10.212367057800293,-17.78962516784668,7.577262878417969,0.0,105.07658362491529,23040.0
-10.205318450927734,-17.773611068725586,7.568290710449219,0.0,121.27817661504164,23040.0
-10.216064453125,-17.792116165161133,7.576046466827393,0.0,118.2094009625984,23040.0
-10.13623046875,-17.74102020263672,7.604787826538086,0.0,107.05242350665263,23040.0
-10.280999183654785,-17.808887481689453,7.527885437011719,0.0,127.03115861292476,23040.0
-10.192940711975098,-17.81662368774414,7.6236796379089355,0.0,111.94440564150267,23040.0
-10.200334548950195,-17.80400276184082,7.603666305541992,0.0,130.75466446220614,23040.0
-10.250702857971191,-17.88863754272461,7.637937545776367,0.0,144.61679873529314,23040.0
-10.491812705993652,-18.10106086730957,7.609246253967285,0.0,80.90651816755752,23040.0
-10.169349670410156,-17.82888412475586,7.6595282554626465,0.0,113.54229067806905,23040.0
-10.220995903015137,-17.884244918823242,7.66324520111084,0.0,94.83775853608677,23040.0
-10.33717155456543,-17.896595001220703,7.559426307678223,0.0,110.1019965904696,23040.0
-10.455344200134277,-18.098649978637695,7.643306255340576,0.0,75.1301927163675,23040.0
-10.089348793029785,-17.864702224731445,7.775350570678711,0.0,134.19245966937277,23040.0
-10.238335609436035,-17.924850463867188,7.686514854431152,0.0,136.51205516743258,23040.0
-10.425003051757812,-18.0516300201416,7.626623630523682,0.0,113.41201627655921,23040.0
-10.51884651184082,-18.108728408813477,7.589878559112549,0.0,66.1378974065289,23040.0
-10.44529914855957,-18.01163673400879,7.566342353820801,0.0,103.28584468589642,23040.0
-10.468833923339844,-18.085765838623047,7.616930961608887,0.0,83.2777322899763,23040.0
-10.422006607055664,-18.057283401489258,7.63528299331665,0.0,67.05271515117701,23040.0
-10.454551696777344,-17.97956085205078,7.525010108947754,0.0,99.98434212744307,23040.0
-10.251571655273438,-17.938373565673828,7.686801433563232,0.0,114.63152033046514,23040.0
-10.344428062438965,-18.024309158325195,7.679882049560547,0.0,113.08034555925651,23040.0
-10.252259254455566,-17.885372161865234,7.633118152618408,0.0,119.71443044613751,23040.0
-10.502168655395508,-18.068431854248047,7.566266059875488,0.0,90.4120819726383,23040.0
-10.392959594726562,-18.055065155029297,7.66210412979126,0.0,103.0332902095433,23040.0
-10.403947830200195,-18.035924911499023,7.631977081298828,0.0,77.31593058554269,23040.0
-10.555341720581055,-18.13705062866211,7.581713676452637,0.0,87.67531007650373,23040.0
-10.261368751525879,-17.96044158935547,7.69907283782959,0.0,105.0623519547951,23040.0
-10.148983001708984,-17.92841339111328,7.77943229675293,0.0,132.0412964170616,23040.0
-10.005182266235352,-17.70473289489746,7.699549674987793,0.0,179.77937254248602,23040.0
-10.29292106628418,-17.964370727539062,7.671444416046143,0.0,134.8297777604249,23040.0
-10.272622108459473,-17.82784652709961,7.555224418640137,0.0,134.02837337105092,23040.0
-10.279349327087402,-17.729576110839844,7.450221061706543,0.0,159.29751384752515,23040.0
-10.357410430908203,-17.951766967773438,7.594355583190918,0.0,115.97549312761329,23040.0
-10.397430419921875,-17.996492385864258,7.599058151245117,0.0,138.67006359250533,23040.0
-10.236082077026367,-17.91225242614746,7.676169395446777,0.0,106.8646501975045,23040.0
-9.906089782714844,-17.61843490600586,7.712345600128174,0.0,169.67332313879962,23040.0
-10.298853874206543,-17.915782928466797,7.616927623748779,0.0,156.00676702761692,23040.0
-10.338058471679688,-18.01107406616211,7.673022270202637,0.0,113.29514409597331,23040.0
-10.433477401733398,-18.035749435424805,7.602274417877197,0.0,95.30618537383,23040.0
-10.35908317565918,-17.94162368774414,7.5825419425964355,0.0,122.94508357275382,23040.0
-10.328217506408691,-18.026933670043945,7.6987175941467285,0.0,103.26657914123902,23040.0
-10.386898040771484,-18.041057586669922,7.6541619300842285,0.0,104.97965207563473,23040.0
-10.453563690185547,-18.074209213256836,7.62064266204834,0.0,88.89426266642607,23040.0
-10.216894149780273,-17.907854080200195,7.6909613609313965,0.0,130.50103579950044,23040.0
-10.448981285095215,-18.07986068725586,7.630877494812012,0.0,106.28966161442844,23040.0
-10.288878440856934,-17.950101852416992,7.661221027374268,0.0,153.99842601402847,23040.0
-10.685338973999023,-18.240062713623047,7.554723262786865,0.0,68.29179055210797,23040.0
-10.27396297454834,-17.83401107788086,7.560049057006836,0.0,165.14065396529676,23040.0
-10.463234901428223,-18.012758255004883,7.549524784088135,0.0,83.64915697426679,23040.0
-10.181753158569336,-17.79615020751953,7.614394664764404,0.0,146.33786270775758,23040.0
-10.432921409606934,-18.040725708007812,7.607797622680664,0.0,115.1568586559938,23040.0
-9.501452445983887,-17.37994956970215,7.878499984741211,0.0,202.00233754760507,23040.0
-10.292823791503906,-17.9912052154541,7.698379039764404,0.0,118.9472258090738,23040.0
-10.177071571350098,-17.840452194213867,7.6633830070495605,0.0,166.38884611835672,23040.0
-10.412428855895996,-18.063459396362305,7.651027202606201,0.0,97.0984164153623,23040.0
-10.109660148620605,-17.75484848022461,7.645186424255371,0.0,155.38755775013976,23040.0
-10.295248031616211,-17.88545036315918,7.590202331542969,0.0,102.19042545660878,23040.0
-10.478155136108398,-18.091825485229492,7.613671779632568,0.0,89.18870278332959,23040.0
-10.527017593383789,-18.220550537109375,7.693532466888428,0.0,71.10901458993084,23040.0
-10.173728942871094,-17.952062606811523,7.7783331871032715,0.0,116.04858151059393,23040.0
-10.413599967956543,-18.05938720703125,7.645788669586182,0.0,116.41591674783888,23040.0
-10.323870658874512,-17.919891357421875,7.596022605895996,0.0,117.17335410159149,23040.0
-10.42044448852539,-17.923954010009766,7.503507614135742,0.0,111.45822011590312,23040.0
-10.293207168579102,-17.798086166381836,7.504876613616943,0.0,126.59954452993894,23040.0
-10.221372604370117,-17.90253448486328,7.681160926818848,0.0,105.6703432229281,23040.0
-10.452816009521484,-17.962345123291016,7.50953483581543,0.0,93.63960839543678,23040.0
-10.076903343200684,-17.76165008544922,7.684744834899902,0.0,129.5034533784068,23040.0
-10.268647193908691,-17.933815002441406,7.66516637802124,0.0,114.46362927679469,23040.0
-10.405854225158691,-17.97020149230957,7.564345836639404,0.0,127.19756220203986,23040.0
-10.241093635559082,-17.862834930419922,7.621744155883789,0.0,116.80633009484427,23040.0
-10.470688819885254,-18.03656578063965,7.565876007080078,0.0,108.22959640881932,23040.0
-10.241172790527344,-17.858863830566406,7.617690563201904,0.0,136.5634904894121,23040.0
-10.29879093170166,-17.971574783325195,7.672788619995117,0.0,100.36397929331372,23040.0
-10.525900840759277,-18.11194610595703,7.586045265197754,0.0,84.00704818427641,23040.0
-10.048418045043945,-17.813199996948242,7.76477575302124,0.0,137.8925024718856,23040.0
-10.461748123168945,-18.157316207885742,7.695569038391113,0.0,120.40605919629307,23040.0
-10.186294555664062,-17.839155197143555,7.652859687805176,0.0,152.2552376599116,23040.0
-10.5985746383667,-18.09524917602539,7.496676921844482,0.0,86.97914321179324,23040.0
-10.321382522583008,-17.855348587036133,7.533966064453125,0.0,136.85640913918354,23040.0
-10.420196533203125,-17.98686981201172,7.566673278808594,0.0,101.12106845015644,23040.0
-10.259215354919434,-17.834012985229492,7.57480001449585,0.0,154.8858013299359,23040.0
-10.199030876159668,-17.83877182006836,7.639742851257324,0.0,135.28299142269694,23040.0
-10.025738716125488,-17.785463333129883,7.759723663330078,0.0,165.37494317945706,23040.0
-10.231277465820312,-17.95929718017578,7.728024005889893,0.0,154.55027208683725,23040.0
-10.272753715515137,-17.96912956237793,7.696369647979736,0.0,130.57752097049874,23040.0
-10.581034660339355,-18.15497589111328,7.573940753936768,0.0,83.12789619945687,23040.0
-10.459471702575684,-18.008543014526367,7.549070835113525,0.0,117.08849555701931,23040.0
-10.360986709594727,-18.044361114501953,7.683371543884277,0.0,107.58119630771122,23040.0
-10.441377639770508,-18.108064651489258,7.666682720184326,0.0,94.8463636964672,23040.0
-10.569045066833496,-18.16855239868164,7.599502086639404,0.0,84.57289360245265,23040.0
-10.129594802856445,-17.902976989746094,7.773383140563965,0.0,132.73851402485428,23040.0
-10.400931358337402,-18.03063201904297,7.629701137542725,0.0,144.47931984481949,23040.0
-10.438685417175293,-18.06485366821289,7.626166343688965,0.0,122.62567571572681,23040.0
-10.382207870483398,-17.952457427978516,7.570248126983643,0.0,70.77845122188053,23040.0
-10.470487594604492,-17.979785919189453,7.509297847747803,0.0,116.9215243881191,23040.0
-10.60602855682373,-18.08220863342285,7.476178169250488,0.0,90.75148394149794,23040.0
-10.479351997375488,-18.04945945739746,7.570110321044922,0.0,73.73230708210569,23040.0
-10.319024085998535,-18.014745712280273,7.69572639465332,0.0,76.25740549974309,23040.0
-10.450587272644043,-18.179290771484375,7.728698253631592,0.0,88.22181955373384,23040.0
-10.440298080444336,-18.01519012451172,7.574890613555908,0.0,106.53812283101645,23040.0
-10.622235298156738,-18.282665252685547,7.660429000854492,0.0,77.37435927916866,23040.0
-10.678657531738281,-18.28409194946289,7.605432033538818,0.0,76.55850269625026,23040.0
-10.633708000183105,-18.300127029418945,7.666419982910156,0.0,81.3322377785095,23040.0
-10.49333381652832,-18.110157012939453,7.616822719573975,0.0,100.08736449406767,23040.0
-10.723852157592773,-18.289602279663086,7.565746307373047,0.0,84.2671562409691,23040.0
-10.505830764770508,-18.134733200073242,7.628901958465576,0.0,141.59155193004943,23040.0
-10.484816551208496,-18.146448135375977,7.661630630493164,0.0,83.150390003672,23040.0
-10.533249855041504,-18.137401580810547,7.604153156280518,0.0,132.38080746781816,23040.0
-10.481346130371094,-18.07105255126953,7.589707374572754,0.0,125.51737255805605,23040.0
-10.238692283630371,-17.840747833251953,7.602057456970215,0.0,164.0337793155058,23040.0
-10.528995513916016,-18.068737030029297,7.539742469787598,0.0,119.91546458061403,23040.0
-10.17625617980957,-17.911956787109375,7.735699653625488,0.0,129.3091897588295,23040.0
-10.551650047302246,-18.109121322631836,7.557469367980957,0.0,101.63288719600844,23040.0
-10.39097785949707,-17.95318031311035,7.562205791473389,0.0,158.42178028780867,23040.0
-10.549726486206055,-18.11929702758789,7.5695719718933105,0.0,120.26963597223224,23040.0
-10.393694877624512,-18.044498443603516,7.650806427001953,0.0,97.80408158992975,23040.0
-10.555871963500977,-18.208086013793945,7.652216911315918,0.0,90.11191303597928,23040.0
-10.435684204101562,-18.08544158935547,7.649754047393799,0.0,130.5416810057416,23040.0
-10.126423835754395,-17.862016677856445,7.735596179962158,0.0,168.66031290652472,23040.0
-10.229686737060547,-17.897205352783203,7.667523384094238,0.0,149.1470669417991,23040.0
-10.330408096313477,-17.94501495361328,7.614604473114014,0.0,144.41381247413855,23040.0
-10.508971214294434,-18.20261001586914,7.693634510040283,0.0,120.90803976488576,23040.0
-10.191170692443848,-17.935354232788086,7.744182109832764,0.0,164.54496352395532,23040.0
-10.472124099731445,-18.19046401977539,7.718337059020996,0.0,113.81841937210365,23040.0
-10.505844116210938,-18.153715133666992,7.647867679595947,0.0,112.06818562259201,23040.0
-10.494197845458984,-18.016653060913086,7.522453308105469,0.0,97.24402821084236,23040.0
-10.499401092529297,-18.121429443359375,7.622032165527344,0.0,102.46290085682459,23040.0
-10.35653305053711,-17.990901947021484,7.634366035461426,0.0,116.30144037823459,23040.0
-10.685144424438477,-18.20191764831543,7.516774654388428,0.0,92.37106223770589,23040.0
-10.171664237976074,-17.845396041870117,7.673734664916992,0.0,118.27153417659194,23040.0
-10.647784233093262,-18.210447311401367,7.562664985656738,0.0,82.08014934613568,23040.0
-10.521927833557129,-18.139020919799805,7.617090702056885,0.0,111.86648359271253,23040.0
-10.597708702087402,-18.120262145996094,7.522552967071533,0.0,87.9294633478879,23040.0
-10.588891983032227,-18.215295791625977,7.626400947570801,0.0,67.80465155972263,23040.0
-10.576208114624023,-18.220911026000977,7.644695281982422,0.0,62.93280163629713,23040.0
-10.595858573913574,-18.187034606933594,7.5911784172058105,0.0,73.56181059422659,23040.0
-10.497050285339355,-18.172435760498047,7.675389289855957,0.0,75.73563371405122,23040.0
-10.654107093811035,-18.294015884399414,7.6399102210998535,0.0,91.51851175975239,23040.0
-10.497050285339355,-18.244504928588867,7.747454643249512,0.0,75.77329089615976,23040.0
-10.675797462463379,-18.302513122558594,7.626708984375,0.0,96.87433202745707,23040.0
-10.719441413879395,-18.37928009033203,7.659841537475586,0.0,68.28998486943807,23040.0
-10.497145652770996,-18.114166259765625,7.617023944854736,0.0,131.1519923579994,23040.0
-10.688105583190918,-18.254432678222656,7.566329479217529,0.0,94.12768593458351,23040.0
-10.527183532714844,-18.018590927124023,7.491413116455078,0.0,123.16998897437745,23040.0
-10.66552734375,-18.138652801513672,7.473128795623779,0.0,90.05906731744136,23040.0
-10.5919828414917,-18.182985305786133,7.591008186340332,0.0,87.33924552193153,23040.0
-10.59341812133789,-18.232004165649414,7.638584613800049,0.0,88.34137089528204,23040.0
-10.638522148132324,-18.296342849731445,7.657824516296387,0.0,69.63934893725639,23040.0
-10.811392784118652,-18.36763572692871,7.556247234344482,0.0,74.50287095303439,23040.0
-10.645834922790527,-18.252208709716797,7.606373310089111,0.0,69.3513894935491,23040.0
-10.638710975646973,-18.271820068359375,7.633113384246826,0.0,69.10263202836873,23040.0
-10.688545227050781,-18.27643585205078,7.587888717651367,0.0,74.2861561693546,23040.0
-10.735604286193848,-18.402355194091797,7.666748046875,0.0,76.56946613622732,23040.0
-10.631446838378906,-18.30278968811035,7.67133903503418,0.0,83.16470331860577,23040.0
-10.562636375427246,-18.26641845703125,7.703779220581055,0.0,79.98883837865944,23040.0
-10.691675186157227,-18.377193450927734,7.6855149269104,0.0,75.86547104600744,23040.0
-10.696046829223633,-18.276439666748047,7.580392837524414,0.0,76.10604754480462,23040.0
-10.708090782165527,-18.26790428161621,7.559813976287842,0.0,67.86139462533566,23040.0
-10.571243286132812,-18.1314754486084,7.560230255126953,0.0,98.0713633830567,23040.0
-10.33281135559082,-18.003259658813477,7.670449256896973,0.0,117.34040925030939,23040.0
-10.656258583068848,-18.228971481323242,7.5727105140686035,0.0,113.95223795175168,23040.0
-10.55778694152832,-18.23434829711914,7.676563739776611,0.0,115.49618093966644,23040.0
-10.614340782165527,-18.195817947387695,7.581477642059326,0.0,100.35916069485931,23040.0
-10.721169471740723,-18.25459098815918,7.533421993255615,0.0,99.21609916041615,23040.0
-10.549810409545898,-18.22622299194336,7.676417350769043,0.0,101.33311063521506,23040.0
-10.475016593933105,-18.193544387817383,7.718526840209961,0.0,90.08871192470902,23040.0
-10.653072357177734,-18.313161849975586,7.660090446472168,0.0,75.93183600514651,23040.0
-10.579854965209961,-18.202091217041016,7.622234344482422,0.0,102.84781452164991,23040.0
-10.62325382232666,-18.257659912109375,7.634406089782715,0.0,98.23532879356243,23040.0
-10.726540565490723,-18.366090774536133,7.639554023742676,0.0,95.87058577943004,23040.0
-10.642668724060059,-18.28650665283203,7.6438422203063965,0.0,102.04409520774038,23040.0
-10.596936225891113,-18.221250534057617,7.624318599700928,0.0,113.93057136925349,23040.0
-10.70047378540039,-18.298160552978516,7.597686290740967,0.0,86.99802138553704,23040.0
-10.487573623657227,-18.15896224975586,7.671397686004639,0.0,115.06931867182429,23040.0
-10.586352348327637,-18.153356552124023,7.567005634307861,0.0,114.74901925291954,23040.0
-10.491463661193848,-18.117979049682617,7.626514911651611,0.0,159.52632197021939,23040.0
-10.553357124328613,-18.188610076904297,7.635255813598633,0.0,119.9757281308508,23040.0
-10.37105655670166,-18.045690536499023,7.674633979797363,0.0,150.16583977869877,23040.0
-10.628952026367188,-18.334413528442383,7.705463886260986,0.0,72.48757455282225,23040.0
-10.187557220458984,-17.953384399414062,7.765827655792236,0.0,190.62851886456184,23040.0
-10.430668830871582,-18.147459030151367,7.716789245605469,0.0,153.26980614011887,23040.0
-10.344910621643066,-17.92852210998535,7.583613872528076,0.0,177.669791492889,23040.0
-10.589425086975098,-18.227806091308594,7.63838005065918,0.0,121.57359612716553,23040.0
-10.469685554504395,-18.03076171875,7.561079978942871,0.0,137.68910665360593,23040.0
-10.414130210876465,-18.0226993560791,7.608566761016846,0.0,162.77799603700615,23040.0
-10.34415054321289,-17.935325622558594,7.59118127822876,0.0,177.05696065728765,23040.0
-10.459579467773438,-18.111026763916016,7.651447296142578,0.0,115.24901676600622,23040.0
-10.398309707641602,-18.06858253479004,7.670273303985596,0.0,104.19127568174603,23040.0
-10.330353736877441,-17.959775924682617,7.629420757293701,0.0,157.03180066648898,23040.0
-10.334881782531738,-17.976987838745117,7.6421122550964355,0.0,177.83283006906947,23040.0
-10.45824146270752,-18.062490463256836,7.604248046875,0.0,143.95238079123567,23040.0
-10.477706909179688,-18.211788177490234,7.734082221984863,0.0,134.63475157548325,23040.0
-10.51683235168457,-18.179229736328125,7.662395477294922,0.0,111.6115009878814,23040.0
-10.4219331741333,-18.111818313598633,7.689884662628174,0.0,145.88006488914866,23040.0
-10.0591402053833,-17.778654098510742,7.719507694244385,0.0,162.91094056292275,23040.0
-10.336274147033691,-17.869997024536133,7.533718585968018,0.0,128.39575236253697,23040.0
-10.1920747756958,-17.742385864257812,7.55030632019043,0.0,165.59185787565252,23040.0
-10.42265510559082,-18.061140060424805,7.63848876953125,0.0,145.80564064492543,23040.0
-10.113715171813965,-17.7778377532959,7.664117336273193,0.0,173.6291866421035,23040.0
-10.470808029174805,-18.125368118286133,7.654561519622803,0.0,93.63309445440792,23040.0
-10.506182670593262,-18.153675079345703,7.647485256195068,0.0,107.90634042756189,23040.0
-10.01509952545166,-17.74549102783203,7.730393409729004,0.0,137.5604587667521,23040.0
-10.18338394165039,-17.779605865478516,7.596222400665283,0.0,166.49155078860272,23040.0
-10.600774765014648,-18.163406372070312,7.562628269195557,0.0,102.78366505151915,23040.0
-10.351140975952148,-18.00417709350586,7.653038024902344,0.0,134.68315212391863,23040.0
-10.169097900390625,-17.875673294067383,7.706575393676758,0.0,165.86355404402957,23040.0
-9.265508651733398,-17.181110382080078,7.915598392486572,0.0,470.26113321264387,23040.0
-8.843405723571777,-16.644935607910156,7.801528453826904,0.0,291.33472181953005,23040.0
-7.486644744873047,-15.621171951293945,8.134526252746582,0.0,297.87511131554925,23040.0
-8.301794052124023,-15.746003150939941,7.444207668304443,0.0,312.5964349103795,23040.0
-6.9988932609558105,-14.72504711151123,7.726156234741211,0.0,386.5693290216898,23040.0
-8.156466484069824,-15.732184410095215,7.575719356536865,0.0,306.9783800145629,23040.0
-6.7670063972473145,-14.421688079833984,7.654682636260986,0.0,478.54153859052866,23040.0
-7.780616760253906,-15.372288703918457,7.591677665710449,0.0,378.13525228364296,23040.0
-7.2929368019104,-14.949504852294922,7.656567573547363,0.0,363.1883620712682,23040.0
-8.628264427185059,-16.170530319213867,7.542271614074707,0.0,211.91725622372624,23040.0
-8.434417724609375,-16.039554595947266,7.6051411628723145,0.0,247.88094981582708,23040.0
-8.806924819946289,-16.370534896850586,7.563615798950195,0.0,228.75983094999322,23040.0
-9.069252014160156,-16.720300674438477,7.6510443687438965,0.0,165.4232087565966,23040.0
-8.322293281555176,-15.968917846679688,7.646620750427246,0.0,583.8778718681422,23040.0
-7.26409912109375,-15.18791675567627,7.9238152503967285,0.0,312.1437255477618,23040.0
-8.375368118286133,-16.00862693786621,7.633260726928711,0.0,204.66541615603583,23040.0
-6.706349849700928,-14.257959365844727,7.551609516143799,0.0,364.64496393979306,23040.0
-7.90929651260376,-15.340435028076172,7.431143760681152,0.0,284.8699961633106,23040.0
-7.992067337036133,-15.338430404663086,7.3463616371154785,0.0,292.32310417606203,23040.0
-8.45275592803955,-15.742975234985352,7.290222644805908,0.0,219.07178122832764,23040.0
-8.459457397460938,-15.82237720489502,7.362913608551025,0.0,260.1169074268469,23040.0
-7.938545227050781,-15.414005279541016,7.475459098815918,0.0,285.67216777029097,23040.0
-8.342107772827148,-15.803650856018066,7.461544513702393,0.0,220.54920606009628,23040.0
-8.58864688873291,-15.95512866973877,7.366482734680176,0.0,212.2458918299633,23040.0
-8.778948783874512,-16.136171340942383,7.357227325439453,0.0,243.65545960923893,23040.0
-8.758930206298828,-16.25141143798828,7.492476940155029,0.0,191.2559788789186,23040.0
-8.965808868408203,-16.31985855102539,7.354052543640137,0.0,223.41471965688828,23040.0
-9.247761726379395,-16.66632652282715,7.418563365936279,0.0,194.61898839858154,23040.0
-8.575762748718262,-16.260047912597656,7.684279918670654,0.0,239.31876572982472,23040.0
-9.042346954345703,-16.57118034362793,7.528831481933594,0.0,304.7350530363066,23040.0
-2.260477304458618,-11.101480484008789,8.8410005569458,0.0,535.4272917497602,23040.0
-5.200169563293457,-13.619681358337402,8.419515609741211,0.0,267.3461100666067,23040.0
-6.656643867492676,-13.784056663513184,7.127415657043457,0.0,335.0662016441884,23040.0
-6.050015449523926,-13.309364318847656,7.259349822998047,0.0,295.6425296039437,23040.0
-7.531155586242676,-14.681235313415527,7.150079250335693,0.0,191.15698790935448,23040.0
-6.997589111328125,-14.257073402404785,7.2594828605651855,0.0,224.2862025970469,23040.0
-6.683838367462158,-14.141823768615723,7.457989692687988,0.0,167.96021767738335,23040.0
-6.972247123718262,-14.263113021850586,7.290865898132324,0.0,215.95766699343184,23040.0
-7.981744289398193,-15.09416675567627,7.112419128417969,0.0,117.0771786438837,23040.0
-7.409459114074707,-14.672425270080566,7.262966632843018,0.0,197.57390562694357,23040.0
-7.7252631187438965,-14.854859352111816,7.129593849182129,0.0,211.82400869712552,23040.0
-8.246618270874023,-15.377557754516602,7.130941390991211,0.0,190.82382846716376,23040.0
-8.402063369750977,-15.639776229858398,7.2377095222473145,0.0,171.44040023201921,23040.0
-8.085737228393555,-15.285496711730957,7.199757099151611,0.0,202.5598437247083,23040.0
-8.932851791381836,-16.113971710205078,7.181123733520508,0.0,137.0535545532026,23040.0
-8.885798454284668,-16.03848648071289,7.152689456939697,0.0,158.66420111376016,23040.0
-8.962936401367188,-16.102100372314453,7.139162063598633,0.0,133.9249445304473,23040.0
-8.443703651428223,-15.679732322692871,7.236032962799072,0.0,204.91730540105053,23040.0
-9.184263229370117,-16.40304946899414,7.218783855438232,0.0,127.87960785658652,23040.0
-8.999360084533691,-16.175886154174805,7.176523208618164,0.0,153.86952923035457,23040.0
-9.319525718688965,-16.473194122314453,7.153667449951172,0.0,144.02211963296347,23040.0
-9.187967300415039,-16.461318969726562,7.273349285125732,0.0,145.02463112046118,23040.0
-9.069655418395996,-16.468477249145508,7.398824214935303,0.0,99.9520650862585,23040.0
-9.375738143920898,-16.665813446044922,7.290072441101074,0.0,136.38638964361263,23040.0
-9.469786643981934,-16.755216598510742,7.2854323387146,0.0,142.01877443191105,23040.0
-9.792195320129395,-17.08115005493164,7.288955211639404,0.0,92.5663022709213,23040.0
-9.776310920715332,-17.159282684326172,7.382975101470947,0.0,125.83377624344257,23040.0
-9.35151481628418,-16.896520614624023,7.545011520385742,0.0,116.57050105920042,23040.0
-9.575774192810059,-17.026611328125,7.45083475112915,0.0,126.47369731080401,23040.0
-9.86988353729248,-17.234935760498047,7.365054130554199,0.0,88.67252415235593,23040.0
-9.850496292114258,-17.150829315185547,7.3003315925598145,0.0,136.6088112191383,23040.0
-9.805949211120605,-17.281116485595703,7.475165367126465,0.0,115.59374018372287,23040.0
-9.960579872131348,-17.431915283203125,7.471336364746094,0.0,113.92092895951254,23040.0
-9.913269996643066,-17.41800880432129,7.504740238189697,0.0,136.07759234030402,23040.0
-10.104462623596191,-17.60802459716797,7.503567218780518,0.0,115.77778279924054,23040.0
-10.128872871398926,-17.6064510345459,7.477579116821289,0.0,110.02197379427889,23040.0
-10.071053504943848,-17.554826736450195,7.483773231506348,0.0,145.36620940303112,23040.0
-9.797418594360352,-17.306760787963867,7.509343147277832,0.0,151.6035067849599,23040.0
-10.102662086486816,-17.632640838623047,7.529979705810547,0.0,130.60835101515363,23040.0
-9.631011009216309,-17.19329071044922,7.5622782707214355,0.0,200.885663232154,23040.0
-10.209488868713379,-17.630781173706055,7.421289920806885,0.0,112.37548465335585,23040.0
-9.682340621948242,-17.24114418029785,7.558809280395508,0.0,203.53493755161279,23040.0
-10.05240249633789,-17.52073097229004,7.468335151672363,0.0,129.10967919212632,23040.0
-10.096993446350098,-17.613122940063477,7.5161309242248535,0.0,159.87629398192774,23040.0
-9.45023250579834,-17.25911521911621,7.8088860511779785,0.0,200.64519924814437,23040.0
-9.834502220153809,-17.400136947631836,7.565634727478027,0.0,205.5358114970143,23040.0
-8.726634979248047,-16.49629783630371,7.769662857055664,0.0,268.6295841828055,23040.0
-10.219167709350586,-17.71639060974121,7.497227668762207,0.0,130.99015948884258,23040.0
-8.78651237487793,-16.297895431518555,7.511380195617676,0.0,306.69496164442876,23040.0
-9.890853881835938,-17.46324348449707,7.572391986846924,0.0,152.1369029462443,23040.0
-9.764496803283691,-17.242183685302734,7.477692127227783,0.0,223.92201322806972,23040.0
-9.476200103759766,-17.24588966369629,7.769687175750732,0.0,192.32965432411697,23040.0
-9.635553359985352,-17.251462936401367,7.615910053253174,0.0,215.0656263498305,23040.0
-9.103135108947754,-16.87995147705078,7.776815414428711,0.0,238.12878214022925,23040.0
-9.624567985534668,-17.188304901123047,7.56373405456543,0.0,179.22210504502962,23040.0
-9.398515701293945,-16.90172576904297,7.503212928771973,0.0,237.36457760064403,23040.0
-9.687007904052734,-17.19319725036621,7.506191730499268,0.0,192.98735527771717,23040.0
-9.81013298034668,-17.270620346069336,7.460490703582764,0.0,179.21447868329085,23040.0
-9.822601318359375,-17.31792640686035,7.495319366455078,0.0,190.1925556567302,23040.0
-9.98147201538086,-17.587907791137695,7.606435298919678,0.0,147.09856198437393,23040.0
-9.760625839233398,-17.338069915771484,7.5774407386779785,0.0,180.61740226123038,23040.0
-10.158519744873047,-17.605695724487305,7.447175979614258,0.0,119.39652949030209,23040.0
-9.640652656555176,-17.178722381591797,7.538066387176514,0.0,170.3214027747515,23040.0
-10.355252265930176,-17.765443801879883,7.410188674926758,0.0,91.67108554098162,23040.0
-9.775748252868652,-17.345571517944336,7.569826126098633,0.0,178.98473307195462,23040.0
-10.235113143920898,-17.799976348876953,7.564865589141846,0.0,111.44916349752158,23040.0
-10.099838256835938,-17.660369873046875,7.560525894165039,0.0,149.89332363419356,23040.0
-10.262619018554688,-17.76787567138672,7.50525426864624,0.0,123.33341949610175,23040.0
-10.327082633972168,-17.777830123901367,7.450746536254883,0.0,119.75495084442824,23040.0
-10.358161926269531,-17.808927536010742,7.450762748718262,0.0,115.71829519489937,23040.0
-10.388132095336914,-17.888086318969727,7.499955177307129,0.0,111.07752973660074,23040.0
-10.384031295776367,-17.85590362548828,7.471872806549072,0.0,93.87748667655188,23040.0
-10.202896118164062,-17.732778549194336,7.529881477355957,0.0,102.0775577627668,23040.0
-10.052156448364258,-17.6800594329834,7.627904415130615,0.0,114.05032603032662,23040.0
-10.600461959838867,-18.064786911010742,7.464326858520508,0.0,81.98893572328511,23040.0
-9.871590614318848,-17.532773971557617,7.6611809730529785,0.0,164.59155729713822,23040.0
-10.27413558959961,-17.865928649902344,7.591795444488525,0.0,79.6402026632164,23040.0
-10.1293363571167,-17.754878997802734,7.625541687011719,0.0,160.00184151823677,23040.0
-10.333696365356445,-17.835742950439453,7.502048969268799,0.0,137.42057358745836,23040.0
-10.379520416259766,-17.990095138549805,7.610567092895508,0.0,114.8888415726549,23040.0
-10.273253440856934,-17.87784767150879,7.604598522186279,0.0,129.87667362882632,23040.0
-10.568082809448242,-18.12005615234375,7.551975727081299,0.0,100.83105008225846,23040.0
-10.203206062316895,-17.85806655883789,7.6548638343811035,0.0,145.43663053655396,23040.0
-10.52696418762207,-18.094709396362305,7.567747116088867,0.0,73.00690141355786,23040.0
-10.3097562789917,-17.953657150268555,7.643906116485596,0.0,143.4577139072556,23040.0
-10.656233787536621,-18.227285385131836,7.571054935455322,0.0,89.59981390788879,23040.0
-10.45051097869873,-18.06313133239746,7.612619876861572,0.0,93.9391184137207,23040.0
-10.618831634521484,-18.159107208251953,7.540278434753418,0.0,83.81379590105615,23040.0
-10.501593589782715,-18.077564239501953,7.575972557067871,0.0,63.77752215268611,23040.0
-10.553945541381836,-18.159164428710938,7.605220317840576,0.0,73.8706304415146,23040.0
-10.48613166809082,-18.10685157775879,7.62072229385376,0.0,60.00033769026368,23040.0
-10.632774353027344,-18.20596694946289,7.57319450378418,0.0,59.80817764293632,23040.0
-10.716541290283203,-18.329444885253906,7.612905025482178,0.0,55.06804527396987,23040.0
-10.76017951965332,-18.349000930786133,7.588816165924072,0.0,42.68948854184733,23040.0
-10.713249206542969,-18.317058563232422,7.60380744934082,0.0,52.938085620990144,23040.0
-10.650039672851562,-18.297035217285156,7.646991729736328,0.0,68.31795407172261,23040.0
-10.512707710266113,-18.14521598815918,7.632506847381592,0.0,84.14420988108883,23040.0
-10.506508827209473,-18.172494888305664,7.665982246398926,0.0,69.04084205438889,23040.0
-10.486773490905762,-18.071308135986328,7.584536552429199,0.0,107.69210033514297,23040.0
-10.523788452148438,-18.111051559448242,7.587263107299805,0.0,98.14547846863968,23040.0
-10.634383201599121,-18.207048416137695,7.572667121887207,0.0,67.90267968544747,23040.0
-10.454605102539062,-18.043476104736328,7.588870525360107,0.0,138.77413568713388,23040.0
-10.66305923461914,-18.28089714050293,7.617840766906738,0.0,92.53631246664428,23040.0
-10.551453590393066,-18.165813446044922,7.614360332489014,0.0,93.9116193394652,23040.0
-10.606953620910645,-18.17873764038086,7.571781635284424,0.0,109.25435243365673,23040.0
-10.395003318786621,-18.082168579101562,7.687160015106201,0.0,100.95637902414778,23040.0
-10.607634544372559,-18.203428268432617,7.595791816711426,0.0,102.28445527454035,23040.0
-10.659189224243164,-18.239519119262695,7.580339431762695,0.0,90.10046781630976,23040.0
-10.476202011108398,-18.121097564697266,7.644894123077393,0.0,123.70914192171055,23040.0
-10.675851821899414,-18.307079315185547,7.631227016448975,0.0,104.32818363506027,23040.0
-10.677637100219727,-18.254318237304688,7.5766825675964355,0.0,85.91706184910231,23040.0
-10.60095500946045,-18.259017944335938,7.658071041107178,0.0,105.80579987152322,23040.0
-10.51713752746582,-18.17973518371582,7.662594795227051,0.0,109.77659079344357,23040.0
-10.581750869750977,-18.125385284423828,7.543635368347168,0.0,77.1931187418826,23040.0
-10.637304306030273,-18.253175735473633,7.615870952606201,0.0,80.82860737203798,23040.0
-10.480367660522461,-18.112585067749023,7.632217884063721,0.0,146.26391789188784,23040.0
-10.547782897949219,-18.24041748046875,7.692631721496582,0.0,118.74448672840525,23040.0
-10.531515121459961,-18.1669921875,7.635472774505615,0.0,111.05199515048693,23040.0
-10.582033157348633,-18.232280731201172,7.650245666503906,0.0,103.32823239248108,23040.0
-10.465375900268555,-18.160165786743164,7.694785118103027,0.0,127.84645114860156,23040.0
-10.74191665649414,-18.276702880859375,7.534785270690918,0.0,87.11596977245576,23040.0
-10.411979675292969,-18.06766128540039,7.655684471130371,0.0,105.28129410075897,23040.0
-10.452637672424316,-18.118545532226562,7.665912628173828,0.0,102.61911435211188,23040.0
-10.258484840393066,-18.01519775390625,7.756707191467285,0.0,126.33779757752559,23040.0
-10.562368392944336,-18.261127471923828,7.698756694793701,0.0,87.67635240719937,23040.0
-10.59932804107666,-18.179670333862305,7.5803446769714355,0.0,115.71728091943723,23040.0
-10.66140365600586,-18.24770164489746,7.586298942565918,0.0,94.25806942938644,23040.0
-10.565977096557617,-18.23366355895996,7.667685508728027,0.0,70.57492372020216,23040.0
-10.656943321228027,-18.2326717376709,7.575725078582764,0.0,95.51845738485538,23040.0
-10.507353782653809,-18.202898025512695,7.695544242858887,0.0,97.89948950235036,23040.0
-10.588654518127441,-18.24411392211914,7.655467510223389,0.0,85.70752467029817,23040.0
-10.59517765045166,-18.2796573638916,7.68447732925415,0.0,83.49074186432097,23040.0
-10.416590690612793,-18.11440658569336,7.697816848754883,0.0,109.6593680262948,23040.0
-10.713945388793945,-18.301023483276367,7.587080001831055,0.0,86.86914374565764,23040.0
-10.589497566223145,-18.207929611206055,7.618434429168701,0.0,90.82465432043917,23040.0
-10.70160961151123,-18.27322769165039,7.571616172790527,0.0,87.37756573068982,23040.0
-10.623125076293945,-18.185447692871094,7.5623250007629395,0.0,113.75133085579219,23040.0
-10.684672355651855,-18.27837371826172,7.593703269958496,0.0,98.01137790541429,23040.0
-10.463031768798828,-18.169252395629883,7.706219673156738,0.0,84.83221600490513,23040.0
-10.57528305053711,-18.170391082763672,7.595107555389404,0.0,115.63247831963932,23040.0
-10.269648551940918,-17.951812744140625,7.682168006896973,0.0,153.06417232875694,23040.0
-10.610977172851562,-18.27273941040039,7.661762714385986,0.0,109.769640494431,23040.0
-10.548437118530273,-18.21845245361328,7.670010566711426,0.0,95.72862430720348,23040.0
-10.741622924804688,-18.360132217407227,7.618507385253906,0.0,101.84671729812304,23040.0
-10.549606323242188,-18.172327041625977,7.622719764709473,0.0,132.51258565278147,23040.0
-10.613199234008789,-18.274946212768555,7.661742687225342,0.0,81.88941035173163,23040.0
-10.633341789245605,-18.290428161621094,7.6570916175842285,0.0,66.20591878434,23040.0
-10.689255714416504,-18.3065185546875,7.617263317108154,0.0,96.49742734226928,23040.0
-10.604058265686035,-18.275495529174805,7.671431541442871,0.0,107.43721697668167,23040.0
-10.780195236206055,-18.382949829101562,7.602752685546875,0.0,64.00838903835547,23040.0
-10.538128852844238,-18.263660430908203,7.725529670715332,0.0,85.34465234476956,23040.0
-10.661931037902832,-18.289533615112305,7.627605438232422,0.0,86.0789209443374,23040.0
-10.544686317443848,-18.24373435974121,7.699049949645996,0.0,88.15394258687574,23040.0
-10.680971145629883,-18.374446868896484,7.693479537963867,0.0,66.46347294080938,23040.0
-10.720747947692871,-18.277957916259766,7.557204723358154,0.0,84.85667968718074,23040.0
-10.58626937866211,-18.16130828857422,7.575037956237793,0.0,98.50401725123422,23040.0
-10.37956714630127,-18.07192611694336,7.692358493804932,0.0,105.62498105965246,23040.0
-10.527084350585938,-18.237262725830078,7.710175037384033,0.0,92.53420312959142,23040.0
-10.401627540588379,-18.11669921875,7.715076446533203,0.0,123.97819001408337,23040.0
-10.605965614318848,-18.27005958557129,7.664096355438232,0.0,81.7507668410017,23040.0
-10.698811531066895,-18.288698196411133,7.5898919105529785,0.0,66.1272587814373,23040.0
-10.485124588012695,-18.212358474731445,7.727231025695801,0.0,93.64521143996683,23040.0
-10.559224128723145,-18.257368087768555,7.698147773742676,0.0,75.5938382868902,23040.0
-10.696857452392578,-18.33124542236328,7.634387969970703,0.0,63.535542103664426,23040.0
-10.587969779968262,-18.303064346313477,7.715095520019531,0.0,89.05583841188832,23040.0
-10.36524772644043,-18.123708724975586,7.758463382720947,0.0,116.7695921096498,23040.0
-10.584940910339355,-18.231292724609375,7.646351337432861,0.0,97.31950301029046,23040.0
-10.745272636413574,-18.38552474975586,7.640251159667969,0.0,78.7039908515799,23040.0
-10.65208625793457,-18.237403869628906,7.58531379699707,0.0,102.3856213799538,23040.0
-10.426437377929688,-18.034929275512695,7.608493328094482,0.0,115.39487409320112,23040.0
-10.479166984558105,-18.124401092529297,7.64523458480835,0.0,76.62430455977741,23040.0
-10.692997932434082,-18.306325912475586,7.6133246421813965,0.0,75.45932077187862,23040.0
-10.578203201293945,-18.2025146484375,7.6243062019348145,0.0,82.8794255010298,23040.0
-10.666274070739746,-18.273422241210938,7.607152462005615,0.0,88.29603409324886,23040.0
-10.774748802185059,-18.323902130126953,7.549150466918945,0.0,69.90707930160292,23040.0
-10.59569263458252,-18.202848434448242,7.607162952423096,0.0,81.47633035580668,23040.0
-10.678794860839844,-18.26699447631836,7.58820104598999,0.0,71.14995322003985,23040.0
-10.571720123291016,-18.26695442199707,7.695231914520264,0.0,100.9275106380327,23040.0
-10.345458030700684,-18.10701560974121,7.761554718017578,0.0,106.85759702118,23040.0
-10.62110710144043,-18.258140563964844,7.637033462524414,0.0,108.59662642089963,23040.0
-10.431302070617676,-18.111225128173828,7.679920673370361,0.0,124.93070682042628,23040.0
-10.591350555419922,-18.32769012451172,7.736336708068848,0.0,75.3738797501942,23040.0
-10.239324569702148,-18.006389617919922,7.76706600189209,0.0,122.89271977454449,23040.0
-10.613061904907227,-18.24239158630371,7.629330158233643,0.0,110.1481940936342,23040.0
-10.599611282348633,-18.243562698364258,7.643954277038574,0.0,79.83498858448363,23040.0
-10.69468879699707,-18.227025985717773,7.532340049743652,0.0,109.63074099763462,23040.0
-10.658215522766113,-18.23688316345215,7.578661918640137,0.0,65.0489079352986,23040.0
-10.602753639221191,-18.22640037536621,7.623650550842285,0.0,82.96067312512805,23040.0
-10.688468933105469,-18.276569366455078,7.588103771209717,0.0,89.00155088702537,23040.0
-10.660807609558105,-18.28019905090332,7.619384765625,0.0,84.05364400282137,23040.0
-10.451645851135254,-18.1342830657959,7.682635307312012,0.0,101.9225826914056,23040.0
-10.808244705200195,-18.376089096069336,7.567845344543457,0.0,53.5243474255434,23040.0
-10.662569046020508,-18.318777084350586,7.656206130981445,0.0,87.8353816383197,23040.0
-10.771427154541016,-18.360050201416016,7.588626384735107,0.0,74.86832345580201,23040.0
-10.575640678405762,-18.222442626953125,7.646800994873047,0.0,87.40508830538951,23040.0
-10.785024642944336,-18.398603439331055,7.613576412200928,0.0,82.38572568681712,23040.0
-10.756560325622559,-18.413982391357422,7.6574225425720215,0.0,58.98945282958078,23040.0
-10.56947135925293,-18.237041473388672,7.667572021484375,0.0,112.45132278408337,23040.0
-10.682305335998535,-18.367399215698242,7.68509578704834,0.0,107.56379964316196,23040.0
-10.539521217346191,-18.232316970825195,7.692795276641846,0.0,104.9203775301883,23040.0
-10.803699493408203,-18.46146011352539,7.657764911651611,0.0,55.59797594872169,23040.0
-10.854445457458496,-18.457494735717773,7.60305643081665,0.0,84.01812630973127,23040.0
-10.68374252319336,-18.255826950073242,7.572084426879883,0.0,108.0063748309259,23040.0
-10.718962669372559,-18.29955291748047,7.580594062805176,0.0,84.65555538917565,23040.0
-10.689059257507324,-18.356828689575195,7.667767524719238,0.0,58.64723056166935,23040.0
-10.5526762008667,-18.23026466369629,7.67758846282959,0.0,98.8951858498088,23040.0
-10.576037406921387,-18.298133850097656,7.722095489501953,0.0,83.46241336550342,23040.0
-10.569934844970703,-18.333404541015625,7.763473987579346,0.0,86.53419873098483,23040.0
-10.696823120117188,-18.391538619995117,7.694713115692139,0.0,67.2040505205519,23040.0
-10.684423446655273,-18.400728225708008,7.716306686401367,0.0,58.81782781571204,23040.0
-10.737126350402832,-18.360000610351562,7.6228766441345215,0.0,71.59912193091364,23040.0
-10.430322647094727,-18.14601707458496,7.715693473815918,0.0,96.51673127099848,23040.0
-10.608080863952637,-18.295494079589844,7.68741512298584,0.0,79.91046731102635,23040.0
-10.457480430603027,-18.124404907226562,7.666921138763428,0.0,94.11906622388996,23040.0
-10.603565216064453,-18.292966842651367,7.689403057098389,0.0,81.72679823094303,23040.0
-10.627128601074219,-18.262313842773438,7.635182857513428,0.0,97.6361529996181,23040.0
-10.669524192810059,-18.40587615966797,7.7363457679748535,0.0,76.14163731330078,23040.0
-10.565055847167969,-18.249277114868164,7.684225082397461,0.0,94.86091165289974,23040.0
-10.451748847961426,-18.142959594726562,7.6912102699279785,0.0,93.78200277824854,23040.0
-10.254640579223633,-18.018943786621094,7.764301300048828,0.0,90.85717196023525,23040.0
-10.614960670471191,-18.19243049621582,7.5774712562561035,0.0,87.01251819509827,23040.0
-10.65107250213623,-18.21561050415039,7.564539909362793,0.0,84.95034480234636,23040.0
-10.810389518737793,-18.37807846069336,7.567686557769775,0.0,71.85465614240364,23040.0
-10.578726768493652,-18.30774688720703,7.729020118713379,0.0,78.70873770474887,23040.0
-10.519006729125977,-18.24677085876465,7.727767467498779,0.0,84.79174412899225,23040.0
-10.565425872802734,-18.2512264251709,7.685799598693848,0.0,100.26243218741173,23040.0
-10.519493103027344,-18.178407669067383,7.658910274505615,0.0,100.25184491978777,23040.0
-10.453914642333984,-18.047094345092773,7.593181610107422,0.0,112.543596638819,23040.0
-10.654107093811035,-18.215618133544922,7.561511039733887,0.0,84.7189460462014,23040.0
-10.561610221862793,-18.22043800354004,7.658829212188721,0.0,95.82034710061463,23040.0
-10.54410171508789,-18.161104202270508,7.617002964019775,0.0,85.63793399415604,23040.0
-10.292780876159668,-18.044511795043945,7.751729488372803,0.0,113.6083369913879,23040.0
-10.370697975158691,-18.135271072387695,7.7645697593688965,0.0,87.42334733588791,23040.0
-10.559538841247559,-18.214069366455078,7.6545329093933105,0.0,90.72020899781097,23040.0
-10.628252029418945,-18.314088821411133,7.685832977294922,0.0,66.5956827715712,23040.0
-10.599401473999023,-18.273618698120117,7.674217224121094,0.0,100.74898057040961,23040.0
-10.380629539489746,-18.20293426513672,7.822303771972656,0.0,85.5566240383246,23040.0
-10.473570823669434,-18.159910202026367,7.686338424682617,0.0,91.43424192721491,23040.0
-10.650739669799805,-18.222352981567383,7.571616172790527,0.0,96.69483402088323,23040.0
-10.51865291595459,-18.15380096435547,7.635146141052246,0.0,105.16794273264152,23040.0
-10.567703247070312,-18.22998809814453,7.662290573120117,0.0,100.3378259674362,23040.0
-10.47197151184082,-18.10893440246582,7.636961460113525,0.0,109.70738489087323,23040.0
-10.548822402954102,-18.19452667236328,7.645705699920654,0.0,73.8102040956628,23040.0
-10.543181419372559,-18.141237258911133,7.598049640655518,0.0,85.48708547951267,23040.0
-10.334393501281738,-18.046916961669922,7.712521076202393,0.0,103.90090939760708,23040.0
-10.518010139465332,-18.203739166259766,7.685731410980225,0.0,86.98349898040634,23040.0
-10.507006645202637,-18.065412521362305,7.558407783508301,0.0,98.8524277739934,23040.0
-10.685514450073242,-18.31098175048828,7.625466346740723,0.0,88.27364367574535,23040.0
-10.582566261291504,-18.22273063659668,7.640165328979492,0.0,89.18254414441589,23040.0
-10.459837913513184,-18.19858169555664,7.738743305206299,0.0,89.97870547432638,23040.0
-10.397619247436523,-18.118837356567383,7.721217632293701,0.0,126.56802081104469,23040.0
-10.611117362976074,-18.22868537902832,7.6175665855407715,0.0,74.52839646120928,23040.0
-10.750130653381348,-18.306291580200195,7.55615758895874,0.0,108.82257696478959,23040.0
-10.550046920776367,-18.141569137573242,7.591526508331299,0.0,86.01235927625264,23040.0
-10.543724060058594,-18.244165420532227,7.700436115264893,0.0,74.07796644419388,23040.0
-10.699088096618652,-18.35844612121582,7.659351825714111,0.0,91.36838273835164,23040.0
-10.777339935302734,-18.438650131225586,7.661308288574219,0.0,72.21674620498239,23040.0
-10.628304481506348,-18.19765853881836,7.569356918334961,0.0,92.90388597794805,23040.0
-10.572643280029297,-18.216358184814453,7.643710136413574,0.0,92.85308355524482,23040.0
-10.586421966552734,-18.23455047607422,7.648130416870117,0.0,98.62809662592011,23040.0
-10.797971725463867,-18.398454666137695,7.600482940673828,0.0,75.34403362712237,23040.0
-10.804725646972656,-18.37630844116211,7.571582794189453,0.0,63.28999164650041,23040.0
-10.632482528686523,-18.27733039855957,7.644844055175781,0.0,73.74534073066609,23040.0
-10.64657211303711,-18.259532928466797,7.612965106964111,0.0,82.53625546297661,23040.0
-10.723134994506836,-18.294780731201172,7.571642875671387,0.0,94.94599486903451,23040.0
-10.764860153198242,-18.42660140991211,7.6617350578308105,0.0,60.07242535968274,23040.0
-10.663663864135742,-18.359878540039062,7.6962103843688965,0.0,72.46501528459311,23040.0
-10.75228214263916,-18.35774803161621,7.605471611022949,0.0,102.54616646599102,23040.0
-10.658361434936523,-18.233274459838867,7.574917316436768,0.0,107.03912860644114,23040.0
-10.569445610046387,-18.211071014404297,7.64162540435791,0.0,103.63331737354736,23040.0
-10.65247917175293,-18.204376220703125,7.551900863647461,0.0,96.01989413655461,23040.0
-10.710855484008789,-18.35455894470215,7.643697261810303,0.0,60.217648576847736,23040.0
-10.67675495147705,-18.306297302246094,7.629542827606201,0.0,104.9519396842752,23040.0
-10.74506950378418,-18.32536506652832,7.580296039581299,0.0,114.92762787392218,23040.0
-10.614829063415527,-18.258752822875977,7.64392614364624,0.0,88.1941329729497,23040.0
-10.493305206298828,-18.171504974365234,7.678203582763672,0.0,96.9830281847773,23040.0
-10.77291488647461,-18.431333541870117,7.658410549163818,0.0,61.7344937020074,23040.0
-10.881134986877441,-18.48390769958496,7.6027703285217285,0.0,80.62888638276144,23040.0
-10.68891429901123,-18.339859008789062,7.650946140289307,0.0,88.19527365575298,23040.0
-10.641347885131836,-18.26369857788086,7.622350215911865,0.0,83.37813068897296,23040.0
-10.764803886413574,-18.392967224121094,7.6281609535217285,0.0,64.97568072301009,23040.0
-10.804393768310547,-18.44611358642578,7.6417236328125,0.0,54.60547431737115,23040.0
-10.702967643737793,-18.349681854248047,7.646716117858887,0.0,82.74380578403638,23040.0
-10.65649700164795,-18.313417434692383,7.656919479370117,0.0,101.53572036303238,23040.0
-10.71529769897461,-18.34112548828125,7.625826835632324,0.0,86.37770615208917,23040.0
-10.724464416503906,-18.27198600769043,7.547521114349365,0.0,130.8771655725019,23040.0
-10.717459678649902,-18.395692825317383,7.678232192993164,0.0,78.51131516738386,23040.0
-10.297762870788574,-18.006385803222656,7.708622455596924,0.0,168.97802883985864,23040.0
-10.634383201599121,-18.298816680908203,7.6644287109375,0.0,117.08416624171842,23040.0
-10.227251052856445,-17.85773468017578,7.630486488342285,0.0,189.6783198226332,23040.0
-10.719191551208496,-18.267854690551758,7.548665523529053,0.0,89.51053342515121,23040.0
-10.685284614562988,-18.365394592285156,7.680111885070801,0.0,118.47558843346252,23040.0
-10.789039611816406,-18.36808204650879,7.579048156738281,0.0,107.13552066302348,23040.0
-10.641997337341309,-18.37541961669922,7.7334208488464355,0.0,117.60149423047706,23040.0
-10.75589370727539,-18.429235458374023,7.673339366912842,0.0,98.98266614155712,23040.0
-10.537321090698242,-18.251752853393555,7.714427471160889,0.0,117.8323712605004,23040.0
-10.521228790283203,-18.16617774963379,7.644948959350586,0.0,130.67038710239586,23040.0
-10.696389198303223,-18.315744400024414,7.619350910186768,0.0,109.63971775345414,23040.0
-10.374907493591309,-18.13831329345703,7.7634100914001465,0.0,157.86678580012924,23040.0
-10.668709754943848,-18.312877655029297,7.644169330596924,0.0,95.64814433554581,23040.0
-10.652928352355957,-18.26517677307129,7.612251281738281,0.0,134.32298033757664,23040.0
-10.708370208740234,-18.375057220458984,7.666682720184326,0.0,92.8049464523243,23040.0
-10.643682479858398,-18.332624435424805,7.688945770263672,0.0,129.41990715892962,23040.0
-10.844456672668457,-18.45486831665039,7.610414505004883,0.0,89.48724917041721,23040.0
-10.536715507507324,-18.158227920532227,7.621514797210693,0.0,141.9903320790474,23040.0
-10.743430137634277,-18.3823184967041,7.638890266418457,0.0,93.72614527140207,23040.0
-10.773441314697266,-18.34901237487793,7.575570106506348,0.0,119.2136578311401,23040.0
-10.60340404510498,-18.273746490478516,7.67034387588501,0.0,110.21908003486945,23040.0
-10.737311363220215,-18.3839168548584,7.646603107452393,0.0,117.53781831174513,23040.0
-10.34785270690918,-18.12764549255371,7.779789924621582,0.0,155.92989555291263,23040.0
-10.50117301940918,-18.20292091369629,7.701745510101318,0.0,123.24797103148639,23040.0
-10.126773834228516,-17.828340530395508,7.701568126678467,0.0,191.66411510317482,23040.0
-10.697245597839355,-18.281457901000977,7.584217071533203,0.0,119.75649448221715,23040.0
-10.10232925415039,-17.8458251953125,7.743496417999268,0.0,198.36761240484125,23040.0
-10.642529487609863,-18.233861923217773,7.591332912445068,0.0,119.07175123650339,23040.0
-10.044859886169434,-17.758590698242188,7.713728904724121,0.0,206.3240528705443,23040.0
-10.586318969726562,-18.20478057861328,7.618459701538086,0.0,113.08908598436784,23040.0
-10.141621589660645,-17.80344581604004,7.661822319030762,0.0,192.8446492876015,23040.0
-10.749374389648438,-18.31383514404297,7.56446647644043,0.0,116.25082620497963,23040.0
-10.489656448364258,-18.092601776123047,7.602948188781738,0.0,165.97509700912926,23040.0
-10.611634254455566,-18.211923599243164,7.600288391113281,0.0,112.65246929932472,23040.0
-10.36046028137207,-17.999324798583984,7.638864994049072,0.0,136.23145852210297,23040.0
-10.277612686157227,-18.068084716796875,7.790472984313965,0.0,132.7157840251192,23040.0
-10.586434364318848,-18.27585220336914,7.6894211769104,0.0,124.37222500320418,23040.0
-10.372990608215332,-18.08146095275879,7.708466053009033,0.0,165.5701544968595,23040.0
-10.319121360778809,-18.03482437133789,7.715701103210449,0.0,123.04324012321776,23040.0
-10.219480514526367,-17.83287811279297,7.613396644592285,0.0,193.90608177297582,23040.0
-10.543463706970215,-18.124256134033203,7.580790042877197,0.0,139.8600413112765,23040.0
-10.353290557861328,-17.95498275756836,7.601687908172607,0.0,170.10050025615,23040.0
-10.519017219543457,-18.151206970214844,7.632192134857178,0.0,132.624165808501,23040.0
-10.369813919067383,-18.01475715637207,7.644944190979004,0.0,149.18060057917216,23040.0
-10.566465377807617,-18.076509475708008,7.510043621063232,0.0,122.17322219138356,23040.0
-10.446122169494629,-18.006444931030273,7.56032657623291,0.0,127.83551843669039,23040.0
-10.595438003540039,-18.229393005371094,7.633951187133789,0.0,132.1705291118668,23040.0
-10.555837631225586,-18.066822052001953,7.510992527008057,0.0,129.1667224698838,23040.0
-10.657628059387207,-18.23769187927246,7.580062389373779,0.0,117.98086738329563,23040.0
-10.680710792541504,-18.27450942993164,7.593796730041504,0.0,112.33930999958176,23040.0
-10.592549324035645,-18.270036697387695,7.677490711212158,0.0,112.36914600851517,23040.0
-10.558379173278809,-18.227216720581055,7.668842792510986,0.0,140.0633687799242,23040.0
-10.461201667785645,-18.073122024536133,7.611917972564697,0.0,165.8648195346703,23040.0
-10.414054870605469,-18.125537872314453,7.711480617523193,0.0,145.49835543163016,23040.0
-10.630148887634277,-18.18985366821289,7.559708595275879,0.0,142.4028489222521,23040.0
-10.348603248596191,-17.961410522460938,7.612805366516113,0.0,158.73506174066466,23040.0
-10.210100173950195,-17.913976669311523,7.703881740570068,0.0,177.7098022733445,23040.0
-10.3651123046875,-18.004791259765625,7.63967752456665,0.0,151.8440897207629,23040.0
-10.31707763671875,-17.91582489013672,7.598746299743652,0.0,170.7836752849288,23040.0
-10.42840576171875,-17.9475040435791,7.519100666046143,0.0,177.73488254283225,23040.0
-10.478967666625977,-18.135210037231445,7.656239986419678,0.0,137.91590974721404,23040.0
-10.42267894744873,-18.009994506835938,7.587311267852783,0.0,176.7583458798692,23040.0
-10.45710563659668,-18.11905860900879,7.661954879760742,0.0,141.6617455226917,23040.0
-10.480925559997559,-18.113067626953125,7.632133483886719,0.0,155.63981676001836,23040.0
-10.451537132263184,-18.067007064819336,7.615467071533203,0.0,138.228639081953,23040.0
-10.6177339553833,-18.187944412231445,7.5702128410339355,0.0,124.18780440296,23040.0
-10.472711563110352,-18.110004425048828,7.637294292449951,0.0,146.47484220691473,23040.0
-10.538718223571777,-18.194786071777344,7.656075477600098,0.0,123.35274020097117,23040.0
-10.52155590057373,-18.17790412902832,7.656346797943115,0.0,167.7607086049068,23040.0
-10.626928329467773,-18.232269287109375,7.605343341827393,0.0,120.9472135345952,23040.0
-10.328492164611816,-17.96921157836914,7.640713691711426,0.0,158.8576798106332,23040.0
-10.528176307678223,-18.191389083862305,7.663215637207031,0.0,114.50663705223137,23040.0
-10.15979290008545,-17.85182762145996,7.692030906677246,0.0,174.21174177949877,23040.0
-10.624578475952148,-18.188257217407227,7.563674449920654,0.0,113.97438796254616,23040.0
-10.42316722869873,-18.01925277709961,7.596083641052246,0.0,172.9447717731508,23040.0
-10.803840637207031,-18.358659744262695,7.554820537567139,0.0,91.36629286450693,23040.0
-10.535536766052246,-18.139554977416992,7.604018211364746,0.0,160.03689145040585,23040.0
-10.631444931030273,-18.241466522216797,7.610020160675049,0.0,99.21659578703948,23040.0
-10.38481330871582,-18.02706527709961,7.642247676849365,0.0,151.2565624405294,23040.0
-10.589263916015625,-18.22296142578125,7.633697032928467,0.0,106.00215761073731,23040.0
-10.63823413848877,-18.180421829223633,7.542191028594971,0.0,146.63054355359455,23040.0
-10.584105491638184,-18.181806564331055,7.5977044105529785,0.0,100.7189952906713,23040.0
-10.572283744812012,-18.20728302001953,7.634998321533203,0.0,128.26697690949365,23040.0
-10.73518180847168,-18.37171173095703,7.636527061462402,0.0,76.80029756667349,23040.0
-10.670538902282715,-18.22548484802246,7.554947376251221,0.0,126.8523864529177,23040.0
-10.581168174743652,-18.32201385498047,7.740846157073975,0.0,103.11517905733643,23040.0
-10.675891876220703,-18.339441299438477,7.663547039031982,0.0,96.7096866828527,23040.0
-10.648987770080566,-18.30631446838379,7.657329559326172,0.0,99.4682125226525,23040.0
-10.637992858886719,-18.31858253479004,7.6805901527404785,0.0,96.78786238691487,23040.0
-10.75156021118164,-18.307750701904297,7.556190490722656,0.0,112.8598572526304,23040.0
-10.658456802368164,-18.28900909423828,7.630550861358643,0.0,111.7563685170759,23040.0
-10.775566101074219,-18.37289047241211,7.597324848175049,0.0,100.60037719693977,23040.0
-10.687429428100586,-18.331830978393555,7.644407272338867,0.0,99.26477003673781,23040.0
-10.45456600189209,-18.139793395996094,7.6852240562438965,0.0,113.35970310909364,23040.0
-10.54483413696289,-18.18590545654297,7.6410746574401855,0.0,109.97922484096178,23040.0
-10.505631446838379,-18.144092559814453,7.638461589813232,0.0,139.9592789210276,23040.0
-10.368587493896484,-18.059600830078125,7.691013813018799,0.0,133.6465714088618,23040.0
-10.33730411529541,-17.929731369018555,7.592425346374512,0.0,155.9192040201533,23040.0
-10.662641525268555,-18.18552017211914,7.522881507873535,0.0,131.24235315469585,23040.0
-10.71401596069336,-18.351686477661133,7.63767147064209,0.0,113.61303717685499,23040.0
-10.669032096862793,-18.285844802856445,7.616813659667969,0.0,131.98455855769717,23040.0
-10.687552452087402,-18.297740936279297,7.61019229888916,0.0,107.09680624178,23040.0
-10.552995681762695,-18.216585159301758,7.663591384887695,0.0,135.11894057269197,23040.0
-10.577531814575195,-18.297252655029297,7.719719886779785,0.0,114.18060262970367,23040.0
-10.372692108154297,-18.025074005126953,7.65238094329834,0.0,163.41448039471842,23040.0
-10.63994026184082,-18.20291519165039,7.562979698181152,0.0,118.51333353342926,23040.0
-10.523237228393555,-18.030960083007812,7.507721424102783,0.0,158.14766037735876,23040.0
-10.778800010681152,-18.39767837524414,7.618878364562988,0.0,91.15688341438667,23040.0
-10.555304527282715,-18.103303909301758,7.5479960441589355,0.0,144.8687770796492,23040.0
-10.560524940490723,-18.217540740966797,7.657017230987549,0.0,109.33618954858368,23040.0
-10.522063255310059,-18.132810592651367,7.610745429992676,0.0,154.90905814654343,23040.0
-10.528051376342773,-18.132034301757812,7.6039862632751465,0.0,148.82254570398058,23040.0
-10.350923538208008,-18.02406883239746,7.673145294189453,0.0,165.83718343403723,23040.0
-10.543099403381348,-18.112319946289062,7.5692219734191895,0.0,151.24769335406486,23040.0
-10.505475997924805,-18.09136962890625,7.585891246795654,0.0,155.3661122636631,23040.0
-10.40748119354248,-18.112092971801758,7.704612731933594,0.0,163.0327853613762,23040.0
-10.57289981842041,-18.156667709350586,7.583770275115967,0.0,158.3949104624496,23040.0
-10.007186889648438,-17.74749755859375,7.740313529968262,0.0,206.89266192762383,23040.0
-10.323833465576172,-17.945701599121094,7.621870040893555,0.0,192.8987715956972,23040.0
-10.224884986877441,-17.916223526000977,7.691335201263428,0.0,188.44270302174186,23040.0
-10.466729164123535,-18.064958572387695,7.598226070404053,0.0,183.7137698157075,23040.0
-10.386850357055664,-17.9700870513916,7.58322811126709,0.0,167.04955192418046,23040.0
-10.276585578918457,-17.90094566345215,7.624364376068115,0.0,181.76869151896827,23040.0
-10.261873245239258,-17.89725685119629,7.635385990142822,0.0,178.32050321765885,23040.0
-10.320191383361816,-17.882976531982422,7.562786102294922,0.0,199.61895712916848,23040.0
-10.173486709594727,-17.791261672973633,7.617772102355957,0.0,184.5914299298395,23040.0
-10.290867805480957,-17.84683609008789,7.555968761444092,0.0,206.84142403214477,23040.0
-10.371240615844727,-17.94258689880371,7.571342468261719,0.0,169.94301925514537,23040.0
-10.24470043182373,-17.77707290649414,7.532371520996094,0.0,211.80847758688708,23040.0
-10.278207778930664,-17.891469955444336,7.613265514373779,0.0,180.58452429986988,23040.0
-10.14677619934082,-17.7801570892334,7.633382797241211,0.0,216.4794863412273,23040.0
-10.217267990112305,-17.916826248168945,7.699558734893799,0.0,170.743276870741,23040.0
-10.111150741577148,-17.713621139526367,7.602473258972168,0.0,222.95846815115047,23040.0
-10.26174545288086,-17.912843704223633,7.651100158691406,0.0,174.97112304453276,23040.0
-9.93692684173584,-17.608884811401367,7.671956539154053,0.0,231.34585643037624,23040.0
-10.204629898071289,-17.9060115814209,7.701376914978027,0.0,176.78198650227975,23040.0
-9.986327171325684,-17.581445693969727,7.595125198364258,0.0,229.07711618288133,23040.0
-10.403908729553223,-18.020660400390625,7.616755962371826,0.0,169.34299073188936,23040.0
-10.060088157653809,-17.606739044189453,7.546649932861328,0.0,228.85591747809565,23040.0
-9.81802749633789,-17.589134216308594,7.771103382110596,0.0,201.9306367227513,23040.0
-9.984169960021973,-17.488981246948242,7.504811763763428,0.0,240.772295609115,23040.0
-9.894003868103027,-17.599672317504883,7.705670356750488,0.0,215.80867368142037,23040.0
-9.83237075805664,-17.450197219848633,7.617824077606201,0.0,234.64315775722636,23040.0
-10.068892478942871,-17.64912986755371,7.580235958099365,0.0,201.66643823804185,23040.0
-10.18830394744873,-17.711122512817383,7.522820949554443,0.0,216.27040204977314,23040.0
-10.118005752563477,-17.630279541015625,7.512272834777832,0.0,199.87651510471431,23040.0
-10.162690162658691,-17.681257247924805,7.5185675621032715,0.0,205.17797796998994,23040.0
-10.024084091186523,-17.5538330078125,7.529746055603027,0.0,216.70388891535688,23040.0
-10.24597454071045,-17.823911666870117,7.577938556671143,0.0,169.1694627188886,23040.0
-10.103706359863281,-17.620418548583984,7.516712188720703,0.0,218.11748843370844,23040.0
-10.105330467224121,-17.77233123779297,7.667001724243164,0.0,173.8685469229253,23040.0
-10.054895401000977,-17.582664489746094,7.527766227722168,0.0,219.46058299738468,23040.0
-10.24963665008545,-17.82331085205078,7.573673725128174,0.0,169.72300060008968,23040.0
-10.112977027893066,-17.67013931274414,7.55715799331665,0.0,198.26773959850212,23040.0
-10.405033111572266,-17.90617561340332,7.501140594482422,0.0,169.3540790874863,23040.0
-10.232613563537598,-17.77393341064453,7.54132080078125,0.0,191.09747291081567,23040.0
-10.51246452331543,-17.99446678161621,7.481997489929199,0.0,163.1478209051125,23040.0
-10.29639720916748,-17.865795135498047,7.569401264190674,0.0,159.47368353009782,23040.0
-10.145448684692383,-17.715410232543945,7.569960594177246,0.0,202.07541639846664,23040.0
-10.446592330932617,-18.025585174560547,7.578993797302246,0.0,152.30033297088684,23040.0
-10.026908874511719,-17.60690689086914,7.5800042152404785,0.0,207.7272699799401,23040.0
-10.715683937072754,-18.20311737060547,7.487432956695557,0.0,112.71870096759166,23040.0
-10.1647310256958,-17.67369842529297,7.508959770202637,0.0,200.6985473919228,23040.0
-10.388290405273438,-17.986331939697266,7.598045349121094,0.0,137.06031669606546,23040.0
-10.263310432434082,-17.81741714477539,7.55410623550415,0.0,179.4190598520113,23040.0
-10.555749893188477,-18.123186111450195,7.567437171936035,0.0,130.22877613193944,23040.0
-10.177521705627441,-17.757673263549805,7.580151557922363,0.0,181.43544255755887,23040.0
-10.056182861328125,-17.687026977539062,7.6308417320251465,0.0,207.757512667214,23040.0
-10.43149185180664,-18.052440643310547,7.620949745178223,0.0,159.39525145188233,23040.0
-10.199063301086426,-17.80522918701172,7.606162071228027,0.0,172.95877602483668,23040.0
-10.340645790100098,-17.959470748901367,7.618823051452637,0.0,169.90657448340292,23040.0
-10.28506088256836,-17.886856079101562,7.601795196533203,0.0,176.78778082532193,23040.0
-9.951569557189941,-17.574098587036133,7.622528076171875,0.0,215.29680588197513,23040.0
-10.307165145874023,-17.887697219848633,7.580535411834717,0.0,188.1785029310631,23040.0
-10.234185218811035,-17.805606842041016,7.571420669555664,0.0,177.60224155032816,23040.0
-10.256464958190918,-17.882665634155273,7.626203536987305,0.0,173.22260621073147,23040.0
-10.180883407592773,-17.77408790588379,7.593209266662598,0.0,189.22245987607107,23040.0
-10.41021728515625,-17.922574996948242,7.512355327606201,0.0,179.38248957088058,23040.0
-10.224409103393555,-17.910499572753906,7.686087608337402,0.0,163.9340650292762,23040.0
-10.27143383026123,-17.925437927246094,7.654003143310547,0.0,178.9283169202826,23040.0
-10.237176895141602,-17.858001708984375,7.620825290679932,0.0,181.20438762663196,23040.0
-10.49142837524414,-18.059890747070312,7.568458557128906,0.0,136.1518585449011,23040.0
-10.506278038024902,-18.053936004638672,7.547658443450928,0.0,159.38227501197352,23040.0
-10.406913757324219,-17.97289276123047,7.565977573394775,0.0,176.30225548484532,23040.0
-10.442306518554688,-17.99684715270996,7.554541110992432,0.0,157.6396879887511,23040.0
-10.363121032714844,-17.962383270263672,7.599257469177246,0.0,126.01213627730525,23040.0
-10.538331031799316,-18.066144943237305,7.5278143882751465,0.0,144.10466912040042,23040.0
-9.645913124084473,-17.449417114257812,7.803500652313232,0.0,220.0519793194859,23040.0
-10.251945495605469,-17.818387985229492,7.566442966461182,0.0,160.5805586179027,23040.0
-9.84314250946045,-17.45281410217285,7.6096720695495605,0.0,220.96047663627013,23040.0
-10.378084182739258,-17.927814483642578,7.54973030090332,0.0,160.51754461509907,23040.0
-9.97115707397461,-17.569934844970703,7.598772048950195,0.0,223.7462838914213,23040.0
-10.182446479797363,-17.81725311279297,7.634805679321289,0.0,176.66041840331792,23040.0
-10.236607551574707,-17.86795997619629,7.631343364715576,0.0,179.69780944399,23040.0
-9.779523849487305,-17.436771392822266,7.657250881195068,0.0,215.28884453434975,23040.0
-10.370402336120605,-17.944942474365234,7.574542045593262,0.0,163.81303561400156,23040.0
-9.655365943908691,-17.45428466796875,7.798915386199951,0.0,203.09242798300602,23040.0
-10.421940803527832,-17.887821197509766,7.465878009796143,0.0,155.46364045525448,23040.0
-9.686026573181152,-17.30669403076172,7.620670795440674,0.0,226.07182703531137,23040.0
-10.343828201293945,-17.887014389038086,7.543182849884033,0.0,133.99841637384498,23040.0
-10.124197959899902,-17.72490882873535,7.600709915161133,0.0,181.6392565573856,23040.0
-10.31336498260498,-17.89913558959961,7.585770130157471,0.0,172.7404260211116,23040.0
-10.289714813232422,-17.913206100463867,7.623492240905762,0.0,160.78159258232023,23040.0
-10.60521125793457,-18.139705657958984,7.534491062164307,0.0,124.44454956526525,23040.0
-10.281063079833984,-17.864694595336914,7.5836310386657715,0.0,162.54544694060928,23040.0
-10.31778335571289,-17.859100341796875,7.541314125061035,0.0,134.3460783972616,23040.0
-10.491864204406738,-18.03196144104004,7.540099620819092,0.0,112.62183128328944,23040.0
-10.51562213897705,-17.976917266845703,7.461292743682861,0.0,122.39626936468504,23040.0
-10.583410263061523,-18.08856773376465,7.505156993865967,0.0,138.62951036661534,23040.0
-10.568066596984863,-18.127338409423828,7.5592732429504395,0.0,101.88150054726881,23040.0
-10.58004379272461,-18.10623550415039,7.5261921882629395,0.0,107.40377424041442,23040.0
-10.460281372070312,-18.09951400756836,7.639232635498047,0.0,144.57545232248435,23040.0
-10.772869110107422,-18.29924201965332,7.526371479034424,0.0,108.37512364580527,23040.0
-10.70421314239502,-18.236085891723633,7.531868934631348,0.0,103.70382803890969,23040.0
-10.594951629638672,-18.173946380615234,7.578995704650879,0.0,125.25407967608746,23040.0
-10.611472129821777,-18.21780014038086,7.606327533721924,0.0,102.36756161763952,23040.0
-10.655037879943848,-18.288917541503906,7.633880138397217,0.0,88.36094184283854,23040.0
-10.689820289611816,-18.25971221923828,7.56989860534668,0.0,88.47751834265189,23040.0
-10.61595344543457,-18.237321853637695,7.621365070343018,0.0,106.74940620515655,23040.0
-10.65426254272461,-18.217191696166992,7.562927722930908,0.0,91.13141368774899,23040.0
-10.719733238220215,-18.31972885131836,7.5999979972839355,0.0,78.02065839204131,23040.0
-10.715893745422363,-18.299631118774414,7.583742141723633,0.0,78.85962109611941,23040.0
-10.643296241760254,-18.24129867553711,7.5980048179626465,0.0,103.18720308450315,23040.0
-10.448921203613281,-18.028711318969727,7.579791069030762,0.0,85.99348551345653,23040.0
-10.748632431030273,-18.259187698364258,7.510554313659668,0.0,82.17619634753055,23040.0
-10.819375038146973,-18.3383846282959,7.519007205963135,0.0,73.49218095497406,23040.0
-10.773390769958496,-18.346052169799805,7.572661876678467,0.0,68.11700109866682,23040.0
-10.782669067382812,-18.38701629638672,7.604344367980957,0.0,76.54161608721658,23040.0
-10.95457935333252,-18.506391525268555,7.551815986633301,0.0,45.39178377624908,23040.0
-10.855917930603027,-18.43131446838379,7.575396537780762,0.0,79.17946444961109,23040.0
-10.896286010742188,-18.489286422729492,7.592996597290039,0.0,63.19498400203852,23040.0
-10.768251419067383,-18.422399520874023,7.654143810272217,0.0,71.03366094055667,23040.0
-10.872167587280273,-18.414031982421875,7.541863441467285,0.0,47.90354055951946,23040.0
-10.67020034790039,-18.28822898864746,7.618027210235596,0.0,89.63411409557234,23040.0
-10.88011646270752,-18.52865982055664,7.648547172546387,0.0,52.891584195176875,23040.0
-10.785636901855469,-18.42215919494629,7.636521339416504,0.0,88.53140347711819,23040.0
-10.941071510314941,-18.521976470947266,7.580904960632324,0.0,55.71530404132244,23040.0
-10.68260383605957,-18.26704978942871,7.584446907043457,0.0,110.41967420828874,23040.0
-10.953409194946289,-18.481555938720703,7.528143882751465,0.0,86.21453727157167,23040.0
-10.626733779907227,-18.227975845336914,7.601243019104004,0.0,131.0628322039032,23040.0
-10.717708587646484,-18.384464263916016,7.666752338409424,0.0,104.06570221422024,23040.0
-10.806633949279785,-18.26642608642578,7.459786415100098,0.0,99.54074165506567,23040.0
-10.373412132263184,-17.991640090942383,7.618226528167725,0.0,147.89119788012178,23040.0
-10.83402156829834,-18.42368507385254,7.589661121368408,0.0,71.19508251896536,23040.0
-10.418106079101562,-18.0870304107666,7.668926239013672,0.0,160.71597324725528,23040.0
-11.006352424621582,-18.556859970092773,7.550506591796875,0.0,64.0646703620758,23040.0
-10.470906257629395,-18.054079055786133,7.583171367645264,0.0,140.98548957085814,23040.0
-10.89930534362793,-18.39828109741211,7.4989752769470215,0.0,90.4145023641466,23040.0
-10.659793853759766,-18.333343505859375,7.673547267913818,0.0,111.2939658668954,23040.0
-10.878913879394531,-18.505163192749023,7.626245021820068,0.0,72.38139662581239,23040.0
-10.765965461730957,-18.383604049682617,7.617637634277344,0.0,106.54338772710415,23040.0
-10.94473648071289,-18.504863739013672,7.560131072998047,0.0,73.12545071111788,23040.0
-10.83353042602539,-18.418773651123047,7.58524227142334,0.0,91.03253838068537,23040.0
-10.77938461303711,-18.40013885498047,7.620757579803467,0.0,67.94873310389242,23040.0
-10.857897758483887,-18.451053619384766,7.593154430389404,0.0,97.45713931426437,23040.0
-10.59860610961914,-18.24662208557129,7.648021697998047,0.0,91.99957681046895,23040.0
-10.77779769897461,-18.38496208190918,7.60716438293457,0.0,123.44921295593572,23040.0
-11.03787899017334,-18.545181274414062,7.507299900054932,0.0,67.09748271495138,23040.0
-10.582381248474121,-18.208206176757812,7.625826835632324,0.0,133.68501187180556,23040.0
-10.992480278015137,-18.52195930480957,7.529484272003174,0.0,55.8600371912208,23040.0
-10.796627044677734,-18.336959838867188,7.540331840515137,0.0,102.95287132194547,23040.0
-10.862458229064941,-18.53352165222168,7.671061992645264,0.0,70.21126083972496,23040.0
-10.95285415649414,-18.533845901489258,7.580995082855225,0.0,76.21731385666244,23040.0
-10.875771522521973,-18.495410919189453,7.61963415145874,0.0,72.21403270279006,23040.0
-10.746419906616211,-18.411998748779297,7.665583610534668,0.0,88.29769299132792,23040.0
-10.777932167053223,-18.552186965942383,7.774260997772217,0.0,106.21590484406698,23040.0
-10.709052085876465,-18.390127182006836,7.681075096130371,0.0,94.90669126262978,23040.0
-10.623159408569336,-18.26972770690918,7.646568298339844,0.0,126.44805484489689,23040.0
-10.830233573913574,-18.42459487915039,7.594359874725342,0.0,91.38485731029463,23040.0
-10.909171104431152,-18.485383987426758,7.576210975646973,0.0,74.88046170564347,23040.0
-10.91618537902832,-18.470930099487305,7.55474328994751,0.0,65.01838664982446,23040.0
-10.911345481872559,-18.417705535888672,7.506362438201904,0.0,88.99352710160525,23040.0
-10.821013450622559,-18.35989761352539,7.538885593414307,0.0,86.15949242247635,23040.0
-10.842677116394043,-18.449161529541016,7.606478691101074,0.0,93.86237793575984,23040.0
-10.928482055664062,-18.514610290527344,7.586132049560547,0.0,75.61119492783342,23040.0
-10.844168663024902,-18.43631935119629,7.5921406745910645,0.0,78.34107282656589,23040.0
-10.844510078430176,-18.50906753540039,7.664557456970215,0.0,63.80753207464258,23040.0
-10.863152503967285,-18.502931594848633,7.639778137207031,0.0,86.44791038759294,23040.0
-10.800271034240723,-18.414596557617188,7.614326477050781,0.0,93.80279365096371,23040.0
-10.89756965637207,-18.555971145629883,7.658404350280762,0.0,87.98182491406736,23040.0
-10.842328071594238,-18.484251022338867,7.641918182373047,0.0,107.96799031439565,23040.0
-10.93766975402832,-18.562931060791016,7.625258445739746,0.0,63.212250637099565,23040.0
-10.834096908569336,-18.43817710876465,7.604079246520996,0.0,89.49341674231748,23040.0
-10.952046394348145,-18.50579071044922,7.553746700286865,0.0,64.35537859527476,23040.0
-10.821638107299805,-18.447612762451172,7.625973224639893,0.0,96.01877842090838,23040.0
-10.92483139038086,-18.504690170288086,7.579860210418701,0.0,86.82866347967158,23040.0
-10.888360977172852,-18.46761131286621,7.579251289367676,0.0,81.0987080683703,23040.0
-10.81375789642334,-18.42471694946289,7.610961437225342,0.0,85.73601325126191,23040.0
-10.878657341003418,-18.49529266357422,7.616637706756592,0.0,62.69928446811195,23040.0
-10.834375381469727,-18.417936325073242,7.583558559417725,0.0,75.78856045560005,23040.0
-10.835550308227539,-18.469282150268555,7.633734703063965,0.0,89.92819967158054,23040.0
-10.95351505279541,-18.54149627685547,7.58798360824585,0.0,99.54888301039085,23040.0
-10.866923332214355,-18.511512756347656,7.644587993621826,0.0,92.76383749191827,23040.0
-10.871264457702637,-18.586559295654297,7.715297222137451,0.0,81.00991287384755,23040.0
-10.8461275100708,-18.544300079345703,7.698168754577637,0.0,80.00959621174032,23040.0
-10.968293190002441,-18.62230682373047,7.654013633728027,0.0,42.06224202218001,23040.0
-10.93767261505127,-18.579639434814453,7.641963005065918,0.0,62.04311105937494,23040.0
-10.72604751586914,-18.366138458251953,7.640090465545654,0.0,87.84894030596969,23040.0
-10.632201194763184,-18.411155700683594,7.778956413269043,0.0,99.57237761256435,23040.0
-10.67213249206543,-18.350990295410156,7.678860187530518,0.0,77.88068396410253,23040.0
-10.650959014892578,-18.287464141845703,7.6365065574646,0.0,124.16863870521117,23040.0
-10.557648658752441,-18.31939125061035,7.761744499206543,0.0,93.27499207907262,23040.0
-10.59360122680664,-18.20829963684082,7.614702224731445,0.0,114.73301482861055,23040.0
-10.692032814025879,-18.22365379333496,7.531620502471924,0.0,116.5377473638729,23040.0
-10.695453643798828,-18.35309600830078,7.657636642456055,0.0,89.17074995916167,23040.0
-10.651239395141602,-18.2440242767334,7.5927863121032715,0.0,147.48449633586816,23040.0
-10.81611156463623,-18.4580135345459,7.641902446746826,0.0,74.58444375615737,23040.0
-10.688864707946777,-18.25276756286621,7.563900947570801,0.0,135.45783010629356,23040.0
-10.731276512145996,-18.3553409576416,7.624063968658447,0.0,76.47656257511059,23040.0
-10.630094528198242,-18.19997215270996,7.569877624511719,0.0,134.2839568585615,23040.0
-10.85739517211914,-18.509843826293945,7.65244197845459,0.0,78.63984550478611,23040.0
-10.719696044921875,-18.334850311279297,7.615152359008789,0.0,100.2191806864349,23040.0
-10.682875633239746,-18.376047134399414,7.693173408508301,0.0,112.72213498374576,23040.0
-10.771027565002441,-18.53420066833496,7.763168811798096,0.0,65.32718914811211,23040.0
-10.909775733947754,-18.52245330810547,7.612671375274658,0.0,107.09025342884996,23040.0
-10.802367210388184,-18.438945770263672,7.636580467224121,0.0,91.17064330066952,23040.0
-10.87401008605957,-18.425189971923828,7.551178455352783,0.0,59.70810916992967,23040.0
-11.022720336914062,-18.494260787963867,7.471541404724121,0.0,100.80336848822436,23040.0
-10.663431167602539,-18.27326011657715,7.6098313331604,0.0,116.41323427625139,23040.0
-10.710708618164062,-18.319345474243164,7.608644008636475,0.0,114.47536287402885,23040.0
-10.868428230285645,-18.489261627197266,7.620832443237305,0.0,87.34025737016104,23040.0
-10.73576545715332,-18.430864334106445,7.695096015930176,0.0,69.20470411833573,23040.0
-10.979110717773438,-18.60903549194336,7.629924297332764,0.0,55.501595324846996,23040.0
-10.806562423706055,-18.386507034301758,7.579941272735596,0.0,87.15508699607541,23040.0
-10.923735618591309,-18.506032943725586,7.582297325134277,0.0,79.08093376469819,23040.0
-10.642090797424316,-18.342451095581055,7.700357913970947,0.0,104.77863146376491,23040.0
-10.619942665100098,-18.27431297302246,7.6543707847595215,0.0,107.92305930342329,23040.0
-10.683752059936523,-18.302623748779297,7.618871212005615,0.0,116.65916338128822,23040.0
-10.466992378234863,-18.17753791809082,7.710545063018799,0.0,113.47254992039174,23040.0
-10.747723579406738,-18.38689613342285,7.639171123504639,0.0,116.23924353255214,23040.0
-10.753461837768555,-18.39850616455078,7.645046710968018,0.0,95.65630694593226,23040.0
-10.919413566589355,-18.440853118896484,7.521439075469971,0.0,109.32581541366646,23040.0
-10.8445463180542,-18.392078399658203,7.547527313232422,0.0,101.49928707666064,23040.0
-10.558984756469727,-18.20103645324707,7.642055988311768,0.0,133.7830948614643,23040.0
-10.828368186950684,-18.37680435180664,7.548440933227539,0.0,95.06164860545945,23040.0
-10.638998031616211,-18.29367446899414,7.654674530029297,0.0,90.78454963873554,23040.0
-10.751761436462402,-18.385562896728516,7.63379430770874,0.0,76.9769304939888,23040.0
-10.716277122497559,-18.402360916137695,7.686078071594238,0.0,98.38359230439197,23040.0
-10.587306022644043,-18.22007942199707,7.632775783538818,0.0,137.73023168163778,23040.0
-10.746687889099121,-18.28315544128418,7.536468029022217,0.0,152.86859662549253,23040.0
-10.081643104553223,-17.88184356689453,7.800200939178467,0.0,182.86998506029087,23040.0
-10.351761817932129,-18.081865310668945,7.7301025390625,0.0,89.35432288545168,23040.0
-10.368913650512695,-17.902679443359375,7.533763885498047,0.0,147.4243329405681,23040.0
-10.623875617980957,-18.25867462158203,7.634795665740967,0.0,114.32387270901528,23040.0
-10.48598861694336,-18.082887649536133,7.5969014167785645,0.0,162.34614460257708,23040.0
-10.530702590942383,-18.116750717163086,7.5860466957092285,0.0,138.16488805984588,23040.0
-10.435234069824219,-18.08371353149414,7.648475646972656,0.0,129.8340840543839,23040.0
-10.689847946166992,-18.30436134338379,7.614510536193848,0.0,90.4913572213966,23040.0
-10.425682067871094,-18.060077667236328,7.634393215179443,0.0,146.1096329285369,23040.0
-10.654419898986816,-18.18589210510254,7.531479358673096,0.0,128.00686454328866,23040.0
-10.683442115783691,-18.30911636352539,7.625673294067383,0.0,102.79883716483896,23040.0
-10.853102684020996,-18.36806869506836,7.514967918395996,0.0,72.77512936634776,23040.0
-10.83858871459961,-18.445777893066406,7.60719108581543,0.0,83.03074420915304,23040.0
-10.449262619018555,-18.18195152282715,7.732687950134277,0.0,115.94257725456505,23040.0
-10.499067306518555,-18.26639747619629,7.767329216003418,0.0,110.94143161168088,23040.0
-10.273628234863281,-17.963912963867188,7.690282344818115,0.0,178.85941467775146,23040.0
-10.691998481750488,-18.359647750854492,7.667644500732422,0.0,87.1529025577525,23040.0
-10.375341415405273,-17.925342559814453,7.550000190734863,0.0,163.75269998608695,23040.0
-10.46742057800293,-18.058576583862305,7.591156482696533,0.0,89.03339638917102,23040.0
-10.760619163513184,-18.331064224243164,7.5704426765441895,0.0,84.98874418360077,23040.0
-10.634652137756348,-18.24528694152832,7.6106390953063965,0.0,68.60493019460108,23040.0
-10.444032669067383,-18.085071563720703,7.641034126281738,0.0,100.00023065684243,23040.0
-10.758649826049805,-18.29309844970703,7.534448146820068,0.0,83.79848277171399,23040.0
-10.643427848815918,-18.227588653564453,7.584160804748535,0.0,85.51562911452,23040.0
-10.608907699584961,-18.269132614135742,7.6602253913879395,0.0,132.48344385147334,23040.0
-10.803170204162598,-18.47431182861328,7.671138286590576,0.0,80.0150536357222,23040.0
-9.84068775177002,-17.751615524291992,7.910928726196289,0.0,195.49830573328128,23040.0
-10.525847434997559,-18.25472068786621,7.72887659072876,0.0,81.94388466403863,23040.0
-10.14976692199707,-17.723953247070312,7.574182987213135,0.0,205.7634500308126,23040.0
-10.61701488494873,-18.23141860961914,7.6144022941589355,0.0,83.00548933293491,23040.0
-10.516145706176758,-18.15407943725586,7.637927055358887,0.0,117.14318009061179,23040.0
-10.485260963439941,-18.081340789794922,7.596078872680664,0.0,114.74314488710142,23040.0
-10.614778518676758,-18.260591506958008,7.645814895629883,0.0,106.02091257290378,23040.0
-10.717865943908691,-18.324974060058594,7.607105731964111,0.0,105.86942018310947,23040.0
-10.423558235168457,-18.07011604309082,7.646563529968262,0.0,90.3280251950877,23040.0
-10.409442901611328,-18.12283706665039,7.7133965492248535,0.0,80.82022676332504,23040.0
-10.571622848510742,-18.13984489440918,7.5682196617126465,0.0,125.41929272264574,23040.0
-10.577676773071289,-18.16904640197754,7.591368198394775,0.0,125.80453465747277,23040.0
-10.819534301757812,-18.40459442138672,7.585060119628906,0.0,76.9155832465989,23040.0
-9.730950355529785,-17.589550018310547,7.858602046966553,0.0,174.20392900205812,23040.0
-10.233931541442871,-17.958772659301758,7.724841117858887,0.0,136.80879995034172,23040.0
-9.966660499572754,-17.588214874267578,7.621551990509033,0.0,196.04262563453693,23040.0
-10.550708770751953,-18.265148162841797,7.714440822601318,0.0,102.85176785168039,23040.0
-10.293584823608398,-17.937427520751953,7.643845081329346,0.0,130.28134563817926,23040.0
-10.237786293029785,-17.859569549560547,7.621784210205078,0.0,129.39851575051821,23040.0
-10.561508178710938,-18.193931579589844,7.632417678833008,0.0,106.71295768386608,23040.0
-10.450576782226562,-18.079145431518555,7.628570079803467,0.0,135.9695707202937,23040.0
-10.701727867126465,-18.230615615844727,7.528887748718262,0.0,76.58033057297312,23040.0
-10.549776077270508,-18.125009536743164,7.575235843658447,0.0,97.9304341428995,23040.0
-10.395308494567871,-18.017974853515625,7.6226677894592285,0.0,105.7545169345749,23040.0
-10.382274627685547,-18.024398803710938,7.64212703704834,0.0,90.73295444961272,23040.0
-10.74286937713623,-18.316211700439453,7.573343276977539,0.0,76.06202136921412,23040.0
-10.370516777038574,-18.040950775146484,7.6704325675964355,0.0,156.7535340239613,23040.0
-10.659103393554688,-18.25816535949707,7.599062919616699,0.0,64.98108733090945,23040.0
-10.292403221130371,-17.854907989501953,7.562502861022949,0.0,162.18653935340356,23040.0
-10.682116508483887,-18.25031280517578,7.568191051483154,0.0,99.83406579397042,23040.0
-10.6622953414917,-18.241989135742188,7.57969856262207,0.0,77.94661379913069,23040.0
-10.491072654724121,-18.016496658325195,7.525426387786865,0.0,152.18933044405583,23040.0
-10.573619842529297,-18.144441604614258,7.570822715759277,0.0,95.32469981650443,23040.0
-10.761116981506348,-18.23389434814453,7.4727783203125,0.0,107.60817153663216,23040.0
-10.649978637695312,-18.176774978637695,7.526797294616699,0.0,124.31552295013644,23040.0
-10.77092456817627,-18.319150924682617,7.54822301864624,0.0,51.31444220664002,23040.0
-10.58629322052002,-18.140575408935547,7.5542778968811035,0.0,112.85979243212486,23040.0
-10.822419166564941,-18.394237518310547,7.571818828582764,0.0,76.87288449383193,23040.0
-10.96506404876709,-18.44672203063965,7.481655597686768,0.0,64.61344511197962,23040.0
-10.851373672485352,-18.328872680664062,7.477508068084717,0.0,88.46535445962184,23040.0
-10.651575088500977,-18.24371910095215,7.592144012451172,0.0,109.11349042278941,23040.0
-10.747657775878906,-18.43724822998047,7.689586162567139,0.0,55.376490919581904,23040.0
-10.626935958862305,-18.22542381286621,7.598495960235596,0.0,127.03457393542674,23040.0
-10.825820922851562,-18.437238693237305,7.611416816711426,0.0,92.58798414356936,23040.0
-10.690449714660645,-18.308807373046875,7.618358135223389,0.0,88.58761751044551,23040.0
-10.689041137695312,-18.251270294189453,7.562225341796875,0.0,122.11097017928738,23040.0
-10.914277076721191,-18.469635009765625,7.555365085601807,0.0,62.7611755597344,23040.0
-10.67126750946045,-18.33694076538086,7.665671348571777,0.0,71.59175631239438,23040.0
-10.82341480255127,-18.449182510375977,7.625765800476074,0.0,91.21487921119198,23040.0
-10.690937042236328,-18.37100601196289,7.680068016052246,0.0,56.21827116150341,23040.0
-10.790107727050781,-18.383140563964844,7.59302282333374,0.0,80.71238900025719,23040.0
-10.833389282226562,-18.3933162689209,7.559925079345703,0.0,64.31123662365438,23040.0
-10.869364738464355,-18.422080993652344,7.552716255187988,0.0,88.99632843290311,23040.0
-10.918892860412598,-18.45867347717285,7.539775848388672,0.0,67.37730845802102,23040.0
-10.839665412902832,-18.43942642211914,7.599763870239258,0.0,72.08094162628444,23040.0
-10.99848747253418,-18.45380401611328,7.455315589904785,0.0,57.509860567319265,23040.0
-10.959833145141602,-18.463518142700195,7.503687381744385,0.0,92.71090338874131,23040.0
-10.83262825012207,-18.461666107177734,7.6290364265441895,0.0,68.46247466178981,23040.0
-10.910850524902344,-18.40598487854004,7.495134353637695,0.0,97.95824474475842,23040.0
-10.913654327392578,-18.546010971069336,7.632351398468018,0.0,90.19398185956128,23040.0
-10.844870567321777,-18.470972061157227,7.626098155975342,0.0,95.62780278210904,23040.0
-11.039806365966797,-18.6002197265625,7.560414791107178,0.0,63.855240348994286,23040.0
-10.906309127807617,-18.450254440307617,7.543947219848633,0.0,85.51702287571516,23040.0
-10.789840698242188,-18.447952270507812,7.658106803894043,0.0,107.890945376329,23040.0
-10.72299575805664,-18.39791488647461,7.674919128417969,0.0,93.1610497351752,23040.0
-10.657523155212402,-18.28474998474121,7.627227306365967,0.0,137.031472659917,23040.0
-10.752786636352539,-18.31577491760254,7.562985420227051,0.0,128.69718805216442,23040.0
-10.511791229248047,-18.226011276245117,7.714221954345703,0.0,131.56290540906986,23040.0
-10.49643325805664,-18.12422752380371,7.627788066864014,0.0,149.94161723444083,23040.0
-10.396597862243652,-18.071733474731445,7.675138473510742,0.0,178.6256320002241,23040.0
-10.560763359069824,-18.21468162536621,7.653923034667969,0.0,165.30563064450723,23040.0
-10.54262924194336,-18.084203720092773,7.54157829284668,0.0,162.01948598001883,23040.0
-10.793599128723145,-18.376211166381836,7.582614421844482,0.0,106.75517904865944,23040.0
-10.352683067321777,-18.011913299560547,7.6592326164245605,0.0,164.87801306917956,23040.0
-10.581818580627441,-18.16309356689453,7.581278324127197,0.0,167.80138887179015,23040.0
-10.640974044799805,-18.222261428833008,7.581287384033203,0.0,161.90445880638342,23040.0
-10.630440711975098,-18.184356689453125,7.55391788482666,0.0,177.26800203759086,23040.0
-10.492364883422852,-18.015493392944336,7.523125648498535,0.0,184.8639923280319,23040.0
-10.560883522033691,-18.159141540527344,7.5982584953308105,0.0,171.5107273392996,23040.0
-10.590771675109863,-18.1658878326416,7.575119495391846,0.0,154.46658983177204,23040.0
-10.653375625610352,-18.241579055786133,7.58820104598999,0.0,145.7718193550179,23040.0
-10.629538536071777,-18.223731994628906,7.594192981719971,0.0,140.94004081091703,23040.0
-10.596662521362305,-18.14340591430664,7.546746730804443,0.0,165.22411473435307,23040.0
-10.780452728271484,-18.298595428466797,7.518142223358154,0.0,121.30348871834357,23040.0
-10.639739990234375,-18.287050247192383,7.647308826446533,0.0,90.4910639881604,23040.0
-10.723079681396484,-18.29529571533203,7.572215557098389,0.0,119.08379048373642,23040.0
-10.681035041809082,-18.200523376464844,7.5194926261901855,0.0,147.28248281216403,23040.0
-10.70077896118164,-18.215133666992188,7.514360427856445,0.0,153.4461964504837,23040.0
-10.6503324508667,-18.268701553344727,7.618367671966553,0.0,134.7131805231423,23040.0
-10.877140998840332,-18.478971481323242,7.601833820343018,0.0,58.33069723101396,23040.0
-10.913679122924805,-18.500612258911133,7.586939811706543,0.0,91.92820049901243,23040.0
-10.765569686889648,-18.34212303161621,7.57655143737793,0.0,112.95564922628459,23040.0
-10.630870819091797,-18.215614318847656,7.584737300872803,0.0,147.15109727386135,23040.0
-10.848885536193848,-18.426883697509766,7.577998638153076,0.0,108.49888622581301,23040.0
-11.050032615661621,-18.559206008911133,7.509174346923828,0.0,46.630449055588706,23040.0
-10.750310897827148,-18.367258071899414,7.616945266723633,0.0,110.7661051990853,23040.0
-10.980629920959473,-18.442333221435547,7.4617133140563965,0.0,134.59309614242628,23040.0
-10.690448760986328,-18.30814552307129,7.61770486831665,0.0,145.32144393232463,23040.0
-10.621353149414062,-18.21478271484375,7.593429088592529,0.0,138.04660661520387,23040.0
-10.862115859985352,-18.44215202331543,7.580035209655762,0.0,110.06641732234377,23040.0
-10.72210693359375,-18.397289276123047,7.67518424987793,0.0,106.04953117382378,23040.0
-10.969550132751465,-18.54935646057129,7.579806327819824,0.0,76.33676362454993,23040.0
-10.73973560333252,-18.298978805541992,7.559238910675049,0.0,154.22152581296172,23040.0
-10.902486801147461,-18.416263580322266,7.513779640197754,0.0,126.65131805210284,23040.0
-10.822037696838379,-18.386903762817383,7.564869403839111,0.0,99.9067448053957,23040.0
-10.903947830200195,-18.519634246826172,7.615686893463135,0.0,73.54243181714472,23040.0
-10.953712463378906,-18.484848022460938,7.531137466430664,0.0,85.23869339409555,23040.0
-10.829937934875488,-18.434635162353516,7.604695796966553,0.0,98.35049488493543,23040.0
-11.092641830444336,-18.544172286987305,7.451536178588867,0.0,98.80672726014275,23040.0
-10.952155113220215,-18.424013137817383,7.471862316131592,0.0,87.95773693437278,23040.0
-10.874351501464844,-18.449602127075195,7.575249671936035,0.0,105.11623559967171,23040.0
-10.883091926574707,-18.496185302734375,7.613089561462402,0.0,116.76089392860547,23040.0
-10.98438835144043,-18.50728416442871,7.522894382476807,0.0,90.2186475606595,23040.0
-10.966508865356445,-18.543079376220703,7.576571941375732,0.0,84.14606393529111,23040.0
-10.622239112854004,-18.2314453125,7.60920524597168,0.0,131.8408481044337,23040.0
-10.874944686889648,-18.396236419677734,7.521289825439453,0.0,135.38517645639115,23040.0
-10.648024559020996,-18.209917068481445,7.561891078948975,0.0,176.82483215255445,23040.0
-10.483306884765625,-18.094812393188477,7.611503601074219,0.0,199.74108103281037,23040.0
-10.662632942199707,-18.29342269897461,7.630797863006592,0.0,126.13925168453304,23040.0
-10.80855941772461,-18.44150161743164,7.6329474449157715,0.0,101.93144419735889,23040.0
-10.468215942382812,-18.122297286987305,7.654079914093018,0.0,151.56558952222576,23040.0
-10.657361030578613,-18.307605743408203,7.650244235992432,0.0,135.94795874359366,23040.0
-10.757959365844727,-18.382125854492188,7.624165058135986,0.0,126.96732712277301,23040.0
-10.861495971679688,-18.42551612854004,7.564019203186035,0.0,82.64210291685092,23040.0
-10.71825885772705,-18.29840660095215,7.580148696899414,0.0,110.68510227494782,23040.0
-10.706535339355469,-18.32572364807129,7.619194984436035,0.0,111.40177332730025,23040.0
-10.755800247192383,-18.32308006286621,7.567273139953613,0.0,124.04375556381565,23040.0
-10.73435115814209,-18.324905395507812,7.590556621551514,0.0,131.7066721347973,23040.0
-10.982198715209961,-18.502883911132812,7.520686149597168,0.0,104.94926912879724,23040.0
-10.941182136535645,-18.423173904418945,7.481993198394775,0.0,88.57347234247578,23040.0
-10.806537628173828,-18.353485107421875,7.5469441413879395,0.0,105.97828681462306,23040.0
-10.854833602905273,-18.37809944152832,7.523265361785889,0.0,103.56452155131177,23040.0
-10.882226943969727,-18.422279357910156,7.540045738220215,0.0,70.59417526086678,23040.0
-10.861767768859863,-18.40462303161621,7.542854309082031,0.0,89.44469228654286,23040.0
-10.893783569335938,-18.423982620239258,7.530200958251953,0.0,94.90327811571679,23040.0
-10.851825714111328,-18.406116485595703,7.554293632507324,0.0,122.85649756858881,23040.0
-10.928079605102539,-18.46217918395996,7.5340962409973145,0.0,112.68019969149587,23040.0
-10.81757640838623,-18.419496536254883,7.601922512054443,0.0,89.03855098679334,23040.0
-10.877188682556152,-18.480669021606445,7.603480815887451,0.0,102.15141197006326,23040.0
-10.652230262756348,-18.31620216369629,7.6639723777771,0.0,122.48106050278876,23040.0
-10.925416946411133,-18.452835083007812,7.527420997619629,0.0,84.4986034444928,23040.0
-10.872607231140137,-18.40871810913086,7.536112308502197,0.0,117.33779889262335,23040.0
-10.805574417114258,-18.401927947998047,7.596359729766846,0.0,93.36723435390354,23040.0
-10.584701538085938,-18.28982162475586,7.705124378204346,0.0,103.59878435625728,23040.0
-10.569759368896484,-18.157806396484375,7.5880513191223145,0.0,156.7297140071163,23040.0
-10.777626991271973,-18.37820053100586,7.600566864013672,0.0,108.144518626114,23040.0
-10.851105690002441,-18.415531158447266,7.564425468444824,0.0,80.40338983110911,23040.0
-10.639276504516602,-18.224933624267578,7.585662364959717,0.0,119.47047910047121,23040.0
-10.601068496704102,-18.297412872314453,7.696348190307617,0.0,104.04127389457123,23040.0
-10.72535228729248,-18.28607940673828,7.560726642608643,0.0,109.04009531869092,23040.0
-10.718929290771484,-18.35025978088379,7.6313252449035645,0.0,107.17738211761797,23040.0
-10.802519798278809,-18.444957733154297,7.642435073852539,0.0,68.86805805170162,23040.0
-10.832951545715332,-18.43855857849121,7.605601787567139,0.0,67.95715688914835,23040.0
-10.843196868896484,-18.423465728759766,7.5802693367004395,0.0,85.24457444367235,23040.0
-10.791810035705566,-18.40445899963379,7.612652778625488,0.0,95.42401303042351,23040.0
-10.688512802124023,-18.342954635620117,7.654439449310303,0.0,109.06459199837909,23040.0
-10.788080215454102,-18.3581485748291,7.570066928863525,0.0,91.31622628548381,23040.0
-10.750408172607422,-18.336523056030273,7.58612585067749,0.0,91.28811211686907,23040.0
-10.770124435424805,-18.349077224731445,7.578950881958008,0.0,129.3965234757433,23040.0
-10.665143013000488,-18.20345687866211,7.538315296173096,0.0,132.1842921475233,23040.0
-10.503792762756348,-18.051481246948242,7.547691345214844,0.0,179.81817899224123,23040.0
-10.401832580566406,-17.93295669555664,7.531123161315918,0.0,196.56099355203463,23040.0
-10.707740783691406,-18.318164825439453,7.6104254722595215,0.0,144.57398192276062,23040.0
-10.670557022094727,-18.26811408996582,7.597559928894043,0.0,109.71025974503287,23040.0
-10.63714599609375,-18.179351806640625,7.542205810546875,0.0,133.9067280564556,23040.0
-10.620479583740234,-18.151172637939453,7.5306925773620605,0.0,163.68221586617156,23040.0
-10.694497108459473,-18.22325897216797,7.528763771057129,0.0,155.13358601746856,23040.0
-10.739028930664062,-18.291881561279297,7.552855968475342,0.0,137.25954945944588,23040.0
-10.769659042358398,-18.35934066772461,7.589680194854736,0.0,62.32454885725647,23040.0
-10.649800300598145,-18.216432571411133,7.566632270812988,0.0,158.43691948355675,23040.0
-10.877704620361328,-18.3801212310791,7.50241756439209,0.0,126.62968025545005,23040.0
-10.78740119934082,-18.39400291442871,7.606599807739258,0.0,124.70313203605397,23040.0
-10.845917701721191,-18.39138412475586,7.545466899871826,0.0,93.93668603197321,23040.0
-10.81013011932373,-18.39072036743164,7.580588340759277,0.0,116.96237586696869,23040.0
-10.574191093444824,-18.16541290283203,7.591224670410156,0.0,170.15100942037066,23040.0
-10.83247184753418,-18.353776931762695,7.521310806274414,0.0,105.14567300480623,23040.0
-10.822857856750488,-18.341856002807617,7.518993377685547,0.0,100.84295887638491,23040.0
-10.633539199829102,-18.221174240112305,7.587636470794678,0.0,124.0413720900664,23040.0
-10.703804969787598,-18.281341552734375,7.577538967132568,0.0,109.3131946158263,23040.0
-10.560030937194824,-18.08481216430664,7.524783134460449,0.0,176.72842738270336,23040.0
-10.770731925964355,-18.437366485595703,7.666638374328613,0.0,72.68875639542499,23040.0
-10.719538688659668,-18.231510162353516,7.511972904205322,0.0,129.21787113778865,23040.0
-10.75153923034668,-18.307111740112305,7.555567741394043,0.0,97.11260565282417,23040.0
-10.908452033996582,-18.48685073852539,7.578404426574707,0.0,70.3025834844349,23040.0
-10.844620704650879,-18.339160919189453,7.494541645050049,0.0,118.45686728970297,23040.0
-10.682785987854004,-18.33725357055664,7.654469966888428,0.0,108.07579290301325,23040.0
-10.75373363494873,-18.33831024169922,7.584577560424805,0.0,118.31301130146794,23040.0
-10.977065086364746,-18.47702980041504,7.499969482421875,0.0,93.7947909692442,23040.0
-10.903823852539062,-18.45635223388672,7.552525997161865,0.0,87.25127750138304,23040.0
-10.75432300567627,-18.358243942260742,7.603922367095947,0.0,143.03309642943302,23040.0
-10.775177955627441,-18.41933250427246,7.64415168762207,0.0,119.15174522792859,23040.0
-10.899985313415527,-18.41045379638672,7.510465621948242,0.0,99.78686378280628,23040.0
-10.829582214355469,-18.40072250366211,7.57113790512085,0.0,104.33329745800877,23040.0
-10.910595893859863,-18.404048919677734,7.493460655212402,0.0,120.6147291762866,23040.0
-10.656901359558105,-18.25035858154297,7.593461990356445,0.0,131.5290666659775,23040.0
-10.89142894744873,-18.37425422668457,7.482824802398682,0.0,112.4136660515684,23040.0
-10.69099235534668,-18.36518096923828,7.674190044403076,0.0,106.96387794373298,23040.0
-10.893855094909668,-18.41976547241211,7.525909423828125,0.0,66.3437148257365,23040.0
-10.765494346618652,-18.39341163635254,7.627921104431152,0.0,103.64437578571206,23040.0
-10.83773422241211,-18.4058837890625,7.568147659301758,0.0,115.61095139537348,23040.0
-10.737552642822266,-18.340599060058594,7.603043079376221,0.0,131.084162712,23040.0
-10.481833457946777,-18.15500831604004,7.673176288604736,0.0,130.41985318345849,23040.0
-10.796233177185059,-18.367151260375977,7.570918560028076,0.0,121.65474645022216,23040.0
-10.675466537475586,-18.22834014892578,7.552874565124512,0.0,136.91297343405637,23040.0
-10.69810962677002,-18.18198585510254,7.48387336730957,0.0,125.56999418387582,23040.0
-10.789505004882812,-18.403730392456055,7.6142258644104,0.0,90.29653731534033,23040.0
-10.862232208251953,-18.33286476135254,7.470630645751953,0.0,107.0271232081519,23040.0
-10.4559907913208,-18.15593719482422,7.699949264526367,0.0,161.898648164691,23040.0
-10.540304183959961,-18.014780044555664,7.474477291107178,0.0,195.79633527891573,23040.0
-10.753073692321777,-18.279659271240234,7.526586055755615,0.0,151.9859734946874,23040.0
-10.783747673034668,-18.328222274780273,7.544475555419922,0.0,128.73280645271646,23040.0
-10.418143272399902,-17.97178840637207,7.553643703460693,0.0,157.84561159931258,23040.0
-10.71395492553711,-18.24879264831543,7.5348381996154785,0.0,148.5998866190221,23040.0
-10.774439811706543,-18.38565444946289,7.611212253570557,0.0,114.05069450100507,23040.0
-10.686431884765625,-18.303010940551758,7.616574287414551,0.0,115.99511428321881,23040.0
-10.771788597106934,-18.37812042236328,7.60632848739624,0.0,115.50764527215478,23040.0
-10.801817893981934,-18.33965492248535,7.537835597991943,0.0,133.68062294016582,23040.0
-10.625365257263184,-18.153606414794922,7.528238296508789,0.0,262.44505039519004,23040.0
-10.44151782989502,-17.939516067504883,7.497996807098389,0.0,178.44643881927152,23040.0
-10.090790748596191,-17.708330154418945,7.617534637451172,0.0,183.13707276196985,23040.0
-10.61333179473877,-18.139039993286133,7.5257039070129395,0.0,86.39108156771871,23040.0
-9.911232948303223,-17.56829071044922,7.65705680847168,0.0,211.63618577991912,23040.0
-10.417703628540039,-17.881071090698242,7.4633660316467285,0.0,150.6726328881502,23040.0
-10.327982902526855,-17.78385353088379,7.455863952636719,0.0,196.39811157101042,23040.0
-10.317956924438477,-17.896560668945312,7.578608989715576,0.0,180.0936336835435,23040.0
-10.449563980102539,-18.062692642211914,7.613128185272217,0.0,168.21003937397725,23040.0
-10.074423789978027,-17.70479393005371,7.630368232727051,0.0,221.50637688449882,23040.0
-10.388551712036133,-17.99134063720703,7.602786064147949,0.0,160.9757063385499,23040.0
-10.673026084899902,-18.22500991821289,7.551982879638672,0.0,113.00987915515076,23040.0
-10.797184944152832,-18.319427490234375,7.522237300872803,0.0,87.12838624523296,23040.0
-10.411681175231934,-18.068157196044922,7.656476974487305,0.0,130.78203650325136,23040.0
-10.63090991973877,-18.207408905029297,7.576491832733154,0.0,132.1850770658632,23040.0
-10.582112312316895,-18.181522369384766,7.599410057067871,0.0,152.46820255067476,23040.0
-10.692583084106445,-18.219247817993164,7.526661396026611,0.0,120.41726019295292,23040.0
-10.330205917358398,-17.94541358947754,7.615208625793457,0.0,144.05975448315726,23040.0
-10.60293960571289,-18.129711151123047,7.526766777038574,0.0,148.86176991296517,23040.0
-10.394598007202148,-17.962080001831055,7.567487716674805,0.0,178.61529951528897,23040.0
-10.673004150390625,-18.19576644897461,7.522761344909668,0.0,83.30247343206364,23040.0
-10.437185287475586,-18.04747200012207,7.610279560089111,0.0,117.987828268351,23040.0
-10.575125694274902,-18.143842697143555,7.568720817565918,0.0,109.07516468300739,23040.0
-10.680235862731934,-18.215044021606445,7.534810543060303,0.0,108.11319231904035,23040.0
-10.326647758483887,-18.100784301757812,7.774139404296875,0.0,126.81064346618273,23040.0
-10.706297874450684,-18.32027244567871,7.61397647857666,0.0,89.88693070241978,23040.0
-10.708518028259277,-18.303428649902344,7.594912528991699,0.0,88.66444917144327,23040.0
-10.811222076416016,-18.409215927124023,7.597996711730957,0.0,80.43437095465644,23040.0
-10.338018417358398,-18.059293746948242,7.721271991729736,0.0,98.70208159158246,23040.0
-10.759536743164062,-18.24373435974121,7.484194755554199,0.0,99.94202468718545,23040.0
-10.525108337402344,-18.172073364257812,7.646966457366943,0.0,113.41120452392889,23040.0
-10.528884887695312,-18.099681854248047,7.570794582366943,0.0,101.77770168129426,23040.0
-10.574851036071777,-18.12113380432129,7.546283721923828,0.0,80.7566219230959,23040.0
-10.648527145385742,-18.189685821533203,7.541160583496094,0.0,95.85071712902592,23040.0
-10.781828880310059,-18.340091705322266,7.558266639709473,0.0,85.71916102166075,23040.0
-10.834238052368164,-18.29445457458496,7.460211753845215,0.0,62.45553226774435,23040.0
-10.849788665771484,-18.317949295043945,7.468151092529297,0.0,84.6015527720279,23040.0
-10.692596435546875,-18.19234275817871,7.499744892120361,0.0,112.32870970762632,23040.0
-10.75674057006836,-18.28658103942871,7.529848098754883,0.0,81.0012109436028,23040.0
-10.902962684631348,-18.385805130004883,7.482844352722168,0.0,71.39410383699713,23040.0
-10.955699920654297,-18.495588302612305,7.53989315032959,0.0,72.27191610459425,23040.0
-10.80270004272461,-18.42015266418457,7.617455959320068,0.0,69.91527248099345,23040.0
-10.830985069274902,-18.351051330566406,7.520065784454346,0.0,74.72659058558908,23040.0
-10.799345970153809,-18.3463191986084,7.5469746589660645,0.0,81.3818052617838,23040.0
-10.852601051330566,-18.425582885742188,7.572983264923096,0.0,84.99335333437959,23040.0
-10.80467700958252,-18.34612274169922,7.54144811630249,0.0,99.49900313268216,23040.0
-10.731462478637695,-18.323753356933594,7.592287063598633,0.0,80.29435839328774,23040.0
-10.786420822143555,-18.330718994140625,7.544300556182861,0.0,70.64094776861299,23040.0
-10.859012603759766,-18.411300659179688,7.552284240722656,0.0,63.12958546426784,23040.0
-10.869223594665527,-18.33194923400879,7.462717056274414,0.0,80.63091867772282,23040.0
-10.46480941772461,-18.14080810546875,7.675994873046875,0.0,123.76072689109272,23040.0
-10.409734725952148,-18.080528259277344,7.670794486999512,0.0,106.40896859396834,23040.0
-10.574837684631348,-18.12804412841797,7.553206443786621,0.0,134.4363025236567,23040.0
-10.665661811828613,-18.25469398498535,7.589031219482422,0.0,99.75480386638502,23040.0
-10.670693397521973,-18.231401443481445,7.560710906982422,0.0,84.47582838851554,23040.0
-10.53635025024414,-18.166358947753906,7.630005359649658,0.0,88.62845715792203,23040.0
-10.69296646118164,-18.29510498046875,7.602141857147217,0.0,81.08859917505602,23040.0
-10.776415824890137,-18.330528259277344,7.554111957550049,0.0,86.24168936915146,23040.0
-10.5407133102417,-18.20398712158203,7.663275718688965,0.0,83.91004731832304,23040.0
-10.586512565612793,-18.204320907592773,7.617804050445557,0.0,117.16569972870207,23040.0
-10.548933029174805,-18.166595458984375,7.617660045623779,0.0,149.11404251862464,23040.0
-10.308257102966309,-17.911773681640625,7.603512763977051,0.0,248.6552831721292,23040.0
-9.587386131286621,-17.452743530273438,7.865359783172607,0.0,222.32887382708915,23040.0
-9.907062530517578,-17.661943435668945,7.754885673522949,0.0,123.66637393560973,23040.0
-9.87547492980957,-17.36629295349121,7.490814685821533,0.0,250.03226228031065,23040.0
-10.313032150268555,-17.808290481567383,7.495248794555664,0.0,180.20158621871596,23040.0
-10.031758308410645,-17.610034942626953,7.57827615737915,0.0,190.51183174526955,23040.0
-10.08240795135498,-17.707725524902344,7.625317573547363,0.0,106.33262261321266,23040.0
-9.907959938049316,-17.436107635498047,7.528154373168945,0.0,240.89116880601316,23040.0
-9.573893547058105,-17.147809982299805,7.57391881942749,0.0,273.35783738159887,23040.0
-10.129764556884766,-17.655336380004883,7.525574207305908,0.0,176.4788163199628,23040.0
-10.433393478393555,-17.968812942504883,7.535422325134277,0.0,161.44819968494613,23040.0
-10.029398918151855,-17.58730697631836,7.557910919189453,0.0,229.3339625518,23040.0
-9.771001815795898,-17.360353469848633,7.589354038238525,0.0,347.3350018435931,23040.0
-9.520974159240723,-17.372682571411133,7.851706504821777,0.0,236.95521462348717,23040.0
-10.167216300964355,-17.725326538085938,7.558109760284424,0.0,210.09160727305317,23040.0
-8.965822219848633,-16.638063430786133,7.672241687774658,0.0,304.8245749970182,23040.0
-10.225330352783203,-17.643220901489258,7.417885780334473,0.0,176.34482610562344,23040.0
-9.418774604797363,-16.915071487426758,7.496301174163818,0.0,289.59097093699927,23040.0
-9.638132095336914,-17.121803283691406,7.483665466308594,0.0,257.1514444595952,23040.0
-9.12934398651123,-16.817914962768555,7.688573360443115,0.0,285.2459112651576,23040.0
-9.873369216918945,-17.372220993041992,7.498855113983154,0.0,204.50974042796187,23040.0
-9.122172355651855,-16.744937896728516,7.622762680053711,0.0,286.0147233739712,23040.0
-9.873900413513184,-17.35692024230957,7.4830241203308105,0.0,225.91189068497562,23040.0
-10.216888427734375,-17.616804122924805,7.399918079376221,0.0,190.02692822072967,23040.0
-9.698479652404785,-17.346954345703125,7.648470878601074,0.0,220.338233607812,23040.0
-9.74601936340332,-17.238529205322266,7.492513179779053,0.0,270.4199632416295,23040.0
-9.286701202392578,-16.942092895507812,7.655393600463867,0.0,253.03261642005134,23040.0
-10.178947448730469,-17.74405288696289,7.565106391906738,0.0,167.9285206594565,23040.0
-9.451691627502441,-16.92674446105957,7.475051403045654,0.0,288.23716405307385,23040.0
-10.253779411315918,-17.815370559692383,7.561591148376465,0.0,162.08553217985,23040.0
-10.094075202941895,-17.58719253540039,7.493112564086914,0.0,213.72577831669,23040.0
-10.348193168640137,-17.75486946105957,7.406678676605225,0.0,191.96135470337373,23040.0
-9.206807136535645,-17.073131561279297,7.866324424743652,0.0,238.82435113407152,23040.0
-9.89814567565918,-17.522294998168945,7.6241455078125,0.0,180.58369648854784,23040.0
-9.18057632446289,-16.817689895629883,7.637115001678467,0.0,274.3375030952873,23040.0
-9.417911529541016,-17.14799690246582,7.730087757110596,0.0,226.714515078895,23040.0
-10.133920669555664,-17.545442581176758,7.411520004272461,0.0,214.27014776328966,23040.0
-9.272034645080566,-16.733247756958008,7.461208820343018,0.0,309.2979489487109,23040.0
-10.451227188110352,-17.917940139770508,7.466712951660156,0.0,136.82577298092463,23040.0
-9.680034637451172,-17.20841407775879,7.528379917144775,0.0,248.6093402398201,23040.0
-10.382797241210938,-17.88296127319336,7.500162124633789,0.0,147.70833040564284,23040.0
-9.916681289672852,-17.529094696044922,7.612411975860596,0.0,203.79455511619088,23040.0
-10.692290306091309,-18.17150115966797,7.479214191436768,0.0,100.0095441899782,23040.0
-10.159976959228516,-17.701892852783203,7.541914939880371,0.0,173.8446770154484,23040.0
-10.652726173400879,-18.126972198486328,7.474246025085449,0.0,89.37757574965312,23040.0
-10.450952529907227,-17.99119758605957,7.540244102478027,0.0,137.0839244828418,23040.0
-10.82225513458252,-18.279375076293945,7.457119464874268,0.0,108.2128765355161,23040.0
-10.449070930480957,-17.975011825561523,7.525938034057617,0.0,144.69283331058844,23040.0
-10.86988353729248,-18.302810668945312,7.4329304695129395,0.0,86.53278619769357,23040.0
-10.425371170043945,-18.01726722717285,7.591896057128906,0.0,142.17384072196333,23040.0
-10.848883628845215,-18.377845764160156,7.5289626121521,0.0,80.087028489286,23040.0
-10.403844833374023,-17.951025009155273,7.547183036804199,0.0,146.68097464715646,23040.0
-10.892218589782715,-18.35157012939453,7.459357261657715,0.0,66.22025583361605,23040.0
-10.111204147338867,-17.71408462524414,7.602885723114014,0.0,190.38427090504882,23040.0
-10.861589431762695,-18.37158966064453,7.50999641418457,0.0,94.23816827610838,23040.0
-9.852784156799316,-17.482566833496094,7.629786014556885,0.0,213.70277444098357,23040.0
-10.850927352905273,-18.338382720947266,7.487455368041992,0.0,101.01646489876633,23040.0
-9.933114051818848,-17.49428939819336,7.5611796379089355,0.0,239.69195540618531,23040.0
-10.775285720825195,-18.300535202026367,7.5252556800842285,0.0,93.60669178451131,23040.0
-10.12086009979248,-17.750173568725586,7.629309177398682,0.0,210.1456906648361,23040.0
-10.723220825195312,-18.28194236755371,7.558722019195557,0.0,124.87407237978807,23040.0
-10.434819221496582,-17.936769485473633,7.501952648162842,0.0,167.77885297649138,23040.0
-10.52515697479248,-18.077110290527344,7.551957130432129,0.0,152.5361400049695,23040.0
-10.777326583862305,-18.26413917541504,7.486809730529785,0.0,113.2793952108904,23040.0
-10.428357124328613,-17.987733840942383,7.559376239776611,0.0,159.37684479248037,23040.0
-10.795784950256348,-18.301219940185547,7.505429267883301,0.0,92.0339609276495,23040.0
-10.610429763793945,-18.08760643005371,7.477173328399658,0.0,151.79588393655263,23040.0
-10.828958511352539,-18.327077865600586,7.498119354248047,0.0,74.14186629526003,23040.0
-10.827801704406738,-18.338388442993164,7.51058292388916,0.0,133.9154497524142,23040.0
-10.97301197052002,-18.445545196533203,7.472530841827393,0.0,82.04830674298107,23040.0
-10.644018173217773,-18.21039390563965,7.566373825073242,0.0,120.79488200694841,23040.0
-11.023128509521484,-18.519643783569336,7.496516704559326,0.0,97.75752629358745,23040.0
-10.794676780700684,-18.32223129272461,7.52755069732666,0.0,97.61860112546425,23040.0
-11.023892402648926,-18.46830177307129,7.444405555725098,0.0,81.61186283969309,23040.0
-10.762811660766602,-18.284900665283203,7.522091388702393,0.0,129.0244979600325,23040.0
-10.808713912963867,-18.380144119262695,7.5714335441589355,0.0,86.2306980569601,23040.0
-10.733078002929688,-18.287874221801758,7.554800987243652,0.0,130.63796356909816,23040.0
-10.96141529083252,-18.419485092163086,7.458066940307617,0.0,101.43291280786302,23040.0
-10.64614486694336,-18.15352439880371,7.507376670837402,0.0,151.42104423601992,23040.0
-11.039153099060059,-18.54952621459961,7.510369777679443,0.0,83.81977103395685,23040.0
-10.701154708862305,-18.328350067138672,7.627189636230469,0.0,139.19383616262675,23040.0
-10.855366706848145,-18.437232971191406,7.581862449645996,0.0,94.50891192077849,23040.0
-10.535920143127441,-18.160797119140625,7.6248779296875,0.0,155.64340127275472,23040.0
-10.77393627166748,-18.33095359802246,7.557015419006348,0.0,106.361784754534,23040.0
-10.692609786987305,-18.281251907348633,7.588642120361328,0.0,130.89806798988505,23040.0
-10.761180877685547,-18.330446243286133,7.569257736206055,0.0,132.4384739159638,23040.0
-10.79024887084961,-18.35384750366211,7.563598155975342,0.0,122.26795395156746,23040.0
-10.81906509399414,-18.327911376953125,7.508837699890137,0.0,145.05953095807973,23040.0
-10.975045204162598,-18.523008346557617,7.547962665557861,0.0,85.28405148507306,23040.0
-10.935001373291016,-18.400550842285156,7.46555233001709,0.0,135.5362891173323,23040.0
-11.043763160705566,-18.586557388305664,7.542791843414307,0.0,80.71951437726044,23040.0
-10.867036819458008,-18.338773727416992,7.471735954284668,0.0,113.83885211591861,23040.0
-10.944046020507812,-18.442811965942383,7.498758792877197,0.0,82.04983745154227,23040.0
-10.973225593566895,-18.499629974365234,7.52640438079834,0.0,93.02289036625922,23040.0
-10.966075897216797,-18.503917694091797,7.537840366363525,0.0,93.88220501634179,23040.0
-10.652749061584473,-18.196557998657227,7.543811798095703,0.0,163.54754357503546,23040.0
-10.886116027832031,-18.499073028564453,7.6129584312438965,0.0,101.00513228343314,23040.0
-10.826952934265137,-18.284656524658203,7.45770788192749,0.0,149.47295635703307,23040.0
-10.593795776367188,-18.19879913330078,7.605003356933594,0.0,159.91752514195952,23040.0
-10.712884902954102,-18.236412048339844,7.52352237701416,0.0,161.4839252084174,23040.0
-10.217446327209473,-17.873809814453125,7.656367778778076,0.0,215.98004286805636,23040.0
-10.936437606811523,-18.446544647216797,7.510106563568115,0.0,117.75796952552247,23040.0
-10.428812026977539,-17.95149803161621,7.522686958312988,0.0,202.82876583005702,23040.0
-10.908218383789062,-18.387357711791992,7.479132175445557,0.0,121.18752987218748,23040.0
-10.566976547241211,-18.07628059387207,7.509305953979492,0.0,171.91983359948333,23040.0
-10.860658645629883,-18.41147804260254,7.550825119018555,0.0,120.88077578421252,23040.0
-10.680268287658691,-18.236289978027344,7.55602502822876,0.0,138.29172068347034,23040.0
-10.861988067626953,-18.370166778564453,7.508175849914551,0.0,145.12955804060587,23040.0
-10.43908977508545,-18.05600929260254,7.616922855377197,0.0,154.65071289451163,23040.0
-10.82331657409668,-18.29848861694336,7.475169658660889,0.0,125.16733069971087,23040.0
-10.673786163330078,-18.22554588317871,7.551762580871582,0.0,153.05859294080446,23040.0
-10.626105308532715,-18.20802116394043,7.581916809082031,0.0,158.3209762052312,23040.0
-10.87812614440918,-18.403982162475586,7.525856018066406,0.0,95.74652560719808,23040.0
-10.889937400817871,-18.457887649536133,7.5679450035095215,0.0,135.85779703070367,23040.0
-10.952766418457031,-18.458765029907227,7.505993843078613,0.0,93.3800265917332,23040.0
-10.91309928894043,-18.46208381652832,7.548981189727783,0.0,123.6606691889229,23040.0
